event_id,timestamp,agent_name,rule_id,rule_level,rule_groups,decoder_name,mitre_id,location,source_port,destination_port,source_is_private,destination_is_private,network_bytes,network_packets,has_network_evidence,has_audit_evidence,has_process_evidence,has_file_evidence,has_auth_evidence,has_privilege_evidence,host_events_previous_5m,same_rule_previous_5m,unique_rules_previous_10m,high_level_events_previous_10m,auth_events_previous_10m,file_events_previous_10m,privilege_events_previous_30m,mitre_events_previous_30m,rule_level_max_previous_10m,hour,day_of_week,is_after_hours
wazuh-1788711251.949946,2026-09-06T16:14:11.978000Z,target-kali-01,5501,3,authentication_success|pam|syslog,pam,T1078,journald,0,0,0,0,0,0,0,0,0,0,1,0,0,0,0,0,0,0,0,0,0,16,6,0
wazuh-1788711251.950388,2026-09-06T16:14:11.978000Z,target-kali-01,5501,3,authentication_success|pam|syslog,pam,T1078,journald,0,0,0,0,0,0,0,0,0,0,1,0,1,1,1,0,1,0,0,1,3,16,6,0
wazuh-1788711252.950840,2026-09-06T16:14:12.112000Z,target-kali-01,5501,3,authentication_success|pam|syslog,pam,T1078,journald,0,0,0,0,0,0,0,0,0,0,1,0,2,2,1,0,2,0,0,2,3,16,6,0
wazuh-1788711252.951282,2026-09-06T16:14:12.150000Z,target-kali-01,5501,3,authentication_success|pam|syslog,pam,T1078,journald,0,0,0,0,0,0,0,0,0,0,1,0,3,3,1,0,3,0,0,3,3,16,6,0
wazuh-1788711253.951724,2026-09-06T16:14:13.964000Z,target-kali-01,5501,3,authentication_success|pam|syslog,pam,T1078,journald,0,0,0,0,0,0,0,0,0,0,1,0,4,4,1,0,4,0,0,4,3,16,6,0
wazuh-1788711269.952166,2026-09-06T16:14:29.994000Z,target-kali-01,5501,3,authentication_success|pam|syslog,pam,T1078,journald,0,0,0,0,0,0,0,0,0,0,1,0,5,5,1,0,5,0,0,5,3,16,6,0
wazuh-1788711282.952608,2026-09-06T16:14:42.626000Z,target-kali-01,5501,3,authentication_success|pam|syslog,pam,T1078,journald,0,0,0,0,0,0,0,0,0,0,1,0,6,6,1,0,6,0,0,6,3,16,6,0
wazuh-1788711294.953050,2026-09-06T16:14:54.666000Z,target-kali-01,5501,3,authentication_success|pam|syslog,pam,T1078,journald,0,0,0,0,0,0,0,0,0,0,1,0,7,7,1,0,7,0,0,7,3,16,6,0
wazuh-1788711313.953492,2026-09-06T16:15:13.349000Z,lab-sensor-01,5710,5,authentication_failed|invalid_login|sshd|syslog,sshd,T1021.004|T1110.001,journald,46600,0,1,0,0,0,1,0,0,0,1,0,0,0,0,0,0,0,0,0,0,16,6,0
wazuh-1788711314.954040,2026-09-06T16:15:14.686000Z,target-kali-01,5501,3,authentication_success|pam|syslog,pam,T1078,journald,0,0,0,0,0,0,0,0,0,0,1,0,8,8,1,0,8,0,0,8,3,16,6,0
wazuh-1788711317.954482,2026-09-06T16:15:17.356000Z,lab-sensor-01,5710,5,authentication_failed|invalid_login|sshd|syslog,sshd,T1021.004|T1110.001,journald,46616,0,1,0,0,0,1,0,0,0,1,0,1,1,1,0,1,0,0,1,5,16,6,0
wazuh-1788711318.955030,2026-09-06T16:15:18.574000Z,lab-sensor-01,80730,3,audit|audit_selinux,auditd,none,/var/log/audit/audit.log,0,0,0,0,0,0,0,1,1,0,0,0,2,0,1,0,2,0,0,2,5,16,6,0
wazuh-1788711318.956554,2026-09-06T16:15:18.576000Z,lab-sensor-01,80730,3,audit|audit_selinux,auditd,none,/var/log/audit/audit.log,0,0,0,0,0,0,0,1,1,0,0,0,3,1,2,0,2,0,0,2,5,16,6,0
wazuh-1788711318.957953,2026-09-06T16:15:18.582000Z,lab-sensor-01,80730,3,audit|audit_selinux,auditd,none,/var/log/audit/audit.log,0,0,0,0,0,0,0,1,1,0,0,0,4,2,2,0,2,0,0,2,5,16,6,0
wazuh-1788711318.959657,2026-09-06T16:15:18.669000Z,lab-sensor-01,92603,6,audit_detections,auditd,T1021.004,/var/log/audit/audit.log,0,0,0,0,0,0,0,1,1,0,0,0,5,0,2,0,2,0,0,2,5,16,6,0
wazuh-1788711321.961610,2026-09-06T16:15:21.362000Z,lab-sensor-01,5710,5,authentication_failed|invalid_login|sshd|syslog,sshd,T1021.004|T1110.001,journald,46630,0,1,0,0,0,1,0,0,0,1,0,6,2,3,0,2,0,0,3,6,16,6,0
wazuh-1788711336.962158,2026-09-06T16:15:36.751000Z,target-kali-01,5501,3,authentication_success|pam|syslog,pam,T1078,journald,0,0,0,0,0,0,0,0,0,0,1,0,9,9,1,0,9,0,0,9,3,16,6,0
wazuh-1788711346.962600,2026-09-06T16:15:46.828000Z,target-kali-01,5501,3,authentication_success|pam|syslog,pam,T1078,journald,0,0,0,0,0,0,0,0,0,0,1,0,10,10,1,0,10,0,0,10,3,16,6,0
wazuh-1788711357.963042,2026-09-06T16:15:57.417000Z,lab-sensor-01,5710,5,authentication_failed|invalid_login|sshd|syslog,sshd,T1021.004|T1110.001,journald,56344,0,1,0,0,0,1,0,0,0,1,0,7,3,3,0,3,0,0,4,6,16,6,0
wazuh-1788711358.963590,2026-09-06T16:15:58.929000Z,target-kali-01,5501,3,authentication_success|pam|syslog,pam,T1078,journald,0,0,0,0,0,0,0,0,0,0,1,0,11,11,1,0,11,0,0,11,3,16,6,0
wazuh-1788711361.964032,2026-09-06T16:16:01.426000Z,lab-sensor-01,5710,5,authentication_failed|invalid_login|sshd|syslog,sshd,T1021.004|T1110.001,journald,56352,0,1,0,0,0,1,0,0,0,1,0,8,4,3,0,4,0,0,5,6,16,6,0
wazuh-1788711363.964580,2026-09-06T16:16:03.430000Z,lab-sensor-01,5710,5,authentication_failed|invalid_login|sshd|syslog,sshd,T1021.004|T1110.001,journald,35556,0,1,0,0,0,1,0,0,0,1,0,9,5,3,0,5,0,0,6,6,16,6,0
wazuh-1788711379.965128,2026-09-06T16:16:19.959000Z,target-kali-01,5501,3,authentication_success|pam|syslog,pam,T1078,journald,0,0,0,0,0,0,0,0,0,0,1,0,12,12,1,0,12,0,0,12,3,16,6,0
wazuh-1788711394.965570,2026-09-06T16:16:34.014000Z,target-kali-01,5501,3,authentication_success|pam|syslog,pam,T1078,journald,0,0,0,0,0,0,0,0,0,0,1,0,13,13,1,0,13,0,0,13,3,16,6,0
wazuh-1788711404.966012,2026-09-06T16:16:44.114000Z,target-kali-01,5501,3,authentication_success|pam|syslog,pam,T1078,journald,0,0,0,0,0,0,0,0,0,0,1,0,14,14,1,0,14,0,0,14,3,16,6,0
wazuh-1788711424.966454,2026-09-06T16:17:04.150000Z,target-kali-01,5501,3,authentication_success|pam|syslog,pam,T1078,journald,0,0,0,0,0,0,0,0,0,0,1,0,15,15,1,0,15,0,0,15,3,16,6,0
wazuh-1788711427.966896,2026-09-06T16:17:07.256000Z,film-laptop,591,3,ossec,ossec,none,logcollector,0,0,0,0,0,0,0,0,0,0,0,0,0,0,0,0,0,0,0,0,0,16,6,0
wazuh-1788711435.967268,2026-09-06T16:17:15.580000Z,lab-sensor-01,5710,5,authentication_failed|invalid_login|sshd|syslog,sshd,T1021.004|T1110.001,journald,34100,0,1,0,0,0,1,0,0,0,1,0,10,6,3,0,6,0,0,7,6,16,6,0
wazuh-1788711436.967816,2026-09-06T16:17:16.172000Z,target-kali-01,5501,3,authentication_success|pam|syslog,pam,T1078,journald,0,0,0,0,0,0,0,0,0,0,1,0,16,16,1,0,16,0,0,16,3,16,6,0
wazuh-1788711437.968258,2026-09-06T16:17:17.582000Z,lab-sensor-01,5710,5,authentication_failed|invalid_login|sshd|syslog,sshd,T1021.004|T1110.001,journald,34106,0,1,0,0,0,1,0,0,0,1,0,11,7,3,0,7,0,0,8,6,16,6,0
wazuh-1788711441.968806,2026-09-06T16:17:21.592000Z,lab-sensor-01,5710,5,authentication_failed|invalid_login|sshd|syslog,sshd,T1021.004|T1110.001,journald,34112,0,1,0,0,0,1,0,0,0,1,0,12,8,3,0,8,0,0,9,6,16,6,0
wazuh-1788711456.969354,2026-09-06T16:17:36.252000Z,target-kali-01,5501,3,authentication_success|pam|syslog,pam,T1078,journald,0,0,0,0,0,0,0,0,0,0,1,0,17,17,1,0,17,0,0,17,3,16,6,0
wazuh-1788711466.969796,2026-09-06T16:17:46.272000Z,target-kali-01,5501,3,authentication_success|pam|syslog,pam,T1078,journald,0,0,0,0,0,0,0,0,0,0,1,0,18,18,1,0,18,0,0,18,3,16,6,0
wazuh-1788711467.970238,2026-09-06T16:17:47.659000Z,lab-sensor-01,31101,5,accesslog|attack|web,web-accesslog,none,/var/log/apache2/access.log,0,0,1,0,0,0,1,0,0,0,0,0,13,0,3,0,9,0,0,10,6,16,6,0
wazuh-1788711469.970679,2026-09-06T16:17:49.662000Z,lab-sensor-01,31101,5,accesslog|attack|web,web-accesslog,none,/var/log/apache2/access.log,0,0,1,0,0,0,1,0,0,0,0,0,14,1,4,0,9,0,0,10,6,16,6,0
wazuh-1788711471.971120,2026-09-06T16:17:51.667000Z,lab-sensor-01,31101,5,accesslog|attack|web,web-accesslog,none,/var/log/apache2/access.log,0,0,1,0,0,0,1,0,0,0,0,0,15,2,4,0,9,0,0,10,6,16,6,0
wazuh-1788711473.971567,2026-09-06T16:17:53.671000Z,lab-sensor-01,31516,6,appsec|attack|web,web-accesslog,T1055,/var/log/apache2/access.log,0,0,1,0,0,0,1,0,0,0,0,0,16,0,4,0,9,0,0,10,6,16,6,0
wazuh-1788711473.972009,2026-09-06T16:17:53.671000Z,lab-sensor-01,30305,5,access_denied|apache|web,apache-errorlog,none,/var/log/apache2/error.log,60776,0,1,0,0,0,1,0,0,0,0,0,17,0,5,0,9,0,0,11,6,16,6,0
wazuh-1788711485.972608,2026-09-06T16:18:05.699000Z,lab-sensor-01,31104,6,accesslog|attack|web,web-accesslog,T1055|T1083|T1190,/var/log/apache2/access.log,0,0,1,0,0,0,1,0,0,0,0,0,18,0,6,0,9,0,0,11,6,16,6,0
wazuh-1788711486.973066,2026-09-06T16:18:06.350000Z,target-kali-01,5501,3,authentication_success|pam|syslog,pam,T1078,journald,0,0,0,0,0,0,0,0,0,0,1,0,19,19,1,0,19,0,0,19,3,16,6,0
wazuh-1788711489.973508,2026-09-06T16:18:09.711000Z,lab-sensor-01,31106,6,accesslog|attack|web,web-accesslog,T1190,/var/log/apache2/access.log,0,0,1,0,0,0,1,0,0,0,0,0,19,0,7,0,9,0,0,12,6,16,6,0
wazuh-1788711497.973992,2026-09-06T16:18:17.730000Z,lab-sensor-01,80730,3,audit|audit_selinux,auditd,none,/var/log/audit/audit.log,0,0,0,0,0,0,0,1,1,0,0,0,20,3,8,0,9,0,0,13,6,16,6,0
wazuh-1788711497.975516,2026-09-06T16:18:17.730000Z,lab-sensor-01,80730,3,audit|audit_selinux,auditd,none,/var/log/audit/audit.log,0,0,0,0,0,0,0,1,1,0,0,0,21,4,8,0,9,0,0,13,6,16,6,0
wazuh-1788711508.976915,2026-09-06T16:18:28.412000Z,target-kali-01,5501,3,authentication_success|pam|syslog,pam,T1078,journald,0,0,0,0,0,0,0,0,0,0,1,0,20,20,1,0,20,0,0,20,3,16,6,0
wazuh-1788711527.977357,2026-09-06T16:18:47.391000Z,target-kali-01,5501,3,authentication_success|pam|syslog,pam,T1078,journald,0,0,0,0,0,0,0,0,0,0,1,0,21,21,1,0,21,0,0,21,3,16,6,0
wazuh-1788711528.977799,2026-09-06T16:18:48.983000Z,lab-sensor-01,31101,5,accesslog|attack|web,web-accesslog,none,/var/log/apache2/access.log,0,0,1,0,0,0,1,0,0,0,0,0,22,3,8,0,9,0,0,13,6,16,6,0
wazuh-1788711530.978240,2026-09-06T16:18:50.985000Z,lab-sensor-01,31101,5,accesslog|attack|web,web-accesslog,none,/var/log/apache2/access.log,0,0,1,0,0,0,1,0,0,0,0,0,23,4,8,0,9,0,0,13,6,16,6,0
wazuh-1788711532.978681,2026-09-06T16:18:52.987000Z,lab-sensor-01,31101,5,accesslog|attack|web,web-accesslog,none,/var/log/apache2/access.log,0,0,1,0,0,0,1,0,0,0,0,0,24,5,8,0,9,0,0,13,6,16,6,0
wazuh-1788711534.979128,2026-09-06T16:18:54.990000Z,lab-sensor-01,30305,5,access_denied|apache|web,apache-errorlog,none,/var/log/apache2/error.log,59134,0,1,0,0,0,1,0,0,0,0,0,25,1,8,0,9,0,0,13,6,16,6,0
wazuh-1788711534.979727,2026-09-06T16:18:54.990000Z,lab-sensor-01,31516,6,appsec|attack|web,web-accesslog,T1055,/var/log/apache2/access.log,0,0,1,0,0,0,1,0,0,0,0,0,26,1,8,0,9,0,0,13,6,16,6,0
wazuh-1788711549.980169,2026-09-06T16:19:09.813000Z,lab-sensor-01,5710,5,authentication_failed|invalid_login|sshd|syslog,sshd,T1021.004|T1110.001,journald,34384,0,1,0,0,0,1,0,0,0,1,0,27,9,8,0,9,0,0,14,6,16,6,0
wazuh-1788711551.980717,2026-09-06T16:19:11.556000Z,target-kali-01,5501,3,authentication_success|pam|syslog,pam,T1078,journald,0,0,0,0,0,0,0,0,0,0,1,0,22,22,1,0,22,0,0,22,3,16,6,0
wazuh-1788711553.981159,2026-09-06T16:19:13.822000Z,lab-sensor-01,5710,5,authentication_failed|invalid_login|sshd|syslog,sshd,T1021.004|T1110.001,journald,35490,0,1,0,0,0,1,0,0,0,1,0,28,10,8,0,10,0,0,15,6,16,6,0
wazuh-1788711557.981707,2026-09-06T16:19:17.828000Z,lab-sensor-01,5710,5,authentication_failed|invalid_login|sshd|syslog,sshd,T1021.004|T1110.001,journald,35504,0,1,0,0,0,1,0,0,0,1,0,29,11,8,0,11,0,0,16,6,16,6,0
wazuh-1788711573.982255,2026-09-06T16:19:33.050000Z,lab-sensor-01,31104,6,accesslog|attack|web,web-accesslog,T1055|T1083|T1190,/var/log/apache2/access.log,0,0,1,0,0,0,1,0,0,0,0,0,30,1,8,0,12,0,0,17,6,16,6,0
wazuh-1788711573.982713,2026-09-06T16:19:33.583000Z,target-kali-01,5501,3,authentication_success|pam|syslog,pam,T1078,journald,0,0,0,0,0,0,0,0,0,0,1,0,17,17,1,0,23,0,0,23,3,16,6,0
wazuh-1788711577.983155,2026-09-06T16:19:37.055000Z,lab-sensor-01,31106,6,accesslog|attack|web,web-accesslog,T1190,/var/log/apache2/access.log,0,0,1,0,0,0,1,0,0,0,0,0,31,1,8,0,12,0,0,18,6,16,6,0
wazuh-1788711593.983639,2026-09-06T16:19:53.613000Z,target-kali-01,5501,3,authentication_success|pam|syslog,pam,T1078,journald,0,0,0,0,0,0,0,0,0,0,1,0,17,17,1,0,24,0,0,24,3,16,6,0
wazuh-1788711611.984081,2026-09-06T16:20:11.762000Z,target-kali-01,5501,3,authentication_success|pam|syslog,pam,T1078,journald,0,0,0,0,0,0,0,0,0,0,1,0,17,17,1,0,25,0,0,25,3,16,6,0
wazuh-1788711623.984523,2026-09-06T16:20:23.882000Z,target-kali-01,5501,3,authentication_success|pam|syslog,pam,T1078,journald,0,0,0,0,0,0,0,0,0,0,1,0,17,17,1,0,26,0,0,26,3,16,6,0
wazuh-1788711641.984965,2026-09-06T16:20:41.919000Z,target-kali-01,5501,3,authentication_success|pam|syslog,pam,T1078,journald,0,0,0,0,0,0,0,0,0,0,1,0,17,17,1,0,27,0,0,27,3,16,6,0
wazuh-1788711652.985407,2026-09-06T16:20:52.236000Z,target-kali-01,5501,3,authentication_success|pam|syslog,pam,T1078,journald,0,0,0,0,0,0,0,0,0,0,1,0,17,17,1,0,28,0,0,28,3,16,6,0
wazuh-1788711664.985849,2026-09-06T16:21:04.003000Z,lab-sensor-01,31104,6,accesslog|attack|web,web-accesslog,T1055|T1083|T1190,/var/log/apache2/access.log,0,0,1,0,0,0,1,0,0,0,0,0,22,2,8,0,12,0,0,19,6,16,6,0
wazuh-1788711665.986307,2026-09-06T16:21:05.473000Z,target-kali-01,5501,3,authentication_success|pam|syslog,pam,T1078,journald,0,0,0,0,0,0,0,0,0,0,1,0,17,17,1,0,29,0,0,29,3,16,6,0
wazuh-1788711668.986749,2026-09-06T16:21:08.018000Z,lab-sensor-01,31106,6,accesslog|attack|web,web-accesslog,T1190,/var/log/apache2/access.log,0,0,1,0,0,0,1,0,0,0,0,0,23,2,8,0,12,0,0,20,6,16,6,0
wazuh-1788711683.987233,2026-09-06T16:21:23.245000Z,lab-sensor-01,31104,6,accesslog|attack|web,web-accesslog,T1055|T1083|T1190,/var/log/apache2/access.log,0,0,1,0,0,0,1,0,0,0,0,0,24,3,8,0,12,0,0,21,6,16,6,0
wazuh-1788711683.987691,2026-09-06T16:21:23.520000Z,target-kali-01,5501,3,authentication_success|pam|syslog,pam,T1078,journald,0,0,0,0,0,0,0,0,0,0,1,0,17,17,1,0,30,0,0,30,3,16,6,0
wazuh-1788711687.988133,2026-09-06T16:21:27.251000Z,lab-sensor-01,31106,6,accesslog|attack|web,web-accesslog,T1190,/var/log/apache2/access.log,0,0,1,0,0,0,1,0,0,0,0,0,25,3,8,0,12,0,0,22,6,16,6,0
wazuh-1788711706.988617,2026-09-06T16:21:46.089000Z,lab-sensor-01,5710,5,authentication_failed|invalid_login|sshd|syslog,sshd,T1021.004|T1110.001,journald,43978,0,1,0,0,0,1,0,0,0,1,0,26,6,8,0,12,0,0,23,6,16,6,0
wazuh-1788711706.989165,2026-09-06T16:21:46.302000Z,target-kali-01,5501,3,authentication_success|pam|syslog,pam,T1078,journald,0,0,0,0,0,0,0,0,0,0,1,0,16,16,1,0,31,0,0,31,3,16,6,0
wazuh-1788711708.989607,2026-09-06T16:21:48.090000Z,lab-sensor-01,5710,5,authentication_failed|invalid_login|sshd|syslog,sshd,T1021.004|T1110.001,journald,43988,0,1,0,0,0,1,0,0,0,1,0,27,7,8,0,13,0,0,24,6,16,6,0
wazuh-1788711712.990155,2026-09-06T16:21:52.109000Z,lab-sensor-01,5710,5,authentication_failed|invalid_login|sshd|syslog,sshd,T1021.004|T1110.001,journald,43994,0,1,0,0,0,1,0,0,0,1,0,28,8,8,0,14,0,0,25,6,16,6,0
wazuh-1788711726.990703,2026-09-06T16:22:06.913000Z,target-kali-01,5501,3,authentication_success|pam|syslog,pam,T1078,journald,0,0,0,0,0,0,0,0,0,0,1,0,16,16,1,0,32,0,0,32,3,16,6,0
wazuh-1788711747.991145,2026-09-06T16:22:27.136000Z,target-kali-01,5501,3,authentication_success|pam|syslog,pam,T1078,journald,0,0,0,0,0,0,0,0,0,0,1,0,16,16,1,0,33,0,0,33,3,16,6,0
wazuh-1788711747.991587,2026-09-06T16:22:27.288000Z,film-laptop,591,3,ossec,ossec,none,logcollector,0,0,0,0,0,0,0,0,0,0,0,0,0,0,1,0,0,0,0,0,3,16,6,0
wazuh-1788711765.991959,2026-09-06T16:22:45.858000Z,target-kali-01,5501,3,authentication_success|pam|syslog,pam,T1078,journald,0,0,0,0,0,0,0,0,0,0,1,0,16,16,1,0,34,0,0,34,3,16,6,0
wazuh-1788711771.992401,2026-09-06T16:22:51.890000Z,target-kali-01,5501,3,authentication_success|pam|syslog,pam,T1078,journald,0,0,0,0,0,0,0,0,0,0,1,0,16,16,1,0,35,0,0,35,3,16,6,0
wazuh-1788711785.992843,2026-09-06T16:23:05.970000Z,target-kali-01,5501,3,authentication_success|pam|syslog,pam,T1078,journald,0,0,0,0,0,0,0,0,0,0,1,0,17,17,1,0,36,0,0,36,3,16,6,0
wazuh-1788711798.993285,2026-09-06T16:23:18.677000Z,target-kali-01,5501,3,authentication_success|pam|syslog,pam,T1078,journald,0,0,0,0,0,0,0,0,0,0,1,0,17,17,1,0,37,0,0,37,3,16,6,0
wazuh-1788711800.993727,2026-09-06T16:23:20.245000Z,lab-sensor-01,31101,5,accesslog|attack|web,web-accesslog,none,/var/log/apache2/access.log,0,0,1,0,0,0,1,0,0,0,0,0,17,3,8,0,15,0,0,26,6,16,6,0
wazuh-1788711802.994168,2026-09-06T16:23:22.251000Z,lab-sensor-01,31101,5,accesslog|attack|web,web-accesslog,none,/var/log/apache2/access.log,0,0,1,0,0,0,1,0,0,0,0,0,18,4,8,0,15,0,0,26,6,16,6,0
wazuh-1788711804.994609,2026-09-06T16:23:24.254000Z,lab-sensor-01,31101,5,accesslog|attack|web,web-accesslog,none,/var/log/apache2/access.log,0,0,1,0,0,0,1,0,0,0,0,0,19,5,8,0,15,0,0,26,6,16,6,0
wazuh-1788711806.995056,2026-09-06T16:23:26.256000Z,lab-sensor-01,30305,5,access_denied|apache|web,apache-errorlog,none,/var/log/apache2/error.log,36860,0,1,0,0,0,1,0,0,0,0,0,20,1,8,0,15,0,0,26,6,16,6,0
wazuh-1788711806.995655,2026-09-06T16:23:26.256000Z,lab-sensor-01,31516,6,appsec|attack|web,web-accesslog,T1055,/var/log/apache2/access.log,0,0,1,0,0,0,1,0,0,0,0,0,21,1,8,0,15,0,0,26,6,16,6,0
wazuh-1788711818.996097,2026-09-06T16:23:38.299000Z,lab-sensor-01,31104,6,accesslog|attack|web,web-accesslog,T1055|T1083|T1190,/var/log/apache2/access.log,0,0,1,0,0,0,1,0,0,0,0,0,22,3,8,0,15,0,0,27,6,16,6,0
wazuh-1788711819.996555,2026-09-06T16:23:39.208000Z,target-kali-01,5501,3,authentication_success|pam|syslog,pam,T1078,journald,0,0,0,0,0,0,0,0,0,0,1,0,17,17,1,0,38,0,0,38,3,16,6,0
wazuh-1788711822.996997,2026-09-06T16:23:42.330000Z,lab-sensor-01,31106,6,accesslog|attack|web,web-accesslog,T1190,/var/log/apache2/access.log,0,0,1,0,0,0,1,0,0,0,0,0,23,3,8,0,15,0,0,28,6,16,6,0
wazuh-1788711839.997481,2026-09-06T16:23:59.577000Z,target-kali-01,5501,3,authentication_success|pam|syslog,pam,T1078,journald,0,0,0,0,0,0,0,0,0,0,1,0,17,17,1,0,39,0,0,39,3,16,6,0
wazuh-1788711855.997923,2026-09-06T16:24:15.980000Z,target-kali-01,5501,3,authentication_success|pam|syslog,pam,T1078,journald,0,0,0,0,0,0,0,0,0,0,1,0,17,17,1,0,35,0,0,40,3,16,6,0
wazuh-1788711874.998365,2026-09-06T16:24:34.669000Z,target-kali-01,5501,3,authentication_success|pam|syslog,pam,T1078,journald,0,0,0,0,0,0,0,0,0,0,1,0,17,17,1,0,35,0,0,41,3,16,6,0
wazuh-1788711885.998807,2026-09-06T16:24:45.812000Z,lab-sensor-01,31104,6,accesslog|attack|web,web-accesslog,T1055|T1083|T1190,/var/log/apache2/access.log,0,0,1,0,0,0,1,0,0,0,0,0,14,3,8,0,15,0,0,29,6,16,6,0
wazuh-1788711886.999265,2026-09-06T16:24:46.326000Z,target-kali-01,5501,3,authentication_success|pam|syslog,pam,T1078,journald,0,0,0,0,0,0,0,0,0,0,1,0,18,18,1,0,35,0,0,42,3,16,6,0
wazuh-1788711889.999707,2026-09-06T16:24:49.774000Z,lab-sensor-01,31106,6,accesslog|attack|web,web-accesslog,T1190,/var/log/apache2/access.log,0,0,1,0,0,0,1,0,0,0,0,0,15,3,8,0,15,0,0,30,6,16,6,0
wazuh-1788711903.1000191,2026-09-06T16:25:03.879000Z,target-kali-01,5501,3,authentication_success|pam|syslog,pam,T1078,journald,0,0,0,0,0,0,0,0,0,0,1,0,18,18,1,0,35,0,0,43,3,16,6,0
wazuh-1788711906.1000634,2026-09-06T16:25:06.550000Z,lab-sensor-01,31101,5,accesslog|attack|web,web-accesslog,none,/var/log/apache2/access.log,0,0,1,0,0,0,1,0,0,0,0,0,16,3,8,0,15,0,0,31,6,16,6,0
wazuh-1788711908.1001076,2026-09-06T16:25:08.557000Z,lab-sensor-01,31101,5,accesslog|attack|web,web-accesslog,none,/var/log/apache2/access.log,0,0,1,0,0,0,1,0,0,0,0,0,17,4,8,0,15,0,0,31,6,16,6,0
wazuh-1788711910.1001518,2026-09-06T16:25:10.559000Z,lab-sensor-01,31101,5,accesslog|attack|web,web-accesslog,none,/var/log/apache2/access.log,0,0,1,0,0,0,1,0,0,0,0,0,18,5,8,0,15,0,0,31,6,16,6,0
wazuh-1788711912.1001966,2026-09-06T16:25:12.561000Z,lab-sensor-01,30305,5,access_denied|apache|web,apache-errorlog,none,/var/log/apache2/error.log,43006,0,1,0,0,0,1,0,0,0,0,0,19,1,8,0,15,0,0,31,6,16,6,0
wazuh-1788711912.1002566,2026-09-06T16:25:12.561000Z,lab-sensor-01,31516,6,appsec|attack|web,web-accesslog,T1055,/var/log/apache2/access.log,0,0,1,0,0,0,1,0,0,0,0,0,20,1,8,0,15,0,0,31,6,16,6,0
wazuh-1788711930.1003009,2026-09-06T16:25:30.025000Z,target-kali-01,5501,3,authentication_success|pam|syslog,pam,T1078,journald,0,0,0,0,0,0,0,0,0,0,1,0,17,17,1,0,35,0,0,44,3,16,6,0
wazuh-1788711944.1003452,2026-09-06T16:25:44.050000Z,target-kali-01,5501,3,authentication_success|pam|syslog,pam,T1078,journald,0,0,0,0,0,0,0,0,0,0,1,0,17,17,1,0,35,0,0,45,3,16,6,0
wazuh-1788711960.1003895,2026-09-06T16:26:00.311000Z,target-kali-01,5501,3,authentication_success|pam|syslog,pam,T1078,journald,0,0,0,0,0,0,0,0,0,0,1,0,17,17,1,0,34,0,0,46,3,16,6,0
wazuh-1788711978.1004338,2026-09-06T16:26:18.753000Z,target-kali-01,5501,3,authentication_success|pam|syslog,pam,T1078,journald,0,0,0,0,0,0,0,0,0,0,1,0,17,17,1,0,35,0,0,47,3,16,6,0
wazuh-1788711992.1004781,2026-09-06T16:26:32.675000Z,target-kali-01,5501,3,authentication_success|pam|syslog,pam,T1078,journald,0,0,0,0,0,0,0,0,0,0,1,0,17,17,1,0,35,0,0,48,3,16,6,0
wazuh-1788712003.1005224,2026-09-06T16:26:43.165000Z,target-kali-01,5501,3,authentication_success|pam|syslog,pam,T1078,journald,0,0,0,0,0,0,0,0,0,0,1,0,18,18,1,0,35,0,0,49,3,16,6,0
wazuh-1788712020.1005667,2026-09-06T16:27:00.801000Z,lab-sensor-01,5710,5,authentication_failed|invalid_login|sshd|syslog,sshd,T1021.004|T1110.001,journald,39932,0,1,0,0,0,1,0,0,0,1,0,14,0,7,0,9,0,0,32,6,16,6,0
wazuh-1788712021.1006216,2026-09-06T16:27:01.642000Z,target-kali-01,5501,3,authentication_success|pam|syslog,pam,T1078,journald,0,0,0,0,0,0,0,0,0,0,1,0,18,18,1,0,35,0,0,50,3,16,6,0
wazuh-1788712024.1006659,2026-09-06T16:27:04.806000Z,lab-sensor-01,5710,5,authentication_failed|invalid_login|sshd|syslog,sshd,T1021.004|T1110.001,journald,38786,0,1,0,0,0,1,0,0,0,1,0,15,1,7,0,10,0,0,33,6,16,6,0
wazuh-1788712026.1007208,2026-09-06T16:27:06.808000Z,lab-sensor-01,5710,5,authentication_failed|invalid_login|sshd|syslog,sshd,T1021.004|T1110.001,journald,38792,0,1,0,0,0,1,0,0,0,1,0,16,2,7,0,11,0,0,34,6,16,6,0
wazuh-1788712043.1007757,2026-09-06T16:27:23.855000Z,target-kali-01,5501,3,authentication_success|pam|syslog,pam,T1078,journald,0,0,0,0,0,0,0,0,0,0,1,0,18,18,1,0,34,0,0,51,3,16,6,0
wazuh-1788712059.1008200,2026-09-06T16:27:39.294000Z,target-kali-01,5501,3,authentication_success|pam|syslog,pam,T1078,journald,0,0,0,0,0,0,0,0,0,0,1,0,18,18,1,0,34,0,0,52,3,16,6,0
wazuh-1788712079.1008643,2026-09-06T16:27:59.344000Z,target-kali-01,5501,3,authentication_success|pam|syslog,pam,T1078,journald,0,0,0,0,0,0,0,0,0,0,1,0,17,17,1,0,34,0,0,53,3,16,6,0
wazuh-1788712093.1009086,2026-09-06T16:28:13.436000Z,target-kali-01,5501,3,authentication_success|pam|syslog,pam,T1078,journald,0,0,0,0,0,0,0,0,0,0,1,0,17,17,1,0,34,0,0,54,3,16,6,0
wazuh-1788712110.1009529,2026-09-06T16:28:30.960000Z,lab-sensor-01,31104,6,accesslog|attack|web,web-accesslog,T1055|T1083|T1190,/var/log/apache2/access.log,0,0,1,0,0,0,1,0,0,0,0,0,12,2,6,0,9,0,0,35,6,16,6,0
wazuh-1788712111.1009988,2026-09-06T16:28:31.521000Z,target-kali-01,5501,3,authentication_success|pam|syslog,pam,T1078,journald,0,0,0,0,0,0,0,0,0,0,1,0,17,17,1,0,34,0,0,55,3,16,6,0
wazuh-1788712114.1010431,2026-09-06T16:28:34.966000Z,lab-sensor-01,31106,6,accesslog|attack|web,web-accesslog,T1190,/var/log/apache2/access.log,0,0,1,0,0,0,1,0,0,0,0,0,13,2,6,0,9,0,0,36,6,16,6,0
wazuh-1788712131.1010916,2026-09-06T16:28:51.327000Z,film-laptop,591,3,ossec,ossec,none,logcollector,0,0,0,0,0,0,0,0,0,0,0,0,0,0,1,0,0,0,0,0,3,16,6,0
wazuh-1788712132.1011289,2026-09-06T16:28:52.391000Z,target-kali-01,5501,3,authentication_success|pam|syslog,pam,T1078,journald,0,0,0,0,0,0,0,0,0,0,1,0,17,17,1,0,34,0,0,56,3,16,6,0
wazuh-1788712150.1011732,2026-09-06T16:29:10.089000Z,target-kali-01,5501,3,authentication_success|pam|syslog,pam,T1078,journald,0,0,0,0,0,0,0,0,0,0,1,0,17,17,1,0,35,0,0,57,3,16,6,0
wazuh-1788712160.1012175,2026-09-06T16:29:20.115000Z,target-kali-01,5501,3,authentication_success|pam|syslog,pam,T1078,journald,0,0,0,0,0,0,0,0,0,0,1,0,17,17,1,0,35,0,0,58,3,16,6,0
wazuh-1788712178.1012618,2026-09-06T16:29:38.595000Z,target-kali-01,5501,3,authentication_success|pam|syslog,pam,T1078,journald,0,0,0,0,0,0,0,0,0,0,1,0,17,17,1,0,35,0,0,59,3,16,6,0
wazuh-1788712188.1013061,2026-09-06T16:29:48.983000Z,target-kali-01,5501,3,authentication_success|pam|syslog,pam,T1078,journald,0,0,0,0,0,0,0,0,0,0,1,0,17,17,1,0,36,0,0,60,3,16,6,0
wazuh-1788712189.1013504,2026-09-06T16:29:49.086000Z,lab-sensor-01,5710,5,authentication_failed|invalid_login|sshd|syslog,sshd,T1021.004|T1110.001,journald,53168,0,1,0,0,0,1,0,0,0,1,0,11,3,6,0,6,0,0,37,6,16,6,0
wazuh-1788712193.1014053,2026-09-06T16:29:53.090000Z,lab-sensor-01,5710,5,authentication_failed|invalid_login|sshd|syslog,sshd,T1021.004|T1110.001,journald,52710,0,1,0,0,0,1,0,0,0,1,0,11,4,6,0,7,0,0,38,6,16,6,0
wazuh-1788712195.1014602,2026-09-06T16:29:55.093000Z,lab-sensor-01,5710,5,authentication_failed|invalid_login|sshd|syslog,sshd,T1021.004|T1110.001,journald,52714,0,1,0,0,0,1,0,0,0,1,0,12,5,6,0,8,0,0,39,6,16,6,0
wazuh-1788712213.1015151,2026-09-06T16:30:13.033000Z,target-kali-01,5501,3,authentication_success|pam|syslog,pam,T1078,journald,0,0,0,0,0,0,0,0,0,0,1,0,17,17,1,0,35,0,0,61,3,16,6,0
wazuh-1788712225.1015594,2026-09-06T16:30:25.632000Z,target-kali-01,5501,3,authentication_success|pam|syslog,pam,T1078,journald,0,0,0,0,0,0,0,0,0,0,1,0,18,18,1,0,35,0,0,62,3,16,6,0
wazuh-1788712237.1016037,2026-09-06T16:30:37.978000Z,target-kali-01,5501,3,authentication_success|pam|syslog,pam,T1078,journald,0,0,0,0,0,0,0,0,0,0,1,0,18,18,1,0,36,0,0,63,3,16,6,0
wazuh-1788712256.1016480,2026-09-06T16:30:56.029000Z,target-kali-01,5501,3,authentication_success|pam|syslog,pam,T1078,journald,0,0,0,0,0,0,0,0,0,0,1,0,18,18,1,0,35,0,0,64,3,16,6,0
wazuh-1788712256.1016923,2026-09-06T16:30:56.581000Z,lab-sensor-01,31104,6,accesslog|attack|web,web-accesslog,T1055|T1083|T1190,/var/log/apache2/access.log,0,0,1,0,0,0,1,0,0,0,0,0,8,1,6,0,9,0,0,40,6,16,6,0
wazuh-1788712260.1017382,2026-09-06T16:31:00.545000Z,lab-sensor-01,31106,6,accesslog|attack|web,web-accesslog,T1190,/var/log/apache2/access.log,0,0,1,0,0,0,1,0,0,0,0,0,9,1,6,0,9,0,0,41,6,16,6,0
wazuh-1788712278.1017867,2026-09-06T16:31:18.106000Z,target-kali-01,5501,3,authentication_success|pam|syslog,pam,T1078,journald,0,0,0,0,0,0,0,0,0,0,1,0,18,18,1,0,35,0,0,65,3,16,6,0
wazuh-1788712290.1018310,2026-09-06T16:31:30.244000Z,target-kali-01,5501,3,authentication_success|pam|syslog,pam,T1078,journald,0,0,0,0,0,0,0,0,0,0,1,0,18,18,1,0,35,0,0,66,3,16,6,0
wazuh-1788712303.1018753,2026-09-06T16:31:43.245000Z,lab-sensor-01,31104,6,accesslog|attack|web,web-accesslog,T1055|T1083|T1190,/var/log/apache2/access.log,0,0,1,0,0,0,1,0,0,0,0,0,10,2,6,0,9,0,0,42,6,16,6,0
wazuh-1788712304.1019212,2026-09-06T16:31:44.535000Z,target-kali-01,5501,3,authentication_success|pam|syslog,pam,T1078,journald,0,0,0,0,0,0,0,0,0,0,1,0,17,17,1,0,36,0,0,67,3,16,6,0
wazuh-1788712307.1019655,2026-09-06T16:31:47.252000Z,lab-sensor-01,31106,6,accesslog|attack|web,web-accesslog,T1190,/var/log/apache2/access.log,0,0,1,0,0,0,1,0,0,0,0,0,11,2,6,0,8,0,0,43,6,16,6,0
wazuh-1788712322.1020140,2026-09-06T16:32:02.638000Z,target-kali-01,5501,3,authentication_success|pam|syslog,pam,T1078,journald,0,0,0,0,0,0,0,0,0,0,1,0,17,17,1,0,36,0,0,68,3,16,6,0
wazuh-1788712340.1020583,2026-09-06T16:32:20.737000Z,lab-sensor-01,31104,6,accesslog|attack|web,web-accesslog,T1055|T1083|T1190,/var/log/apache2/access.log,0,0,1,0,0,0,1,0,0,0,0,0,9,3,6,0,6,0,0,44,6,16,6,0
wazuh-1788712342.1021042,2026-09-06T16:32:22.200000Z,target-kali-01,5501,3,authentication_success|pam|syslog,pam,T1078,journald,0,0,0,0,0,0,0,0,0,0,1,0,18,18,1,0,36,0,0,69,3,16,6,0
wazuh-1788712344.1021485,2026-09-06T16:32:24.704000Z,lab-sensor-01,31106,6,accesslog|attack|web,web-accesslog,T1190,/var/log/apache2/access.log,0,0,1,0,0,0,1,0,0,0,0,0,10,3,6,0,6,0,0,45,6,16,6,0
wazuh-1788712360.1021970,2026-09-06T16:32:40.734000Z,lab-sensor-01,31104,6,accesslog|attack|web,web-accesslog,T1055|T1083|T1190,/var/log/apache2/access.log,0,0,1,0,0,0,1,0,0,0,0,0,11,4,6,0,6,0,0,46,6,16,6,0
wazuh-1788712361.1022429,2026-09-06T16:32:41.798000Z,target-kali-01,5501,3,authentication_success|pam|syslog,pam,T1078,journald,0,0,0,0,0,0,0,0,0,0,1,0,17,17,1,0,36,0,0,70,3,16,6,0
wazuh-1788712364.1022872,2026-09-06T16:32:44.740000Z,lab-sensor-01,31106,6,accesslog|attack|web,web-accesslog,T1190,/var/log/apache2/access.log,0,0,1,0,0,0,1,0,0,0,0,0,12,4,6,0,6,0,0,47,6,16,6,0
wazuh-1788712378.1023357,2026-09-06T16:32:58.667000Z,target-kali-01,5501,3,authentication_success|pam|syslog,pam,T1078,journald,0,0,0,0,0,0,0,0,0,0,1,0,18,18,1,0,35,0,0,71,3,16,6,0
wazuh-1788712378.1023800,2026-09-06T16:32:58.770000Z,lab-sensor-01,31104,6,accesslog|attack|web,web-accesslog,T1055|T1083|T1190,/var/log/apache2/access.log,0,0,1,0,0,0,1,0,0,0,0,0,13,5,6,0,6,0,0,48,6,16,6,0
wazuh-1788712382.1024259,2026-09-06T16:33:02.787000Z,lab-sensor-01,31106,6,accesslog|attack|web,web-accesslog,T1190,/var/log/apache2/access.log,0,0,1,0,0,0,1,0,0,0,0,0,14,5,6,0,6,0,0,49,6,16,6,0
wazuh-1788712398.1024744,2026-09-06T16:33:18.818000Z,target-kali-01,5501,3,authentication_success|pam|syslog,pam,T1078,journald,0,0,0,0,0,0,0,0,0,0,1,0,17,17,1,0,34,0,0,72,3,16,6,0
wazuh-1788712408.1025187,2026-09-06T16:33:28.863000Z,lab-sensor-01,80730,3,audit|audit_selinux,auditd,none,/var/log/audit/audit.log,0,0,0,0,0,0,0,1,1,0,0,0,15,0,6,0,6,0,0,50,6,16,6,0
wazuh-1788712408.1026709,2026-09-06T16:33:28.865000Z,lab-sensor-01,80730,3,audit|audit_selinux,auditd,none,/var/log/audit/audit.log,0,0,0,0,0,0,0,1,1,0,0,0,16,1,7,0,6,0,0,50,6,16,6,0
wazuh-1788712414.1027886,2026-09-06T16:33:34.936000Z,target-kali-01,5501,3,authentication_success|pam|syslog,pam,T1078,journald,0,0,0,0,0,0,0,0,0,0,1,0,17,17,1,0,35,0,0,73,3,16,6,0
wazuh-1788712430.1028329,2026-09-06T16:33:50.995000Z,target-kali-01,5501,3,authentication_success|pam|syslog,pam,T1078,journald,0,0,0,0,0,0,0,0,0,0,1,0,18,18,1,0,35,0,0,74,3,16,6,0
wazuh-1788712447.1028772,2026-09-06T16:34:07.467000Z,lab-sensor-01,591,3,ossec,ossec,none,logcollector,0,0,0,0,0,0,0,0,0,0,0,0,15,0,7,0,6,0,0,50,6,16,6,0
wazuh-1788712447.1029149,2026-09-06T16:34:07.508000Z,lab-sensor-01,591,3,ossec,ossec,none,logcollector,0,0,0,0,0,0,0,0,0,0,0,0,16,1,8,0,6,0,0,50,6,16,6,0
wazuh-1788712447.1029527,2026-09-06T16:34:07.508000Z,lab-sensor-01,592,8,attacks|ossec,ossec,T1565.001,logcollector,0,0,0,0,0,0,0,0,0,0,0,0,17,0,8,0,6,0,0,50,6,16,6,0
wazuh-1788712447.1029894,2026-09-06T16:34:07.546000Z,lab-sensor-01,30305,5,access_denied|apache|web,apache-errorlog,none,/var/log/apache2/error.log,47710,0,1,0,0,0,1,0,0,0,0,0,18,0,9,1,6,0,0,51,8,16,6,0
wazuh-1788712447.1030494,2026-09-06T16:34:07.555000Z,lab-sensor-01,31101,5,accesslog|attack|web,web-accesslog,none,/var/log/apache2/access.log,0,0,1,0,0,0,1,0,0,0,0,0,19,0,9,1,6,0,0,51,8,16,6,0
wazuh-1788712447.1030936,2026-09-06T16:34:07.558000Z,lab-sensor-01,31101,5,accesslog|attack|web,web-accesslog,none,/var/log/apache2/access.log,0,0,1,0,0,0,1,0,0,0,0,0,20,1,9,1,6,0,0,51,8,16,6,0
wazuh-1788712447.1031378,2026-09-06T16:34:07.561000Z,lab-sensor-01,31101,5,accesslog|attack|web,web-accesslog,none,/var/log/apache2/access.log,0,0,1,0,0,0,1,0,0,0,0,0,21,2,9,1,6,0,0,51,8,16,6,0
wazuh-1788712447.1031826,2026-09-06T16:34:07.565000Z,lab-sensor-01,31516,6,appsec|attack|web,web-accesslog,T1055,/var/log/apache2/access.log,0,0,1,0,0,0,1,0,0,0,0,0,22,0,9,1,6,0,0,51,8,16,6,0
wazuh-1788712451.1032269,2026-09-06T16:34:11.360000Z,film-laptop,591,3,ossec,ossec,none,logcollector,0,0,0,0,0,0,0,0,0,0,0,0,0,0,1,0,0,0,0,0,3,16,6,0
wazuh-1788712451.1032642,2026-09-06T16:34:11.646000Z,target-kali-01,5501,3,authentication_success|pam|syslog,pam,T1078,journald,0,0,0,0,0,0,0,0,0,0,1,0,17,17,1,0,35,0,0,75,3,16,6,0
wazuh-1788712471.1033085,2026-09-06T16:34:31.625000Z,lab-sensor-01,31104,6,accesslog|attack|web,web-accesslog,T1055|T1083|T1190,/var/log/apache2/access.log,0,0,1,0,0,0,1,0,0,0,0,0,23,5,9,1,6,0,0,52,8,16,6,0
wazuh-1788712471.1033544,2026-09-06T16:34:31.817000Z,target-kali-01,5501,3,authentication_success|pam|syslog,pam,T1078,journald,0,0,0,0,0,0,0,0,0,0,1,0,17,17,1,0,35,0,0,76,3,16,6,0
wazuh-1788712475.1033987,2026-09-06T16:34:35.588000Z,lab-sensor-01,31106,6,accesslog|attack|web,web-accesslog,T1190,/var/log/apache2/access.log,0,0,1,0,0,0,1,0,0,0,0,0,24,5,9,1,6,0,0,53,8,16,6,0
wazuh-1788712489.1034472,2026-09-06T16:34:49.878000Z,target-kali-01,5501,3,authentication_success|pam|syslog,pam,T1078,journald,0,0,0,0,0,0,0,0,0,0,1,0,16,16,1,0,34,0,0,77,3,16,6,0
wazuh-1788712507.1034915,2026-09-06T16:35:07.115000Z,lab-sensor-01,31104,6,accesslog|attack|web,web-accesslog,T1055|T1083|T1190,/var/log/apache2/access.log,0,0,1,0,0,0,1,0,0,0,0,0,22,6,9,1,6,0,0,54,8,16,6,0
wazuh-1788712507.1035374,2026-09-06T16:35:07.175000Z,target-kali-01,5501,3,authentication_success|pam|syslog,pam,T1078,journald,0,0,0,0,0,0,0,0,0,0,1,0,17,17,1,0,34,0,0,78,3,16,6,0
wazuh-1788712511.1035817,2026-09-06T16:35:11.122000Z,lab-sensor-01,31106,6,accesslog|attack|web,web-accesslog,T1190,/var/log/apache2/access.log,0,0,1,0,0,0,1,0,0,0,0,0,23,6,9,1,6,0,0,55,8,16,6,0
wazuh-1788712525.1036302,2026-09-06T16:35:25.184000Z,lab-sensor-01,31104,6,accesslog|attack|web,web-accesslog,T1055|T1083|T1190,/var/log/apache2/access.log,0,0,1,0,0,0,1,0,0,0,0,0,24,7,9,1,6,0,0,56,8,16,6,0
wazuh-1788712525.1036761,2026-09-06T16:35:25.241000Z,target-kali-01,5501,3,authentication_success|pam|syslog,pam,T1078,journald,0,0,0,0,0,0,0,0,0,0,1,0,17,17,1,0,35,0,0,79,3,16,6,0
wazuh-1788712529.1037204,2026-09-06T16:35:29.159000Z,lab-sensor-01,31106,6,accesslog|attack|web,web-accesslog,T1190,/var/log/apache2/access.log,0,0,1,0,0,0,1,0,0,0,0,0,25,7,9,1,6,0,0,57,8,16,6,0
wazuh-1788712543.1037689,2026-09-06T16:35:43.196000Z,lab-sensor-01,31104,6,accesslog|attack|web,web-accesslog,T1055|T1083|T1190,/var/log/apache2/access.log,0,0,1,0,0,0,1,0,0,0,0,0,26,8,9,1,6,0,0,58,8,16,6,0
wazuh-1788712544.1038148,2026-09-06T16:35:44.033000Z,target-kali-01,5501,3,authentication_success|pam|syslog,pam,T1078,journald,0,0,0,0,0,0,0,0,0,0,1,0,16,16,1,0,35,0,0,80,3,16,6,0
wazuh-1788712547.1038591,2026-09-06T16:35:47.199000Z,lab-sensor-01,31106,6,accesslog|attack|web,web-accesslog,T1190,/var/log/apache2/access.log,0,0,1,0,0,0,1,0,0,0,0,0,27,8,9,1,6,0,0,59,8,16,6,0
wazuh-1788712564.1039076,2026-09-06T16:36:04.316000Z,target-kali-01,5501,3,authentication_success|pam|syslog,pam,T1078,journald,0,0,0,0,0,0,0,0,0,0,1,0,16,16,1,0,34,0,0,81,3,16,6,0
wazuh-1788712578.1039519,2026-09-06T16:36:18.580000Z,target-kali-01,5501,3,authentication_success|pam|syslog,pam,T1078,journald,0,0,0,0,0,0,0,0,0,0,1,0,16,16,1,0,35,0,0,82,3,16,6,0
wazuh-1788712589.1039962,2026-09-06T16:36:29.799000Z,target-kali-01,5501,3,authentication_success|pam|syslog,pam,T1078,journald,0,0,0,0,0,0,0,0,0,0,1,0,17,17,1,0,35,0,0,83,3,16,6,0
wazuh-1788712591.1040405,2026-09-06T16:36:31.903000Z,lab-sensor-01,31101,5,accesslog|attack|web,web-accesslog,none,/var/log/apache2/access.log,0,0,1,0,0,0,1,0,0,0,0,0,26,3,9,1,6,0,0,60,8,16,6,0
wazuh-1788712593.1040847,2026-09-06T16:36:33.905000Z,lab-sensor-01,31101,5,accesslog|attack|web,web-accesslog,none,/var/log/apache2/access.log,0,0,1,0,0,0,1,0,0,0,0,0,27,4,9,1,6,0,0,60,8,16,6,0
wazuh-1788712595.1041289,2026-09-06T16:36:35.912000Z,lab-sensor-01,31101,5,accesslog|attack|web,web-accesslog,none,/var/log/apache2/access.log,0,0,1,0,0,0,1,0,0,0,0,0,28,5,9,1,6,0,0,60,8,16,6,0
wazuh-1788712597.1041737,2026-09-06T16:36:37.916000Z,lab-sensor-01,30305,5,access_denied|apache|web,apache-errorlog,none,/var/log/apache2/error.log,56136,0,1,0,0,0,1,0,0,0,0,0,29,1,9,1,6,0,0,60,8,16,6,0
wazuh-1788712597.1042337,2026-09-06T16:36:37.917000Z,lab-sensor-01,31516,6,appsec|attack|web,web-accesslog,T1055,/var/log/apache2/access.log,0,0,1,0,0,0,1,0,0,0,0,0,30,1,9,1,6,0,0,60,8,16,6,0
wazuh-1788712609.1042780,2026-09-06T16:36:49.860000Z,target-kali-01,5501,3,authentication_success|pam|syslog,pam,T1078,journald,0,0,0,0,0,0,0,0,0,0,1,0,16,16,1,0,34,0,0,84,3,16,6,0
wazuh-1788712622.1043223,2026-09-06T16:37:02.915000Z,target-kali-01,5501,3,authentication_success|pam|syslog,pam,T1078,journald,0,0,0,0,0,0,0,0,0,0,1,0,16,16,1,0,34,0,0,85,3,16,6,0
wazuh-1788712633.1043666,2026-09-06T16:37:13.042000Z,target-kali-01,5501,3,authentication_success|pam|syslog,pam,T1078,journald,0,0,0,0,0,0,0,0,0,0,1,0,17,17,1,0,35,0,0,86,3,16,6,0
wazuh-1788712645.1044109,2026-09-06T16:37:25.126000Z,target-kali-01,5501,3,authentication_success|pam|syslog,pam,T1078,journald,0,0,0,0,0,0,0,0,0,0,1,0,17,17,1,0,35,0,0,87,3,16,6,0
wazuh-1788712655.1044552,2026-09-06T16:37:35.132000Z,target-kali-01,5501,3,authentication_success|pam|syslog,pam,T1078,journald,0,0,0,0,0,0,0,0,0,0,1,0,18,18,1,0,36,0,0,88,3,16,6,0
wazuh-1788712671.1044995,2026-09-06T16:37:51.729000Z,target-kali-01,5501,3,authentication_success|pam|syslog,pam,T1078,journald,0,0,0,0,0,0,0,0,0,0,1,0,18,18,1,0,36,0,0,89,3,16,6,0
wazuh-1788712686.1045438,2026-09-06T16:38:06.937000Z,target-kali-01,5501,3,authentication_success|pam|syslog,pam,T1078,journald,0,0,0,0,0,0,0,0,0,0,1,0,18,18,1,0,36,0,0,90,3,16,6,0
wazuh-1788712688.1045881,2026-09-06T16:38:08.094000Z,lab-sensor-01,5710,5,authentication_failed|invalid_login|sshd|syslog,sshd,T1021.004|T1110.001,journald,54524,0,1,0,0,0,1,0,0,0,1,0,23,0,9,1,3,0,0,61,8,16,6,0
wazuh-1788712690.1046430,2026-09-06T16:38:10.099000Z,lab-sensor-01,5710,5,authentication_failed|invalid_login|sshd|syslog,sshd,T1021.004|T1110.001,journald,54536,0,1,0,0,0,1,0,0,0,1,0,24,1,9,1,4,0,0,62,8,16,6,0
wazuh-1788712694.1046979,2026-09-06T16:38:14.112000Z,lab-sensor-01,5710,5,authentication_failed|invalid_login|sshd|syslog,sshd,T1021.004|T1110.001,journald,54896,0,1,0,0,0,1,0,0,0,1,0,25,2,9,1,5,0,0,63,8,16,6,0
wazuh-1788712707.1047528,2026-09-06T16:38:27.380000Z,target-kali-01,5501,3,authentication_success|pam|syslog,pam,T1078,journald,0,0,0,0,0,0,0,0,0,0,1,0,18,18,1,0,36,0,0,91,3,16,6,0
wazuh-1788712719.1047971,2026-09-06T16:38:39.416000Z,target-kali-01,5501,3,authentication_success|pam|syslog,pam,T1078,journald,0,0,0,0,0,0,0,0,0,0,1,0,18,18,1,0,36,0,0,92,3,16,6,0
wazuh-1788712734.1048414,2026-09-06T16:38:54.314000Z,target-kali-01,5501,3,authentication_success|pam|syslog,pam,T1078,journald,0,0,0,0,0,0,0,0,0,0,1,0,18,18,1,0,36,0,0,93,3,16,6,0
wazuh-1788712744.1048857,2026-09-06T16:39:04.682000Z,target-kali-01,5501,3,authentication_success|pam|syslog,pam,T1078,journald,0,0,0,0,0,0,0,0,0,0,1,0,19,19,1,0,37,0,0,94,3,16,6,0
wazuh-1788712753.1049300,2026-09-06T16:39:13.567000Z,lab-sensor-01,31104,6,accesslog|attack|web,web-accesslog,T1055|T1083|T1190,/var/log/apache2/access.log,0,0,1,0,0,0,1,0,0,0,0,0,16,4,9,1,6,0,0,64,8,16,6,0
wazuh-1788712754.1049759,2026-09-06T16:39:14.581000Z,target-kali-01,5501,3,authentication_success|pam|syslog,pam,T1078,journald,0,0,0,0,0,0,0,0,0,0,1,0,19,19,1,0,37,0,0,95,3,16,6,0
wazuh-1788712757.1050202,2026-09-06T16:39:17.574000Z,lab-sensor-01,31106,6,accesslog|attack|web,web-accesslog,T1190,/var/log/apache2/access.log,0,0,1,0,0,0,1,0,0,0,0,0,17,4,9,1,6,0,0,65,8,16,6,0
wazuh-1788712776.1050687,2026-09-06T16:39:36.673000Z,target-kali-01,5501,3,authentication_success|pam|syslog,pam,T1078,journald,0,0,0,0,0,0,0,0,0,0,1,0,19,19,1,0,37,0,0,96,3,16,6,0
wazuh-1788712786.1051130,2026-09-06T16:39:46.701000Z,target-kali-01,5501,3,authentication_success|pam|syslog,pam,T1078,journald,0,0,0,0,0,0,0,0,0,0,1,0,20,20,1,0,37,0,0,97,3,16,6,0
wazuh-1788712787.1051573,2026-09-06T16:39:47.638000Z,lab-sensor-01,31101,5,accesslog|attack|web,web-accesslog,none,/var/log/apache2/access.log,0,0,1,0,0,0,1,0,0,0,0,0,16,3,9,1,6,0,0,66,8,16,6,0
wazuh-1788712789.1052015,2026-09-06T16:39:49.641000Z,lab-sensor-01,31101,5,accesslog|attack|web,web-accesslog,none,/var/log/apache2/access.log,0,0,1,0,0,0,1,0,0,0,0,0,17,4,9,1,5,0,0,66,8,16,6,0
wazuh-1788712791.1052457,2026-09-06T16:39:51.650000Z,lab-sensor-01,31101,5,accesslog|attack|web,web-accesslog,none,/var/log/apache2/access.log,0,0,1,0,0,0,1,0,0,0,0,0,18,5,9,1,5,0,0,66,8,16,6,0
wazuh-1788712793.1052905,2026-09-06T16:39:53.655000Z,lab-sensor-01,30305,5,access_denied|apache|web,apache-errorlog,none,/var/log/apache2/error.log,59052,0,1,0,0,0,1,0,0,0,0,0,19,1,9,1,4,0,0,66,8,16,6,0
wazuh-1788712793.1053505,2026-09-06T16:39:53.655000Z,lab-sensor-01,31516,6,appsec|attack|web,web-accesslog,T1055,/var/log/apache2/access.log,0,0,1,0,0,0,1,0,0,0,0,0,20,1,9,1,4,0,0,66,8,16,6,0
wazuh-1788712810.1053948,2026-09-06T16:40:10.877000Z,target-kali-01,5501,3,authentication_success|pam|syslog,pam,T1078,journald,0,0,0,0,0,0,0,0,0,0,1,0,19,19,1,0,37,0,0,98,3,16,6,0
wazuh-1788712827.1054391,2026-09-06T16:40:27.280000Z,target-kali-01,5501,3,authentication_success|pam|syslog,pam,T1078,journald,0,0,0,0,0,0,0,0,0,0,1,0,19,19,1,0,36,0,0,99,3,16,6,0
wazuh-1788712835.1054834,2026-09-06T16:40:35.398000Z,film-laptop,591,3,ossec,ossec,none,logcollector,0,0,0,0,0,0,0,0,0,0,0,0,0,0,1,0,0,0,0,0,3,16,6,0
wazuh-1788712840.1055207,2026-09-06T16:40:40.434000Z,target-kali-01,5501,3,authentication_success|pam|syslog,pam,T1078,journald,0,0,0,0,0,0,0,0,0,0,1,0,20,20,1,0,36,0,0,100,3,16,6,0
wazuh-1788712852.1055650,2026-09-06T16:40:52.518000Z,target-kali-01,5501,3,authentication_success|pam|syslog,pam,T1078,journald,0,0,0,0,0,0,0,0,0,0,1,0,20,20,1,0,37,0,0,101,3,16,6,0
wazuh-1788712852.1056093,2026-09-06T16:40:52.694000Z,lab-sensor-01,31104,6,accesslog|attack|web,web-accesslog,T1055|T1083|T1190,/var/log/apache2/access.log,0,0,1,0,0,0,1,0,0,0,0,0,15,1,9,1,3,0,0,67,8,16,6,0
wazuh-1788712856.1056552,2026-09-06T16:40:56.697000Z,lab-sensor-01,31106,6,accesslog|attack|web,web-accesslog,T1190,/var/log/apache2/access.log,0,0,1,0,0,0,1,0,0,0,0,0,16,1,9,1,3,0,0,68,8,16,6,0
wazuh-1788712870.1057037,2026-09-06T16:41:10.488000Z,lab-sensor-01,31104,6,accesslog|attack|web,web-accesslog,T1055|T1083|T1190,/var/log/apache2/access.log,0,0,1,0,0,0,1,0,0,0,0,0,17,2,9,1,3,0,0,69,8,16,6,0
wazuh-1788712870.1057496,2026-09-06T16:41:10.643000Z,target-kali-01,5501,3,authentication_success|pam|syslog,pam,T1078,journald,0,0,0,0,0,0,0,0,0,0,1,0,20,20,1,0,37,0,0,102,3,16,6,0
wazuh-1788712874.1057939,2026-09-06T16:41:14.451000Z,lab-sensor-01,31106,6,accesslog|attack|web,web-accesslog,T1190,/var/log/apache2/access.log,0,0,1,0,0,0,1,0,0,0,0,0,18,2,9,1,3,0,0,70,8,16,6,0
wazuh-1788712891.1058424,2026-09-06T16:41:31.879000Z,target-kali-01,5501,3,authentication_success|pam|syslog,pam,T1078,journald,0,0,0,0,0,0,0,0,0,0,1,0,19,19,1,0,36,0,0,103,3,16,6,0
wazuh-1788712907.1058867,2026-09-06T16:41:47.951000Z,target-kali-01,5501,3,authentication_success|pam|syslog,pam,T1078,journald,0,0,0,0,0,0,0,0,0,0,1,0,20,20,1,0,36,0,0,104,3,16,6,0
wazuh-1788712921.1059310,2026-09-06T16:42:01.695000Z,target-kali-01,5501,3,authentication_success|pam|syslog,pam,T1078,journald,0,0,0,0,0,0,0,0,0,0,1,0,20,20,1,0,37,0,0,105,3,16,6,0
wazuh-1788712932.1059753,2026-09-06T16:42:12.786000Z,target-kali-01,5501,3,authentication_success|pam|syslog,pam,T1078,journald,0,0,0,0,0,0,0,0,0,0,1,0,20,20,1,0,37,0,0,106,3,16,6,0
wazuh-1788712941.1060196,2026-09-06T16:42:21.801000Z,target-kali-01,5501,3,authentication_success|pam|syslog,pam,T1078,journald,0,0,0,0,0,0,0,0,0,0,1,0,20,20,1,0,38,0,0,107,3,16,6,0
wazuh-1788712952.1060639,2026-09-06T16:42:32.168000Z,target-kali-01,5501,3,authentication_success|pam|syslog,pam,T1078,journald,0,0,0,0,0,0,0,0,0,0,1,0,20,20,1,0,38,0,0,108,3,16,6,0
wazuh-1788712972.1061082,2026-09-06T16:42:52.227000Z,target-kali-01,5501,3,authentication_success|pam|syslog,pam,T1078,journald,0,0,0,0,0,0,0,0,0,0,1,0,19,19,1,0,38,0,0,109,3,16,6,0
wazuh-1788712988.1061525,2026-09-06T16:43:08.849000Z,target-kali-01,5501,3,authentication_success|pam|syslog,pam,T1078,journald,0,0,0,0,0,0,0,0,0,0,1,0,19,19,1,0,38,0,0,110,3,16,6,0
wazuh-1788713002.1061968,2026-09-06T16:43:22.904000Z,target-kali-01,5501,3,authentication_success|pam|syslog,pam,T1078,journald,0,0,0,0,0,0,0,0,0,0,1,0,20,20,1,0,38,0,0,111,3,16,6,0
wazuh-1788713014.1062411,2026-09-06T16:43:34.392000Z,target-kali-01,5501,3,authentication_success|pam|syslog,pam,T1078,journald,0,0,0,0,0,0,0,0,0,0,1,0,20,20,1,0,39,0,0,112,3,16,6,0
wazuh-1788713024.1062854,2026-09-06T16:43:44.470000Z,target-kali-01,5501,3,authentication_success|pam|syslog,pam,T1078,journald,0,0,0,0,0,0,0,0,0,0,1,0,20,20,1,0,39,0,0,113,3,16,6,0
wazuh-1788713040.1063297,2026-09-06T16:44:00.548000Z,target-kali-01,5501,3,authentication_success|pam|syslog,pam,T1078,journald,0,0,0,0,0,0,0,0,0,0,1,0,20,20,1,0,39,0,0,114,3,16,6,0
wazuh-1788713060.1063740,2026-09-06T16:44:20.627000Z,target-kali-01,5501,3,authentication_success|pam|syslog,pam,T1078,journald,0,0,0,0,0,0,0,0,0,0,1,0,19,19,1,0,39,0,0,110,3,16,6,0
wazuh-1788713060.1064183,2026-09-06T16:44:20.925000Z,lab-sensor-01,5710,5,authentication_failed|invalid_login|sshd|syslog,sshd,T1021.004|T1110.001,journald,37510,0,1,0,0,0,1,0,0,0,1,0,9,0,6,0,3,0,0,71,6,16,6,0
wazuh-1788713062.1064732,2026-09-06T16:44:22.927000Z,lab-sensor-01,5710,5,authentication_failed|invalid_login|sshd|syslog,sshd,T1021.004|T1110.001,journald,34882,0,1,0,0,0,1,0,0,0,1,0,10,1,6,0,4,0,0,72,6,16,6,0
wazuh-1788713066.1065281,2026-09-06T16:44:26.933000Z,lab-sensor-01,5710,5,authentication_failed|invalid_login|sshd|syslog,sshd,T1021.004|T1110.001,journald,34896,0,1,0,0,0,1,0,0,0,1,0,11,2,6,0,5,0,0,73,6,16,6,0
wazuh-1788713082.1065830,2026-09-06T16:44:42.733000Z,target-kali-01,5501,3,authentication_success|pam|syslog,pam,T1078,journald,0,0,0,0,0,0,0,0,0,0,1,0,19,19,1,0,39,0,0,109,3,16,6,0
wazuh-1788713082.1066273,2026-09-06T16:44:42.957000Z,lab-sensor-01,5710,5,authentication_failed|invalid_login|sshd|syslog,sshd,T1021.004|T1110.001,journald,36206,0,1,0,0,0,1,0,0,0,1,0,12,3,6,0,6,0,0,74,6,16,6,0
wazuh-1788713084.1066822,2026-09-06T16:44:44.960000Z,lab-sensor-01,5710,5,authentication_failed|invalid_login|sshd|syslog,sshd,T1021.004|T1110.001,journald,36214,0,1,0,0,0,1,0,0,0,1,0,13,4,6,0,7,0,0,75,6,16,6,0
wazuh-1788713088.1067371,2026-09-06T16:44:48.977000Z,lab-sensor-01,5710,5,authentication_failed|invalid_login|sshd|syslog,sshd,T1021.004|T1110.001,journald,36216,0,1,0,0,0,1,0,0,0,1,0,13,5,6,0,8,0,0,76,6,16,6,0
wazuh-1788713102.1067920,2026-09-06T16:45:02.806000Z,target-kali-01,5501,3,authentication_success|pam|syslog,pam,T1078,journald,0,0,0,0,0,0,0,0,0,0,1,0,19,19,1,0,39,0,0,109,3,16,6,0
wazuh-1788713102.1068363,2026-09-06T16:45:02.994000Z,lab-sensor-01,5710,5,authentication_failed|invalid_login|sshd|syslog,sshd,T1021.004|T1110.001,journald,48752,0,1,0,0,0,1,0,0,0,1,0,10,6,6,0,9,0,0,77,6,16,6,0
wazuh-1788713104.1068912,2026-09-06T16:45:04.997000Z,lab-sensor-01,5712,10,authentication_failures|sshd|syslog,sshd,T1110,journald,48762,0,1,0,0,0,1,0,0,0,1,0,11,0,6,0,10,0,0,78,6,16,6,0
wazuh-1788713109.1070246,2026-09-06T16:45:09.006000Z,lab-sensor-01,5710,5,authentication_failed|invalid_login|sshd|syslog,sshd,T1021.004|T1110.001,journald,48778,0,1,0,0,0,1,0,0,0,1,0,12,7,7,1,11,0,0,79,10,16,6,0
wazuh-1788713125.1070795,2026-09-06T16:45:25.345000Z,target-kali-01,5501,3,authentication_success|pam|syslog,pam,T1078,journald,0,0,0,0,0,0,0,0,0,0,1,0,19,19,1,0,38,0,0,109,3,16,6,0
wazuh-1788713139.1071238,2026-09-06T16:45:39.800000Z,target-kali-01,5501,3,authentication_success|pam|syslog,pam,T1078,journald,0,0,0,0,0,0,0,0,0,0,1,0,19,19,1,0,39,0,0,109,3,16,6,0
wazuh-1788713149.1071681,2026-09-06T16:45:49.061000Z,lab-sensor-01,5710,5,authentication_failed|invalid_login|sshd|syslog,sshd,T1021.004|T1110.001,journald,47080,0,1,0,0,0,1,0,0,0,1,0,13,8,7,1,12,0,0,76,10,16,6,0
wazuh-1788713149.1072230,2026-09-06T16:45:49.917000Z,target-kali-01,5501,3,authentication_success|pam|syslog,pam,T1078,journald,0,0,0,0,0,0,0,0,0,0,1,0,19,19,1,0,39,0,0,109,3,16,6,0
wazuh-1788713153.1072673,2026-09-06T16:45:53.066000Z,lab-sensor-01,5710,5,authentication_failed|invalid_login|sshd|syslog,sshd,T1021.004|T1110.001,journald,47092,0,1,0,0,0,1,0,0,0,1,0,13,9,7,1,13,0,0,77,10,16,6,0
wazuh-1788713155.1073222,2026-09-06T16:45:55.067000Z,lab-sensor-01,5710,5,authentication_failed|invalid_login|sshd|syslog,sshd,T1021.004|T1110.001,journald,45124,0,1,0,0,0,1,0,0,0,1,0,14,10,7,1,14,0,0,78,10,16,6,0
wazuh-1788713155.1073771,2026-09-06T16:45:55.429000Z,film-laptop,591,3,ossec,ossec,none,logcollector,0,0,0,0,0,0,0,0,0,0,0,0,0,0,1,0,0,0,0,0,3,16,6,0
wazuh-1788713168.1074144,2026-09-06T16:46:08.844000Z,target-kali-01,5501,3,authentication_success|pam|syslog,pam,T1078,journald,0,0,0,0,0,0,0,0,0,0,1,0,19,19,1,0,39,0,0,109,3,16,6,0
wazuh-1788713187.1074587,2026-09-06T16:46:27.651000Z,target-kali-01,5501,3,authentication_success|pam|syslog,pam,T1078,journald,0,0,0,0,0,0,0,0,0,0,1,0,19,19,1,0,39,0,0,109,3,16,6,0
wazuh-1788713201.1075030,2026-09-06T16:46:41.830000Z,target-kali-01,5501,3,authentication_success|pam|syslog,pam,T1078,journald,0,0,0,0,0,0,0,0,0,0,1,0,19,19,1,0,39,0,0,109,3,16,6,0
wazuh-1788713202.1075473,2026-09-06T16:46:42.506000Z,lab-sensor-01,31101,5,accesslog|attack|web,web-accesslog,none,/var/log/apache2/access.log,0,0,1,0,0,0,1,0,0,0,0,0,12,0,7,1,15,0,0,76,10,16,6,0
wazuh-1788713204.1075915,2026-09-06T16:46:44.509000Z,lab-sensor-01,31101,5,accesslog|attack|web,web-accesslog,none,/var/log/apache2/access.log,0,0,1,0,0,0,1,0,0,0,0,0,13,1,7,1,15,0,0,76,10,16,6,0
wazuh-1788713206.1076357,2026-09-06T16:46:46.511000Z,lab-sensor-01,31101,5,accesslog|attack|web,web-accesslog,none,/var/log/apache2/access.log,0,0,1,0,0,0,1,0,0,0,0,0,14,2,7,1,15,0,0,76,10,16,6,0
wazuh-1788713208.1076805,2026-09-06T16:46:48.519000Z,lab-sensor-01,30305,5,access_denied|apache|web,apache-errorlog,none,/var/log/apache2/error.log,42370,0,1,0,0,0,1,0,0,0,0,0,15,0,7,1,15,0,0,76,10,16,6,0
wazuh-1788713208.1077405,2026-09-06T16:46:48.519000Z,lab-sensor-01,31516,6,appsec|attack|web,web-accesslog,T1055,/var/log/apache2/access.log,0,0,1,0,0,0,1,0,0,0,0,0,16,0,7,1,15,0,0,76,10,16,6,0
wazuh-1788713223.1077848,2026-09-06T16:47:03.878000Z,target-kali-01,5501,3,authentication_success|pam|syslog,pam,T1078,journald,0,0,0,0,0,0,0,0,0,0,1,0,18,18,1,0,38,0,0,109,3,16,6,0
wazuh-1788713225.1078291,2026-09-06T16:47:05.206000Z,lab-sensor-01,5710,5,authentication_failed|invalid_login|sshd|syslog,sshd,T1021.004|T1110.001,journald,49868,0,1,0,0,0,1,0,0,0,1,0,17,11,7,1,15,0,0,77,10,16,6,0
wazuh-1788713227.1078840,2026-09-06T16:47:07.208000Z,lab-sensor-01,5710,5,authentication_failed|invalid_login|sshd|syslog,sshd,T1021.004|T1110.001,journald,49876,0,1,0,0,0,1,0,0,0,1,0,18,12,7,1,16,0,0,78,10,16,6,0
wazuh-1788713231.1079389,2026-09-06T16:47:11.214000Z,lab-sensor-01,5710,5,authentication_failed|invalid_login|sshd|syslog,sshd,T1021.004|T1110.001,journald,49880,0,1,0,0,0,1,0,0,0,1,0,19,13,7,1,17,0,0,79,10,16,6,0
wazuh-1788713243.1079938,2026-09-06T16:47:23.948000Z,target-kali-01,5501,3,authentication_success|pam|syslog,pam,T1078,journald,0,0,0,0,0,0,0,0,0,0,1,0,17,17,1,0,38,0,0,108,3,16,6,0
wazuh-1788713245.1080381,2026-09-06T16:47:25.235000Z,lab-sensor-01,5710,5,authentication_failed|invalid_login|sshd|syslog,sshd,T1021.004|T1110.001,journald,52296,0,1,0,0,0,1,0,0,0,1,0,20,14,7,1,18,0,0,77,10,16,6,0
wazuh-1788713247.1080930,2026-09-06T16:47:27.237000Z,lab-sensor-01,5712,10,authentication_failures|sshd|syslog,sshd,T1110,journald,52304,0,1,0,0,0,1,0,0,0,1,0,21,1,7,1,19,0,0,78,10,16,6,0
wazuh-1788713251.1082264,2026-09-06T16:47:31.241000Z,lab-sensor-01,5710,5,authentication_failed|invalid_login|sshd|syslog,sshd,T1021.004|T1110.001,journald,52312,0,1,0,0,0,1,0,0,0,1,0,22,15,7,2,20,0,0,79,10,16,6,0
wazuh-1788713266.1082813,2026-09-06T16:47:46.493000Z,target-kali-01,5501,3,authentication_success|pam|syslog,pam,T1078,journald,0,0,0,0,0,0,0,0,0,0,1,0,17,17,1,0,37,0,0,107,3,16,6,0
wazuh-1788713282.1083256,2026-09-06T16:48:02.582000Z,target-kali-01,5501,3,authentication_success|pam|syslog,pam,T1078,journald,0,0,0,0,0,0,0,0,0,0,1,0,17,17,1,0,37,0,0,108,3,16,6,0
wazuh-1788713296.1083699,2026-09-06T16:48:16.605000Z,target-kali-01,5501,3,authentication_success|pam|syslog,pam,T1078,journald,0,0,0,0,0,0,0,0,0,0,1,0,17,17,1,0,37,0,0,108,3,16,6,0
wazuh-1788713310.1084142,2026-09-06T16:48:30.624000Z,target-kali-01,5501,3,authentication_success|pam|syslog,pam,T1078,journald,0,0,0,0,0,0,0,0,0,0,1,0,17,17,1,0,37,0,0,108,3,16,6,0
wazuh-1788713326.1084585,2026-09-06T16:48:46.747000Z,target-kali-01,5501,3,authentication_success|pam|syslog,pam,T1078,journald,0,0,0,0,0,0,0,0,0,0,1,0,16,16,1,0,37,0,0,109,3,16,6,0
wazuh-1788713343.1085028,2026-09-06T16:49:03.731000Z,target-kali-01,5501,3,authentication_success|pam|syslog,pam,T1078,journald,0,0,0,0,0,0,0,0,0,0,1,0,16,16,1,0,37,0,0,109,3,16,6,0
wazuh-1788713355.1085471,2026-09-06T16:49:15.459000Z,lab-sensor-01,5710,5,authentication_failed|invalid_login|sshd|syslog,sshd,T1021.004|T1110.001,journald,38324,0,1,0,0,0,1,0,0,0,1,0,23,16,7,2,18,0,0,74,10,16,6,0
wazuh-1788713356.1086020,2026-09-06T16:49:16.038000Z,target-kali-01,5501,3,authentication_success|pam|syslog,pam,T1078,journald,0,0,0,0,0,0,0,0,0,0,1,0,17,17,1,0,36,0,0,109,3,16,6,0
wazuh-1788713359.1086463,2026-09-06T16:49:19.464000Z,lab-sensor-01,5710,5,authentication_failed|invalid_login|sshd|syslog,sshd,T1021.004|T1110.001,journald,38340,0,1,0,0,0,1,0,0,0,1,0,24,17,7,2,19,0,0,74,10,16,6,0
wazuh-1788713361.1087012,2026-09-06T16:49:21.469000Z,lab-sensor-01,5710,5,authentication_failed|invalid_login|sshd|syslog,sshd,T1021.004|T1110.001,journald,38352,0,1,0,0,0,1,0,0,0,1,0,24,17,7,2,20,0,0,75,10,16,6,0
wazuh-1788713376.1087561,2026-09-06T16:49:36.075000Z,target-kali-01,5501,3,authentication_success|pam|syslog,pam,T1078,journald,0,0,0,0,0,0,0,0,0,0,1,0,17,17,1,0,37,0,0,109,3,16,6,0
wazuh-1788713393.1088004,2026-09-06T16:49:53.513000Z,lab-sensor-01,5710,5,authentication_failed|invalid_login|sshd|syslog,sshd,T1021.004|T1110.001,journald,52080,0,1,0,0,0,1,0,0,0,1,0,20,13,7,2,21,0,0,74,10,16,6,0
wazuh-1788713393.1088553,2026-09-06T16:49:53.516000Z,target-kali-01,5501,3,authentication_success|pam|syslog,pam,T1078,journald,0,0,0,0,0,0,0,0,0,0,1,0,17,17,1,0,36,0,0,110,3,16,6,0
wazuh-1788713397.1088996,2026-09-06T16:49:57.521000Z,lab-sensor-01,5710,5,authentication_failed|invalid_login|sshd|syslog,sshd,T1021.004|T1110.001,journald,52084,0,1,0,0,0,1,0,0,0,1,0,21,14,7,2,22,0,0,75,10,16,6,0
wazuh-1788713399.1089545,2026-09-06T16:49:59.525000Z,lab-sensor-01,5710,5,authentication_failed|invalid_login|sshd|syslog,sshd,T1021.004|T1110.001,journald,52090,0,1,0,0,0,1,0,0,0,1,0,22,15,7,2,23,0,0,76,10,16,6,0
wazuh-1788713412.1090094,2026-09-06T16:50:12.985000Z,lab-sensor-01,31104,6,accesslog|attack|web,web-accesslog,T1055|T1083|T1190,/var/log/apache2/access.log,0,0,1,0,0,0,1,0,0,0,0,0,20,0,7,2,24,0,0,77,10,16,6,0
wazuh-1788713413.1090553,2026-09-06T16:50:13.701000Z,target-kali-01,5501,3,authentication_success|pam|syslog,pam,T1078,journald,0,0,0,0,0,0,0,0,0,0,1,0,17,17,1,0,36,0,0,109,3,16,6,0
wazuh-1788713416.1090996,2026-09-06T16:50:16.949000Z,lab-sensor-01,31106,6,accesslog|attack|web,web-accesslog,T1190,/var/log/apache2/access.log,0,0,1,0,0,0,1,0,0,0,0,0,21,0,7,2,24,0,0,78,10,16,6,0
wazuh-1788713433.1091481,2026-09-06T16:50:33.785000Z,target-kali-01,5501,3,authentication_success|pam|syslog,pam,T1078,journald,0,0,0,0,0,0,0,0,0,0,1,0,17,17,1,0,36,0,0,109,3,16,6,0
wazuh-1788713445.1091924,2026-09-06T16:50:45.803000Z,target-kali-01,5501,3,authentication_success|pam|syslog,pam,T1078,journald,0,0,0,0,0,0,0,0,0,0,1,0,17,17,1,0,36,0,0,109,3,16,6,0
wazuh-1788713459.1092367,2026-09-06T16:50:59.846000Z,target-kali-01,5501,3,authentication_success|pam|syslog,pam,T1078,journald,0,0,0,0,0,0,0,0,0,0,1,0,17,17,1,0,36,0,0,109,3,16,6,0
wazuh-1788713474.1092810,2026-09-06T16:51:14.018000Z,target-kali-01,5501,3,authentication_success|pam|syslog,pam,T1078,journald,0,0,0,0,0,0,0,0,0,0,1,0,17,17,1,0,36,0,0,109,3,16,6,0
wazuh-1788713490.1093253,2026-09-06T16:51:30.091000Z,target-kali-01,5501,3,authentication_success|pam|syslog,pam,T1078,journald,0,0,0,0,0,0,0,0,0,0,1,0,17,17,1,0,37,0,0,109,3,16,6,0
wazuh-1788713494.1093696,2026-09-06T16:51:34.880000Z,film-laptop,86601,3,ids|suricata,json,none,/var/log/suricata/eve.json,443,33870,0,1,0,0,1,0,0,0,0,0,0,0,1,0,0,0,0,0,3,16,6,0
wazuh-1788713507.1096183,2026-09-06T16:51:47.738000Z,lab-sensor-01,5710,5,authentication_failed|invalid_login|sshd|syslog,sshd,T1021.004|T1110.001,journald,38956,0,1,0,0,0,1,0,0,0,1,0,16,11,7,2,24,0,0,74,10,16,6,0
wazuh-1788713508.1096732,2026-09-06T16:51:48.768000Z,target-kali-01,5501,3,authentication_success|pam|syslog,pam,T1078,journald,0,0,0,0,0,0,0,0,0,0,1,0,17,17,1,0,36,0,0,109,3,16,6,0
wazuh-1788713511.1097175,2026-09-06T16:51:51.745000Z,lab-sensor-01,5710,5,authentication_failed|invalid_login|sshd|syslog,sshd,T1021.004|T1110.001,journald,38968,0,1,0,0,0,1,0,0,0,1,0,15,12,7,2,25,0,0,74,10,16,6,0
wazuh-1788713515.1097724,2026-09-06T16:51:55.757000Z,lab-sensor-01,5710,5,authentication_failed|invalid_login|sshd|syslog,sshd,T1021.004|T1110.001,journald,36510,0,1,0,0,0,1,0,0,0,1,0,16,13,7,2,26,0,0,74,10,16,6,0
wazuh-1788713531.1098273,2026-09-06T16:52:11.436000Z,target-kali-01,5501,3,authentication_success|pam|syslog,pam,T1078,journald,0,0,0,0,0,0,0,0,0,0,1,0,17,17,1,0,36,0,0,109,3,16,6,0
wazuh-1788713539.1098716,2026-09-06T16:52:19.470000Z,film-laptop,591,3,ossec,ossec,none,logcollector,0,0,0,0,0,0,0,0,0,0,0,0,1,0,2,0,0,0,0,0,3,16,6,0
wazuh-1788713541.1099089,2026-09-06T16:52:21.472000Z,target-kali-01,5501,3,authentication_success|pam|syslog,pam,T1078,journald,0,0,0,0,0,0,0,0,0,0,1,0,18,18,1,0,36,0,0,110,3,16,6,0
wazuh-1788713543.1099532,2026-09-06T16:52:23.213000Z,lab-sensor-01,31101,5,accesslog|attack|web,web-accesslog,none,/var/log/apache2/access.log,0,0,1,0,0,0,1,0,0,0,0,0,14,0,7,2,27,0,0,75,10,16,6,0
wazuh-1788713545.1099974,2026-09-06T16:52:25.215000Z,lab-sensor-01,31101,5,accesslog|attack|web,web-accesslog,none,/var/log/apache2/access.log,0,0,1,0,0,0,1,0,0,0,0,0,15,1,7,2,27,0,0,75,10,16,6,0
wazuh-1788713547.1100416,2026-09-06T16:52:27.218000Z,lab-sensor-01,31101,5,accesslog|attack|web,web-accesslog,none,/var/log/apache2/access.log,0,0,1,0,0,0,1,0,0,0,0,0,15,2,7,2,27,0,0,75,10,16,6,0
wazuh-1788713549.1100864,2026-09-06T16:52:29.224000Z,lab-sensor-01,30305,5,access_denied|apache|web,apache-errorlog,none,/var/log/apache2/error.log,50096,0,1,0,0,0,1,0,0,0,0,0,15,0,7,2,27,0,0,75,10,16,6,0
wazuh-1788713549.1101464,2026-09-06T16:52:29.224000Z,lab-sensor-01,31516,6,appsec|attack|web,web-accesslog,T1055,/var/log/apache2/access.log,0,0,1,0,0,0,1,0,0,0,0,0,16,0,7,2,27,0,0,75,10,16,6,0
wazuh-1788713565.1101907,2026-09-06T16:52:45.633000Z,target-kali-01,5501,3,authentication_success|pam|syslog,pam,T1078,journald,0,0,0,0,0,0,0,0,0,0,1,0,18,18,1,0,35,0,0,110,3,16,6,0
wazuh-1788713567.1102350,2026-09-06T16:52:47.276000Z,lab-sensor-01,31101,5,accesslog|attack|web,web-accesslog,none,/var/log/apache2/access.log,0,0,1,0,0,0,1,0,0,0,0,0,16,3,7,2,27,0,0,76,10,16,6,0
wazuh-1788713569.1102792,2026-09-06T16:52:49.284000Z,lab-sensor-01,31101,5,accesslog|attack|web,web-accesslog,none,/var/log/apache2/access.log,0,0,1,0,0,0,1,0,0,0,0,0,17,4,7,2,27,0,0,76,10,16,6,0
wazuh-1788713571.1103234,2026-09-06T16:52:51.289000Z,lab-sensor-01,31101,5,accesslog|attack|web,web-accesslog,none,/var/log/apache2/access.log,0,0,1,0,0,0,1,0,0,0,0,0,18,5,7,2,27,0,0,76,10,16,6,0
wazuh-1788713573.1103682,2026-09-06T16:52:53.292000Z,lab-sensor-01,30305,5,access_denied|apache|web,apache-errorlog,none,/var/log/apache2/error.log,49206,0,1,0,0,0,1,0,0,0,0,0,19,1,7,2,27,0,0,76,10,16,6,0
wazuh-1788713573.1104282,2026-09-06T16:52:53.292000Z,lab-sensor-01,31516,6,appsec|attack|web,web-accesslog,T1055,/var/log/apache2/access.log,0,0,1,0,0,0,1,0,0,0,0,0,20,1,7,2,27,0,0,76,10,16,6,0
wazuh-1788713585.1104725,2026-09-06T16:53:05.675000Z,target-kali-01,5501,3,authentication_success|pam|syslog,pam,T1078,journald,0,0,0,0,0,0,0,0,0,0,1,0,17,17,1,0,35,0,0,109,3,16,6,0
wazuh-1788713601.1105168,2026-09-06T16:53:21.758000Z,target-kali-01,5501,3,authentication_success|pam|syslog,pam,T1078,journald,0,0,0,0,0,0,0,0,0,0,1,0,17,17,1,0,35,0,0,108,3,16,6,0
wazuh-1788713614.1105611,2026-09-06T16:53:34.210000Z,target-kali-01,5501,3,authentication_success|pam|syslog,pam,T1078,journald,0,0,0,0,0,0,0,0,0,0,1,0,17,17,1,0,35,0,0,109,3,16,6,0
wazuh-1788713615.1106054,2026-09-06T16:53:35.378000Z,lab-sensor-01,31101,5,accesslog|attack|web,web-accesslog,none,/var/log/apache2/access.log,0,0,1,0,0,0,1,0,0,0,0,0,21,6,7,2,27,0,0,76,10,16,6,0
wazuh-1788713617.1106496,2026-09-06T16:53:37.381000Z,lab-sensor-01,31101,5,accesslog|attack|web,web-accesslog,none,/var/log/apache2/access.log,0,0,1,0,0,0,1,0,0,0,0,0,22,7,7,2,27,0,0,76,10,16,6,0
wazuh-1788713619.1106938,2026-09-06T16:53:39.383000Z,lab-sensor-01,31101,5,accesslog|attack|web,web-accesslog,none,/var/log/apache2/access.log,0,0,1,0,0,0,1,0,0,0,0,0,23,8,7,2,27,0,0,75,10,16,6,0
wazuh-1788713621.1107386,2026-09-06T16:53:41.387000Z,lab-sensor-01,30305,5,access_denied|apache|web,apache-errorlog,none,/var/log/apache2/error.log,35804,0,1,0,0,0,1,0,0,0,0,0,24,2,7,2,27,0,0,75,10,16,6,0
wazuh-1788713621.1107986,2026-09-06T16:53:41.387000Z,lab-sensor-01,31516,6,appsec|attack|web,web-accesslog,T1055,/var/log/apache2/access.log,0,0,1,0,0,0,1,0,0,0,0,0,25,2,7,2,27,0,0,75,10,16,6,0
wazuh-1788713636.1108429,2026-09-06T16:53:56.641000Z,target-kali-01,5501,3,authentication_success|pam|syslog,pam,T1078,journald,0,0,0,0,0,0,0,0,0,0,1,0,17,17,1,0,34,0,0,109,3,16,6,0
wazuh-1788713649.1108872,2026-09-06T16:54:09.021000Z,target-kali-01,5501,3,authentication_success|pam|syslog,pam,T1078,journald,0,0,0,0,0,0,0,0,0,0,1,0,17,17,1,0,34,0,0,109,3,16,6,0
wazuh-1788713660.1109315,2026-09-06T16:54:20.181000Z,lab-sensor-01,31104,6,accesslog|attack|web,web-accesslog,T1055|T1083|T1190,/var/log/apache2/access.log,0,0,1,0,0,0,1,0,0,0,0,0,24,1,7,2,27,0,0,75,10,16,6,0
wazuh-1788713661.1109774,2026-09-06T16:54:21.037000Z,target-kali-01,5501,3,authentication_success|pam|syslog,pam,T1078,journald,0,0,0,0,0,0,0,0,0,0,1,0,17,17,1,0,34,0,0,109,3,16,6,0
wazuh-1788713664.1110217,2026-09-06T16:54:24.188000Z,lab-sensor-01,31106,6,accesslog|attack|web,web-accesslog,T1190,/var/log/apache2/access.log,0,0,1,0,0,0,1,0,0,0,0,0,24,1,7,2,25,0,0,76,10,16,6,0
wazuh-1788713681.1110702,2026-09-06T16:54:41.323000Z,target-kali-01,5501,3,authentication_success|pam|syslog,pam,T1078,journald,0,0,0,0,0,0,0,0,0,0,1,0,17,17,1,0,35,0,0,109,3,16,6,0
wazuh-1788713691.1111145,2026-09-06T16:54:51.571000Z,target-kali-01,5501,3,authentication_success|pam|syslog,pam,T1078,journald,0,0,0,0,0,0,0,0,0,0,1,0,18,18,1,0,35,0,0,109,3,16,6,0
wazuh-1788713701.1111588,2026-09-06T16:55:01.624000Z,target-kali-01,5501,3,authentication_success|pam|syslog,pam,T1078,journald,0,0,0,0,0,0,0,0,0,0,1,0,18,18,1,0,36,0,0,110,3,16,6,0
wazuh-1788713710.1112031,2026-09-06T16:55:10.127000Z,lab-sensor-01,31104,6,accesslog|attack|web,web-accesslog,T1055|T1083|T1190,/var/log/apache2/access.log,0,0,1,0,0,0,1,0,0,0,0,0,22,2,7,1,18,0,0,75,10,16,6,0
wazuh-1788713711.1112490,2026-09-06T16:55:11.610000Z,target-kali-01,5501,3,authentication_success|pam|syslog,pam,T1078,journald,0,0,0,0,0,0,0,0,0,0,1,0,19,19,1,0,36,0,0,110,3,16,6,0
wazuh-1788713714.1112933,2026-09-06T16:55:14.133000Z,lab-sensor-01,31106,6,accesslog|attack|web,web-accesslog,T1190,/var/log/apache2/access.log,0,0,1,0,0,0,1,0,0,0,0,0,22,2,7,1,18,0,0,75,10,16,6,0
wazuh-1788713727.1113418,2026-09-06T16:55:27.843000Z,target-kali-01,5501,3,authentication_success|pam|syslog,pam,T1078,journald,0,0,0,0,0,0,0,0,0,0,1,0,19,19,1,0,36,0,0,111,3,16,6,0
wazuh-1788713748.1113861,2026-09-06T16:55:48.167000Z,target-kali-01,5501,3,authentication_success|pam|syslog,pam,T1078,journald,0,0,0,0,0,0,0,0,0,0,1,0,18,18,1,0,36,0,0,110,3,16,6,0
wazuh-1788713762.1114304,2026-09-06T16:56:02.196000Z,target-kali-01,5501,3,authentication_success|pam|syslog,pam,T1078,journald,0,0,0,0,0,0,0,0,0,0,1,0,18,18,1,0,36,0,0,110,3,16,6,0
wazuh-1788713772.1114747,2026-09-06T16:56:12.248000Z,target-kali-01,5501,3,authentication_success|pam|syslog,pam,T1078,journald,0,0,0,0,0,0,0,0,0,0,1,0,19,19,1,0,36,0,0,111,3,16,6,0
wazuh-1788713792.1115190,2026-09-06T16:56:32.051000Z,target-kali-01,5501,3,authentication_success|pam|syslog,pam,T1078,journald,0,0,0,0,0,0,0,0,0,0,1,0,18,18,1,0,36,0,0,111,3,16,6,0
wazuh-1788713804.1115633,2026-09-06T16:56:44.290000Z,lab-sensor-01,5710,5,authentication_failed|invalid_login|sshd|syslog,sshd,T1021.004|T1110.001,journald,36236,0,1,0,0,0,1,0,0,0,1,0,22,3,7,1,15,0,0,76,10,16,6,0
wazuh-1788713805.1116182,2026-09-06T16:56:45.038000Z,target-kali-01,5501,3,authentication_success|pam|syslog,pam,T1078,journald,0,0,0,0,0,0,0,0,0,0,1,0,19,19,1,0,36,0,0,110,3,16,6,0
wazuh-1788713808.1116625,2026-09-06T16:56:48.294000Z,lab-sensor-01,5710,5,authentication_failed|invalid_login|sshd|syslog,sshd,T1021.004|T1110.001,journald,36250,0,1,0,0,0,1,0,0,0,1,0,22,3,7,1,16,0,0,77,10,16,6,0
wazuh-1788713810.1117174,2026-09-06T16:56:50.296000Z,lab-sensor-01,5710,5,authentication_failed|invalid_login|sshd|syslog,sshd,T1021.004|T1110.001,journald,36252,0,1,0,0,0,1,0,0,0,1,0,23,4,7,1,17,0,0,78,10,16,6,0
wazuh-1788713824.1117723,2026-09-06T16:57:04.105000Z,target-kali-01,5501,3,authentication_success|pam|syslog,pam,T1078,journald,0,0,0,0,0,0,0,0,0,0,1,0,19,19,1,0,36,0,0,110,3,16,6,0
wazuh-1788713836.1118166,2026-09-06T16:57:16.998000Z,target-kali-01,5501,3,authentication_success|pam|syslog,pam,T1078,journald,0,0,0,0,0,0,0,0,0,0,1,0,19,19,1,0,37,0,0,111,3,16,6,0
wazuh-1788713851.1118609,2026-09-06T16:57:31.272000Z,target-kali-01,5501,3,authentication_success|pam|syslog,pam,T1078,journald,0,0,0,0,0,0,0,0,0,0,1,0,19,19,1,0,37,0,0,111,3,16,6,0
wazuh-1788713859.1119052,2026-09-06T16:57:39.505000Z,film-laptop,591,3,ossec,ossec,none,logcollector,0,0,0,0,0,0,0,0,0,0,0,0,0,0,2,0,0,0,0,0,3,16,6,0
wazuh-1788713870.1119425,2026-09-06T16:57:50.436000Z,lab-sensor-01,5710,5,authentication_failed|invalid_login|sshd|syslog,sshd,T1021.004|T1110.001,journald,40928,0,1,0,0,0,1,0,0,0,1,0,15,3,6,0,12,0,0,76,6,16,6,0
wazuh-1788713871.1119974,2026-09-06T16:57:51.388000Z,target-kali-01,5501,3,authentication_success|pam|syslog,pam,T1078,journald,0,0,0,0,0,0,0,0,0,0,1,0,19,19,1,0,37,0,0,111,3,16,6,0
wazuh-1788713874.1120417,2026-09-06T16:57:54.442000Z,lab-sensor-01,5710,5,authentication_failed|invalid_login|sshd|syslog,sshd,T1021.004|T1110.001,journald,43436,0,1,0,0,0,1,0,0,0,1,0,13,4,6,0,13,0,0,77,6,16,6,0
wazuh-1788713876.1120966,2026-09-06T16:57:56.446000Z,lab-sensor-01,5710,5,authentication_failed|invalid_login|sshd|syslog,sshd,T1021.004|T1110.001,journald,43452,0,1,0,0,0,1,0,0,0,1,0,14,5,6,0,14,0,0,78,6,16,6,0
wazuh-1788713890.1121515,2026-09-06T16:58:10.317000Z,target-kali-01,5501,3,authentication_success|pam|syslog,pam,T1078,journald,0,0,0,0,0,0,0,0,0,0,1,0,19,19,1,0,37,0,0,111,3,16,6,0
wazuh-1788713890.1121958,2026-09-06T16:58:10.470000Z,lab-sensor-01,5710,5,authentication_failed|invalid_login|sshd|syslog,sshd,T1021.004|T1110.001,journald,39192,0,1,0,0,0,1,0,0,0,1,0,15,6,6,0,15,0,0,79,6,16,6,0
wazuh-1788713892.1122507,2026-09-06T16:58:12.471000Z,lab-sensor-01,5712,10,authentication_failures|sshd|syslog,sshd,T1110,journald,38432,0,1,0,0,0,1,0,0,0,1,0,16,0,6,0,16,0,0,80,6,16,6,0
wazuh-1788713896.1123841,2026-09-06T16:58:16.478000Z,lab-sensor-01,5710,5,authentication_failed|invalid_login|sshd|syslog,sshd,T1021.004|T1110.001,journald,38446,0,1,0,0,0,1,0,0,0,1,0,17,7,7,1,17,0,0,81,10,16,6,0
wazuh-1788713912.1124390,2026-09-06T16:58:32.682000Z,target-kali-01,5501,3,authentication_success|pam|syslog,pam,T1078,journald,0,0,0,0,0,0,0,0,0,0,1,0,19,19,1,0,36,0,0,110,3,16,6,0
wazuh-1788713922.1124833,2026-09-06T16:58:42.550000Z,lab-sensor-01,5710,5,authentication_failed|invalid_login|sshd|syslog,sshd,T1021.004|T1110.001,journald,51986,0,1,0,0,0,1,0,0,0,1,0,13,8,7,1,18,0,0,80,10,16,6,0
wazuh-1788713922.1125382,2026-09-06T16:58:42.701000Z,target-kali-01,5501,3,authentication_success|pam|syslog,pam,T1078,journald,0,0,0,0,0,0,0,0,0,0,1,0,19,19,1,0,37,0,0,111,3,16,6,0
wazuh-1788713926.1125825,2026-09-06T16:58:46.559000Z,lab-sensor-01,5710,5,authentication_failed|invalid_login|sshd|syslog,sshd,T1021.004|T1110.001,journald,51996,0,1,0,0,0,1,0,0,0,1,0,14,9,7,1,19,0,0,81,10,16,6,0
wazuh-1788713928.1126374,2026-09-06T16:58:48.563000Z,lab-sensor-01,5710,5,authentication_failed|invalid_login|sshd|syslog,sshd,T1021.004|T1110.001,journald,52000,0,1,0,0,0,1,0,0,0,1,0,15,10,7,1,20,0,0,82,10,16,6,0
wazuh-1788713942.1126923,2026-09-06T16:59:02.948000Z,target-kali-01,5501,3,authentication_success|pam|syslog,pam,T1078,journald,0,0,0,0,0,0,0,0,0,0,1,0,19,19,1,0,37,0,0,111,3,16,6,0
wazuh-1788713952.1127366,2026-09-06T16:59:12.925000Z,target-kali-01,5501,3,authentication_success|pam|syslog,pam,T1078,journald,0,0,0,0,0,0,0,0,0,0,1,0,19,19,1,0,37,0,0,111,3,16,6,0
wazuh-1788713966.1127809,2026-09-06T16:59:26.960000Z,target-kali-01,5501,3,authentication_success|pam|syslog,pam,T1078,journald,0,0,0,0,0,0,0,0,0,0,1,0,19,19,1,0,37,0,0,111,3,16,6,0
wazuh-1788713968.1128252,2026-09-06T16:59:28.085000Z,lab-sensor-01,31101,5,accesslog|attack|web,web-accesslog,none,/var/log/apache2/access.log,0,0,1,0,0,0,1,0,0,0,0,0,14,0,7,1,18,0,0,83,10,16,6,0
wazuh-1788713970.1128694,2026-09-06T16:59:30.086000Z,lab-sensor-01,31101,5,accesslog|attack|web,web-accesslog,none,/var/log/apache2/access.log,0,0,1,0,0,0,1,0,0,0,0,0,15,1,7,1,18,0,0,83,10,16,6,0
wazuh-1788713972.1129136,2026-09-06T16:59:32.089000Z,lab-sensor-01,31101,5,accesslog|attack|web,web-accesslog,none,/var/log/apache2/access.log,0,0,1,0,0,0,1,0,0,0,0,0,16,2,7,1,18,0,0,83,10,16,6,0
wazuh-1788713974.1129584,2026-09-06T16:59:34.092000Z,lab-sensor-01,30305,5,access_denied|apache|web,apache-errorlog,none,/var/log/apache2/error.log,41548,0,1,0,0,0,1,0,0,0,0,0,17,0,7,1,18,0,0,83,10,16,6,0
wazuh-1788713974.1130184,2026-09-06T16:59:34.132000Z,lab-sensor-01,31516,6,appsec|attack|web,web-accesslog,T1055,/var/log/apache2/access.log,0,0,1,0,0,0,1,0,0,0,0,0,18,0,7,1,18,0,0,83,10,16,6,0
wazuh-1788713986.1130627,2026-09-06T16:59:46.956000Z,target-kali-01,5501,3,authentication_success|pam|syslog,pam,T1078,journald,0,0,0,0,0,0,0,0,0,0,1,0,19,19,1,0,37,0,0,111,3,16,6,0
wazuh-1788714000.1131070,2026-09-06T17:00:00.889000Z,lab-sensor-01,80730,3,audit|audit_selinux,auditd,none,/var/log/audit/audit.log,0,0,0,0,0,0,0,1,1,0,0,0,19,0,7,1,15,0,0,81,10,17,6,0
wazuh-1788714000.1132856,2026-09-06T17:00:00.891000Z,lab-sensor-01,80730,3,audit|audit_selinux,auditd,none,/var/log/audit/audit.log,0,0,0,0,0,0,0,1,1,0,0,0,20,1,8,1,15,0,0,81,10,17,6,0
wazuh-1788714002.1134671,2026-09-06T17:00:02.159000Z,lab-sensor-01,80730,3,audit|audit_selinux,auditd,none,/var/log/audit/audit.log,0,0,0,0,0,0,0,1,1,0,0,0,21,2,8,1,15,0,0,81,10,17,6,0
wazuh-1788714002.1136456,2026-09-06T17:00:02.161000Z,lab-sensor-01,80730,3,audit|audit_selinux,auditd,none,/var/log/audit/audit.log,0,0,0,0,0,0,0,1,1,0,0,0,22,3,8,1,15,0,0,81,10,17,6,0
wazuh-1788714002.1138187,2026-09-06T17:00:02.191000Z,lab-sensor-01,80730,3,audit|audit_selinux,auditd,none,/var/log/audit/audit.log,0,0,0,0,0,0,0,1,1,0,0,0,23,4,8,1,15,0,0,81,10,17,6,0
wazuh-1788714002.1139973,2026-09-06T17:00:02.194000Z,lab-sensor-01,80730,3,audit|audit_selinux,auditd,none,/var/log/audit/audit.log,0,0,0,0,0,0,0,1,1,0,0,0,24,5,8,1,15,0,0,81,10,17,6,0
wazuh-1788714002.1141704,2026-09-06T17:00:02.213000Z,lab-sensor-01,80730,3,audit|audit_selinux,auditd,none,/var/log/audit/audit.log,0,0,0,0,0,0,0,1,1,0,0,0,25,6,8,1,15,0,0,81,10,17,6,0
wazuh-1788714002.1143490,2026-09-06T17:00:02.215000Z,lab-sensor-01,80730,3,audit|audit_selinux,auditd,none,/var/log/audit/audit.log,0,0,0,0,0,0,0,1,1,0,0,0,26,7,8,1,15,0,0,81,10,17,6,0
wazuh-1788714002.1145221,2026-09-06T17:00:02.230000Z,lab-sensor-01,80730,3,audit|audit_selinux,auditd,none,/var/log/audit/audit.log,0,0,0,0,0,0,0,1,1,0,0,0,27,8,8,1,15,0,0,81,10,17,6,0
wazuh-1788714002.1147006,2026-09-06T17:00:02.232000Z,lab-sensor-01,80730,3,audit|audit_selinux,auditd,none,/var/log/audit/audit.log,0,0,0,0,0,0,0,1,1,0,0,0,28,9,8,1,15,0,0,81,10,17,6,0
wazuh-1788714002.1148821,2026-09-06T17:00:02.682000Z,lab-sensor-01,40704,5,local|systemd,systemd,none,journald,0,0,0,0,0,0,0,0,0,0,0,0,29,0,8,1,15,0,0,81,10,17,6,0
wazuh-1788714002.1149158,2026-09-06T17:00:02.695000Z,lab-sensor-01,40704,5,local|systemd,systemd,none,journald,0,0,0,0,0,0,0,0,0,0,0,0,30,1,9,1,15,0,0,81,10,17,6,0
wazuh-1788714002.1149495,2026-09-06T17:00:02.708000Z,lab-sensor-01,40704,5,local|systemd,systemd,none,journald,0,0,0,0,0,0,0,0,0,0,0,0,31,2,9,1,15,0,0,81,10,17,6,0
wazuh-1788714002.1149832,2026-09-06T17:00:02.720000Z,lab-sensor-01,40704,5,local|systemd,systemd,none,journald,0,0,0,0,0,0,0,0,0,0,0,0,32,3,9,1,15,0,0,81,10,17,6,0
wazuh-1788714002.1150169,2026-09-06T17:00:02.733000Z,lab-sensor-01,40704,5,local|systemd,systemd,none,journald,0,0,0,0,0,0,0,0,0,0,0,0,33,4,9,1,15,0,0,81,10,17,6,0
wazuh-1788714005.1150506,2026-09-06T17:00:05.486000Z,film-laptop,80730,3,audit|audit_selinux,auditd,none,/var/log/audit/audit.log,0,0,0,0,0,0,0,1,1,0,0,0,1,0,2,0,0,0,0,0,3,17,6,0
wazuh-1788714007.1151695,2026-09-06T17:00:07.088000Z,target-kali-01,5501,3,authentication_success|pam|syslog,pam,T1078,journald,0,0,0,0,0,0,0,0,0,0,1,0,18,18,1,0,37,0,0,111,3,17,6,0
wazuh-1788714008.1152138,2026-09-06T17:00:08.687000Z,lab-sensor-01,5710,5,authentication_failed|invalid_login|sshd|syslog,sshd,T1021.004|T1110.001,journald,34272,0,1,0,0,0,1,0,0,0,1,0,34,11,9,1,15,0,0,81,10,17,6,0
wazuh-1788714010.1152687,2026-09-06T17:00:10.689000Z,lab-sensor-01,5710,5,authentication_failed|invalid_login|sshd|syslog,sshd,T1021.004|T1110.001,journald,34274,0,1,0,0,0,1,0,0,0,1,0,34,12,9,1,16,0,0,82,10,17,6,0
wazuh-1788714014.1153236,2026-09-06T17:00:14.694000Z,lab-sensor-01,5710,5,authentication_failed|invalid_login|sshd|syslog,sshd,T1021.004|T1110.001,journald,36134,0,1,0,0,0,1,0,0,0,1,0,34,13,9,1,17,0,0,83,10,17,6,0
wazuh-1788714029.1153785,2026-09-06T17:00:29.209000Z,target-kali-01,5501,3,authentication_success|pam|syslog,pam,T1078,journald,0,0,0,0,0,0,0,0,0,0,1,0,17,17,1,0,37,0,0,110,3,17,6,0
wazuh-1788714042.1154228,2026-09-06T17:00:42.801000Z,target-kali-01,5501,3,authentication_success|pam|syslog,pam,T1078,journald,0,0,0,0,0,0,0,0,0,0,1,0,18,18,1,0,37,0,0,110,3,17,6,0
wazuh-1788714056.1154671,2026-09-06T17:00:56.891000Z,target-kali-01,5501,3,authentication_success|pam|syslog,pam,T1078,journald,0,0,0,0,0,0,0,0,0,0,1,0,18,18,1,0,37,0,0,110,3,17,6,0
wazuh-1788714068.1155114,2026-09-06T17:01:08.996000Z,target-kali-01,5501,3,authentication_success|pam|syslog,pam,T1078,journald,0,0,0,0,0,0,0,0,0,0,1,0,18,18,1,0,37,0,0,111,3,17,6,0
wazuh-1788714071.1155557,2026-09-06T17:01:11.770000Z,film-laptop,533,7,ossec,ossec,none,netstat listening ports,0,0,0,0,0,0,0,0,0,0,0,0,2,0,3,0,0,0,0,0,3,17,6,0
wazuh-1788714081.1159612,2026-09-06T17:01:21.057000Z,target-kali-01,5501,3,authentication_success|pam|syslog,pam,T1078,journald,0,0,0,0,0,0,0,0,0,0,1,0,18,18,1,0,37,0,0,111,3,17,6,0
wazuh-1788714094.1160055,2026-09-06T17:01:34.427000Z,target-kali-01,5501,3,authentication_success|pam|syslog,pam,T1078,journald,0,0,0,0,0,0,0,0,0,0,1,0,18,18,1,0,37,0,0,111,3,17,6,0
wazuh-1788714110.1160498,2026-09-06T17:01:50.878000Z,lab-sensor-01,5710,5,authentication_failed|invalid_login|sshd|syslog,sshd,T1021.004|T1110.001,journald,59542,0,1,0,0,0,1,0,0,0,1,0,32,11,9,1,17,0,0,80,10,17,6,0
wazuh-1788714111.1161047,2026-09-06T17:01:51.534000Z,target-kali-01,5501,3,authentication_success|pam|syslog,pam,T1078,journald,0,0,0,0,0,0,0,0,0,0,1,0,18,18,1,0,37,0,0,111,3,17,6,0
wazuh-1788714114.1161490,2026-09-06T17:01:54.883000Z,lab-sensor-01,5710,5,authentication_failed|invalid_login|sshd|syslog,sshd,T1021.004|T1110.001,journald,59504,0,1,0,0,0,1,0,0,0,1,0,33,12,9,1,17,0,0,81,10,17,6,0
wazuh-1788714116.1162039,2026-09-06T17:01:56.888000Z,lab-sensor-01,5710,5,authentication_failed|invalid_login|sshd|syslog,sshd,T1021.004|T1110.001,journald,59512,0,1,0,0,0,1,0,0,0,1,0,34,13,9,1,17,0,0,82,10,17,6,0
wazuh-1788714134.1162588,2026-09-06T17:02:14.633000Z,target-kali-01,5501,3,authentication_success|pam|syslog,pam,T1078,journald,0,0,0,0,0,0,0,0,0,0,1,0,18,18,1,0,37,0,0,111,3,17,6,0
wazuh-1788714154.1163031,2026-09-06T17:02:34.963000Z,target-kali-01,5501,3,authentication_success|pam|syslog,pam,T1078,journald,0,0,0,0,0,0,0,0,0,0,1,0,17,17,1,0,37,0,0,111,3,17,6,0
wazuh-1788714167.1163474,2026-09-06T17:02:47.681000Z,target-kali-01,5501,3,authentication_success|pam|syslog,pam,T1078,journald,0,0,0,0,0,0,0,0,0,0,1,0,18,18,1,0,37,0,0,111,3,17,6,0
wazuh-1788714168.1163917,2026-09-06T17:02:48.971000Z,lab-sensor-01,31101,5,accesslog|attack|web,web-accesslog,none,/var/log/apache2/access.log,0,0,1,0,0,0,1,0,0,0,0,0,35,3,9,1,18,0,0,79,10,17,6,0
wazuh-1788714170.1164359,2026-09-06T17:02:50.979000Z,lab-sensor-01,31101,5,accesslog|attack|web,web-accesslog,none,/var/log/apache2/access.log,0,0,1,0,0,0,1,0,0,0,0,0,35,4,9,1,18,0,0,79,10,17,6,0
wazuh-1788714172.1164801,2026-09-06T17:02:52.987000Z,lab-sensor-01,31101,5,accesslog|attack|web,web-accesslog,none,/var/log/apache2/access.log,0,0,1,0,0,0,1,0,0,0,0,0,36,5,9,1,18,0,0,79,10,17,6,0
wazuh-1788714174.1165249,2026-09-06T17:02:54.989000Z,lab-sensor-01,30305,5,access_denied|apache|web,apache-errorlog,none,/var/log/apache2/error.log,53358,0,1,0,0,0,1,0,0,0,0,0,36,1,9,1,18,0,0,79,10,17,6,0
wazuh-1788714174.1165849,2026-09-06T17:02:54.989000Z,lab-sensor-01,31516,6,appsec|attack|web,web-accesslog,T1055,/var/log/apache2/access.log,0,0,1,0,0,0,1,0,0,0,0,0,37,1,9,1,18,0,0,79,10,17,6,0
wazuh-1788714189.1166292,2026-09-06T17:03:09.049000Z,lab-sensor-01,5710,5,authentication_failed|invalid_login|sshd|syslog,sshd,T1021.004|T1110.001,journald,52194,0,1,0,0,0,1,0,0,0,1,0,37,11,9,1,18,0,0,78,10,17,6,0
wazuh-1788714190.1166841,2026-09-06T17:03:10.255000Z,target-kali-01,5501,3,authentication_success|pam|syslog,pam,T1078,journald,0,0,0,0,0,0,0,0,0,0,1,0,18,18,1,0,37,0,0,111,3,17,6,0
wazuh-1788714193.1167284,2026-09-06T17:03:13.057000Z,lab-sensor-01,5710,5,authentication_failed|invalid_login|sshd|syslog,sshd,T1021.004|T1110.001,journald,52200,0,1,0,0,0,1,0,0,0,1,0,36,11,9,1,19,0,0,79,10,17,6,0
wazuh-1788714195.1167833,2026-09-06T17:03:15.081000Z,lab-sensor-01,5710,5,authentication_failed|invalid_login|sshd|syslog,sshd,T1021.004|T1110.001,journald,60706,0,1,0,0,0,1,0,0,0,1,0,37,12,9,1,20,0,0,80,10,17,6,0
wazuh-1788714211.1168382,2026-09-06T17:03:31.161000Z,target-kali-01,5501,3,authentication_success|pam|syslog,pam,T1078,journald,0,0,0,0,0,0,0,0,0,0,1,0,18,18,1,0,37,0,0,111,3,17,6,0
wazuh-1788714229.1168825,2026-09-06T17:03:49.629000Z,target-kali-01,5501,3,authentication_success|pam|syslog,pam,T1078,journald,0,0,0,0,0,0,0,0,0,0,1,0,17,17,1,0,37,0,0,111,3,17,6,0
wazuh-1788714242.1169268,2026-09-06T17:04:02.119000Z,target-kali-01,5501,3,authentication_success|pam|syslog,pam,T1078,journald,0,0,0,0,0,0,0,0,0,0,1,0,18,18,1,0,37,0,0,111,3,17,6,0
wazuh-1788714243.1169711,2026-09-06T17:04:03.543000Z,film-laptop,591,3,ossec,ossec,none,logcollector,0,0,0,0,0,0,0,0,0,0,0,0,2,0,3,0,0,0,0,0,7,17,6,0
wazuh-1788714244.1170084,2026-09-06T17:04:04.637000Z,lab-sensor-01,31101,5,accesslog|attack|web,web-accesslog,none,/var/log/apache2/access.log,0,0,1,0,0,0,1,0,0,0,0,0,34,6,9,1,21,0,0,81,10,17,6,0
wazuh-1788714246.1170526,2026-09-06T17:04:06.640000Z,lab-sensor-01,31101,5,accesslog|attack|web,web-accesslog,none,/var/log/apache2/access.log,0,0,1,0,0,0,1,0,0,0,0,0,35,7,9,1,21,0,0,81,10,17,6,0
wazuh-1788714248.1170968,2026-09-06T17:04:08.643000Z,lab-sensor-01,31101,5,accesslog|attack|web,web-accesslog,none,/var/log/apache2/access.log,0,0,1,0,0,0,1,0,0,0,0,0,36,8,9,1,21,0,0,79,10,17,6,0
wazuh-1788714250.1171416,2026-09-06T17:04:10.646000Z,lab-sensor-01,30305,5,access_denied|apache|web,apache-errorlog,none,/var/log/apache2/error.log,54120,0,1,0,0,0,1,0,0,0,0,0,37,2,9,1,21,0,0,79,10,17,6,0
wazuh-1788714250.1172016,2026-09-06T17:04:10.646000Z,lab-sensor-01,31516,6,appsec|attack|web,web-accesslog,T1055,/var/log/apache2/access.log,0,0,1,0,0,0,1,0,0,0,0,0,38,2,9,1,21,0,0,79,10,17,6,0
wazuh-1788714261.1172459,2026-09-06T17:04:21.639000Z,target-kali-01,5501,3,authentication_success|pam|syslog,pam,T1078,journald,0,0,0,0,0,0,0,0,0,0,1,0,17,17,1,0,36,0,0,111,3,17,6,0
wazuh-1788714283.1172902,2026-09-06T17:04:43.925000Z,target-kali-01,5501,3,authentication_success|pam|syslog,pam,T1078,journald,0,0,0,0,0,0,0,0,0,0,1,0,17,17,1,0,36,0,0,111,3,17,6,0
wazuh-1788714284.1173345,2026-09-06T17:04:44.727000Z,lab-sensor-01,31101,5,accesslog|attack|web,web-accesslog,none,/var/log/apache2/access.log,0,0,1,0,0,0,1,0,0,0,0,0,34,6,9,1,21,0,0,78,10,17,6,0
wazuh-1788714286.1173787,2026-09-06T17:04:46.732000Z,lab-sensor-01,31101,5,accesslog|attack|web,web-accesslog,none,/var/log/apache2/access.log,0,0,1,0,0,0,1,0,0,0,0,0,35,7,9,1,21,0,0,78,10,17,6,0
wazuh-1788714288.1174229,2026-09-06T17:04:48.736000Z,lab-sensor-01,31101,5,accesslog|attack|web,web-accesslog,none,/var/log/apache2/access.log,0,0,1,0,0,0,1,0,0,0,0,0,36,8,9,1,21,0,0,78,10,17,6,0
wazuh-1788714290.1174677,2026-09-06T17:04:50.739000Z,lab-sensor-01,30305,5,access_denied|apache|web,apache-errorlog,none,/var/log/apache2/error.log,43772,0,1,0,0,0,1,0,0,0,0,0,37,2,9,1,21,0,0,78,10,17,6,0
wazuh-1788714290.1175277,2026-09-06T17:04:50.739000Z,lab-sensor-01,31516,6,appsec|attack|web,web-accesslog,T1055,/var/log/apache2/access.log,0,0,1,0,0,0,1,0,0,0,0,0,38,2,9,1,21,0,0,78,10,17,6,0
wazuh-1788714306.1175720,2026-09-06T17:05:06.228000Z,target-kali-01,5501,3,authentication_success|pam|syslog,pam,T1078,journald,0,0,0,0,0,0,0,0,0,0,1,0,17,17,1,0,35,0,0,111,3,17,6,0
wazuh-1788714319.1176163,2026-09-06T17:05:19.139000Z,target-kali-01,5501,3,authentication_success|pam|syslog,pam,T1078,journald,0,0,0,0,0,0,0,0,0,0,1,0,17,17,1,0,35,0,0,111,3,17,6,0
wazuh-1788714336.1176606,2026-09-06T17:05:36.402000Z,target-kali-01,5501,3,authentication_success|pam|syslog,pam,T1078,journald,0,0,0,0,0,0,0,0,0,0,1,0,17,17,1,0,35,0,0,111,3,17,6,0
wazuh-1788714347.1177049,2026-09-06T17:05:47.049000Z,target-kali-01,5501,3,authentication_success|pam|syslog,pam,T1078,journald,0,0,0,0,0,0,0,0,0,0,1,0,17,17,1,0,36,0,0,111,3,17,6,0
wazuh-1788714358.1177492,2026-09-06T17:05:58.687000Z,target-kali-01,5501,3,authentication_success|pam|syslog,pam,T1078,journald,0,0,0,0,0,0,0,0,0,0,1,0,17,17,1,0,36,0,0,112,3,17,6,0
wazuh-1788714369.1177935,2026-09-06T17:06:09.996000Z,target-kali-01,5501,3,authentication_success|pam|syslog,pam,T1078,journald,0,0,0,0,0,0,0,0,0,0,1,0,17,17,1,0,36,0,0,112,3,17,6,0
wazuh-1788714382.1178378,2026-09-06T17:06:22.080000Z,target-kali-01,5501,3,authentication_success|pam|syslog,pam,T1078,journald,0,0,0,0,0,0,0,0,0,0,1,0,17,17,1,0,36,0,0,112,3,17,6,0
wazuh-1788714383.1178821,2026-09-06T17:06:23.397000Z,lab-sensor-01,5710,5,authentication_failed|invalid_login|sshd|syslog,sshd,T1021.004|T1110.001,journald,38222,0,1,0,0,0,1,0,0,0,1,0,21,6,7,1,21,0,0,73,10,17,6,0
wazuh-1788714385.1179370,2026-09-06T17:06:25.399000Z,lab-sensor-01,5710,5,authentication_failed|invalid_login|sshd|syslog,sshd,T1021.004|T1110.001,journald,38230,0,1,0,0,0,1,0,0,0,1,0,22,7,7,1,22,0,0,74,10,17,6,0
wazuh-1788714389.1179919,2026-09-06T17:06:29.405000Z,lab-sensor-01,5710,5,authentication_failed|invalid_login|sshd|syslog,sshd,T1021.004|T1110.001,journald,38232,0,1,0,0,0,1,0,0,0,1,0,23,8,7,1,23,0,0,75,10,17,6,0
wazuh-1788714404.1180468,2026-09-06T17:06:44.136000Z,target-kali-01,5501,3,authentication_success|pam|syslog,pam,T1078,journald,0,0,0,0,0,0,0,0,0,0,1,0,17,17,1,0,36,0,0,112,3,17,6,0
wazuh-1788714405.1180911,2026-09-06T17:06:45.425000Z,lab-sensor-01,31101,5,accesslog|attack|web,web-accesslog,none,/var/log/apache2/access.log,0,0,1,0,0,0,1,0,0,0,0,0,24,9,7,1,23,0,0,75,10,17,6,0
wazuh-1788714407.1181353,2026-09-06T17:06:47.426000Z,lab-sensor-01,31101,5,accesslog|attack|web,web-accesslog,none,/var/log/apache2/access.log,0,0,1,0,0,0,1,0,0,0,0,0,25,10,7,1,23,0,0,75,10,17,6,0
wazuh-1788714409.1181795,2026-09-06T17:06:49.429000Z,lab-sensor-01,31101,5,accesslog|attack|web,web-accesslog,none,/var/log/apache2/access.log,0,0,1,0,0,0,1,0,0,0,0,0,26,11,7,1,22,0,0,75,10,17,6,0
wazuh-1788714411.1182243,2026-09-06T17:06:51.430000Z,lab-sensor-01,30305,5,access_denied|apache|web,apache-errorlog,none,/var/log/apache2/error.log,45366,0,1,0,0,0,1,0,0,0,0,0,26,3,7,1,21,0,0,75,10,17,6,0
wazuh-1788714411.1182843,2026-09-06T17:06:51.430000Z,lab-sensor-01,31516,6,appsec|attack|web,web-accesslog,T1055,/var/log/apache2/access.log,0,0,1,0,0,0,1,0,0,0,0,0,27,3,7,1,21,0,0,75,10,17,6,0
wazuh-1788714426.1183286,2026-09-06T17:07:06.489000Z,target-kali-01,5501,3,authentication_success|pam|syslog,pam,T1078,journald,0,0,0,0,0,0,0,0,0,0,1,0,17,17,1,0,35,0,0,111,3,17,6,0
wazuh-1788714438.1183729,2026-09-06T17:07:18.665000Z,target-kali-01,5501,3,authentication_success|pam|syslog,pam,T1078,journald,0,0,0,0,0,0,0,0,0,0,1,0,17,17,1,0,35,0,0,111,3,17,6,0
wazuh-1788714455.1184172,2026-09-06T17:07:35.678000Z,target-kali-01,5501,3,authentication_success|pam|syslog,pam,T1078,journald,0,0,0,0,0,0,0,0,0,0,1,0,17,17,1,0,35,0,0,110,3,17,6,0
wazuh-1788714470.1184615,2026-09-06T17:07:50.279000Z,target-kali-01,5501,3,authentication_success|pam|syslog,pam,T1078,journald,0,0,0,0,0,0,0,0,0,0,1,0,17,17,1,0,36,0,0,111,3,17,6,0
wazuh-1788714481.1185058,2026-09-06T17:08:01.920000Z,target-kali-01,5501,3,authentication_success|pam|syslog,pam,T1078,journald,0,0,0,0,0,0,0,0,0,0,1,0,18,18,1,0,36,0,0,111,3,17,6,0
wazuh-1788714494.1185501,2026-09-06T17:08:14.874000Z,target-kali-01,5501,3,authentication_success|pam|syslog,pam,T1078,journald,0,0,0,0,0,0,0,0,0,0,1,0,18,18,1,0,36,0,0,111,3,17,6,0
wazuh-1788714508.1185944,2026-09-06T17:08:28.724000Z,target-kali-01,5501,3,authentication_success|pam|syslog,pam,T1078,journald,0,0,0,0,0,0,0,0,0,0,1,0,19,19,1,0,37,0,0,111,3,17,6,0
wazuh-1788714524.1186387,2026-09-06T17:08:44.843000Z,target-kali-01,5501,3,authentication_success|pam|syslog,pam,T1078,journald,0,0,0,0,0,0,0,0,0,0,1,0,19,19,1,0,36,0,0,111,3,17,6,0
wazuh-1788714540.1186830,2026-09-06T17:09:00.245000Z,target-kali-01,5501,3,authentication_success|pam|syslog,pam,T1078,journald,0,0,0,0,0,0,0,0,0,0,1,0,19,19,1,0,37,0,0,111,3,17,6,0
wazuh-1788714552.1187273,2026-09-06T17:09:12.284000Z,target-kali-01,5501,3,authentication_success|pam|syslog,pam,T1078,journald,0,0,0,0,0,0,0,0,0,0,1,0,19,19,1,0,37,0,0,111,3,17,6,0
wazuh-1788714563.1187716,2026-09-06T17:09:23.576000Z,film-laptop,591,3,ossec,ossec,none,logcollector,0,0,0,0,0,0,0,0,0,0,0,0,0,0,3,0,0,0,0,0,7,17,6,0
wazuh-1788714564.1188089,2026-09-06T17:09:24.418000Z,target-kali-01,5501,3,authentication_success|pam|syslog,pam,T1078,journald,0,0,0,0,0,0,0,0,0,0,1,0,19,19,1,0,37,0,0,111,3,17,6,0
wazuh-1788714577.1188532,2026-09-06T17:09:37.161000Z,target-kali-01,5501,3,authentication_success|pam|syslog,pam,T1078,journald,0,0,0,0,0,0,0,0,0,0,1,0,20,20,1,0,37,0,0,111,3,17,6,0
wazuh-1788714595.1188975,2026-09-06T17:09:55.308000Z,target-kali-01,5501,3,authentication_success|pam|syslog,pam,T1078,journald,0,0,0,0,0,0,0,0,0,0,1,0,20,20,1,0,37,0,0,111,3,17,6,0
wazuh-1788714607.1189418,2026-09-06T17:10:07.388000Z,target-kali-01,5501,3,authentication_success|pam|syslog,pam,T1078,journald,0,0,0,0,0,0,0,0,0,0,1,0,20,20,1,0,37,0,0,112,3,17,6,0
wazuh-1788714619.1189861,2026-09-06T17:10:19.538000Z,target-kali-01,5501,3,authentication_success|pam|syslog,pam,T1078,journald,0,0,0,0,0,0,0,0,0,0,1,0,20,20,1,0,38,0,0,112,3,17,6,0
wazuh-1788714627.1190304,2026-09-06T17:10:27.608000Z,target-kali-01,5501,3,authentication_success|pam|syslog,pam,T1078,journald,0,0,0,0,0,0,0,0,0,0,1,0,21,21,1,0,39,0,0,112,3,17,6,0
wazuh-1788714645.1190747,2026-09-06T17:10:45.808000Z,target-kali-01,5501,3,authentication_success|pam|syslog,pam,T1078,journald,0,0,0,0,0,0,0,0,0,0,1,0,21,21,1,0,38,0,0,112,3,17,6,0
wazuh-1788714647.1191190,2026-09-06T17:10:47.859000Z,lab-sensor-01,31101,5,accesslog|attack|web,web-accesslog,none,/var/log/apache2/access.log,0,0,1,0,0,0,1,0,0,0,0,0,8,3,4,0,9,0,0,70,6,17,6,0
wazuh-1788714649.1191632,2026-09-06T17:10:49.863000Z,lab-sensor-01,31101,5,accesslog|attack|web,web-accesslog,none,/var/log/apache2/access.log,0,0,1,0,0,0,1,0,0,0,0,0,9,4,4,0,9,0,0,70,6,17,6,0
wazuh-1788714651.1192074,2026-09-06T17:10:51.865000Z,lab-sensor-01,31101,5,accesslog|attack|web,web-accesslog,none,/var/log/apache2/access.log,0,0,1,0,0,0,1,0,0,0,0,0,10,5,4,0,9,0,0,70,6,17,6,0
wazuh-1788714653.1192522,2026-09-06T17:10:53.868000Z,lab-sensor-01,30305,5,access_denied|apache|web,apache-errorlog,none,/var/log/apache2/error.log,51236,0,1,0,0,0,1,0,0,0,0,0,11,1,4,0,9,0,0,69,6,17,6,0
wazuh-1788714653.1193122,2026-09-06T17:10:53.868000Z,lab-sensor-01,31516,6,appsec|attack|web,web-accesslog,T1055,/var/log/apache2/access.log,0,0,1,0,0,0,1,0,0,0,0,0,12,1,4,0,9,0,0,69,6,17,6,0
wazuh-1788714666.1193565,2026-09-06T17:11:06.178000Z,film-laptop,86601,3,ids|suricata,json,none,/var/log/suricata/eve.json,68,67,1,1,0,0,1,0,0,0,0,0,1,0,2,0,0,0,0,0,7,17,6,0
wazuh-1788714666.1195769,2026-09-06T17:11:06.180000Z,film-laptop,86601,3,ids|suricata,json,none,/var/log/suricata/eve.json,68,67,1,1,0,0,1,0,0,0,0,0,2,1,3,0,0,0,0,0,7,17,6,0
wazuh-1788714668.1197973,2026-09-06T17:11:08.181000Z,target-kali-01,5501,3,authentication_success|pam|syslog,pam,T1078,journald,0,0,0,0,0,0,0,0,0,0,1,0,20,20,1,0,38,0,0,112,3,17,6,0
wazuh-1788714682.1198416,2026-09-06T17:11:22.716000Z,target-kali-01,5501,3,authentication_success|pam|syslog,pam,T1078,journald,0,0,0,0,0,0,0,0,0,0,1,0,19,19,1,0,37,0,0,112,3,17,6,0
wazuh-1788714684.1198859,2026-09-06T17:11:24.336000Z,lab-sensor-01,31101,5,accesslog|attack|web,web-accesslog,none,/var/log/apache2/access.log,0,0,1,0,0,0,1,0,0,0,0,0,12,6,4,0,9,0,0,67,6,17,6,0
wazuh-1788714686.1199301,2026-09-06T17:11:26.340000Z,lab-sensor-01,31101,5,accesslog|attack|web,web-accesslog,none,/var/log/apache2/access.log,0,0,1,0,0,0,1,0,0,0,0,0,12,7,4,0,9,0,0,67,6,17,6,0
wazuh-1788714688.1199743,2026-09-06T17:11:28.344000Z,lab-sensor-01,31101,5,accesslog|attack|web,web-accesslog,none,/var/log/apache2/access.log,0,0,1,0,0,0,1,0,0,0,0,0,13,8,4,0,9,0,0,67,6,17,6,0
wazuh-1788714690.1200191,2026-09-06T17:11:30.344000Z,lab-sensor-01,30305,5,access_denied|apache|web,apache-errorlog,none,/var/log/apache2/error.log,34392,0,1,0,0,0,1,0,0,0,0,0,13,2,4,0,9,0,0,67,6,17,6,0
wazuh-1788714690.1200791,2026-09-06T17:11:30.344000Z,lab-sensor-01,31516,6,appsec|attack|web,web-accesslog,T1055,/var/log/apache2/access.log,0,0,1,0,0,0,1,0,0,0,0,0,14,2,4,0,9,0,0,67,6,17,6,0
wazuh-1788714705.1201234,2026-09-06T17:11:45.298000Z,target-kali-01,5501,3,authentication_success|pam|syslog,pam,T1078,journald,0,0,0,0,0,0,0,0,0,0,1,0,19,19,1,0,37,0,0,112,3,17,6,0
wazuh-1788714722.1201677,2026-09-06T17:12:02.254000Z,target-kali-01,5501,3,authentication_success|pam|syslog,pam,T1078,journald,0,0,0,0,0,0,0,0,0,0,1,0,20,20,1,0,37,0,0,111,3,17,6,0
wazuh-1788714726.1202120,2026-09-06T17:12:06.282000Z,film-laptop,86601,3,ids|suricata,json,none,/var/log/suricata/eve.json,68,67,1,1,0,0,1,0,0,0,0,0,3,2,2,0,0,0,0,0,3,17,6,0
wazuh-1788714726.1204326,2026-09-06T17:12:06.282000Z,film-laptop,86601,3,ids|suricata,json,none,/var/log/suricata/eve.json,68,67,1,1,0,0,1,0,0,0,0,0,4,3,2,0,0,0,0,0,3,17,6,0
wazuh-1788714738.1206532,2026-09-06T17:12:18.503000Z,target-kali-01,5501,3,authentication_success|pam|syslog,pam,T1078,journald,0,0,0,0,0,0,0,0,0,0,1,0,20,20,1,0,37,0,0,111,3,17,6,0
wazuh-1788714754.1206975,2026-09-06T17:12:34.634000Z,target-kali-01,5501,3,authentication_success|pam|syslog,pam,T1078,journald,0,0,0,0,0,0,0,0,0,0,1,0,20,20,1,0,38,0,0,110,3,17,6,0
wazuh-1788714766.1207418,2026-09-06T17:12:46.107000Z,lab-sensor-01,5710,5,authentication_failed|invalid_login|sshd|syslog,sshd,T1021.004|T1110.001,journald,42666,0,1,0,0,0,1,0,0,0,1,0,10,0,4,0,6,0,0,68,6,17,6,0
wazuh-1788714767.1207967,2026-09-06T17:12:47.715000Z,target-kali-01,5501,3,authentication_success|pam|syslog,pam,T1078,journald,0,0,0,0,0,0,0,0,0,0,1,0,20,20,1,0,37,0,0,111,3,17,6,0
wazuh-1788714770.1208410,2026-09-06T17:12:50.112000Z,lab-sensor-01,5710,5,authentication_failed|invalid_login|sshd|syslog,sshd,T1021.004|T1110.001,journald,42678,0,1,0,0,0,1,0,0,0,1,0,11,1,4,0,7,0,0,69,6,17,6,0
wazuh-1788714772.1208959,2026-09-06T17:12:52.116000Z,lab-sensor-01,5710,5,authentication_failed|invalid_login|sshd|syslog,sshd,T1021.004|T1110.001,journald,42690,0,1,0,0,0,1,0,0,0,1,0,12,2,4,0,8,0,0,70,6,17,6,0
wazuh-1788714787.1209508,2026-09-06T17:13:07.337000Z,target-kali-01,5501,3,authentication_success|pam|syslog,pam,T1078,journald,0,0,0,0,0,0,0,0,0,0,1,0,19,19,1,0,38,0,0,111,3,17,6,0
wazuh-1788714788.1209951,2026-09-06T17:13:08.470000Z,film-laptop,86601,3,ids|suricata,json,none,/var/log/suricata/eve.json,68,67,1,1,0,0,1,0,0,0,0,0,5,4,2,0,0,0,0,0,3,17,6,0
wazuh-1788714788.1212155,2026-09-06T17:13:08.470000Z,film-laptop,86601,3,ids|suricata,json,none,/var/log/suricata/eve.json,68,67,1,1,0,0,1,0,0,0,0,0,6,5,2,0,0,0,0,0,3,17,6,0
wazuh-1788714789.1214359,2026-09-06T17:13:09.786000Z,lab-sensor-01,31101,5,accesslog|attack|web,web-accesslog,none,/var/log/apache2/access.log,0,0,1,0,0,0,1,0,0,0,0,0,13,6,4,0,8,0,0,71,6,17,6,0
wazuh-1788714791.1214801,2026-09-06T17:13:11.788000Z,lab-sensor-01,31101,5,accesslog|attack|web,web-accesslog,none,/var/log/apache2/access.log,0,0,1,0,0,0,1,0,0,0,0,0,14,7,4,0,8,0,0,71,6,17,6,0
wazuh-1788714793.1215243,2026-09-06T17:13:13.790000Z,lab-sensor-01,31101,5,accesslog|attack|web,web-accesslog,none,/var/log/apache2/access.log,0,0,1,0,0,0,1,0,0,0,0,0,15,8,4,0,7,0,0,71,6,17,6,0
wazuh-1788714795.1215691,2026-09-06T17:13:15.794000Z,lab-sensor-01,30305,5,access_denied|apache|web,apache-errorlog,none,/var/log/apache2/error.log,33992,0,1,0,0,0,1,0,0,0,0,0,16,2,4,0,6,0,0,71,6,17,6,0
wazuh-1788714795.1216291,2026-09-06T17:13:15.796000Z,lab-sensor-01,31516,6,appsec|attack|web,web-accesslog,T1055,/var/log/apache2/access.log,0,0,1,0,0,0,1,0,0,0,0,0,17,2,4,0,6,0,0,71,6,17,6,0
wazuh-1788714809.1216734,2026-09-06T17:13:29.431000Z,target-kali-01,5501,3,authentication_success|pam|syslog,pam,T1078,journald,0,0,0,0,0,0,0,0,0,0,1,0,18,18,1,0,38,0,0,110,3,17,6,0
wazuh-1788714824.1217177,2026-09-06T17:13:44.678000Z,target-kali-01,5501,3,authentication_success|pam|syslog,pam,T1078,journald,0,0,0,0,0,0,0,0,0,0,1,0,19,19,1,0,38,0,0,109,3,17,6,0
wazuh-1788714826.1217620,2026-09-06T17:13:46.517000Z,film-laptop,11,4,stats,auditd,none,/var/log/audit/audit.log,0,0,0,0,0,0,0,1,0,0,0,0,7,0,2,0,0,0,0,0,3,17,6,0
wazuh-1788714834.1217879,2026-09-06T17:13:54.645000Z,target-kali-01,5501,3,authentication_success|pam|syslog,pam,T1078,journald,0,0,0,0,0,0,0,0,0,0,1,0,19,19,1,0,38,0,0,110,3,17,6,0
wazuh-1788714847.1218322,2026-09-06T17:14:07.017000Z,target-kali-01,5501,3,authentication_success|pam|syslog,pam,T1078,journald,0,0,0,0,0,0,0,0,0,0,1,0,19,19,1,0,38,0,0,110,3,17,6,0
wazuh-1788714847.1218765,2026-09-06T17:14:07.873000Z,lab-sensor-01,31101,5,accesslog|attack|web,web-accesslog,none,/var/log/apache2/access.log,0,0,1,0,0,0,1,0,0,0,0,0,18,9,4,0,6,0,0,72,6,17,6,0
wazuh-1788714848.1219207,2026-09-06T17:14:08.505000Z,film-laptop,86601,3,ids|suricata,json,none,/var/log/suricata/eve.json,68,67,1,1,0,0,1,0,0,0,0,0,8,6,3,0,0,0,0,0,4,17,6,0
wazuh-1788714848.1221413,2026-09-06T17:14:08.505000Z,film-laptop,86601,3,ids|suricata,json,none,/var/log/suricata/eve.json,68,67,1,1,0,0,1,0,0,0,0,0,9,7,3,0,0,0,0,0,4,17,6,0
wazuh-1788714849.1223619,2026-09-06T17:14:09.875000Z,lab-sensor-01,31101,5,accesslog|attack|web,web-accesslog,none,/var/log/apache2/access.log,0,0,1,0,0,0,1,0,0,0,0,0,19,10,4,0,6,0,0,72,6,17,6,0
wazuh-1788714851.1224061,2026-09-06T17:14:11.906000Z,lab-sensor-01,31101,5,accesslog|attack|web,web-accesslog,none,/var/log/apache2/access.log,0,0,1,0,0,0,1,0,0,0,0,0,20,11,4,0,6,0,0,72,6,17,6,0
wazuh-1788714853.1224509,2026-09-06T17:14:13.908000Z,lab-sensor-01,30305,5,access_denied|apache|web,apache-errorlog,none,/var/log/apache2/error.log,60280,0,1,0,0,0,1,0,0,0,0,0,21,3,4,0,6,0,0,72,6,17,6,0
wazuh-1788714853.1225109,2026-09-06T17:14:13.908000Z,lab-sensor-01,31516,6,appsec|attack|web,web-accesslog,T1055,/var/log/apache2/access.log,0,0,1,0,0,0,1,0,0,0,0,0,22,3,4,0,6,0,0,72,6,17,6,0
wazuh-1788714867.1225552,2026-09-06T17:14:27.841000Z,target-kali-01,5501,3,authentication_success|pam|syslog,pam,T1078,journald,0,0,0,0,0,0,0,0,0,0,1,0,18,18,1,0,38,0,0,110,3,17,6,0
wazuh-1788714880.1225995,2026-09-06T17:14:40.222000Z,target-kali-01,5501,3,authentication_success|pam|syslog,pam,T1078,journald,0,0,0,0,0,0,0,0,0,0,1,0,18,18,1,0,39,0,0,111,3,17,6,0
wazuh-1788714883.1226438,2026-09-06T17:14:43.608000Z,film-laptop,591,3,ossec,ossec,none,logcollector,0,0,0,0,0,0,0,0,0,0,0,0,9,0,3,0,0,0,0,0,4,17,6,0
wazuh-1788714898.1226811,2026-09-06T17:14:58.330000Z,target-kali-01,5501,3,authentication_success|pam|syslog,pam,T1078,journald,0,0,0,0,0,0,0,0,0,0,1,0,18,18,1,0,39,0,0,111,3,17,6,0
wazuh-1788714899.1227254,2026-09-06T17:14:59.984000Z,lab-sensor-01,31101,5,accesslog|attack|web,web-accesslog,none,/var/log/apache2/access.log,0,0,1,0,0,0,1,0,0,0,0,0,23,12,4,0,6,0,0,67,6,17,6,0
wazuh-1788714901.1227696,2026-09-06T17:15:01.987000Z,lab-sensor-01,31101,5,accesslog|attack|web,web-accesslog,none,/var/log/apache2/access.log,0,0,1,0,0,0,1,0,0,0,0,0,24,13,4,0,6,0,0,67,6,17,6,0
wazuh-1788714903.1228138,2026-09-06T17:15:03.990000Z,lab-sensor-01,31101,5,accesslog|attack|web,web-accesslog,none,/var/log/apache2/access.log,0,0,1,0,0,0,1,0,0,0,0,0,25,14,4,0,6,0,0,66,6,17,6,0
wazuh-1788714905.1228586,2026-09-06T17:15:05.992000Z,lab-sensor-01,30305,5,access_denied|apache|web,apache-errorlog,none,/var/log/apache2/error.log,51114,0,1,0,0,0,1,0,0,0,0,0,26,4,4,0,6,0,0,65,6,17,6,0
wazuh-1788714905.1229186,2026-09-06T17:15:05.992000Z,lab-sensor-01,31516,6,appsec|attack|web,web-accesslog,T1055,/var/log/apache2/access.log,0,0,1,0,0,0,1,0,0,0,0,0,27,4,4,0,6,0,0,65,6,17,6,0
wazuh-1788714908.1229629,2026-09-06T17:15:08.508000Z,film-laptop,86601,3,ids|suricata,json,none,/var/log/suricata/eve.json,68,67,1,1,0,0,1,0,0,0,0,0,10,8,3,0,0,0,0,0,4,17,6,0
wazuh-1788714908.1231835,2026-09-06T17:15:08.508000Z,film-laptop,86601,3,ids|suricata,json,none,/var/log/suricata/eve.json,68,67,1,1,0,0,1,0,0,0,0,0,11,9,3,0,0,0,0,0,4,17,6,0
wazuh-1788714920.1234041,2026-09-06T17:15:20.402000Z,target-kali-01,5501,3,authentication_success|pam|syslog,pam,T1078,journald,0,0,0,0,0,0,0,0,0,0,1,0,17,17,1,0,38,0,0,111,3,17,6,0
wazuh-1788714930.1234484,2026-09-06T17:15:30.435000Z,target-kali-01,5501,3,authentication_success|pam|syslog,pam,T1078,journald,0,0,0,0,0,0,0,0,0,0,1,0,17,17,1,0,39,0,0,111,3,17,6,0
wazuh-1788714930.1234927,2026-09-06T17:15:30.462000Z,lab-sensor-01,31104,6,accesslog|attack|web,web-accesslog,T1055|T1083|T1190,/var/log/apache2/access.log,0,0,1,0,0,0,1,0,0,0,0,0,28,0,4,0,6,0,0,65,6,17,6,0
wazuh-1788714934.1235386,2026-09-06T17:15:34.427000Z,lab-sensor-01,31106,6,accesslog|attack|web,web-accesslog,T1190,/var/log/apache2/access.log,0,0,1,0,0,0,1,0,0,0,0,0,29,0,5,0,6,0,0,66,6,17,6,0
wazuh-1788714950.1235871,2026-09-06T17:15:50.581000Z,target-kali-01,5501,3,authentication_success|pam|syslog,pam,T1078,journald,0,0,0,0,0,0,0,0,0,0,1,0,17,17,1,0,38,0,0,110,3,17,6,0
wazuh-1788714964.1236314,2026-09-06T17:16:04.468000Z,lab-sensor-01,5710,5,authentication_failed|invalid_login|sshd|syslog,sshd,T1021.004|T1110.001,journald,35032,0,1,0,0,0,1,0,0,0,1,0,25,3,6,0,6,0,0,64,6,17,6,0
wazuh-1788714964.1236863,2026-09-06T17:16:04.618000Z,target-kali-01,5501,3,authentication_success|pam|syslog,pam,T1078,journald,0,0,0,0,0,0,0,0,0,0,1,0,18,18,1,0,38,0,0,111,3,17,6,0
wazuh-1788714968.1237306,2026-09-06T17:16:08.476000Z,lab-sensor-01,5710,5,authentication_failed|invalid_login|sshd|syslog,sshd,T1021.004|T1110.001,journald,35046,0,1,0,0,0,1,0,0,0,1,0,26,4,6,0,7,0,0,65,6,17,6,0
wazuh-1788714968.1237855,2026-09-06T17:16:08.528000Z,film-laptop,86601,3,ids|suricata,json,none,/var/log/suricata/eve.json,68,67,1,1,0,0,1,0,0,0,0,0,10,8,3,0,0,0,0,0,4,17,6,0
wazuh-1788714968.1240061,2026-09-06T17:16:08.536000Z,film-laptop,86601,3,ids|suricata,json,none,/var/log/suricata/eve.json,68,67,1,1,0,0,1,0,0,0,0,0,11,9,3,0,0,0,0,0,4,17,6,0
wazuh-1788714970.1242267,2026-09-06T17:16:10.480000Z,lab-sensor-01,5710,5,authentication_failed|invalid_login|sshd|syslog,sshd,T1021.004|T1110.001,journald,35048,0,1,0,0,0,1,0,0,0,1,0,27,5,6,0,8,0,0,66,6,17,6,0
wazuh-1788714984.1242816,2026-09-06T17:16:24.506000Z,lab-sensor-01,5710,5,authentication_failed|invalid_login|sshd|syslog,sshd,T1021.004|T1110.001,journald,54510,0,1,0,0,0,1,0,0,0,1,0,27,6,6,0,8,0,0,67,6,17,6,0
wazuh-1788714984.1243365,2026-09-06T17:16:24.715000Z,target-kali-01,5501,3,authentication_success|pam|syslog,pam,T1078,journald,0,0,0,0,0,0,0,0,0,0,1,0,17,17,1,0,37,0,0,111,3,17,6,0
wazuh-1788714988.1243808,2026-09-06T17:16:28.513000Z,lab-sensor-01,5710,5,authentication_failed|invalid_login|sshd|syslog,sshd,T1021.004|T1110.001,journald,54522,0,1,0,0,0,1,0,0,0,1,0,26,7,6,0,8,0,0,68,6,17,6,0
wazuh-1788714992.1244357,2026-09-06T17:16:32.519000Z,lab-sensor-01,5710,5,authentication_failed|invalid_login|sshd|syslog,sshd,T1021.004|T1110.001,journald,54534,0,1,0,0,0,1,0,0,0,1,0,25,8,6,0,8,0,0,69,6,17,6,0
wazuh-1788715004.1244906,2026-09-06T17:16:44.824000Z,target-kali-01,5501,3,authentication_success|pam|syslog,pam,T1078,journald,0,0,0,0,0,0,0,0,0,0,1,0,18,18,1,0,37,0,0,110,3,17,6,0
wazuh-1788715015.1245349,2026-09-06T17:16:55.036000Z,target-kali-01,5501,3,authentication_success|pam|syslog,pam,T1078,journald,0,0,0,0,0,0,0,0,0,0,1,0,18,18,1,0,38,0,0,111,3,17,6,0
wazuh-1788715029.1245792,2026-09-06T17:17:09.554000Z,target-kali-01,5501,3,authentication_success|pam|syslog,pam,T1078,journald,0,0,0,0,0,0,0,0,0,0,1,0,18,18,1,0,38,0,0,111,3,17,6,0
wazuh-1788715030.1246235,2026-09-06T17:17:10.656000Z,film-laptop,86601,3,ids|suricata,json,none,/var/log/suricata/eve.json,68,67,1,1,0,0,1,0,0,0,0,0,10,8,3,0,0,0,0,0,4,17,6,0
wazuh-1788715030.1248441,2026-09-06T17:17:10.656000Z,film-laptop,86601,3,ids|suricata,json,none,/var/log/suricata/eve.json,68,67,1,1,0,0,1,0,0,0,0,0,11,9,3,0,0,0,0,0,4,17,6,0
wazuh-1788715032.1250647,2026-09-06T17:17:12.221000Z,lab-sensor-01,31101,5,accesslog|attack|web,web-accesslog,none,/var/log/apache2/access.log,0,0,1,0,0,0,1,0,0,0,0,0,26,9,6,0,9,0,0,66,6,17,6,0
wazuh-1788715034.1251089,2026-09-06T17:17:14.225000Z,lab-sensor-01,31101,5,accesslog|attack|web,web-accesslog,none,/var/log/apache2/access.log,0,0,1,0,0,0,1,0,0,0,0,0,27,10,6,0,9,0,0,66,6,17,6,0
wazuh-1788715036.1251531,2026-09-06T17:17:16.227000Z,lab-sensor-01,31101,5,accesslog|attack|web,web-accesslog,none,/var/log/apache2/access.log,0,0,1,0,0,0,1,0,0,0,0,0,28,11,6,0,9,0,0,66,6,17,6,0
wazuh-1788715038.1251979,2026-09-06T17:17:18.230000Z,lab-sensor-01,30305,5,access_denied|apache|web,apache-errorlog,none,/var/log/apache2/error.log,40832,0,1,0,0,0,1,0,0,0,0,0,29,3,6,0,9,0,0,66,6,17,6,0
wazuh-1788715038.1252579,2026-09-06T17:17:18.230000Z,lab-sensor-01,31516,6,appsec|attack|web,web-accesslog,T1055,/var/log/apache2/access.log,0,0,1,0,0,0,1,0,0,0,0,0,30,3,6,0,9,0,0,66,6,17,6,0
wazuh-1788715051.1253022,2026-09-06T17:17:31.722000Z,target-kali-01,5501,3,authentication_success|pam|syslog,pam,T1078,journald,0,0,0,0,0,0,0,0,0,0,1,0,18,18,1,0,38,0,0,111,3,17,6,0
wazuh-1788715063.1253465,2026-09-06T17:17:43.762000Z,target-kali-01,5501,3,authentication_success|pam|syslog,pam,T1078,journald,0,0,0,0,0,0,0,0,0,0,1,0,18,18,1,0,38,0,0,112,3,17,6,0
wazuh-1788715064.1253908,2026-09-06T17:17:44.703000Z,lab-sensor-01,31101,5,accesslog|attack|web,web-accesslog,none,/var/log/apache2/access.log,0,0,1,0,0,0,1,0,0,0,0,0,31,12,6,0,9,0,0,64,6,17,6,0
wazuh-1788715066.1254350,2026-09-06T17:17:46.705000Z,lab-sensor-01,31101,5,accesslog|attack|web,web-accesslog,none,/var/log/apache2/access.log,0,0,1,0,0,0,1,0,0,0,0,0,31,13,6,0,9,0,0,64,6,17,6,0
wazuh-1788715068.1254792,2026-09-06T17:17:48.713000Z,lab-sensor-01,31101,5,accesslog|attack|web,web-accesslog,none,/var/log/apache2/access.log,0,0,1,0,0,0,1,0,0,0,0,0,32,14,6,0,9,0,0,64,6,17,6,0
wazuh-1788715070.1255240,2026-09-06T17:17:50.715000Z,lab-sensor-01,30305,5,access_denied|apache|web,apache-errorlog,none,/var/log/apache2/error.log,44206,0,1,0,0,0,1,0,0,0,0,0,32,4,6,0,9,0,0,64,6,17,6,0
wazuh-1788715070.1255840,2026-09-06T17:17:50.716000Z,lab-sensor-01,31516,6,appsec|attack|web,web-accesslog,T1055,/var/log/apache2/access.log,0,0,1,0,0,0,1,0,0,0,0,0,33,4,6,0,9,0,0,64,6,17,6,0
wazuh-1788715081.1256283,2026-09-06T17:18:01.854000Z,target-kali-01,5501,3,authentication_success|pam|syslog,pam,T1078,journald,0,0,0,0,0,0,0,0,0,0,1,0,18,18,1,0,38,0,0,112,3,17,6,0
wazuh-1788715090.1256726,2026-09-06T17:18:10.656000Z,film-laptop,86601,3,ids|suricata,json,none,/var/log/suricata/eve.json,68,67,1,1,0,0,1,0,0,0,0,0,10,8,3,0,0,0,0,0,4,17,6,0
wazuh-1788715090.1258930,2026-09-06T17:18:10.658000Z,film-laptop,86601,3,ids|suricata,json,none,/var/log/suricata/eve.json,68,67,1,1,0,0,1,0,0,0,0,0,11,9,3,0,0,0,0,0,4,17,6,0
wazuh-1788715104.1261134,2026-09-06T17:18:24.794000Z,target-kali-01,5501,3,authentication_success|pam|syslog,pam,T1078,journald,0,0,0,0,0,0,0,0,0,0,1,0,18,18,1,0,37,0,0,111,3,17,6,0
wazuh-1788715115.1261577,2026-09-06T17:18:35.174000Z,lab-sensor-01,31104,6,accesslog|attack|web,web-accesslog,T1055|T1083|T1190,/var/log/apache2/access.log,0,0,1,0,0,0,1,0,0,0,0,0,28,1,6,0,9,0,0,65,6,17,6,0
wazuh-1788715115.1262036,2026-09-06T17:18:35.591000Z,target-kali-01,5501,3,authentication_success|pam|syslog,pam,T1078,journald,0,0,0,0,0,0,0,0,0,0,1,0,18,18,1,0,37,0,0,111,3,17,6,0
wazuh-1788715119.1262479,2026-09-06T17:18:39.177000Z,lab-sensor-01,31106,6,accesslog|attack|web,web-accesslog,T1190,/var/log/apache2/access.log,0,0,1,0,0,0,1,0,0,0,0,0,29,1,6,0,9,0,0,66,6,17,6,0
wazuh-1788715136.1262964,2026-09-06T17:18:56.245000Z,target-kali-01,5501,3,authentication_success|pam|syslog,pam,T1078,journald,0,0,0,0,0,0,0,0,0,0,1,0,17,17,1,0,37,0,0,111,3,17,6,0
wazuh-1788715150.1263407,2026-09-06T17:19:10.493000Z,lab-sensor-01,31104,6,accesslog|attack|web,web-accesslog,T1055|T1083|T1190,/var/log/apache2/access.log,0,0,1,0,0,0,1,0,0,0,0,0,28,2,6,0,9,0,0,67,6,17,6,0
wazuh-1788715150.1263866,2026-09-06T17:19:10.713000Z,target-kali-01,5501,3,authentication_success|pam|syslog,pam,T1078,journald,0,0,0,0,0,0,0,0,0,0,1,0,17,17,1,0,37,0,0,111,3,17,6,0
wazuh-1788715150.1264309,2026-09-06T17:19:10.802000Z,film-laptop,86601,3,ids|suricata,json,none,/var/log/suricata/eve.json,68,67,1,1,0,0,1,0,0,0,0,0,9,8,3,0,0,0,0,0,4,17,6,0
wazuh-1788715150.1266515,2026-09-06T17:19:10.802000Z,film-laptop,86601,3,ids|suricata,json,none,/var/log/suricata/eve.json,68,67,1,1,0,0,1,0,0,0,0,0,10,9,3,0,0,0,0,0,4,17,6,0
wazuh-1788715154.1268721,2026-09-06T17:19:14.496000Z,lab-sensor-01,31106,6,accesslog|attack|web,web-accesslog,T1190,/var/log/apache2/access.log,0,0,1,0,0,0,1,0,0,0,0,0,26,2,6,0,9,0,0,68,6,17,6,0
wazuh-1788715171.1269206,2026-09-06T17:19:31.431000Z,target-kali-01,5501,3,authentication_success|pam|syslog,pam,T1078,journald,0,0,0,0,0,0,0,0,0,0,1,0,17,17,1,0,36,0,0,111,3,17,6,0
wazuh-1788715183.1269649,2026-09-06T17:19:43.305000Z,lab-sensor-01,31104,6,accesslog|attack|web,web-accesslog,T1055|T1083|T1190,/var/log/apache2/access.log,0,0,1,0,0,0,1,0,0,0,0,0,27,3,6,0,9,0,0,66,6,17,6,0
wazuh-1788715184.1270108,2026-09-06T17:19:44.935000Z,target-kali-01,5501,3,authentication_success|pam|syslog,pam,T1078,journald,0,0,0,0,0,0,0,0,0,0,1,0,17,17,1,0,36,0,0,111,3,17,6,0
wazuh-1788715188.1270551,2026-09-06T17:19:48.571000Z,lab-sensor-01,31106,6,accesslog|attack|web,web-accesslog,T1190,/var/log/apache2/access.log,0,0,1,0,0,0,1,0,0,0,0,0,28,3,6,0,9,0,0,67,6,17,6,0
wazuh-1788715202.1271036,2026-09-06T17:20:02.578000Z,target-kali-01,5501,3,authentication_success|pam|syslog,pam,T1078,journald,0,0,0,0,0,0,0,0,0,0,1,0,17,17,1,0,36,0,0,111,3,17,6,0
wazuh-1788715212.1271479,2026-09-06T17:20:12.647000Z,target-kali-01,5501,3,authentication_success|pam|syslog,pam,T1078,journald,0,0,0,0,0,0,0,0,0,0,1,0,18,18,1,0,36,0,0,112,3,17,6,0
wazuh-1788715213.1271922,2026-09-06T17:20:13.043000Z,film-laptop,86601,3,ids|suricata,json,none,/var/log/suricata/eve.json,68,67,1,1,0,0,1,0,0,0,0,0,8,8,3,0,0,0,0,0,4,17,6,0
wazuh-1788715213.1274128,2026-09-06T17:20:13.043000Z,film-laptop,86601,3,ids|suricata,json,none,/var/log/suricata/eve.json,68,67,1,1,0,0,1,0,0,0,0,0,9,9,3,0,0,0,0,0,4,17,6,0
wazuh-1788715224.1276334,2026-09-06T17:20:24.705000Z,target-kali-01,5501,3,authentication_success|pam|syslog,pam,T1078,journald,0,0,0,0,0,0,0,0,0,0,1,0,18,18,1,0,36,0,0,112,3,17,6,0
wazuh-1788715234.1276777,2026-09-06T17:20:34.770000Z,target-kali-01,5501,3,authentication_success|pam|syslog,pam,T1078,journald,0,0,0,0,0,0,0,0,0,0,1,0,18,18,1,0,36,0,0,112,3,17,6,0
wazuh-1788715247.1277220,2026-09-06T17:20:47.018000Z,target-kali-01,5501,3,authentication_success|pam|syslog,pam,T1078,journald,0,0,0,0,0,0,0,0,0,0,1,0,19,19,1,0,36,0,0,112,3,17,6,0
wazuh-1788715262.1277663,2026-09-06T17:21:02.724000Z,lab-sensor-01,31104,6,accesslog|attack|web,web-accesslog,T1055|T1083|T1190,/var/log/apache2/access.log,0,0,1,0,0,0,1,0,0,0,0,0,22,3,6,0,9,0,0,63,6,17,6,0
wazuh-1788715263.1278122,2026-09-06T17:21:03.266000Z,target-kali-01,5501,3,authentication_success|pam|syslog,pam,T1078,journald,0,0,0,0,0,0,0,0,0,0,1,0,19,19,1,0,37,0,0,112,3,17,6,0
wazuh-1788715267.1278565,2026-09-06T17:21:07.136000Z,lab-sensor-01,31106,6,accesslog|attack|web,web-accesslog,T1190,/var/log/apache2/access.log,0,0,1,0,0,0,1,0,0,0,0,0,22,3,6,0,9,0,0,64,6,17,6,0
wazuh-1788715267.1279050,2026-09-06T17:21:07.648000Z,film-laptop,591,3,ossec,ossec,none,logcollector,0,0,0,0,0,0,0,0,0,0,0,0,10,0,3,0,0,0,0,0,4,17,6,0
wazuh-1788715273.1279423,2026-09-06T17:21:13.124000Z,film-laptop,86601,3,ids|suricata,json,none,/var/log/suricata/eve.json,68,67,1,1,0,0,1,0,0,0,0,0,9,8,3,0,0,0,0,0,4,17,6,0
wazuh-1788715273.1281625,2026-09-06T17:21:13.124000Z,film-laptop,86601,3,ids|suricata,json,none,/var/log/suricata/eve.json,68,67,1,1,0,0,1,0,0,0,0,0,10,9,3,0,0,0,0,0,4,17,6,0
wazuh-1788715285.1283827,2026-09-06T17:21:25.190000Z,lab-sensor-01,5710,5,authentication_failed|invalid_login|sshd|syslog,sshd,T1021.004|T1110.001,journald,48740,0,1,0,0,0,1,0,0,0,1,0,20,2,6,0,9,0,0,65,6,17,6,0
wazuh-1788715285.1284376,2026-09-06T17:21:25.324000Z,target-kali-01,5501,3,authentication_success|pam|syslog,pam,T1078,journald,0,0,0,0,0,0,0,0,0,0,1,0,18,18,1,0,36,0,0,112,3,17,6,0
wazuh-1788715287.1284819,2026-09-06T17:21:27.192000Z,lab-sensor-01,5710,5,authentication_failed|invalid_login|sshd|syslog,sshd,T1021.004|T1110.001,journald,48752,0,1,0,0,0,1,0,0,0,1,0,21,3,6,0,10,0,0,66,6,17,6,0
wazuh-1788715291.1285368,2026-09-06T17:21:31.197000Z,lab-sensor-01,5710,5,authentication_failed|invalid_login|sshd|syslog,sshd,T1021.004|T1110.001,journald,48760,0,1,0,0,0,1,0,0,0,1,0,21,3,6,0,11,0,0,67,6,17,6,0
wazuh-1788715305.1285917,2026-09-06T17:21:45.513000Z,target-kali-01,5501,3,authentication_success|pam|syslog,pam,T1078,journald,0,0,0,0,0,0,0,0,0,0,1,0,18,18,1,0,36,0,0,112,3,17,6,0
wazuh-1788715321.1286360,2026-09-06T17:22:01.579000Z,target-kali-01,5501,3,authentication_success|pam|syslog,pam,T1078,journald,0,0,0,0,0,0,0,0,0,0,1,0,18,18,1,0,37,0,0,112,3,17,6,0
wazuh-1788715335.1286803,2026-09-06T17:22:15.046000Z,film-laptop,86601,3,ids|suricata,json,none,/var/log/suricata/eve.json,68,67,1,1,0,0,1,0,0,0,0,0,9,8,3,0,0,0,0,0,4,17,6,0
wazuh-1788715335.1289009,2026-09-06T17:22:15.048000Z,film-laptop,86601,3,ids|suricata,json,none,/var/log/suricata/eve.json,68,67,1,1,0,0,1,0,0,0,0,0,10,9,3,0,0,0,0,0,4,17,6,0
wazuh-1788715335.1291215,2026-09-06T17:22:15.641000Z,target-kali-01,5501,3,authentication_success|pam|syslog,pam,T1078,journald,0,0,0,0,0,0,0,0,0,0,1,0,18,18,1,0,37,0,0,112,3,17,6,0
wazuh-1788715347.1291658,2026-09-06T17:22:27.885000Z,target-kali-01,5501,3,authentication_success|pam|syslog,pam,T1078,journald,0,0,0,0,0,0,0,0,0,0,1,0,19,19,1,0,37,0,0,112,3,17,6,0
wazuh-1788715362.1292101,2026-09-06T17:22:42.130000Z,target-kali-01,5501,3,authentication_success|pam|syslog,pam,T1078,journald,0,0,0,0,0,0,0,0,0,0,1,0,19,19,1,0,37,0,0,113,3,17,6,0
wazuh-1788715373.1292544,2026-09-06T17:22:53.625000Z,lab-sensor-01,31104,6,accesslog|attack|web,web-accesslog,T1055|T1083|T1190,/var/log/apache2/access.log,0,0,1,0,0,0,1,0,0,0,0,0,11,4,6,0,9,0,0,63,6,17,6,0
wazuh-1788715374.1293003,2026-09-06T17:22:54.015000Z,target-kali-01,5501,3,authentication_success|pam|syslog,pam,T1078,journald,0,0,0,0,0,0,0,0,0,0,1,0,19,19,1,0,37,0,0,113,3,17,6,0
wazuh-1788715377.1293446,2026-09-06T17:22:57.629000Z,lab-sensor-01,31106,6,accesslog|attack|web,web-accesslog,T1190,/var/log/apache2/access.log,0,0,1,0,0,0,1,0,0,0,0,0,12,4,6,0,9,0,0,64,6,17,6,0
wazuh-1788715394.1293931,2026-09-06T17:23:14.453000Z,target-kali-01,5501,3,authentication_success|pam|syslog,pam,T1078,journald,0,0,0,0,0,0,0,0,0,0,1,0,19,19,1,0,37,0,0,113,3,17,6,0
wazuh-1788715395.1294374,2026-09-06T17:23:15.062000Z,film-laptop,86601,3,ids|suricata,json,none,/var/log/suricata/eve.json,68,67,1,1,0,0,1,0,0,0,0,0,9,8,3,0,0,0,0,0,4,17,6,0
wazuh-1788715395.1296578,2026-09-06T17:23:15.064000Z,film-laptop,86601,3,ids|suricata,json,none,/var/log/suricata/eve.json,68,67,1,1,0,0,1,0,0,0,0,0,10,9,3,0,0,0,0,0,4,17,6,0
wazuh-1788715395.1298782,2026-09-06T17:23:15.442000Z,lab-sensor-01,5710,5,authentication_failed|invalid_login|sshd|syslog,sshd,T1021.004|T1110.001,journald,40084,0,1,0,0,0,1,0,0,0,1,0,13,3,6,0,9,0,0,65,6,17,6,0
wazuh-1788715399.1299331,2026-09-06T17:23:19.447000Z,lab-sensor-01,5710,5,authentication_failed|invalid_login|sshd|syslog,sshd,T1021.004|T1110.001,journald,40094,0,1,0,0,0,1,0,0,0,1,0,14,4,6,0,10,0,0,66,6,17,6,0
wazuh-1788715401.1299880,2026-09-06T17:23:21.450000Z,lab-sensor-01,5710,5,authentication_failed|invalid_login|sshd|syslog,sshd,T1021.004|T1110.001,journald,40108,0,1,0,0,0,1,0,0,0,1,0,15,5,6,0,11,0,0,67,6,17,6,0
wazuh-1788715416.1300429,2026-09-06T17:23:36.534000Z,target-kali-01,5501,3,authentication_success|pam|syslog,pam,T1078,journald,0,0,0,0,0,0,0,0,0,0,1,0,18,18,1,0,37,0,0,112,3,17,6,0
wazuh-1788715428.1300872,2026-09-06T17:23:48.639000Z,target-kali-01,5501,3,authentication_success|pam|syslog,pam,T1078,journald,0,0,0,0,0,0,0,0,0,0,1,0,19,19,1,0,37,0,0,113,3,17,6,0
wazuh-1788715429.1301315,2026-09-06T17:23:49.037000Z,lab-sensor-01,31104,6,accesslog|attack|web,web-accesslog,T1055|T1083|T1190,/var/log/apache2/access.log,0,0,1,0,0,0,1,0,0,0,0,0,14,4,6,0,12,0,0,67,6,17,6,0
wazuh-1788715433.1301774,2026-09-06T17:23:53.017000Z,lab-sensor-01,31106,6,accesslog|attack|web,web-accesslog,T1190,/var/log/apache2/access.log,0,0,1,0,0,0,1,0,0,0,0,0,15,4,6,0,12,0,0,68,6,17,6,0
wazuh-1788715446.1302259,2026-09-06T17:24:06.730000Z,target-kali-01,5501,3,authentication_success|pam|syslog,pam,T1078,journald,0,0,0,0,0,0,0,0,0,0,1,0,19,19,1,0,37,0,0,113,3,17,6,0
wazuh-1788715457.1302702,2026-09-06T17:24:17.112000Z,film-laptop,86601,3,ids|suricata,json,none,/var/log/suricata/eve.json,68,67,1,1,0,0,1,0,0,0,0,0,9,8,2,0,0,0,0,0,3,17,6,0
wazuh-1788715457.1304908,2026-09-06T17:24:17.112000Z,film-laptop,86601,3,ids|suricata,json,none,/var/log/suricata/eve.json,68,67,1,1,0,0,1,0,0,0,0,0,10,9,2,0,0,0,0,0,3,17,6,0
wazuh-1788715465.1307114,2026-09-06T17:24:25.959000Z,target-kali-01,5501,3,authentication_success|pam|syslog,pam,T1078,journald,0,0,0,0,0,0,0,0,0,0,1,0,19,19,1,0,37,0,0,112,3,17,6,0
wazuh-1788715479.1307557,2026-09-06T17:24:39.624000Z,lab-sensor-01,5710,5,authentication_failed|invalid_login|sshd|syslog,sshd,T1021.004|T1110.001,journald,45736,0,1,0,0,0,1,0,0,0,1,0,14,6,6,0,12,0,0,67,6,17,6,0
wazuh-1788715480.1308106,2026-09-06T17:24:40.132000Z,target-kali-01,5501,3,authentication_success|pam|syslog,pam,T1078,journald,0,0,0,0,0,0,0,0,0,0,1,0,19,19,1,0,37,0,0,113,3,17,6,0
wazuh-1788715483.1308549,2026-09-06T17:24:43.635000Z,lab-sensor-01,5710,5,authentication_failed|invalid_login|sshd|syslog,sshd,T1021.004|T1110.001,journald,45746,0,1,0,0,0,1,0,0,0,1,0,14,7,6,0,13,0,0,68,6,17,6,0
wazuh-1788715485.1309098,2026-09-06T17:24:45.642000Z,lab-sensor-01,5710,5,authentication_failed|invalid_login|sshd|syslog,sshd,T1021.004|T1110.001,journald,47326,0,1,0,0,0,1,0,0,0,1,0,15,8,6,0,14,0,0,69,6,17,6,0
wazuh-1788715500.1309647,2026-09-06T17:25:00.242000Z,target-kali-01,5501,3,authentication_success|pam|syslog,pam,T1078,journald,0,0,0,0,0,0,0,0,0,0,1,0,19,19,1,0,36,0,0,112,3,17,6,0
wazuh-1788715514.1310090,2026-09-06T17:25:14.279000Z,target-kali-01,5501,3,authentication_success|pam|syslog,pam,T1078,journald,0,0,0,0,0,0,0,0,0,0,1,0,18,18,1,0,37,0,0,111,3,17,6,0
wazuh-1788715515.1310533,2026-09-06T17:25:15.703000Z,lab-sensor-01,5710,5,authentication_failed|invalid_login|sshd|syslog,sshd,T1021.004|T1110.001,journald,55168,0,1,0,0,0,1,0,0,0,1,0,15,9,6,0,15,0,0,68,6,17,6,0
wazuh-1788715517.1311082,2026-09-06T17:25:17.384000Z,film-laptop,86601,3,ids|suricata,json,none,/var/log/suricata/eve.json,68,67,1,1,0,0,1,0,0,0,0,0,9,8,2,0,0,0,0,0,3,17,6,0
wazuh-1788715517.1313286,2026-09-06T17:25:17.384000Z,film-laptop,86601,3,ids|suricata,json,none,/var/log/suricata/eve.json,68,67,1,1,0,0,1,0,0,0,0,0,10,9,2,0,0,0,0,0,3,17,6,0
wazuh-1788715517.1315490,2026-09-06T17:25:17.708000Z,lab-sensor-01,5710,5,authentication_failed|invalid_login|sshd|syslog,sshd,T1021.004|T1110.001,journald,55178,0,1,0,0,0,1,0,0,0,1,0,16,10,6,0,16,0,0,69,6,17,6,0
wazuh-1788715521.1316039,2026-09-06T17:25:21.715000Z,lab-sensor-01,5710,5,authentication_failed|invalid_login|sshd|syslog,sshd,T1021.004|T1110.001,journald,55192,0,1,0,0,0,1,0,0,0,1,0,17,11,6,0,17,0,0,70,6,17,6,0
wazuh-1788715534.1316588,2026-09-06T17:25:34.345000Z,target-kali-01,5501,3,authentication_success|pam|syslog,pam,T1078,journald,0,0,0,0,0,0,0,0,0,0,1,0,18,18,1,0,36,0,0,111,3,17,6,0
wazuh-1788715549.1317031,2026-09-06T17:25:49.071000Z,target-kali-01,5501,3,authentication_success|pam|syslog,pam,T1078,journald,0,0,0,0,0,0,0,0,0,0,1,0,17,17,1,0,37,0,0,111,3,17,6,0
wazuh-1788715560.1317474,2026-09-06T17:26:00.315000Z,target-kali-01,5501,3,authentication_success|pam|syslog,pam,T1078,journald,0,0,0,0,0,0,0,0,0,0,1,0,18,18,1,0,37,0,0,112,3,17,6,0
wazuh-1788715573.1317917,2026-09-06T17:26:13.580000Z,target-kali-01,5501,3,authentication_success|pam|syslog,pam,T1078,journald,0,0,0,0,0,0,0,0,0,0,1,0,18,18,1,0,37,0,0,111,3,17,6,0
wazuh-1788715573.1318360,2026-09-06T17:26:13.813000Z,lab-sensor-01,5710,5,authentication_failed|invalid_login|sshd|syslog,sshd,T1021.004|T1110.001,journald,52110,0,1,0,0,0,1,0,0,0,1,0,16,12,6,0,15,0,0,71,6,17,6,0
wazuh-1788715577.1318909,2026-09-06T17:26:17.209000Z,film-laptop,86601,3,ids|suricata,json,none,/var/log/suricata/eve.json,68,67,1,1,0,0,1,0,0,0,0,0,8,8,2,0,0,0,0,0,3,17,6,0
wazuh-1788715577.1321111,2026-09-06T17:26:17.250000Z,film-laptop,86601,3,ids|suricata,json,none,/var/log/suricata/eve.json,68,67,1,1,0,0,1,0,0,0,0,0,9,9,2,0,0,0,0,0,3,17,6,0
wazuh-1788715577.1323313,2026-09-06T17:26:17.820000Z,lab-sensor-01,5712,10,authentication_failures|sshd|syslog,sshd,T1110,journald,52114,0,1,0,0,0,1,0,0,0,1,0,17,0,6,0,16,0,0,72,6,17,6,0
wazuh-1788715579.1324647,2026-09-06T17:26:19.824000Z,lab-sensor-01,5710,5,authentication_failed|invalid_login|sshd|syslog,sshd,T1021.004|T1110.001,journald,52120,0,1,0,0,0,1,0,0,0,1,0,18,13,7,1,17,0,0,73,10,17,6,0
wazuh-1788715587.1325196,2026-09-06T17:26:27.681000Z,film-laptop,591,3,ossec,ossec,none,logcollector,0,0,0,0,0,0,0,0,0,0,0,0,10,0,2,0,0,0,0,0,3,17,6,0
wazuh-1788715593.1325569,2026-09-06T17:26:33.673000Z,target-kali-01,5501,3,authentication_success|pam|syslog,pam,T1078,journald,0,0,0,0,0,0,0,0,0,0,1,0,18,18,1,0,37,0,0,111,3,17,6,0
wazuh-1788715609.1326012,2026-09-06T17:26:49.772000Z,target-kali-01,5501,3,authentication_success|pam|syslog,pam,T1078,journald,0,0,0,0,0,0,0,0,0,0,1,0,18,18,1,0,37,0,0,111,3,17,6,0
wazuh-1788715619.1326455,2026-09-06T17:26:59.816000Z,target-kali-01,5501,3,authentication_success|pam|syslog,pam,T1078,journald,0,0,0,0,0,0,0,0,0,0,1,0,19,19,1,0,37,0,0,112,3,17,6,0
wazuh-1788715637.1326898,2026-09-06T17:27:17.546000Z,film-laptop,86601,3,ids|suricata,json,none,/var/log/suricata/eve.json,68,67,1,1,0,0,1,0,0,0,0,0,9,8,2,0,0,0,0,0,3,17,6,0
wazuh-1788715637.1329104,2026-09-06T17:27:17.546000Z,film-laptop,86601,3,ids|suricata,json,none,/var/log/suricata/eve.json,68,67,1,1,0,0,1,0,0,0,0,0,10,9,2,0,0,0,0,0,3,17,6,0
wazuh-1788715640.1331310,2026-09-06T17:27:20.070000Z,target-kali-01,5501,3,authentication_success|pam|syslog,pam,T1078,journald,0,0,0,0,0,0,0,0,0,0,1,0,18,18,1,0,37,0,0,111,3,17,6,0
wazuh-1788715653.1331753,2026-09-06T17:27:33.456000Z,lab-sensor-01,31104,6,accesslog|attack|web,web-accesslog,T1055|T1083|T1190,/var/log/apache2/access.log,0,0,1,0,0,0,1,0,0,0,0,0,16,2,7,1,15,0,0,71,10,17,6,0
wazuh-1788715654.1332212,2026-09-06T17:27:34.150000Z,target-kali-01,5501,3,authentication_success|pam|syslog,pam,T1078,journald,0,0,0,0,0,0,0,0,0,0,1,0,18,18,1,0,37,0,0,111,3,17,6,0
wazuh-1788715657.1332655,2026-09-06T17:27:37.464000Z,lab-sensor-01,31106,6,accesslog|attack|web,web-accesslog,T1190,/var/log/apache2/access.log,0,0,1,0,0,0,1,0,0,0,0,0,17,2,7,1,15,0,0,72,10,17,6,0
wazuh-1788715670.1333140,2026-09-06T17:27:50.460000Z,target-kali-01,5501,3,authentication_success|pam|syslog,pam,T1078,journald,0,0,0,0,0,0,0,0,0,0,1,0,18,18,1,0,37,0,0,112,3,17,6,0
wazuh-1788715687.1333583,2026-09-06T17:28:07.793000Z,target-kali-01,5501,3,authentication_success|pam|syslog,pam,T1078,journald,0,0,0,0,0,0,0,0,0,0,1,0,18,18,1,0,37,0,0,112,3,17,6,0
wazuh-1788715697.1334026,2026-09-06T17:28:17.379000Z,film-laptop,86601,3,ids|suricata,json,none,/var/log/suricata/eve.json,68,67,1,1,0,0,1,0,0,0,0,0,9,8,2,0,0,0,0,0,3,17,6,0
wazuh-1788715697.1336230,2026-09-06T17:28:17.420000Z,film-laptop,86601,3,ids|suricata,json,none,/var/log/suricata/eve.json,68,67,1,1,0,0,1,0,0,0,0,0,10,9,2,0,0,0,0,0,3,17,6,0
wazuh-1788715702.1338434,2026-09-06T17:28:22.865000Z,target-kali-01,5501,3,authentication_success|pam|syslog,pam,T1078,journald,0,0,0,0,0,0,0,0,0,0,1,0,18,18,1,0,38,0,0,112,3,17,6,0
wazuh-1788715716.1338877,2026-09-06T17:28:36.938000Z,target-kali-01,5501,3,authentication_success|pam|syslog,pam,T1078,journald,0,0,0,0,0,0,0,0,0,0,1,0,18,18,1,0,37,0,0,112,3,17,6,0
wazuh-1788715734.1339320,2026-09-06T17:28:54.187000Z,lab-sensor-01,5710,5,authentication_failed|invalid_login|sshd|syslog,sshd,T1021.004|T1110.001,journald,43468,0,1,0,0,0,1,0,0,0,1,0,11,8,4,1,15,0,0,64,10,17,6,0
wazuh-1788715735.1339869,2026-09-06T17:28:55.019000Z,target-kali-01,5501,3,authentication_success|pam|syslog,pam,T1078,journald,0,0,0,0,0,0,0,0,0,0,1,0,18,18,1,0,38,0,0,112,3,17,6,0
wazuh-1788715738.1340312,2026-09-06T17:28:58.194000Z,lab-sensor-01,5710,5,authentication_failed|invalid_login|sshd|syslog,sshd,T1021.004|T1110.001,journald,43474,0,1,0,0,0,1,0,0,0,1,0,12,9,4,1,16,0,0,65,10,17,6,0
wazuh-1788715740.1340861,2026-09-06T17:29:00.199000Z,lab-sensor-01,5710,5,authentication_failed|invalid_login|sshd|syslog,sshd,T1021.004|T1110.001,journald,43476,0,1,0,0,0,1,0,0,0,1,0,13,10,4,1,17,0,0,66,10,17,6,0
wazuh-1788715753.1341410,2026-09-06T17:29:13.091000Z,target-kali-01,5501,3,authentication_success|pam|syslog,pam,T1078,journald,0,0,0,0,0,0,0,0,0,0,1,0,18,18,1,0,37,0,0,111,3,17,6,0
wazuh-1788715757.1341853,2026-09-06T17:29:17.629000Z,film-laptop,86601,3,ids|suricata,json,none,/var/log/suricata/eve.json,68,67,1,1,0,0,1,0,0,0,0,0,9,8,2,0,0,0,0,0,3,17,6,0
wazuh-1788715757.1344063,2026-09-06T17:29:17.631000Z,film-laptop,86601,3,ids|suricata,json,none,/var/log/suricata/eve.json,68,67,1,1,0,0,1,0,0,0,0,0,10,9,2,0,0,0,0,0,3,17,6,0
wazuh-1788715764.1346273,2026-09-06T17:29:24.279000Z,lab-sensor-01,31104,6,accesslog|attack|web,web-accesslog,T1055|T1083|T1190,/var/log/apache2/access.log,0,0,1,0,0,0,1,0,0,0,0,0,14,1,4,1,18,0,0,67,10,17,6,0
wazuh-1788715765.1346732,2026-09-06T17:29:25.429000Z,target-kali-01,5501,3,authentication_success|pam|syslog,pam,T1078,journald,0,0,0,0,0,0,0,0,0,0,1,0,19,19,1,0,38,0,0,112,3,17,6,0
wazuh-1788715768.1347175,2026-09-06T17:29:28.247000Z,lab-sensor-01,31106,6,accesslog|attack|web,web-accesslog,T1190,/var/log/apache2/access.log,0,0,1,0,0,0,1,0,0,0,0,0,15,1,4,1,18,0,0,68,10,17,6,0
wazuh-1788715785.1347660,2026-09-06T17:29:45.507000Z,target-kali-01,5501,3,authentication_success|pam|syslog,pam,T1078,journald,0,0,0,0,0,0,0,0,0,0,1,0,18,18,1,0,37,0,0,112,3,17,6,0
wazuh-1788715800.1348103,2026-09-06T17:30:00.306000Z,target-kali-01,5501,3,authentication_success|pam|syslog,pam,T1078,journald,0,0,0,0,0,0,0,0,0,0,1,0,18,18,1,0,38,0,0,112,3,17,6,0
wazuh-1788715818.1348546,2026-09-06T17:30:18.361000Z,target-kali-01,5501,3,authentication_success|pam|syslog,pam,T1078,journald,0,0,0,0,0,0,0,0,0,0,1,0,18,18,1,0,37,0,0,112,3,17,6,0
wazuh-1788715819.1348989,2026-09-06T17:30:19.480000Z,film-laptop,86601,3,ids|suricata,json,none,/var/log/suricata/eve.json,68,67,1,1,0,0,1,0,0,0,0,0,9,8,2,0,0,0,0,0,3,17,6,0
wazuh-1788715819.1351193,2026-09-06T17:30:19.480000Z,film-laptop,86601,3,ids|suricata,json,none,/var/log/suricata/eve.json,68,67,1,1,0,0,1,0,0,0,0,0,10,9,2,0,0,0,0,0,3,17,6,0
wazuh-1788715836.1353397,2026-09-06T17:30:36.427000Z,lab-sensor-01,31104,6,accesslog|attack|web,web-accesslog,T1055|T1083|T1190,/var/log/apache2/access.log,0,0,1,0,0,0,1,0,0,0,0,0,10,2,4,1,18,0,0,65,10,17,6,0
wazuh-1788715836.1353856,2026-09-06T17:30:36.839000Z,target-kali-01,5501,3,authentication_success|pam|syslog,pam,T1078,journald,0,0,0,0,0,0,0,0,0,0,1,0,18,18,1,0,36,0,0,112,3,17,6,0
wazuh-1788715840.1354299,2026-09-06T17:30:40.396000Z,lab-sensor-01,31106,6,accesslog|attack|web,web-accesslog,T1190,/var/log/apache2/access.log,0,0,1,0,0,0,1,0,0,0,0,0,11,2,4,1,18,0,0,66,10,17,6,0
wazuh-1788715855.1354784,2026-09-06T17:30:55.177000Z,target-kali-01,5501,3,authentication_success|pam|syslog,pam,T1078,journald,0,0,0,0,0,0,0,0,0,0,1,0,18,18,1,0,36,0,0,112,3,17,6,0
wazuh-1788715856.1355227,2026-09-06T17:30:56.453000Z,lab-sensor-01,5710,5,authentication_failed|invalid_login|sshd|syslog,sshd,T1021.004|T1110.001,journald,59132,0,1,0,0,0,1,0,0,0,1,0,12,5,4,1,18,0,0,67,10,17,6,0
wazuh-1788715858.1355776,2026-09-06T17:30:58.460000Z,lab-sensor-01,5710,5,authentication_failed|invalid_login|sshd|syslog,sshd,T1021.004|T1110.001,journald,59140,0,1,0,0,0,1,0,0,0,1,0,13,6,4,1,19,0,0,68,10,17,6,0
wazuh-1788715862.1356325,2026-09-06T17:31:02.466000Z,lab-sensor-01,5710,5,authentication_failed|invalid_login|sshd|syslog,sshd,T1021.004|T1110.001,journald,59144,0,1,0,0,0,1,0,0,0,1,0,14,7,4,1,20,0,0,69,10,17,6,0
wazuh-1788715876.1356874,2026-09-06T17:31:16.901000Z,target-kali-01,5501,3,authentication_success|pam|syslog,pam,T1078,journald,0,0,0,0,0,0,0,0,0,0,1,0,17,17,1,0,36,0,0,111,3,17,6,0
wazuh-1788715879.1357317,2026-09-06T17:31:19.548000Z,film-laptop,86601,3,ids|suricata,json,none,/var/log/suricata/eve.json,68,67,1,1,0,0,1,0,0,0,0,0,9,8,2,0,0,0,0,0,3,17,6,0
wazuh-1788715879.1359523,2026-09-06T17:31:19.550000Z,film-laptop,86601,3,ids|suricata,json,none,/var/log/suricata/eve.json,68,67,1,1,0,0,1,0,0,0,0,0,10,9,2,0,0,0,0,0,3,17,6,0
wazuh-1788715897.1361729,2026-09-06T17:31:37.743000Z,target-kali-01,5501,3,authentication_success|pam|syslog,pam,T1078,journald,0,0,0,0,0,0,0,0,0,0,1,0,17,17,1,0,36,0,0,110,3,17,6,0
wazuh-1788715898.1362172,2026-09-06T17:31:38.195000Z,lab-sensor-01,31104,6,accesslog|attack|web,web-accesslog,T1055|T1083|T1190,/var/log/apache2/access.log,0,0,1,0,0,0,1,0,0,0,0,0,12,3,4,1,18,0,0,70,10,17,6,0
wazuh-1788715902.1362631,2026-09-06T17:31:42.189000Z,lab-sensor-01,31106,6,accesslog|attack|web,web-accesslog,T1190,/var/log/apache2/access.log,0,0,1,0,0,0,1,0,0,0,0,0,13,3,4,1,18,0,0,71,10,17,6,0
wazuh-1788715916.1363116,2026-09-06T17:31:56.408000Z,target-kali-01,5501,3,authentication_success|pam|syslog,pam,T1078,journald,0,0,0,0,0,0,0,0,0,0,1,0,17,17,1,0,36,0,0,110,3,17,6,0
wazuh-1788715935.1363559,2026-09-06T17:32:15.436000Z,target-kali-01,5501,3,authentication_success|pam|syslog,pam,T1078,journald,0,0,0,0,0,0,0,0,0,0,1,0,17,17,1,0,36,0,0,110,3,17,6,0
wazuh-1788715939.1364002,2026-09-06T17:32:19.612000Z,film-laptop,86601,3,ids|suricata,json,none,/var/log/suricata/eve.json,68,67,1,1,0,0,1,0,0,0,0,0,8,8,2,0,0,0,0,0,3,17,6,0
wazuh-1788715939.1366206,2026-09-06T17:32:19.614000Z,film-laptop,86601,3,ids|suricata,json,none,/var/log/suricata/eve.json,68,67,1,1,0,0,1,0,0,0,0,0,9,9,2,0,0,0,0,0,3,17,6,0
wazuh-1788715950.1368410,2026-09-06T17:32:30.139000Z,target-kali-01,5501,3,authentication_success|pam|syslog,pam,T1078,journald,0,0,0,0,0,0,0,0,0,0,1,0,17,17,1,0,35,0,0,111,3,17,6,0
wazuh-1788715950.1368853,2026-09-06T17:32:30.659000Z,lab-sensor-01,5710,5,authentication_failed|invalid_login|sshd|syslog,sshd,T1021.004|T1110.001,journald,54444,0,1,0,0,0,1,0,0,0,1,0,14,6,4,1,18,0,0,69,10,17,6,0
wazuh-1788715952.1369402,2026-09-06T17:32:32.661000Z,lab-sensor-01,5710,5,authentication_failed|invalid_login|sshd|syslog,sshd,T1021.004|T1110.001,journald,54446,0,1,0,0,0,1,0,0,0,1,0,15,7,4,1,19,0,0,70,10,17,6,0
wazuh-1788715956.1369951,2026-09-06T17:32:36.668000Z,lab-sensor-01,5710,5,authentication_failed|invalid_login|sshd|syslog,sshd,T1021.004|T1110.001,journald,56764,0,1,0,0,0,1,0,0,0,1,0,15,8,4,1,20,0,0,71,10,17,6,0
wazuh-1788715970.1370500,2026-09-06T17:32:50.993000Z,target-kali-01,5501,3,authentication_success|pam|syslog,pam,T1078,journald,0,0,0,0,0,0,0,0,0,0,1,0,16,16,1,0,35,0,0,110,3,17,6,0
wazuh-1788715971.1370943,2026-09-06T17:32:51.719000Z,film-laptop,591,3,ossec,ossec,none,logcollector,0,0,0,0,0,0,0,0,0,0,0,0,10,0,2,0,0,0,0,0,3,17,6,0
wazuh-1788715972.1371316,2026-09-06T17:32:52.321000Z,lab-sensor-01,31104,6,accesslog|attack|web,web-accesslog,T1055|T1083|T1190,/var/log/apache2/access.log,0,0,1,0,0,0,1,0,0,0,0,0,15,3,4,1,21,0,0,72,10,17,6,0
wazuh-1788715976.1371775,2026-09-06T17:32:56.330000Z,lab-sensor-01,31106,6,accesslog|attack|web,web-accesslog,T1190,/var/log/apache2/access.log,0,0,1,0,0,0,1,0,0,0,0,0,16,3,4,1,21,0,0,72,10,17,6,0
wazuh-1788715989.1372260,2026-09-06T17:33:09.388000Z,target-kali-01,5501,3,authentication_success|pam|syslog,pam,T1078,journald,0,0,0,0,0,0,0,0,0,0,1,0,16,16,1,0,35,0,0,111,3,17,6,0
wazuh-1788715990.1372703,2026-09-06T17:33:10.394000Z,lab-sensor-01,31104,6,accesslog|attack|web,web-accesslog,T1055|T1083|T1190,/var/log/apache2/access.log,0,0,1,0,0,0,1,0,0,0,0,0,17,4,4,1,21,0,0,72,10,17,6,0
wazuh-1788715994.1373162,2026-09-06T17:33:14.356000Z,lab-sensor-01,31106,6,accesslog|attack|web,web-accesslog,T1190,/var/log/apache2/access.log,0,0,1,0,0,0,1,0,0,0,0,0,18,4,4,1,21,0,0,72,10,17,6,0
wazuh-1788715999.1373647,2026-09-06T17:33:19.677000Z,film-laptop,86601,3,ids|suricata,json,none,/var/log/suricata/eve.json,68,67,1,1,0,0,1,0,0,0,0,0,9,8,2,0,0,0,0,0,3,17,6,0
wazuh-1788715999.1375853,2026-09-06T17:33:19.677000Z,film-laptop,86601,3,ids|suricata,json,none,/var/log/suricata/eve.json,68,67,1,1,0,0,1,0,0,0,0,0,10,9,2,0,0,0,0,0,3,17,6,0
wazuh-1788716010.1378059,2026-09-06T17:33:30.326000Z,target-kali-01,5501,3,authentication_success|pam|syslog,pam,T1078,journald,0,0,0,0,0,0,0,0,0,0,1,0,16,16,1,0,35,0,0,111,3,17,6,0
wazuh-1788716032.1378502,2026-09-06T17:33:52.474000Z,target-kali-01,5501,3,authentication_success|pam|syslog,pam,T1078,journald,0,0,0,0,0,0,0,0,0,0,1,0,16,16,1,0,34,0,0,110,3,17,6,0
wazuh-1788716044.1378945,2026-09-06T17:34:04.488000Z,target-kali-01,5501,3,authentication_success|pam|syslog,pam,T1078,journald,0,0,0,0,0,0,0,0,0,0,1,0,16,16,1,0,35,0,0,110,3,17,6,0
wazuh-1788716059.1379388,2026-09-06T17:34:19.818000Z,film-laptop,86601,3,ids|suricata,json,none,/var/log/suricata/eve.json,68,67,1,1,0,0,1,0,0,0,0,0,9,8,2,0,0,0,0,0,3,17,6,0
wazuh-1788716059.1381594,2026-09-06T17:34:19.818000Z,film-laptop,86601,3,ids|suricata,json,none,/var/log/suricata/eve.json,68,67,1,1,0,0,1,0,0,0,0,0,10,9,2,0,0,0,0,0,3,17,6,0
wazuh-1788716059.1383800,2026-09-06T17:34:19.907000Z,target-kali-01,5501,3,authentication_success|pam|syslog,pam,T1078,journald,0,0,0,0,0,0,0,0,0,0,1,0,16,16,1,0,35,0,0,111,3,17,6,0
wazuh-1788716069.1384243,2026-09-06T17:34:29.898000Z,target-kali-01,5501,3,authentication_success|pam|syslog,pam,T1078,journald,0,0,0,0,0,0,0,0,0,0,1,0,16,16,1,0,35,0,0,111,3,17,6,0
wazuh-1788716083.1384686,2026-09-06T17:34:43.934000Z,target-kali-01,5501,3,authentication_success|pam|syslog,pam,T1078,journald,0,0,0,0,0,0,0,0,0,0,1,0,17,17,1,0,35,0,0,111,3,17,6,0
wazuh-1788716098.1385129,2026-09-06T17:34:58.001000Z,target-kali-01,5501,3,authentication_success|pam|syslog,pam,T1078,journald,0,0,0,0,0,0,0,0,0,0,1,0,17,17,1,0,36,0,0,112,3,17,6,0
wazuh-1788716114.1385572,2026-09-06T17:35:14.701000Z,target-kali-01,5501,3,authentication_success|pam|syslog,pam,T1078,journald,0,0,0,0,0,0,0,0,0,0,1,0,17,17,1,0,35,0,0,112,3,17,6,0
wazuh-1788716115.1386015,2026-09-06T17:35:15.026000Z,lab-sensor-01,5710,5,authentication_failed|invalid_login|sshd|syslog,sshd,T1021.004|T1110.001,journald,34766,0,1,0,0,0,1,0,0,0,1,0,14,6,4,1,15,0,0,70,10,17,6,0
wazuh-1788716117.1386564,2026-09-06T17:35:17.029000Z,lab-sensor-01,5710,5,authentication_failed|invalid_login|sshd|syslog,sshd,T1021.004|T1110.001,journald,34776,0,1,0,0,0,1,0,0,0,1,0,15,7,4,1,15,0,0,71,10,17,6,0
wazuh-1788716121.1387113,2026-09-06T17:35:21.045000Z,lab-sensor-01,5710,5,authentication_failed|invalid_login|sshd|syslog,sshd,T1021.004|T1110.001,journald,34790,0,1,0,0,0,1,0,0,0,1,0,16,8,4,1,15,0,0,72,10,17,6,0
wazuh-1788716121.1387662,2026-09-06T17:35:21.996000Z,film-laptop,86601,3,ids|suricata,json,none,/var/log/suricata/eve.json,68,67,1,1,0,0,1,0,0,0,0,0,9,8,2,0,0,0,0,0,3,17,6,0
wazuh-1788716122.1389866,2026-09-06T17:35:22.040000Z,film-laptop,86601,3,ids|suricata,json,none,/var/log/suricata/eve.json,68,67,1,1,0,0,1,0,0,0,0,0,10,9,2,0,0,0,0,0,3,17,6,0
wazuh-1788716135.1392070,2026-09-06T17:35:35.237000Z,target-kali-01,5501,3,authentication_success|pam|syslog,pam,T1078,journald,0,0,0,0,0,0,0,0,0,0,1,0,17,17,1,0,35,0,0,112,3,17,6,0
wazuh-1788716150.1392513,2026-09-06T17:35:50.129000Z,target-kali-01,5501,3,authentication_success|pam|syslog,pam,T1078,journald,0,0,0,0,0,0,0,0,0,0,1,0,17,17,1,0,35,0,0,111,3,17,6,0
wazuh-1788716160.1392956,2026-09-06T17:36:00.920000Z,target-kali-01,5501,3,authentication_success|pam|syslog,pam,T1078,journald,0,0,0,0,0,0,0,0,0,0,1,0,17,17,1,0,35,0,0,111,3,17,6,0
wazuh-1788716175.1393399,2026-09-06T17:36:15.021000Z,target-kali-01,5501,3,authentication_success|pam|syslog,pam,T1078,journald,0,0,0,0,0,0,0,0,0,0,1,0,18,18,1,0,35,0,0,111,3,17,6,0
wazuh-1788716175.1393842,2026-09-06T17:36:15.192000Z,lab-sensor-01,5710,5,authentication_failed|invalid_login|sshd|syslog,sshd,T1021.004|T1110.001,journald,44242,0,1,0,0,0,1,0,0,0,1,0,12,6,4,1,14,0,0,73,10,17,6,0
wazuh-1788716179.1394391,2026-09-06T17:36:19.204000Z,lab-sensor-01,5710,5,authentication_failed|invalid_login|sshd|syslog,sshd,T1021.004|T1110.001,journald,44256,0,1,0,0,0,1,0,0,0,1,0,13,7,3,0,14,0,0,74,6,17,6,0
wazuh-1788716181.1394940,2026-09-06T17:36:21.210000Z,lab-sensor-01,5710,5,authentication_failed|invalid_login|sshd|syslog,sshd,T1021.004|T1110.001,journald,44264,0,1,0,0,0,1,0,0,0,1,0,14,8,3,0,14,0,0,75,6,17,6,0
wazuh-1788716181.1395489,2026-09-06T17:36:21.965000Z,film-laptop,86601,3,ids|suricata,json,none,/var/log/suricata/eve.json,68,67,1,1,0,0,1,0,0,0,0,0,9,8,2,0,0,0,0,0,3,17,6,0
wazuh-1788716181.1397695,2026-09-06T17:36:21.969000Z,film-laptop,86601,3,ids|suricata,json,none,/var/log/suricata/eve.json,68,67,1,1,0,0,1,0,0,0,0,0,10,9,2,0,0,0,0,0,3,17,6,0
wazuh-1788716195.1399901,2026-09-06T17:36:35.147000Z,target-kali-01,5501,3,authentication_success|pam|syslog,pam,T1078,journald,0,0,0,0,0,0,0,0,0,0,1,0,18,18,1,0,35,0,0,111,3,17,6,0
wazuh-1788716196.1400344,2026-09-06T17:36:36.741000Z,lab-sensor-01,31101,5,accesslog|attack|web,web-accesslog,none,/var/log/apache2/access.log,0,0,1,0,0,0,1,0,0,0,0,0,15,0,3,0,15,0,0,73,6,17,6,0
wazuh-1788716198.1400786,2026-09-06T17:36:38.743000Z,lab-sensor-01,31101,5,accesslog|attack|web,web-accesslog,none,/var/log/apache2/access.log,0,0,1,0,0,0,1,0,0,0,0,0,15,1,4,0,15,0,0,73,6,17,6,0
wazuh-1788716200.1401228,2026-09-06T17:36:40.748000Z,lab-sensor-01,31101,5,accesslog|attack|web,web-accesslog,none,/var/log/apache2/access.log,0,0,1,0,0,0,1,0,0,0,0,0,16,2,4,0,15,0,0,73,6,17,6,0
wazuh-1788716202.1401676,2026-09-06T17:36:42.750000Z,lab-sensor-01,30305,5,access_denied|apache|web,apache-errorlog,none,/var/log/apache2/error.log,50804,0,1,0,0,0,1,0,0,0,0,0,16,0,4,0,15,0,0,73,6,17,6,0
wazuh-1788716202.1402276,2026-09-06T17:36:42.750000Z,lab-sensor-01,31516,6,appsec|attack|web,web-accesslog,T1055,/var/log/apache2/access.log,0,0,1,0,0,0,1,0,0,0,0,0,17,0,5,0,15,0,0,73,6,17,6,0
wazuh-1788716217.1402719,2026-09-06T17:36:57.294000Z,target-kali-01,5501,3,authentication_success|pam|syslog,pam,T1078,journald,0,0,0,0,0,0,0,0,0,0,1,0,17,17,1,0,35,0,0,111,3,17,6,0
wazuh-1788716228.1403162,2026-09-06T17:37:08.177000Z,target-kali-01,5501,3,authentication_success|pam|syslog,pam,T1078,journald,0,0,0,0,0,0,0,0,0,0,1,0,18,18,1,0,35,0,0,111,3,17,6,0
wazuh-1788716238.1403605,2026-09-06T17:37:18.205000Z,target-kali-01,5501,3,authentication_success|pam|syslog,pam,T1078,journald,0,0,0,0,0,0,0,0,0,0,1,0,18,18,1,0,36,0,0,112,3,17,6,0
wazuh-1788716243.1404048,2026-09-06T17:37:23.958000Z,film-laptop,86601,3,ids|suricata,json,none,/var/log/suricata/eve.json,68,67,1,1,0,0,1,0,0,0,0,0,9,8,2,0,0,0,0,0,3,17,6,0
wazuh-1788716243.1406252,2026-09-06T17:37:23.958000Z,film-laptop,86601,3,ids|suricata,json,none,/var/log/suricata/eve.json,68,67,1,1,0,0,1,0,0,0,0,0,10,9,2,0,0,0,0,0,3,17,6,0
wazuh-1788716252.1408456,2026-09-06T17:37:32.299000Z,target-kali-01,5501,3,authentication_success|pam|syslog,pam,T1078,journald,0,0,0,0,0,0,0,0,0,0,1,0,18,18,1,0,36,0,0,112,3,17,6,0
wazuh-1788716266.1408899,2026-09-06T17:37:46.847000Z,target-kali-01,5501,3,authentication_success|pam|syslog,pam,T1078,journald,0,0,0,0,0,0,0,0,0,0,1,0,19,19,1,0,36,0,0,112,3,17,6,0
wazuh-1788716281.1409342,2026-09-06T17:38:01.000000Z,target-kali-01,5501,3,authentication_success|pam|syslog,pam,T1078,journald,0,0,0,0,0,0,0,0,0,0,1,0,19,19,1,0,36,0,0,112,3,17,6,0
wazuh-1788716282.1409785,2026-09-06T17:38:02.943000Z,lab-sensor-01,31101,5,accesslog|attack|web,web-accesslog,none,/var/log/apache2/access.log,0,0,1,0,0,0,1,0,0,0,0,0,13,3,6,0,15,0,0,73,6,17,6,0
wazuh-1788716284.1410227,2026-09-06T17:38:04.946000Z,lab-sensor-01,31101,5,accesslog|attack|web,web-accesslog,none,/var/log/apache2/access.log,0,0,1,0,0,0,1,0,0,0,0,0,14,4,6,0,15,0,0,73,6,17,6,0
wazuh-1788716286.1410669,2026-09-06T17:38:06.949000Z,lab-sensor-01,31101,5,accesslog|attack|web,web-accesslog,none,/var/log/apache2/access.log,0,0,1,0,0,0,1,0,0,0,0,0,15,5,6,0,15,0,0,73,6,17,6,0
wazuh-1788716288.1411117,2026-09-06T17:38:08.953000Z,lab-sensor-01,30305,5,access_denied|apache|web,apache-errorlog,none,/var/log/apache2/error.log,36550,0,1,0,0,0,1,0,0,0,0,0,16,1,6,0,15,0,0,73,6,17,6,0
wazuh-1788716288.1411717,2026-09-06T17:38:08.953000Z,lab-sensor-01,31516,6,appsec|attack|web,web-accesslog,T1055,/var/log/apache2/access.log,0,0,1,0,0,0,1,0,0,0,0,0,17,1,6,0,15,0,0,73,6,17,6,0
wazuh-1788716291.1412160,2026-09-06T17:38:11.752000Z,film-laptop,591,3,ossec,ossec,none,logcollector,0,0,0,0,0,0,0,0,0,0,0,0,10,0,2,0,0,0,0,0,3,17,6,0
wazuh-1788716303.1412533,2026-09-06T17:38:23.488000Z,lab-sensor-01,31104,6,accesslog|attack|web,web-accesslog,T1055|T1083|T1190,/var/log/apache2/access.log,0,0,1,0,0,0,1,0,0,0,0,0,16,0,6,0,15,0,0,74,6,17,6,0
wazuh-1788716303.1412992,2026-09-06T17:38:23.521000Z,target-kali-01,5501,3,authentication_success|pam|syslog,pam,T1078,journald,0,0,0,0,0,0,0,0,0,0,1,0,19,19,1,0,35,0,0,111,3,17,6,0
wazuh-1788716304.1413435,2026-09-06T17:38:24.066000Z,film-laptop,86601,3,ids|suricata,json,none,/var/log/suricata/eve.json,68,67,1,1,0,0,1,0,0,0,0,0,9,8,2,0,0,0,0,0,3,17,6,0
wazuh-1788716304.1415641,2026-09-06T17:38:24.068000Z,film-laptop,86601,3,ids|suricata,json,none,/var/log/suricata/eve.json,68,67,1,1,0,0,1,0,0,0,0,0,10,9,2,0,0,0,0,0,3,17,6,0
wazuh-1788716307.1417847,2026-09-06T17:38:27.495000Z,lab-sensor-01,31106,6,accesslog|attack|web,web-accesslog,T1190,/var/log/apache2/access.log,0,0,1,0,0,0,1,0,0,0,0,0,17,0,6,0,15,0,0,75,6,17,6,0
wazuh-1788716323.1418332,2026-09-06T17:38:43.613000Z,target-kali-01,5501,3,authentication_success|pam|syslog,pam,T1078,journald,0,0,0,0,0,0,0,0,0,0,1,0,19,19,1,0,35,0,0,111,3,17,6,0
wazuh-1788716337.1418775,2026-09-06T17:38:57.646000Z,target-kali-01,5501,3,authentication_success|pam|syslog,pam,T1078,journald,0,0,0,0,0,0,0,0,0,0,1,0,19,19,1,0,35,0,0,111,3,17,6,0
wazuh-1788716347.1419218,2026-09-06T17:39:07.705000Z,target-kali-01,5501,3,authentication_success|pam|syslog,pam,T1078,journald,0,0,0,0,0,0,0,0,0,0,1,0,19,19,1,0,36,0,0,111,3,17,6,0
wazuh-1788716365.1419661,2026-09-06T17:39:25.586000Z,lab-sensor-01,5710,5,authentication_failed|invalid_login|sshd|syslog,sshd,T1021.004|T1110.001,journald,44830,0,1,0,0,0,1,0,0,0,1,0,18,6,6,0,12,0,0,76,6,17,6,0
wazuh-1788716366.1420210,2026-09-06T17:39:26.075000Z,target-kali-01,5501,3,authentication_success|pam|syslog,pam,T1078,journald,0,0,0,0,0,0,0,0,0,0,1,0,19,19,1,0,35,0,0,110,3,17,6,0
wazuh-1788716366.1420653,2026-09-06T17:39:26.133000Z,film-laptop,86601,3,ids|suricata,json,none,/var/log/suricata/eve.json,68,67,1,1,0,0,1,0,0,0,0,0,9,8,2,0,0,0,0,0,3,17,6,0
wazuh-1788716366.1422859,2026-09-06T17:39:26.145000Z,film-laptop,86601,3,ids|suricata,json,none,/var/log/suricata/eve.json,68,67,1,1,0,0,1,0,0,0,0,0,10,9,2,0,0,0,0,0,3,17,6,0
wazuh-1788716369.1425065,2026-09-06T17:39:29.591000Z,lab-sensor-01,5710,5,authentication_failed|invalid_login|sshd|syslog,sshd,T1021.004|T1110.001,journald,44842,0,1,0,0,0,1,0,0,0,1,0,19,7,6,0,13,0,0,77,6,17,6,0
wazuh-1788716373.1425614,2026-09-06T17:39:33.599000Z,lab-sensor-01,5710,5,authentication_failed|invalid_login|sshd|syslog,sshd,T1021.004|T1110.001,journald,44844,0,1,0,0,0,1,0,0,0,1,0,20,8,6,0,14,0,0,78,6,17,6,0
wazuh-1788716388.1426163,2026-09-06T17:39:48.607000Z,target-kali-01,5501,3,authentication_success|pam|syslog,pam,T1078,journald,0,0,0,0,0,0,0,0,0,0,1,0,18,18,1,0,35,0,0,110,3,17,6,0
wazuh-1788716403.1426606,2026-09-06T17:40:03.937000Z,target-kali-01,5501,3,authentication_success|pam|syslog,pam,T1078,journald,0,0,0,0,0,0,0,0,0,0,1,0,18,18,1,0,35,0,0,110,3,17,6,0
wazuh-1788716414.1427049,2026-09-06T17:40:14.465000Z,target-kali-01,5501,3,authentication_success|pam|syslog,pam,T1078,journald,0,0,0,0,0,0,0,0,0,0,1,0,19,19,1,0,36,0,0,110,3,17,6,0
wazuh-1788716426.1427492,2026-09-06T17:40:26.159000Z,film-laptop,86601,3,ids|suricata,json,none,/var/log/suricata/eve.json,68,67,1,1,0,0,1,0,0,0,0,0,9,8,2,0,0,0,0,0,3,17,6,0
wazuh-1788716426.1429694,2026-09-06T17:40:26.200000Z,film-laptop,86601,3,ids|suricata,json,none,/var/log/suricata/eve.json,68,67,1,1,0,0,1,0,0,0,0,0,10,9,2,0,0,0,0,0,3,17,6,0
wazuh-1788716427.1431896,2026-09-06T17:40:27.711000Z,lab-sensor-01,5710,5,authentication_failed|invalid_login|sshd|syslog,sshd,T1021.004|T1110.001,journald,54532,0,1,0,0,0,1,0,0,0,1,0,18,6,6,0,15,0,0,79,6,17,6,0
wazuh-1788716428.1432445,2026-09-06T17:40:28.983000Z,target-kali-01,5501,3,authentication_success|pam|syslog,pam,T1078,journald,0,0,0,0,0,0,0,0,0,0,1,0,19,19,1,0,36,0,0,109,3,17,6,0
wazuh-1788716431.1432888,2026-09-06T17:40:31.719000Z,lab-sensor-01,5710,5,authentication_failed|invalid_login|sshd|syslog,sshd,T1021.004|T1110.001,journald,54546,0,1,0,0,0,1,0,0,0,1,0,19,7,6,0,16,0,0,80,6,17,6,0
wazuh-1788716433.1433437,2026-09-06T17:40:33.723000Z,lab-sensor-01,5710,5,authentication_failed|invalid_login|sshd|syslog,sshd,T1021.004|T1110.001,journald,56368,0,1,0,0,0,1,0,0,0,1,0,20,8,6,0,17,0,0,81,6,17,6,0
wazuh-1788716449.1433986,2026-09-06T17:40:49.649000Z,target-kali-01,5501,3,authentication_success|pam|syslog,pam,T1078,journald,0,0,0,0,0,0,0,0,0,0,1,0,19,19,1,0,36,0,0,109,3,17,6,0
wazuh-1788716461.1434429,2026-09-06T17:41:01.707000Z,target-kali-01,5501,3,authentication_success|pam|syslog,pam,T1078,journald,0,0,0,0,0,0,0,0,0,0,1,0,18,18,1,0,36,0,0,110,3,17,6,0
wazuh-1788716471.1434872,2026-09-06T17:41:11.951000Z,target-kali-01,5501,3,authentication_success|pam|syslog,pam,T1078,journald,0,0,0,0,0,0,0,0,0,0,1,0,19,19,1,0,37,0,0,110,3,17,6,0
wazuh-1788716484.1435315,2026-09-06T17:41:24.015000Z,target-kali-01,5501,3,authentication_success|pam|syslog,pam,T1078,journald,0,0,0,0,0,0,0,0,0,0,1,0,19,19,1,0,37,0,0,110,3,17,6,0
wazuh-1788716486.1435758,2026-09-06T17:41:26.257000Z,film-laptop,86601,3,ids|suricata,json,none,/var/log/suricata/eve.json,68,67,1,1,0,0,1,0,0,0,0,0,9,8,2,0,0,0,0,0,3,17,6,0
wazuh-1788716486.1437968,2026-09-06T17:41:26.259000Z,film-laptop,86601,3,ids|suricata,json,none,/var/log/suricata/eve.json,68,67,1,1,0,0,1,0,0,0,0,0,10,9,2,0,0,0,0,0,3,17,6,0
wazuh-1788716497.1440178,2026-09-06T17:41:37.438000Z,target-kali-01,5501,3,authentication_success|pam|syslog,pam,T1078,journald,0,0,0,0,0,0,0,0,0,0,1,0,19,19,1,0,38,0,0,111,3,17,6,0
wazuh-1788716499.1440621,2026-09-06T17:41:39.460000Z,lab-sensor-01,31101,5,accesslog|attack|web,web-accesslog,none,/var/log/apache2/access.log,0,0,1,0,0,0,1,0,0,0,0,0,16,4,6,0,15,0,0,80,6,17,6,0
wazuh-1788716501.1441063,2026-09-06T17:41:41.463000Z,lab-sensor-01,31101,5,accesslog|attack|web,web-accesslog,none,/var/log/apache2/access.log,0,0,1,0,0,0,1,0,0,0,0,0,16,4,6,0,15,0,0,80,6,17,6,0
wazuh-1788716503.1441505,2026-09-06T17:41:43.488000Z,lab-sensor-01,31101,5,accesslog|attack|web,web-accesslog,none,/var/log/apache2/access.log,0,0,1,0,0,0,1,0,0,0,0,0,15,5,6,0,15,0,0,80,6,17,6,0
wazuh-1788716505.1441953,2026-09-06T17:41:45.478000Z,lab-sensor-01,30305,5,access_denied|apache|web,apache-errorlog,none,/var/log/apache2/error.log,36912,0,1,0,0,0,1,0,0,0,0,0,16,1,6,0,15,0,0,80,6,17,6,0
wazuh-1788716505.1442553,2026-09-06T17:41:45.518000Z,lab-sensor-01,31516,6,appsec|attack|web,web-accesslog,T1055,/var/log/apache2/access.log,0,0,1,0,0,0,1,0,0,0,0,0,17,1,6,0,15,0,0,80,6,17,6,0
wazuh-1788716518.1442996,2026-09-06T17:41:58.011000Z,target-kali-01,5501,3,authentication_success|pam|syslog,pam,T1078,journald,0,0,0,0,0,0,0,0,0,0,1,0,19,19,1,0,37,0,0,111,3,17,6,0
wazuh-1788716537.1443439,2026-09-06T17:42:17.976000Z,target-kali-01,5501,3,authentication_success|pam|syslog,pam,T1078,journald,0,0,0,0,0,0,0,0,0,0,1,0,19,19,1,0,37,0,0,111,3,17,6,0
wazuh-1788716546.1443882,2026-09-06T17:42:26.343000Z,film-laptop,86601,3,ids|suricata,json,none,/var/log/suricata/eve.json,68,67,1,1,0,0,1,0,0,0,0,0,9,8,2,0,0,0,0,0,3,17,6,0
wazuh-1788716546.1446086,2026-09-06T17:42:26.345000Z,film-laptop,86601,3,ids|suricata,json,none,/var/log/suricata/eve.json,68,67,1,1,0,0,1,0,0,0,0,0,10,9,2,0,0,0,0,0,3,17,6,0
wazuh-1788716549.1448290,2026-09-06T17:42:29.951000Z,target-kali-01,5501,3,authentication_success|pam|syslog,pam,T1078,journald,0,0,0,0,0,0,0,0,0,0,1,0,19,19,1,0,38,0,0,111,3,17,6,0
wazuh-1788716560.1448733,2026-09-06T17:42:40.676000Z,target-kali-01,5501,3,authentication_success|pam|syslog,pam,T1078,journald,0,0,0,0,0,0,0,0,0,0,1,0,19,19,1,0,38,0,0,111,3,17,6,0
wazuh-1788716575.1449176,2026-09-06T17:42:55.321000Z,target-kali-01,5501,3,authentication_success|pam|syslog,pam,T1078,journald,0,0,0,0,0,0,0,0,0,0,1,0,19,19,1,0,38,0,0,111,3,17,6,0
wazuh-1788716585.1449619,2026-09-06T17:43:05.413000Z,target-kali-01,5501,3,authentication_success|pam|syslog,pam,T1078,journald,0,0,0,0,0,0,0,0,0,0,1,0,19,19,1,0,39,0,0,112,3,17,6,0
wazuh-1788716603.1450062,2026-09-06T17:43:23.555000Z,target-kali-01,5501,3,authentication_success|pam|syslog,pam,T1078,journald,0,0,0,0,0,0,0,0,0,0,1,0,19,19,1,0,39,0,0,112,3,17,6,0
wazuh-1788716606.1450505,2026-09-06T17:43:26.376000Z,film-laptop,86601,3,ids|suricata,json,none,/var/log/suricata/eve.json,68,67,1,1,0,0,1,0,0,0,0,0,8,8,2,0,0,0,0,0,3,17,6,0
wazuh-1788716606.1452711,2026-09-06T17:43:26.390000Z,film-laptop,86601,3,ids|suricata,json,none,/var/log/suricata/eve.json,68,67,1,1,0,0,1,0,0,0,0,0,9,9,2,0,0,0,0,0,3,17,6,0
wazuh-1788716611.1454917,2026-09-06T17:43:31.784000Z,film-laptop,591,3,ossec,ossec,none,logcollector,0,0,0,0,0,0,0,0,0,0,0,0,10,0,2,0,0,0,0,0,3,17,6,0
wazuh-1788716616.1455290,2026-09-06T17:43:36.458000Z,target-kali-01,5501,3,authentication_success|pam|syslog,pam,T1078,journald,0,0,0,0,0,0,0,0,0,0,1,0,20,20,1,0,39,0,0,112,3,17,6,0
wazuh-1788716626.1455733,2026-09-06T17:43:46.631000Z,target-kali-01,5501,3,authentication_success|pam|syslog,pam,T1078,journald,0,0,0,0,0,0,0,0,0,0,1,0,20,20,1,0,40,0,0,112,3,17,6,0
wazuh-1788716638.1456176,2026-09-06T17:43:58.534000Z,target-kali-01,5501,3,authentication_success|pam|syslog,pam,T1078,journald,0,0,0,0,0,0,0,0,0,0,1,0,20,20,1,0,40,0,0,112,3,17,6,0
wazuh-1788716639.1456619,2026-09-06T17:43:59.760000Z,lab-sensor-01,31101,5,accesslog|attack|web,web-accesslog,none,/var/log/apache2/access.log,0,0,1,0,0,0,1,0,0,0,0,0,11,3,6,0,12,0,0,77,6,17,6,0
wazuh-1788716641.1457061,2026-09-06T17:44:01.762000Z,lab-sensor-01,31101,5,accesslog|attack|web,web-accesslog,none,/var/log/apache2/access.log,0,0,1,0,0,0,1,0,0,0,0,0,12,4,6,0,12,0,0,77,6,17,6,0
wazuh-1788716643.1457503,2026-09-06T17:44:03.765000Z,lab-sensor-01,31101,5,accesslog|attack|web,web-accesslog,none,/var/log/apache2/access.log,0,0,1,0,0,0,1,0,0,0,0,0,13,5,6,0,12,0,0,77,6,17,6,0
wazuh-1788716645.1457951,2026-09-06T17:44:05.765000Z,lab-sensor-01,30305,5,access_denied|apache|web,apache-errorlog,none,/var/log/apache2/error.log,52414,0,1,0,0,0,1,0,0,0,0,0,14,1,6,0,12,0,0,77,6,17,6,0
wazuh-1788716645.1458551,2026-09-06T17:44:05.807000Z,lab-sensor-01,31516,6,appsec|attack|web,web-accesslog,T1055,/var/log/apache2/access.log,0,0,1,0,0,0,1,0,0,0,0,0,15,1,6,0,12,0,0,77,6,17,6,0
wazuh-1788716661.1458994,2026-09-06T17:44:21.487000Z,target-kali-01,5501,3,authentication_success|pam|syslog,pam,T1078,journald,0,0,0,0,0,0,0,0,0,0,1,0,20,20,1,0,39,0,0,112,3,17,6,0
wazuh-1788716666.1459437,2026-09-06T17:44:26.557000Z,film-laptop,86601,3,ids|suricata,json,none,/var/log/suricata/eve.json,68,67,1,1,0,0,1,0,0,0,0,0,9,8,2,0,0,0,0,0,3,17,6,0
wazuh-1788716666.1461641,2026-09-06T17:44:26.557000Z,film-laptop,86601,3,ids|suricata,json,none,/var/log/suricata/eve.json,68,67,1,1,0,0,1,0,0,0,0,0,10,9,2,0,0,0,0,0,3,17,6,0
wazuh-1788716679.1463845,2026-09-06T17:44:39.555000Z,target-kali-01,5501,3,authentication_success|pam|syslog,pam,T1078,journald,0,0,0,0,0,0,0,0,0,0,1,0,20,20,1,0,39,0,0,112,3,17,6,0
wazuh-1788716681.1464288,2026-09-06T17:44:41.833000Z,lab-sensor-01,31101,5,accesslog|attack|web,web-accesslog,none,/var/log/apache2/access.log,0,0,1,0,0,0,1,0,0,0,0,0,13,6,6,0,12,0,0,77,6,17,6,0
wazuh-1788716683.1464730,2026-09-06T17:44:43.835000Z,lab-sensor-01,31101,5,accesslog|attack|web,web-accesslog,none,/var/log/apache2/access.log,0,0,1,0,0,0,1,0,0,0,0,0,14,7,6,0,12,0,0,77,6,17,6,0
wazuh-1788716685.1465172,2026-09-06T17:44:45.836000Z,lab-sensor-01,31101,5,accesslog|attack|web,web-accesslog,none,/var/log/apache2/access.log,0,0,1,0,0,0,1,0,0,0,0,0,15,8,6,0,12,0,0,77,6,17,6,0
wazuh-1788716687.1465620,2026-09-06T17:44:47.836000Z,lab-sensor-01,30305,5,access_denied|apache|web,apache-errorlog,none,/var/log/apache2/error.log,32932,0,1,0,0,0,1,0,0,0,0,0,16,2,6,0,12,0,0,77,6,17,6,0
wazuh-1788716687.1466220,2026-09-06T17:44:47.837000Z,lab-sensor-01,31516,6,appsec|attack|web,web-accesslog,T1055,/var/log/apache2/access.log,0,0,1,0,0,0,1,0,0,0,0,0,17,2,6,0,12,0,0,77,6,17,6,0
wazuh-1788716698.1466663,2026-09-06T17:44:58.340000Z,lab-sensor-01,31104,6,accesslog|attack|web,web-accesslog,T1055|T1083|T1190,/var/log/apache2/access.log,0,0,1,0,0,0,1,0,0,0,0,0,18,0,6,0,12,0,0,78,6,17,6,0
wazuh-1788716699.1467122,2026-09-06T17:44:59.735000Z,target-kali-01,5501,3,authentication_success|pam|syslog,pam,T1078,journald,0,0,0,0,0,0,0,0,0,0,1,0,20,20,1,0,38,0,0,111,3,17,6,0
wazuh-1788716702.1467565,2026-09-06T17:45:02.303000Z,lab-sensor-01,31106,6,accesslog|attack|web,web-accesslog,T1190,/var/log/apache2/access.log,0,0,1,0,0,0,1,0,0,0,0,0,19,0,6,0,12,0,0,79,6,17,6,0
wazuh-1788716719.1468050,2026-09-06T17:45:19.804000Z,target-kali-01,5501,3,authentication_success|pam|syslog,pam,T1078,journald,0,0,0,0,0,0,0,0,0,0,1,0,19,19,1,0,38,0,0,112,3,17,6,0
wazuh-1788716726.1468493,2026-09-06T17:45:26.599000Z,film-laptop,86601,3,ids|suricata,json,none,/var/log/suricata/eve.json,68,67,1,1,0,0,1,0,0,0,0,0,9,8,2,0,0,0,0,0,3,17,6,0
wazuh-1788716726.1470703,2026-09-06T17:45:26.645000Z,film-laptop,86601,3,ids|suricata,json,none,/var/log/suricata/eve.json,68,67,1,1,0,0,1,0,0,0,0,0,10,9,2,0,0,0,0,0,3,17,6,0
wazuh-1788716733.1472913,2026-09-06T17:45:33.876000Z,target-kali-01,5501,3,authentication_success|pam|syslog,pam,T1078,journald,0,0,0,0,0,0,0,0,0,0,1,0,19,19,1,0,39,0,0,111,3,17,6,0
wazuh-1788716743.1473356,2026-09-06T17:45:43.911000Z,target-kali-01,5501,3,authentication_success|pam|syslog,pam,T1078,journald,0,0,0,0,0,0,0,0,0,0,1,0,20,20,1,0,39,0,0,112,3,17,6,0
wazuh-1788716758.1473799,2026-09-06T17:45:58.034000Z,target-kali-01,5501,3,authentication_success|pam|syslog,pam,T1078,journald,0,0,0,0,0,0,0,0,0,0,1,0,20,20,1,0,39,0,0,112,3,17,6,0
wazuh-1788716758.1474242,2026-09-06T17:45:58.430000Z,lab-sensor-01,5710,5,authentication_failed|invalid_login|sshd|syslog,sshd,T1021.004|T1110.001,journald,34062,0,1,0,0,0,1,0,0,0,1,0,17,0,6,0,9,0,0,77,6,17,6,0
wazuh-1788716762.1474791,2026-09-06T17:46:02.438000Z,lab-sensor-01,5710,5,authentication_failed|invalid_login|sshd|syslog,sshd,T1021.004|T1110.001,journald,34074,0,1,0,0,0,1,0,0,0,1,0,18,1,6,0,10,0,0,78,6,17,6,0
wazuh-1788716764.1475340,2026-09-06T17:46:04.441000Z,lab-sensor-01,5710,5,authentication_failed|invalid_login|sshd|syslog,sshd,T1021.004|T1110.001,journald,48452,0,1,0,0,0,1,0,0,0,1,0,19,2,6,0,11,0,0,79,6,17,6,0
wazuh-1788716780.1475889,2026-09-06T17:46:20.176000Z,target-kali-01,5501,3,authentication_success|pam|syslog,pam,T1078,journald,0,0,0,0,0,0,0,0,0,0,1,0,19,19,1,0,38,0,0,112,3,17,6,0
wazuh-1788716788.1476332,2026-09-06T17:46:28.574000Z,film-laptop,86601,3,ids|suricata,json,none,/var/log/suricata/eve.json,68,67,1,1,0,0,1,0,0,0,0,0,9,8,2,0,0,0,0,0,3,17,6,0
wazuh-1788716788.1478536,2026-09-06T17:46:28.577000Z,film-laptop,86601,3,ids|suricata,json,none,/var/log/suricata/eve.json,68,67,1,1,0,0,1,0,0,0,0,0,10,9,2,0,0,0,0,0,3,17,6,0
wazuh-1788716790.1480740,2026-09-06T17:46:30.231000Z,target-kali-01,5501,3,authentication_success|pam|syslog,pam,T1078,journald,0,0,0,0,0,0,0,0,0,0,1,0,19,19,1,0,39,0,0,112,3,17,6,0
wazuh-1788716804.1481183,2026-09-06T17:46:44.299000Z,target-kali-01,5501,3,authentication_success|pam|syslog,pam,T1078,journald,0,0,0,0,0,0,0,0,0,0,1,0,19,19,1,0,39,0,0,113,3,17,6,0
wazuh-1788716818.1481626,2026-09-06T17:46:58.146000Z,lab-sensor-01,31104,6,accesslog|attack|web,web-accesslog,T1055|T1083|T1190,/var/log/apache2/access.log,0,0,1,0,0,0,1,0,0,0,0,0,15,1,6,0,9,0,0,74,6,17,6,0
wazuh-1788716818.1482085,2026-09-06T17:46:58.389000Z,target-kali-01,5501,3,authentication_success|pam|syslog,pam,T1078,journald,0,0,0,0,0,0,0,0,0,0,1,0,19,19,1,0,39,0,0,112,3,17,6,0
wazuh-1788716822.1482528,2026-09-06T17:47:02.173000Z,lab-sensor-01,31106,6,accesslog|attack|web,web-accesslog,T1190,/var/log/apache2/access.log,0,0,1,0,0,0,1,0,0,0,0,0,16,1,6,0,9,0,0,75,6,17,6,0
wazuh-1788716836.1483013,2026-09-06T17:47:16.454000Z,target-kali-01,5501,3,authentication_success|pam|syslog,pam,T1078,journald,0,0,0,0,0,0,0,0,0,0,1,0,20,20,1,0,39,0,0,112,3,17,6,0
wazuh-1788716848.1483456,2026-09-06T17:47:28.634000Z,film-laptop,86601,3,ids|suricata,json,none,/var/log/suricata/eve.json,68,67,1,1,0,0,1,0,0,0,0,0,9,8,2,0,0,0,0,0,3,17,6,0
wazuh-1788716848.1485662,2026-09-06T17:47:28.634000Z,film-laptop,86601,3,ids|suricata,json,none,/var/log/suricata/eve.json,68,67,1,1,0,0,1,0,0,0,0,0,10,9,2,0,0,0,0,0,3,17,6,0
wazuh-1788716850.1487868,2026-09-06T17:47:30.468000Z,target-kali-01,5501,3,authentication_success|pam|syslog,pam,T1078,journald,0,0,0,0,0,0,0,0,0,0,1,0,19,19,1,0,39,0,0,113,3,17,6,0
wazuh-1788716864.1488311,2026-09-06T17:47:44.588000Z,target-kali-01,5501,3,authentication_success|pam|syslog,pam,T1078,journald,0,0,0,0,0,0,0,0,0,0,1,0,19,19,1,0,39,0,0,112,3,17,6,0
wazuh-1788716878.1488754,2026-09-06T17:47:58.673000Z,target-kali-01,5501,3,authentication_success|pam|syslog,pam,T1078,journald,0,0,0,0,0,0,0,0,0,0,1,0,19,19,1,0,39,0,0,113,3,17,6,0
wazuh-1788716894.1489197,2026-09-06T17:48:14.758000Z,lab-sensor-01,80730,3,audit|audit_selinux,auditd,none,/var/log/audit/audit.log,0,0,0,0,0,0,0,1,1,0,0,0,17,0,6,0,9,0,0,74,6,17,6,0
wazuh-1788716894.1490378,2026-09-06T17:48:14.758000Z,lab-sensor-01,80730,3,audit|audit_selinux,auditd,none,/var/log/audit/audit.log,0,0,0,0,0,0,0,1,1,0,0,0,18,1,7,0,9,0,0,74,6,17,6,0
wazuh-1788716896.1491906,2026-09-06T17:48:16.748000Z,target-kali-01,5501,3,authentication_success|pam|syslog,pam,T1078,journald,0,0,0,0,0,0,0,0,0,0,1,0,19,19,1,0,39,0,0,113,3,17,6,0
wazuh-1788716908.1492349,2026-09-06T17:48:28.700000Z,film-laptop,86601,3,ids|suricata,json,none,/var/log/suricata/eve.json,68,67,1,1,0,0,1,0,0,0,0,0,9,8,2,0,0,0,0,0,3,17,6,0
wazuh-1788716908.1494555,2026-09-06T17:48:28.702000Z,film-laptop,86601,3,ids|suricata,json,none,/var/log/suricata/eve.json,68,67,1,1,0,0,1,0,0,0,0,0,10,9,2,0,0,0,0,0,3,17,6,0
wazuh-1788716921.1496761,2026-09-06T17:48:41.357000Z,target-kali-01,5501,3,authentication_success|pam|syslog,pam,T1078,journald,0,0,0,0,0,0,0,0,0,0,1,0,18,18,1,0,39,0,0,112,3,17,6,0
wazuh-1788716933.1497204,2026-09-06T17:48:53.971000Z,target-kali-01,5501,3,authentication_success|pam|syslog,pam,T1078,journald,0,0,0,0,0,0,0,0,0,0,1,0,18,18,1,0,39,0,0,113,3,17,6,0
wazuh-1788716937.1497647,2026-09-06T17:48:57.817000Z,lab-sensor-01,591,3,ossec,ossec,none,logcollector,0,0,0,0,0,0,0,0,0,0,0,0,19,0,7,0,9,0,0,72,6,17,6,0
wazuh-1788716937.1498024,2026-09-06T17:48:57.817000Z,lab-sensor-01,591,3,ossec,ossec,none,logcollector,0,0,0,0,0,0,0,0,0,0,0,0,20,1,8,0,9,0,0,72,6,17,6,0
wazuh-1788716938.1498402,2026-09-06T17:48:58.380000Z,lab-sensor-01,30305,5,access_denied|apache|web,apache-errorlog,none,/var/log/apache2/error.log,60334,0,1,0,0,0,1,0,0,0,0,0,21,2,8,0,9,0,0,72,6,17,6,0
wazuh-1788716938.1499002,2026-09-06T17:48:58.386000Z,lab-sensor-01,31101,5,accesslog|attack|web,web-accesslog,none,/var/log/apache2/access.log,0,0,1,0,0,0,1,0,0,0,0,0,22,6,8,0,9,0,0,72,6,17,6,0
wazuh-1788716938.1499444,2026-09-06T17:48:58.388000Z,lab-sensor-01,31101,5,accesslog|attack|web,web-accesslog,none,/var/log/apache2/access.log,0,0,1,0,0,0,1,0,0,0,0,0,23,7,8,0,9,0,0,72,6,17,6,0
wazuh-1788716938.1499886,2026-09-06T17:48:58.390000Z,lab-sensor-01,31101,5,accesslog|attack|web,web-accesslog,none,/var/log/apache2/access.log,0,0,1,0,0,0,1,0,0,0,0,0,24,8,8,0,9,0,0,72,6,17,6,0
wazuh-1788716938.1500334,2026-09-06T17:48:58.392000Z,lab-sensor-01,31516,6,appsec|attack|web,web-accesslog,T1055,/var/log/apache2/access.log,0,0,1,0,0,0,1,0,0,0,0,0,25,2,8,0,9,0,0,72,6,17,6,0
wazuh-1788716955.1500777,2026-09-06T17:49:15.577000Z,target-kali-01,5501,3,authentication_success|pam|syslog,pam,T1078,journald,0,0,0,0,0,0,0,0,0,0,1,0,18,18,1,0,38,0,0,112,3,17,6,0
wazuh-1788716968.1501220,2026-09-06T17:49:28.773000Z,film-laptop,86601,3,ids|suricata,json,none,/var/log/suricata/eve.json,68,67,1,1,0,0,1,0,0,0,0,0,8,8,2,0,0,0,0,0,3,17,6,0
wazuh-1788716968.1503422,2026-09-06T17:49:28.775000Z,film-laptop,86601,3,ids|suricata,json,none,/var/log/suricata/eve.json,68,67,1,1,0,0,1,0,0,0,0,0,9,9,2,0,0,0,0,0,3,17,6,0
wazuh-1788716969.1505624,2026-09-06T17:49:29.191000Z,target-kali-01,5501,3,authentication_success|pam|syslog,pam,T1078,journald,0,0,0,0,0,0,0,0,0,0,1,0,18,18,1,0,38,0,0,113,3,17,6,0
wazuh-1788716983.1506067,2026-09-06T17:49:43.302000Z,target-kali-01,5501,3,authentication_success|pam|syslog,pam,T1078,journald,0,0,0,0,0,0,0,0,0,0,1,0,18,18,1,0,39,0,0,113,3,17,6,0
wazuh-1788716993.1506510,2026-09-06T17:49:53.303000Z,target-kali-01,5501,3,authentication_success|pam|syslog,pam,T1078,journald,0,0,0,0,0,0,0,0,0,0,1,0,19,19,1,0,39,0,0,113,3,17,6,0
wazuh-1788716995.1506953,2026-09-06T17:49:55.823000Z,film-laptop,591,3,ossec,ossec,none,logcollector,0,0,0,0,0,0,0,0,0,0,0,0,10,0,2,0,0,0,0,0,3,17,6,0
wazuh-1788717011.1507326,2026-09-06T17:50:11.486000Z,target-kali-01,5501,3,authentication_success|pam|syslog,pam,T1078,journald,0,0,0,0,0,0,0,0,0,0,1,0,19,19,1,0,39,0,0,113,3,17,6,0
wazuh-1788717023.1507769,2026-09-06T17:50:23.469000Z,target-kali-01,5501,3,authentication_success|pam|syslog,pam,T1078,journald,0,0,0,0,0,0,0,0,0,0,1,0,19,19,1,0,39,0,0,113,3,17,6,0
wazuh-1788717028.1508212,2026-09-06T17:50:28.835000Z,film-laptop,86601,3,ids|suricata,json,none,/var/log/suricata/eve.json,68,67,1,1,0,0,1,0,0,0,0,0,9,8,2,0,0,0,0,0,3,17,6,0
wazuh-1788717028.1510418,2026-09-06T17:50:28.837000Z,film-laptop,86601,3,ids|suricata,json,none,/var/log/suricata/eve.json,68,67,1,1,0,0,1,0,0,0,0,0,10,9,2,0,0,0,0,0,3,17,6,0
wazuh-1788717033.1512624,2026-09-06T17:50:33.138000Z,target-kali-01,5501,3,authentication_success|pam|syslog,pam,T1078,journald,0,0,0,0,0,0,0,0,0,0,1,0,20,20,1,0,39,0,0,113,3,17,6,0
wazuh-1788717045.1513067,2026-09-06T17:50:45.442000Z,target-kali-01,5501,3,authentication_success|pam|syslog,pam,T1078,journald,0,0,0,0,0,0,0,0,0,0,1,0,19,19,1,0,40,0,0,113,3,17,6,0
wazuh-1788717058.1513510,2026-09-06T17:50:58.431000Z,target-kali-01,5501,3,authentication_success|pam|syslog,pam,T1078,journald,0,0,0,0,0,0,0,0,0,0,1,0,19,19,1,0,40,0,0,113,3,17,6,0
wazuh-1788717068.1513953,2026-09-06T17:51:08.794000Z,target-kali-01,5501,3,authentication_success|pam|syslog,pam,T1078,journald,0,0,0,0,0,0,0,0,0,0,1,0,20,20,1,0,40,0,0,113,3,17,6,0
wazuh-1788717090.1514396,2026-09-06T17:51:30.918000Z,film-laptop,86601,3,ids|suricata,json,none,/var/log/suricata/eve.json,68,67,1,1,0,0,1,0,0,0,0,0,9,8,2,0,0,0,0,0,3,17,6,0
wazuh-1788717090.1516600,2026-09-06T17:51:30.924000Z,film-laptop,86601,3,ids|suricata,json,none,/var/log/suricata/eve.json,68,67,1,1,0,0,1,0,0,0,0,0,10,9,2,0,0,0,0,0,3,17,6,0
wazuh-1788717091.1518804,2026-09-06T17:51:31.146000Z,lab-sensor-01,5710,5,authentication_failed|invalid_login|sshd|syslog,sshd,T1021.004|T1110.001,journald,44234,0,1,0,0,0,1,0,0,0,1,0,11,0,8,0,3,0,0,65,6,17,6,0
wazuh-1788717091.1519353,2026-09-06T17:51:31.148000Z,target-kali-01,5501,3,authentication_success|pam|syslog,pam,T1078,journald,0,0,0,0,0,0,0,0,0,0,1,0,19,19,1,0,39,0,0,113,3,17,6,0
wazuh-1788717093.1519796,2026-09-06T17:51:33.149000Z,lab-sensor-01,5710,5,authentication_failed|invalid_login|sshd|syslog,sshd,T1021.004|T1110.001,journald,44238,0,1,0,0,0,1,0,0,0,1,0,12,1,8,0,4,0,0,65,6,17,6,0
wazuh-1788717097.1520345,2026-09-06T17:51:37.153000Z,lab-sensor-01,5710,5,authentication_failed|invalid_login|sshd|syslog,sshd,T1021.004|T1110.001,journald,40320,0,1,0,0,0,1,0,0,0,1,0,13,2,8,0,5,0,0,66,6,17,6,0
wazuh-1788717113.1520894,2026-09-06T17:51:53.619000Z,target-kali-01,5501,3,authentication_success|pam|syslog,pam,T1078,journald,0,0,0,0,0,0,0,0,0,0,1,0,19,19,1,0,39,0,0,113,3,17,6,0
wazuh-1788717126.1521337,2026-09-06T17:52:06.657000Z,target-kali-01,5501,3,authentication_success|pam|syslog,pam,T1078,journald,0,0,0,0,0,0,0,0,0,0,1,0,19,19,1,0,39,0,0,113,3,17,6,0
wazuh-1788717135.1521780,2026-09-06T17:52:15.177000Z,target-kali-01,5501,3,authentication_success|pam|syslog,pam,T1078,journald,0,0,0,0,0,0,0,0,0,0,1,0,20,20,1,0,40,0,0,114,3,17,6,0
wazuh-1788717136.1522223,2026-09-06T17:52:16.798000Z,lab-sensor-01,31101,5,accesslog|attack|web,web-accesslog,none,/var/log/apache2/access.log,0,0,1,0,0,0,1,0,0,0,0,0,12,3,8,0,6,0,0,67,6,17,6,0
wazuh-1788717138.1522665,2026-09-06T17:52:18.801000Z,lab-sensor-01,31101,5,accesslog|attack|web,web-accesslog,none,/var/log/apache2/access.log,0,0,1,0,0,0,1,0,0,0,0,0,13,4,8,0,6,0,0,67,6,17,6,0
wazuh-1788717140.1523107,2026-09-06T17:52:20.803000Z,lab-sensor-01,31101,5,accesslog|attack|web,web-accesslog,none,/var/log/apache2/access.log,0,0,1,0,0,0,1,0,0,0,0,0,14,5,8,0,6,0,0,67,6,17,6,0
wazuh-1788717142.1523555,2026-09-06T17:52:22.808000Z,lab-sensor-01,30305,5,access_denied|apache|web,apache-errorlog,none,/var/log/apache2/error.log,57582,0,1,0,0,0,1,0,0,0,0,0,15,1,8,0,6,0,0,67,6,17,6,0
wazuh-1788717142.1524155,2026-09-06T17:52:22.808000Z,lab-sensor-01,31516,6,appsec|attack|web,web-accesslog,T1055,/var/log/apache2/access.log,0,0,1,0,0,0,1,0,0,0,0,0,16,1,8,0,6,0,0,67,6,17,6,0
wazuh-1788717150.1524598,2026-09-06T17:52:30.974000Z,film-laptop,86601,3,ids|suricata,json,none,/var/log/suricata/eve.json,68,67,1,1,0,0,1,0,0,0,0,0,9,8,2,0,0,0,0,0,3,17,6,0
wazuh-1788717150.1526804,2026-09-06T17:52:30.974000Z,film-laptop,86601,3,ids|suricata,json,none,/var/log/suricata/eve.json,68,67,1,1,0,0,1,0,0,0,0,0,10,9,2,0,0,0,0,0,3,17,6,0
wazuh-1788717157.1529010,2026-09-06T17:52:37.310000Z,target-kali-01,5501,3,authentication_success|pam|syslog,pam,T1078,journald,0,0,0,0,0,0,0,0,0,0,1,0,19,19,1,0,39,0,0,113,3,17,6,0
wazuh-1788717169.1529453,2026-09-06T17:52:49.466000Z,target-kali-01,5501,3,authentication_success|pam|syslog,pam,T1078,journald,0,0,0,0,0,0,0,0,0,0,1,0,19,19,1,0,39,0,0,113,3,17,6,0
wazuh-1788717185.1529896,2026-09-06T17:53:05.485000Z,target-kali-01,5501,3,authentication_success|pam|syslog,pam,T1078,journald,0,0,0,0,0,0,0,0,0,0,1,0,19,19,1,0,38,0,0,113,3,17,6,0
wazuh-1788717186.1530339,2026-09-06T17:53:06.892000Z,lab-sensor-01,31101,5,accesslog|attack|web,web-accesslog,none,/var/log/apache2/access.log,0,0,1,0,0,0,1,0,0,0,0,0,17,6,8,0,6,0,0,66,6,17,6,0
wazuh-1788717188.1530781,2026-09-06T17:53:08.896000Z,lab-sensor-01,31101,5,accesslog|attack|web,web-accesslog,none,/var/log/apache2/access.log,0,0,1,0,0,0,1,0,0,0,0,0,18,7,8,0,6,0,0,66,6,17,6,0
wazuh-1788717190.1531223,2026-09-06T17:53:10.898000Z,lab-sensor-01,31101,5,accesslog|attack|web,web-accesslog,none,/var/log/apache2/access.log,0,0,1,0,0,0,1,0,0,0,0,0,19,8,8,0,6,0,0,66,6,17,6,0
wazuh-1788717192.1531671,2026-09-06T17:53:12.901000Z,lab-sensor-01,30305,5,access_denied|apache|web,apache-errorlog,none,/var/log/apache2/error.log,56548,0,1,0,0,0,1,0,0,0,0,0,20,2,8,0,6,0,0,66,6,17,6,0
wazuh-1788717192.1532271,2026-09-06T17:53:12.901000Z,lab-sensor-01,31516,6,appsec|attack|web,web-accesslog,T1055,/var/log/apache2/access.log,0,0,1,0,0,0,1,0,0,0,0,0,21,2,8,0,6,0,0,66,6,17,6,0
wazuh-1788717206.1532714,2026-09-06T17:53:26.081000Z,target-kali-01,5501,3,authentication_success|pam|syslog,pam,T1078,journald,0,0,0,0,0,0,0,0,0,0,1,0,19,19,1,0,38,0,0,113,3,17,6,0
wazuh-1788717211.1533157,2026-09-06T17:53:31.040000Z,film-laptop,86601,3,ids|suricata,json,none,/var/log/suricata/eve.json,68,67,1,1,0,0,1,0,0,0,0,0,9,8,2,0,0,0,0,0,3,17,6,0
wazuh-1788717211.1535361,2026-09-06T17:53:31.040000Z,film-laptop,86601,3,ids|suricata,json,none,/var/log/suricata/eve.json,68,67,1,1,0,0,1,0,0,0,0,0,10,9,2,0,0,0,0,0,3,17,6,0
wazuh-1788717226.1537565,2026-09-06T17:53:46.507000Z,target-kali-01,5501,3,authentication_success|pam|syslog,pam,T1078,journald,0,0,0,0,0,0,0,0,0,0,1,0,19,19,1,0,38,0,0,113,3,17,6,0
wazuh-1788717226.1538008,2026-09-06T17:53:46.957000Z,lab-sensor-01,31104,6,accesslog|attack|web,web-accesslog,T1055|T1083|T1190,/var/log/apache2/access.log,0,0,1,0,0,0,1,0,0,0,0,0,20,0,8,0,6,0,0,64,6,17,6,0
wazuh-1788717230.1538467,2026-09-06T17:53:50.962000Z,lab-sensor-01,31106,6,accesslog|attack|web,web-accesslog,T1190,/var/log/apache2/access.log,0,0,1,0,0,0,1,0,0,0,0,0,21,0,8,0,6,0,0,64,6,17,6,0
wazuh-1788717245.1538952,2026-09-06T17:54:05.789000Z,target-kali-01,5501,3,authentication_success|pam|syslog,pam,T1078,journald,0,0,0,0,0,0,0,0,0,0,1,0,19,19,1,0,37,0,0,113,3,17,6,0
wazuh-1788717264.1539395,2026-09-06T17:54:24.203000Z,target-kali-01,5501,3,authentication_success|pam|syslog,pam,T1078,journald,0,0,0,0,0,0,0,0,0,0,1,0,19,19,1,0,37,0,0,113,3,17,6,0
wazuh-1788717273.1539838,2026-09-06T17:54:33.353000Z,film-laptop,86601,3,ids|suricata,json,none,/var/log/suricata/eve.json,68,67,1,1,0,0,1,0,0,0,0,0,9,8,2,0,0,0,0,0,3,17,6,0
wazuh-1788717273.1542044,2026-09-06T17:54:33.355000Z,film-laptop,86601,3,ids|suricata,json,none,/var/log/suricata/eve.json,68,67,1,1,0,0,1,0,0,0,0,0,10,9,2,0,0,0,0,0,3,17,6,0
wazuh-1788717277.1544250,2026-09-06T17:54:37.892000Z,target-kali-01,5501,3,authentication_success|pam|syslog,pam,T1078,journald,0,0,0,0,0,0,0,0,0,0,1,0,19,19,1,0,38,0,0,113,3,17,6,0
wazuh-1788717288.1544693,2026-09-06T17:54:48.195000Z,target-kali-01,5501,3,authentication_success|pam|syslog,pam,T1078,journald,0,0,0,0,0,0,0,0,0,0,1,0,19,19,1,0,38,0,0,113,3,17,6,0
wazuh-1788717302.1545136,2026-09-06T17:55:02.572000Z,target-kali-01,5501,3,authentication_success|pam|syslog,pam,T1078,journald,0,0,0,0,0,0,0,0,0,0,1,0,19,19,1,0,38,0,0,113,3,17,6,0
wazuh-1788717315.1545579,2026-09-06T17:55:15.856000Z,film-laptop,591,3,ossec,ossec,none,logcollector,0,0,0,0,0,0,0,0,0,0,0,0,10,0,2,0,0,0,0,0,3,17,6,0
wazuh-1788717320.1545952,2026-09-06T17:55:20.654000Z,target-kali-01,5501,3,authentication_success|pam|syslog,pam,T1078,journald,0,0,0,0,0,0,0,0,0,0,1,0,19,19,1,0,38,0,0,113,3,17,6,0
wazuh-1788717333.1546395,2026-09-06T17:55:33.458000Z,film-laptop,86601,3,ids|suricata,json,none,/var/log/suricata/eve.json,68,67,1,1,0,0,1,0,0,0,0,0,9,8,2,0,0,0,0,0,3,17,6,0
wazuh-1788717333.1548601,2026-09-06T17:55:33.458000Z,film-laptop,86601,3,ids|suricata,json,none,/var/log/suricata/eve.json,68,67,1,1,0,0,1,0,0,0,0,0,10,9,2,0,0,0,0,0,3,17,6,0
wazuh-1788717334.1550807,2026-09-06T17:55:34.656000Z,target-kali-01,5501,3,authentication_success|pam|syslog,pam,T1078,journald,0,0,0,0,0,0,0,0,0,0,1,0,18,18,1,0,38,0,0,113,3,17,6,0
wazuh-1788717348.1551250,2026-09-06T17:55:48.724000Z,target-kali-01,5501,3,authentication_success|pam|syslog,pam,T1078,journald,0,0,0,0,0,0,0,0,0,0,1,0,18,18,1,0,38,0,0,114,3,17,6,0
wazuh-1788717349.1551693,2026-09-06T17:55:49.664000Z,lab-sensor-01,31101,5,accesslog|attack|web,web-accesslog,none,/var/log/apache2/access.log,0,0,1,0,0,0,1,0,0,0,0,0,15,6,8,0,6,0,0,58,6,17,6,0
wazuh-1788717351.1552135,2026-09-06T17:55:51.665000Z,lab-sensor-01,31101,5,accesslog|attack|web,web-accesslog,none,/var/log/apache2/access.log,0,0,1,0,0,0,1,0,0,0,0,0,16,7,8,0,6,0,0,58,6,17,6,0
wazuh-1788717353.1552577,2026-09-06T17:55:53.668000Z,lab-sensor-01,31101,5,accesslog|attack|web,web-accesslog,none,/var/log/apache2/access.log,0,0,1,0,0,0,1,0,0,0,0,0,17,8,8,0,6,0,0,58,6,17,6,0
wazuh-1788717355.1553025,2026-09-06T17:55:55.672000Z,lab-sensor-01,31516,6,appsec|attack|web,web-accesslog,T1055,/var/log/apache2/access.log,0,0,1,0,0,0,1,0,0,0,0,0,18,2,8,0,6,0,0,58,6,17,6,0
wazuh-1788717355.1553468,2026-09-06T17:55:55.672000Z,lab-sensor-01,30305,5,access_denied|apache|web,apache-errorlog,none,/var/log/apache2/error.log,59804,0,1,0,0,0,1,0,0,0,0,0,19,2,8,0,6,0,0,59,6,17,6,0
wazuh-1788717367.1554068,2026-09-06T17:56:07.190000Z,lab-sensor-01,86601,3,ids|suricata,json,none,/var/log/suricata/eve.json,68,67,1,1,0,0,1,0,0,0,0,0,20,0,8,0,3,0,0,59,6,17,6,0
wazuh-1788717367.1556336,2026-09-06T17:56:07.236000Z,film-laptop,86601,3,ids|suricata,json,none,/var/log/suricata/eve.json,68,67,1,1,0,0,1,0,0,0,0,0,11,10,2,0,0,0,0,0,3,17,6,0
wazuh-1788717367.1558538,2026-09-06T17:56:07.240000Z,film-laptop,86601,3,ids|suricata,json,none,/var/log/suricata/eve.json,68,67,1,1,0,0,1,0,0,0,0,0,12,11,2,0,0,0,0,0,3,17,6,0
wazuh-1788717367.1560740,2026-09-06T17:56:07.955000Z,target-kali-01,5501,3,authentication_success|pam|syslog,pam,T1078,journald,0,0,0,0,0,0,0,0,0,0,1,0,18,18,1,0,38,0,0,113,3,17,6,0
wazuh-1788717369.1561183,2026-09-06T17:56:09.193000Z,lab-sensor-01,31104,6,accesslog|attack|web,web-accesslog,T1055|T1083|T1190,/var/log/apache2/access.log,0,0,1,0,0,0,1,0,0,0,0,0,21,1,9,0,3,0,0,59,6,17,6,0
wazuh-1788717373.1561642,2026-09-06T17:56:13.201000Z,lab-sensor-01,31106,6,accesslog|attack|web,web-accesslog,T1190,/var/log/apache2/access.log,0,0,1,0,0,0,1,0,0,0,0,0,22,1,9,0,3,0,0,60,6,17,6,0
wazuh-1788717388.1562127,2026-09-06T17:56:28.745000Z,target-kali-01,5501,3,authentication_success|pam|syslog,pam,T1078,journald,0,0,0,0,0,0,0,0,0,0,1,0,18,18,1,0,38,0,0,113,3,17,6,0
wazuh-1788717400.1562570,2026-09-06T17:56:40.031000Z,target-kali-01,5501,3,authentication_success|pam|syslog,pam,T1078,journald,0,0,0,0,0,0,0,0,0,0,1,0,18,18,1,0,38,0,0,113,3,17,6,0
wazuh-1788717417.1563013,2026-09-06T17:56:57.763000Z,lab-sensor-01,5710,5,authentication_failed|invalid_login|sshd|syslog,sshd,T1021.004|T1110.001,journald,60564,0,1,0,0,0,1,0,0,0,1,0,20,0,9,0,3,0,0,58,6,17,6,0
wazuh-1788717418.1563562,2026-09-06T17:56:58.711000Z,target-kali-01,5501,3,authentication_success|pam|syslog,pam,T1078,journald,0,0,0,0,0,0,0,0,0,0,1,0,18,18,1,0,37,0,0,113,3,17,6,0
wazuh-1788717421.1564005,2026-09-06T17:57:01.767000Z,lab-sensor-01,5710,5,authentication_failed|invalid_login|sshd|syslog,sshd,T1021.004|T1110.001,journald,60580,0,1,0,0,0,1,0,0,0,1,0,21,1,9,0,4,0,0,59,6,17,6,0
wazuh-1788717423.1564554,2026-09-06T17:57:03.796000Z,lab-sensor-01,5710,5,authentication_failed|invalid_login|sshd|syslog,sshd,T1021.004|T1110.001,journald,60584,0,1,0,0,0,1,0,0,0,1,0,22,2,9,0,5,0,0,60,6,17,6,0
wazuh-1788717439.1565103,2026-09-06T17:57:19.703000Z,target-kali-01,5501,3,authentication_success|pam|syslog,pam,T1078,journald,0,0,0,0,0,0,0,0,0,0,1,0,17,17,1,0,37,0,0,113,3,17,6,0
wazuh-1788717451.1565546,2026-09-06T17:57:31.027000Z,target-kali-01,5501,3,authentication_success|pam|syslog,pam,T1078,journald,0,0,0,0,0,0,0,0,0,0,1,0,18,18,1,0,37,0,0,113,3,17,6,0
wazuh-1788717451.1565989,2026-09-06T17:57:31.353000Z,lab-sensor-01,31104,6,accesslog|attack|web,web-accesslog,T1055|T1083|T1190,/var/log/apache2/access.log,0,0,1,0,0,0,1,0,0,0,0,0,18,2,9,0,6,0,0,61,6,17,6,0
wazuh-1788717455.1566448,2026-09-06T17:57:35.357000Z,lab-sensor-01,31106,6,accesslog|attack|web,web-accesslog,T1190,/var/log/apache2/access.log,0,0,1,0,0,0,1,0,0,0,0,0,19,2,9,0,6,0,0,61,6,17,6,0
wazuh-1788717473.1566933,2026-09-06T17:57:53.827000Z,target-kali-01,5501,3,authentication_success|pam|syslog,pam,T1078,journald,0,0,0,0,0,0,0,0,0,0,1,0,17,17,1,0,37,0,0,112,3,17,6,0
wazuh-1788717493.1567376,2026-09-06T17:58:13.061000Z,target-kali-01,5501,3,authentication_success|pam|syslog,pam,T1078,journald,0,0,0,0,0,0,0,0,0,0,1,0,17,17,1,0,37,0,0,112,3,17,6,0
wazuh-1788717503.1567819,2026-09-06T17:58:23.172000Z,target-kali-01,5501,3,authentication_success|pam|syslog,pam,T1078,journald,0,0,0,0,0,0,0,0,0,0,1,0,18,18,1,0,37,0,0,112,3,17,6,0
wazuh-1788717523.1568262,2026-09-06T17:58:43.309000Z,target-kali-01,5501,3,authentication_success|pam|syslog,pam,T1078,journald,0,0,0,0,0,0,0,0,0,0,1,0,18,18,1,0,37,0,0,112,3,17,6,0
wazuh-1788717537.1568705,2026-09-06T17:58:57.411000Z,target-kali-01,5501,3,authentication_success|pam|syslog,pam,T1078,journald,0,0,0,0,0,0,0,0,0,0,1,0,18,18,1,0,37,0,0,112,3,17,6,0
wazuh-1788717545.1569148,2026-09-06T17:59:05.418000Z,target-kali-01,5501,3,authentication_success|pam|syslog,pam,T1078,journald,0,0,0,0,0,0,0,0,0,0,1,0,19,19,1,0,38,0,0,113,3,17,6,0
wazuh-1788717561.1569591,2026-09-06T17:59:21.484000Z,target-kali-01,5501,3,authentication_success|pam|syslog,pam,T1078,journald,0,0,0,0,0,0,0,0,0,0,1,0,19,19,1,0,38,0,0,113,3,17,6,0
wazuh-1788717563.1570034,2026-09-06T17:59:23.559000Z,lab-sensor-01,31101,5,accesslog|attack|web,web-accesslog,none,/var/log/apache2/access.log,0,0,1,0,0,0,1,0,0,0,0,0,13,3,7,0,6,0,0,58,6,17,6,0
wazuh-1788717565.1570476,2026-09-06T17:59:25.561000Z,lab-sensor-01,31101,5,accesslog|attack|web,web-accesslog,none,/var/log/apache2/access.log,0,0,1,0,0,0,1,0,0,0,0,0,14,4,7,0,6,0,0,57,6,17,6,0
wazuh-1788717567.1570918,2026-09-06T17:59:27.563000Z,lab-sensor-01,31101,5,accesslog|attack|web,web-accesslog,none,/var/log/apache2/access.log,0,0,1,0,0,0,1,0,0,0,0,0,15,5,7,0,6,0,0,57,6,17,6,0
wazuh-1788717569.1571366,2026-09-06T17:59:29.569000Z,lab-sensor-01,30305,5,access_denied|apache|web,apache-errorlog,none,/var/log/apache2/error.log,50168,0,1,0,0,0,1,0,0,0,0,0,16,1,7,0,6,0,0,56,6,17,6,0
wazuh-1788717569.1571966,2026-09-06T17:59:29.569000Z,lab-sensor-01,31516,6,appsec|attack|web,web-accesslog,T1055,/var/log/apache2/access.log,0,0,1,0,0,0,1,0,0,0,0,0,17,1,7,0,6,0,0,56,6,17,6,0
wazuh-1788717583.1572409,2026-09-06T17:59:43.600000Z,target-kali-01,5501,3,authentication_success|pam|syslog,pam,T1078,journald,0,0,0,0,0,0,0,0,0,0,1,0,18,18,1,0,37,0,0,113,3,17,6,0
wazuh-1788717593.1572852,2026-09-06T17:59:53.644000Z,target-kali-01,5501,3,authentication_success|pam|syslog,pam,T1078,journald,0,0,0,0,0,0,0,0,0,0,1,0,18,18,1,0,37,0,0,113,3,17,6,0
wazuh-1788717605.1573295,2026-09-06T18:00:05.696000Z,target-kali-01,5501,3,authentication_success|pam|syslog,pam,T1078,journald,0,0,0,0,0,0,0,0,0,0,1,0,18,18,1,0,38,0,0,113,3,18,6,1
wazuh-1788717621.1573738,2026-09-06T18:00:21.328000Z,target-kali-01,5501,3,authentication_success|pam|syslog,pam,T1078,journald,0,0,0,0,0,0,0,0,0,0,1,0,18,18,1,0,38,0,0,113,3,18,6,1
wazuh-1788717636.1574181,2026-09-06T18:00:36.059000Z,target-kali-01,5501,3,authentication_success|pam|syslog,pam,T1078,journald,0,0,0,0,0,0,0,0,0,0,1,0,18,18,1,0,37,0,0,114,3,18,6,1
wazuh-1788717636.1574624,2026-09-06T18:00:36.243000Z,lab-sensor-01,5710,5,authentication_failed|invalid_login|sshd|syslog,sshd,T1021.004|T1110.001,journald,49860,0,1,0,0,0,1,0,0,0,1,0,18,3,7,0,6,0,0,57,6,18,6,1
wazuh-1788717640.1575173,2026-09-06T18:00:40.251000Z,lab-sensor-01,5710,5,authentication_failed|invalid_login|sshd|syslog,sshd,T1021.004|T1110.001,journald,49870,0,1,0,0,0,1,0,0,0,1,0,19,4,7,0,7,0,0,57,6,18,6,1
wazuh-1788717642.1575722,2026-09-06T18:00:42.253000Z,lab-sensor-01,5710,5,authentication_failed|invalid_login|sshd|syslog,sshd,T1021.004|T1110.001,journald,49884,0,1,0,0,0,1,0,0,0,1,0,20,5,7,0,8,0,0,57,6,18,6,1
wazuh-1788717656.1576271,2026-09-06T18:00:56.072000Z,target-kali-01,5501,3,authentication_success|pam|syslog,pam,T1078,journald,0,0,0,0,0,0,0,0,0,0,1,0,18,18,1,0,37,0,0,113,3,18,6,1
wazuh-1788717657.1576714,2026-09-06T18:00:57.723000Z,lab-sensor-01,31101,5,accesslog|attack|web,web-accesslog,none,/var/log/apache2/access.log,0,0,1,0,0,0,1,0,0,0,0,0,16,3,7,0,9,0,0,57,6,18,6,1
wazuh-1788717659.1577156,2026-09-06T18:00:59.724000Z,lab-sensor-01,31101,5,accesslog|attack|web,web-accesslog,none,/var/log/apache2/access.log,0,0,1,0,0,0,1,0,0,0,0,0,17,4,7,0,9,0,0,56,6,18,6,1
wazuh-1788717661.1577598,2026-09-06T18:01:01.727000Z,lab-sensor-01,31101,5,accesslog|attack|web,web-accesslog,none,/var/log/apache2/access.log,0,0,1,0,0,0,1,0,0,0,0,0,18,5,7,0,9,0,0,56,6,18,6,1
wazuh-1788717663.1578046,2026-09-06T18:01:03.729000Z,lab-sensor-01,30305,5,access_denied|apache|web,apache-errorlog,none,/var/log/apache2/error.log,50684,0,1,0,0,0,1,0,0,0,0,0,19,1,7,0,9,0,0,55,6,18,6,1
wazuh-1788717663.1578646,2026-09-06T18:01:03.730000Z,lab-sensor-01,31516,6,appsec|attack|web,web-accesslog,T1055,/var/log/apache2/access.log,0,0,1,0,0,0,1,0,0,0,0,0,20,1,7,0,9,0,0,55,6,18,6,1
wazuh-1788717678.1579089,2026-09-06T18:01:18.130000Z,target-kali-01,5501,3,authentication_success|pam|syslog,pam,T1078,journald,0,0,0,0,0,0,0,0,0,0,1,0,18,18,1,0,36,0,0,113,3,18,6,1
wazuh-1788717694.1579532,2026-09-06T18:01:34.177000Z,target-kali-01,5501,3,authentication_success|pam|syslog,pam,T1078,journald,0,0,0,0,0,0,0,0,0,0,1,0,18,18,1,0,36,0,0,114,3,18,6,1
wazuh-1788717699.1579975,2026-09-06T18:01:39.896000Z,film-laptop,591,3,ossec,ossec,none,logcollector,0,0,0,0,0,0,0,0,0,0,0,0,0,0,2,0,0,0,0,0,3,18,6,1
wazuh-1788717708.1580348,2026-09-06T18:01:48.938000Z,target-kali-01,5501,3,authentication_success|pam|syslog,pam,T1078,journald,0,0,0,0,0,0,0,0,0,0,1,0,18,18,1,0,37,0,0,114,3,18,6,1
wazuh-1788717709.1580791,2026-09-06T18:01:49.812000Z,lab-sensor-01,31101,5,accesslog|attack|web,web-accesslog,none,/var/log/apache2/access.log,0,0,1,0,0,0,1,0,0,0,0,0,18,6,7,0,6,0,0,54,6,18,6,1
wazuh-1788717711.1581233,2026-09-06T18:01:51.817000Z,lab-sensor-01,31101,5,accesslog|attack|web,web-accesslog,none,/var/log/apache2/access.log,0,0,1,0,0,0,1,0,0,0,0,0,19,7,7,0,6,0,0,54,6,18,6,1
wazuh-1788717713.1581675,2026-09-06T18:01:53.819000Z,lab-sensor-01,31101,5,accesslog|attack|web,web-accesslog,none,/var/log/apache2/access.log,0,0,1,0,0,0,1,0,0,0,0,0,20,8,7,0,6,0,0,54,6,18,6,1
wazuh-1788717715.1582123,2026-09-06T18:01:55.822000Z,lab-sensor-01,30305,5,access_denied|apache|web,apache-errorlog,none,/var/log/apache2/error.log,50974,0,1,0,0,0,1,0,0,0,0,0,21,2,7,0,6,0,0,54,6,18,6,1
wazuh-1788717715.1582723,2026-09-06T18:01:55.863000Z,lab-sensor-01,31516,6,appsec|attack|web,web-accesslog,T1055,/var/log/apache2/access.log,0,0,1,0,0,0,1,0,0,0,0,0,22,2,7,0,6,0,0,54,6,18,6,1
wazuh-1788717731.1583166,2026-09-06T18:02:11.215000Z,target-kali-01,5501,3,authentication_success|pam|syslog,pam,T1078,journald,0,0,0,0,0,0,0,0,0,0,1,0,18,18,1,0,36,0,0,114,3,18,6,1
wazuh-1788717733.1583609,2026-09-06T18:02:13.635000Z,film-laptop,80730,3,audit|audit_selinux,auditd,none,/var/log/audit/audit.log,0,0,0,0,0,0,0,1,1,0,0,0,1,0,2,0,0,0,0,0,3,18,6,1
wazuh-1788717747.1586426,2026-09-06T18:02:27.585000Z,target-kali-01,5501,3,authentication_success|pam|syslog,pam,T1078,journald,0,0,0,0,0,0,0,0,0,0,1,0,18,18,1,0,36,0,0,114,3,18,6,1
wazuh-1788717748.1586869,2026-09-06T18:02:28.426000Z,lab-sensor-01,31101,5,accesslog|attack|web,web-accesslog,none,/var/log/apache2/access.log,0,0,1,0,0,0,1,0,0,0,0,0,20,9,7,0,6,0,0,55,6,18,6,1
wazuh-1788717750.1587311,2026-09-06T18:02:30.438000Z,lab-sensor-01,31101,5,accesslog|attack|web,web-accesslog,none,/var/log/apache2/access.log,0,0,1,0,0,0,1,0,0,0,0,0,21,10,7,0,6,0,0,55,6,18,6,1
wazuh-1788717752.1587753,2026-09-06T18:02:32.453000Z,lab-sensor-01,31101,5,accesslog|attack|web,web-accesslog,none,/var/log/apache2/access.log,0,0,1,0,0,0,1,0,0,0,0,0,21,11,7,0,6,0,0,54,6,18,6,1
wazuh-1788717754.1588201,2026-09-06T18:02:34.457000Z,lab-sensor-01,30305,5,access_denied|apache|web,apache-errorlog,none,/var/log/apache2/error.log,58774,0,1,0,0,0,1,0,0,0,0,0,22,3,7,0,6,0,0,53,6,18,6,1
wazuh-1788717754.1588801,2026-09-06T18:02:34.457000Z,lab-sensor-01,31516,6,appsec|attack|web,web-accesslog,T1055,/var/log/apache2/access.log,0,0,1,0,0,0,1,0,0,0,0,0,23,3,7,0,6,0,0,53,6,18,6,1
wazuh-1788717771.1589244,2026-09-06T18:02:51.252000Z,target-kali-01,5501,3,authentication_success|pam|syslog,pam,T1078,journald,0,0,0,0,0,0,0,0,0,0,1,0,18,18,1,0,35,0,0,113,3,18,6,1
wazuh-1788717789.1589687,2026-09-06T18:03:09.651000Z,target-kali-01,5501,3,authentication_success|pam|syslog,pam,T1078,journald,0,0,0,0,0,0,0,0,0,0,1,0,18,18,1,0,35,0,0,113,3,18,6,1
wazuh-1788717790.1590130,2026-09-06T18:03:10.535000Z,lab-sensor-01,5710,5,authentication_failed|invalid_login|sshd|syslog,sshd,T1021.004|T1110.001,journald,45648,0,1,0,0,0,1,0,0,0,1,0,23,3,7,0,6,0,0,50,6,18,6,1
wazuh-1788717792.1590679,2026-09-06T18:03:12.537000Z,lab-sensor-01,5710,5,authentication_failed|invalid_login|sshd|syslog,sshd,T1021.004|T1110.001,journald,45664,0,1,0,0,0,1,0,0,0,1,0,24,4,7,0,7,0,0,51,6,18,6,1
wazuh-1788717796.1591228,2026-09-06T18:03:16.543000Z,lab-sensor-01,5710,5,authentication_failed|invalid_login|sshd|syslog,sshd,T1021.004|T1110.001,journald,43244,0,1,0,0,0,1,0,0,0,1,0,25,5,7,0,8,0,0,51,6,18,6,1
wazuh-1788717811.1591777,2026-09-06T18:03:31.977000Z,lab-sensor-01,31104,6,accesslog|attack|web,web-accesslog,T1055|T1083|T1190,/var/log/apache2/access.log,0,0,1,0,0,0,1,0,0,0,0,0,26,0,7,0,9,0,0,52,6,18,6,1
wazuh-1788717812.1592236,2026-09-06T18:03:32.180000Z,target-kali-01,5501,3,authentication_success|pam|syslog,pam,T1078,journald,0,0,0,0,0,0,0,0,0,0,1,0,17,17,1,0,35,0,0,113,3,18,6,1
wazuh-1788717815.1592679,2026-09-06T18:03:35.986000Z,lab-sensor-01,31106,6,accesslog|attack|web,web-accesslog,T1190,/var/log/apache2/access.log,0,0,1,0,0,0,1,0,0,0,0,0,27,0,7,0,9,0,0,53,6,18,6,1
wazuh-1788717832.1593164,2026-09-06T18:03:52.047000Z,lab-sensor-01,31104,6,accesslog|attack|web,web-accesslog,T1055|T1083|T1190,/var/log/apache2/access.log,0,0,1,0,0,0,1,0,0,0,0,0,28,1,7,0,9,0,0,54,6,18,6,1
wazuh-1788717833.1593623,2026-09-06T18:03:53.054000Z,target-kali-01,5501,3,authentication_success|pam|syslog,pam,T1078,journald,0,0,0,0,0,0,0,0,0,0,1,0,17,17,1,0,35,0,0,113,3,18,6,1
wazuh-1788717836.1594066,2026-09-06T18:03:56.012000Z,lab-sensor-01,31106,6,accesslog|attack|web,web-accesslog,T1190,/var/log/apache2/access.log,0,0,1,0,0,0,1,0,0,0,0,0,29,1,7,0,9,0,0,55,6,18,6,1
wazuh-1788717851.1594551,2026-09-06T18:04:11.093000Z,target-kali-01,5501,3,authentication_success|pam|syslog,pam,T1078,journald,0,0,0,0,0,0,0,0,0,0,1,0,16,16,1,0,35,0,0,113,3,18,6,1
wazuh-1788717869.1594994,2026-09-06T18:04:29.162000Z,target-kali-01,5501,3,authentication_success|pam|syslog,pam,T1078,journald,0,0,0,0,0,0,0,0,0,0,1,0,16,16,1,0,35,0,0,113,3,18,6,1
wazuh-1788717885.1595437,2026-09-06T18:04:45.294000Z,target-kali-01,5501,3,authentication_success|pam|syslog,pam,T1078,journald,0,0,0,0,0,0,0,0,0,0,1,0,16,16,1,0,35,0,0,112,3,18,6,1
wazuh-1788717895.1595880,2026-09-06T18:04:55.302000Z,target-kali-01,5501,3,authentication_success|pam|syslog,pam,T1078,journald,0,0,0,0,0,0,0,0,0,0,1,0,16,16,1,0,35,0,0,113,3,18,6,1
wazuh-1788717914.1596323,2026-09-06T18:05:14.146000Z,target-kali-01,5501,3,authentication_success|pam|syslog,pam,T1078,journald,0,0,0,0,0,0,0,0,0,0,1,0,16,16,1,0,35,0,0,113,3,18,6,1
wazuh-1788717916.1596766,2026-09-06T18:05:16.235000Z,lab-sensor-01,31101,5,accesslog|attack|web,web-accesslog,none,/var/log/apache2/access.log,0,0,1,0,0,0,1,0,0,0,0,0,25,9,7,0,9,0,0,55,6,18,6,1
wazuh-1788717918.1597208,2026-09-06T18:05:18.237000Z,lab-sensor-01,31101,5,accesslog|attack|web,web-accesslog,none,/var/log/apache2/access.log,0,0,1,0,0,0,1,0,0,0,0,0,26,10,7,0,9,0,0,54,6,18,6,1
wazuh-1788717920.1597650,2026-09-06T18:05:20.240000Z,lab-sensor-01,31101,5,accesslog|attack|web,web-accesslog,none,/var/log/apache2/access.log,0,0,1,0,0,0,1,0,0,0,0,0,27,11,7,0,9,0,0,54,6,18,6,1
wazuh-1788717921.1598098,2026-09-06T18:05:21.966000Z,film-laptop,11,4,stats,auditd,none,/var/log/audit/audit.log,0,0,0,0,0,0,0,1,1,0,0,0,2,0,3,0,0,0,0,0,3,18,6,1
wazuh-1788717922.1598774,2026-09-06T18:05:22.244000Z,lab-sensor-01,30305,5,access_denied|apache|web,apache-errorlog,none,/var/log/apache2/error.log,44520,0,1,0,0,0,1,0,0,0,0,0,28,3,7,0,9,0,0,53,6,18,6,1
wazuh-1788717922.1599374,2026-09-06T18:05:22.244000Z,lab-sensor-01,31516,6,appsec|attack|web,web-accesslog,T1055,/var/log/apache2/access.log,0,0,1,0,0,0,1,0,0,0,0,0,29,3,7,0,9,0,0,53,6,18,6,1
wazuh-1788717938.1599817,2026-09-06T18:05:38.230000Z,target-kali-01,5501,3,authentication_success|pam|syslog,pam,T1078,journald,0,0,0,0,0,0,0,0,0,0,1,0,15,15,1,0,34,0,0,112,3,18,6,1
wazuh-1788717958.1600260,2026-09-06T18:05:58.359000Z,target-kali-01,5501,3,authentication_success|pam|syslog,pam,T1078,journald,0,0,0,0,0,0,0,0,0,0,1,0,15,15,1,0,34,0,0,112,3,18,6,1
wazuh-1788717968.1600703,2026-09-06T18:06:08.464000Z,target-kali-01,5501,3,authentication_success|pam|syslog,pam,T1078,journald,0,0,0,0,0,0,0,0,0,0,1,0,16,16,1,0,34,0,0,112,3,18,6,1
wazuh-1788717988.1601146,2026-09-06T18:06:28.483000Z,target-kali-01,5501,3,authentication_success|pam|syslog,pam,T1078,journald,0,0,0,0,0,0,0,0,0,0,1,0,16,16,1,0,35,0,0,112,3,18,6,1
wazuh-1788718000.1601589,2026-09-06T18:06:40.926000Z,lab-sensor-01,5710,5,authentication_failed|invalid_login|sshd|syslog,sshd,T1021.004|T1110.001,journald,53656,0,1,0,0,0,1,0,0,0,1,0,22,3,6,0,9,0,0,51,6,18,6,1
wazuh-1788718002.1602138,2026-09-06T18:06:42.523000Z,target-kali-01,5501,3,authentication_success|pam|syslog,pam,T1078,journald,0,0,0,0,0,0,0,0,0,0,1,0,16,16,1,0,34,0,0,112,3,18,6,1
wazuh-1788718004.1602581,2026-09-06T18:06:44.929000Z,lab-sensor-01,5710,5,authentication_failed|invalid_login|sshd|syslog,sshd,T1021.004|T1110.001,journald,51730,0,1,0,0,0,1,0,0,0,1,0,23,4,6,0,10,0,0,51,6,18,6,1
wazuh-1788718008.1603130,2026-09-06T18:06:48.935000Z,lab-sensor-01,5710,5,authentication_failed|invalid_login|sshd|syslog,sshd,T1021.004|T1110.001,journald,51738,0,1,0,0,0,1,0,0,0,1,0,24,5,6,0,11,0,0,52,6,18,6,1
wazuh-1788718019.1603679,2026-09-06T18:06:59.929000Z,film-laptop,591,3,ossec,ossec,none,logcollector,0,0,0,0,0,0,0,0,0,0,0,0,2,0,3,0,0,0,0,0,4,18,6,1
wazuh-1788718022.1604052,2026-09-06T18:07:02.756000Z,target-kali-01,5501,3,authentication_success|pam|syslog,pam,T1078,journald,0,0,0,0,0,0,0,0,0,0,1,0,16,16,1,0,34,0,0,112,3,18,6,1
wazuh-1788718034.1604495,2026-09-06T18:07:14.864000Z,target-kali-01,5501,3,authentication_success|pam|syslog,pam,T1078,journald,0,0,0,0,0,0,0,0,0,0,1,0,16,16,1,0,35,0,0,112,3,18,6,1
wazuh-1788718036.1604938,2026-09-06T18:07:16.445000Z,lab-sensor-01,31101,5,accesslog|attack|web,web-accesslog,none,/var/log/apache2/access.log,0,0,1,0,0,0,1,0,0,0,0,0,20,6,6,0,9,0,0,53,6,18,6,1
wazuh-1788718038.1605380,2026-09-06T18:07:18.449000Z,lab-sensor-01,31101,5,accesslog|attack|web,web-accesslog,none,/var/log/apache2/access.log,0,0,1,0,0,0,1,0,0,0,0,0,21,7,6,0,9,0,0,53,6,18,6,1
wazuh-1788718040.1605822,2026-09-06T18:07:20.450000Z,lab-sensor-01,31101,5,accesslog|attack|web,web-accesslog,none,/var/log/apache2/access.log,0,0,1,0,0,0,1,0,0,0,0,0,22,8,6,0,9,0,0,53,6,18,6,1
wazuh-1788718042.1606270,2026-09-06T18:07:22.453000Z,lab-sensor-01,30305,5,access_denied|apache|web,apache-errorlog,none,/var/log/apache2/error.log,50446,0,1,0,0,0,1,0,0,0,0,0,23,2,6,0,9,0,0,53,6,18,6,1
wazuh-1788718042.1606870,2026-09-06T18:07:22.453000Z,lab-sensor-01,31516,6,appsec|attack|web,web-accesslog,T1055,/var/log/apache2/access.log,0,0,1,0,0,0,1,0,0,0,0,0,24,2,6,0,9,0,0,53,6,18,6,1
wazuh-1788718057.1607313,2026-09-06T18:07:37.247000Z,target-kali-01,5501,3,authentication_success|pam|syslog,pam,T1078,journald,0,0,0,0,0,0,0,0,0,0,1,0,16,16,1,0,34,0,0,111,3,18,6,1
wazuh-1788718075.1607756,2026-09-06T18:07:55.036000Z,lab-sensor-01,5710,5,authentication_failed|invalid_login|sshd|syslog,sshd,T1021.004|T1110.001,journald,34338,0,1,0,0,0,1,0,0,0,1,0,20,6,6,0,9,0,0,54,6,18,6,1
wazuh-1788718075.1608305,2026-09-06T18:07:55.282000Z,target-kali-01,5501,3,authentication_success|pam|syslog,pam,T1078,journald,0,0,0,0,0,0,0,0,0,0,1,0,16,16,1,0,34,0,0,111,3,18,6,1
wazuh-1788718079.1608748,2026-09-06T18:07:59.040000Z,lab-sensor-01,5710,5,authentication_failed|invalid_login|sshd|syslog,sshd,T1021.004|T1110.001,journald,34346,0,1,0,0,0,1,0,0,0,1,0,21,7,6,0,10,0,0,55,6,18,6,1
wazuh-1788718081.1609297,2026-09-06T18:08:01.042000Z,lab-sensor-01,5710,5,authentication_failed|invalid_login|sshd|syslog,sshd,T1021.004|T1110.001,journald,34352,0,1,0,0,0,1,0,0,0,1,0,22,8,6,0,11,0,0,56,6,18,6,1
wazuh-1788718097.1609846,2026-09-06T18:08:17.374000Z,target-kali-01,5501,3,authentication_success|pam|syslog,pam,T1078,journald,0,0,0,0,0,0,0,0,0,0,1,0,16,16,1,0,34,0,0,111,3,18,6,1
wazuh-1788718109.1610289,2026-09-06T18:08:29.500000Z,target-kali-01,5501,3,authentication_success|pam|syslog,pam,T1078,journald,0,0,0,0,0,0,0,0,0,0,1,0,17,17,1,0,34,0,0,111,3,18,6,1
wazuh-1788718123.1610732,2026-09-06T18:08:43.719000Z,target-kali-01,5501,3,authentication_success|pam|syslog,pam,T1078,journald,0,0,0,0,0,0,0,0,0,0,1,0,17,17,1,0,34,0,0,111,3,18,6,1
wazuh-1788718138.1611175,2026-09-06T18:08:58.178000Z,target-kali-01,5501,3,authentication_success|pam|syslog,pam,T1078,journald,0,0,0,0,0,0,0,0,0,0,1,0,17,17,1,0,34,0,0,111,3,18,6,1
wazuh-1788718149.1611618,2026-09-06T18:09:09.153000Z,target-kali-01,5501,3,authentication_success|pam|syslog,pam,T1078,journald,0,0,0,0,0,0,0,0,0,0,1,0,18,18,1,0,34,0,0,111,3,18,6,1
wazuh-1788718149.1612061,2026-09-06T18:09:09.200000Z,lab-sensor-01,5710,5,authentication_failed|invalid_login|sshd|syslog,sshd,T1021.004|T1110.001,journald,53488,0,1,0,0,0,1,0,0,0,1,0,16,6,6,0,12,0,0,54,6,18,6,1
wazuh-1788718151.1612610,2026-09-06T18:09:11.204000Z,lab-sensor-01,5710,5,authentication_failed|invalid_login|sshd|syslog,sshd,T1021.004|T1110.001,journald,53504,0,1,0,0,0,1,0,0,0,1,0,17,7,6,0,13,0,0,55,6,18,6,1
wazuh-1788718155.1613159,2026-09-06T18:09:15.234000Z,lab-sensor-01,5710,5,authentication_failed|invalid_login|sshd|syslog,sshd,T1021.004|T1110.001,journald,57676,0,1,0,0,0,1,0,0,0,1,0,18,8,6,0,14,0,0,56,6,18,6,1
wazuh-1788718170.1613708,2026-09-06T18:09:30.146000Z,target-kali-01,5501,3,authentication_success|pam|syslog,pam,T1078,journald,0,0,0,0,0,0,0,0,0,0,1,0,17,17,1,0,34,0,0,111,3,18,6,1
wazuh-1788718186.1614151,2026-09-06T18:09:46.225000Z,target-kali-01,5501,3,authentication_success|pam|syslog,pam,T1078,journald,0,0,0,0,0,0,0,0,0,0,1,0,17,17,1,0,34,0,0,112,3,18,6,1
wazuh-1788718202.1614594,2026-09-06T18:10:02.317000Z,target-kali-01,5501,3,authentication_success|pam|syslog,pam,T1078,journald,0,0,0,0,0,0,0,0,0,0,1,0,17,17,1,0,34,0,0,112,3,18,6,1
wazuh-1788718214.1615037,2026-09-06T18:10:14.318000Z,target-kali-01,5501,3,authentication_success|pam|syslog,pam,T1078,journald,0,0,0,0,0,0,0,0,0,0,1,0,17,17,1,0,34,0,0,112,3,18,6,1
wazuh-1788718227.1615480,2026-09-06T18:10:27.126000Z,target-kali-01,5501,3,authentication_success|pam|syslog,pam,T1078,journald,0,0,0,0,0,0,0,0,0,0,1,0,18,18,1,0,34,0,0,112,3,18,6,1
wazuh-1788718238.1615923,2026-09-06T18:10:38.892000Z,lab-sensor-01,31104,6,accesslog|attack|web,web-accesslog,T1055|T1083|T1190,/var/log/apache2/access.log,0,0,1,0,0,0,1,0,0,0,0,0,14,0,6,0,14,0,0,51,6,18,6,1
wazuh-1788718239.1616382,2026-09-06T18:10:39.219000Z,target-kali-01,5501,3,authentication_success|pam|syslog,pam,T1078,journald,0,0,0,0,0,0,0,0,0,0,1,0,18,18,1,0,34,0,0,112,3,18,6,1
wazuh-1788718242.1616825,2026-09-06T18:10:42.868000Z,lab-sensor-01,31106,6,accesslog|attack|web,web-accesslog,T1190,/var/log/apache2/access.log,0,0,1,0,0,0,1,0,0,0,0,0,15,0,6,0,12,0,0,52,6,18,6,1
wazuh-1788718259.1617310,2026-09-06T18:10:59.279000Z,target-kali-01,5501,3,authentication_success|pam|syslog,pam,T1078,journald,0,0,0,0,0,0,0,0,0,0,1,0,18,18,1,0,34,0,0,112,3,18,6,1
wazuh-1788718268.1617753,2026-09-06T18:11:08.931000Z,lab-sensor-01,31104,6,accesslog|attack|web,web-accesslog,T1055|T1083|T1190,/var/log/apache2/access.log,0,0,1,0,0,0,1,0,0,0,0,0,16,1,6,0,12,0,0,53,6,18,6,1
wazuh-1788718269.1618212,2026-09-06T18:11:09.374000Z,target-kali-01,5501,3,authentication_success|pam|syslog,pam,T1078,journald,0,0,0,0,0,0,0,0,0,0,1,0,18,18,1,0,35,0,0,112,3,18,6,1
wazuh-1788718272.1618655,2026-09-06T18:11:12.932000Z,lab-sensor-01,31106,6,accesslog|attack|web,web-accesslog,T1190,/var/log/apache2/access.log,0,0,1,0,0,0,1,0,0,0,0,0,17,1,6,0,12,0,0,54,6,18,6,1
wazuh-1788718287.1619140,2026-09-06T18:11:27.397000Z,target-kali-01,5501,3,authentication_success|pam|syslog,pam,T1078,journald,0,0,0,0,0,0,0,0,0,0,1,0,19,19,1,0,35,0,0,111,3,18,6,1
wazuh-1788718287.1619583,2026-09-06T18:11:27.460000Z,lab-sensor-01,5710,5,authentication_failed|invalid_login|sshd|syslog,sshd,T1021.004|T1110.001,journald,47348,0,1,0,0,0,1,0,0,0,1,0,18,9,6,0,12,0,0,55,6,18,6,1
wazuh-1788718289.1620132,2026-09-06T18:11:29.466000Z,lab-sensor-01,5710,5,authentication_failed|invalid_login|sshd|syslog,sshd,T1021.004|T1110.001,journald,47362,0,1,0,0,0,1,0,0,0,1,0,19,10,6,0,13,0,0,56,6,18,6,1
wazuh-1788718293.1620681,2026-09-06T18:11:33.470000Z,lab-sensor-01,5710,5,authentication_failed|invalid_login|sshd|syslog,sshd,T1021.004|T1110.001,journald,47368,0,1,0,0,0,1,0,0,0,1,0,20,11,6,0,14,0,0,57,6,18,6,1
wazuh-1788718302.1621230,2026-09-06T18:11:42.621000Z,film-laptop,86601,3,ids|suricata,json,none,/var/log/suricata/eve.json,43026,80,1,0,0,0,1,0,0,0,0,0,1,0,3,0,0,0,0,0,4,18,6,1
wazuh-1788718302.1623745,2026-09-06T18:11:42.629000Z,film-laptop,86601,3,ids|suricata,json,none,/var/log/suricata/eve.json,43196,80,1,0,0,0,1,0,0,0,0,0,2,1,4,0,0,0,0,0,4,18,6,1
wazuh-1788718302.1626280,2026-09-06T18:11:42.633000Z,film-laptop,86601,3,ids|suricata,json,none,/var/log/suricata/eve.json,41278,80,1,0,0,0,1,0,0,0,0,0,3,2,4,0,0,0,0,0,4,18,6,1
wazuh-1788718302.1628861,2026-09-06T18:11:42.643000Z,film-laptop,86601,3,ids|suricata,json,none,/var/log/suricata/eve.json,43026,80,1,0,0,0,1,0,0,0,0,0,4,3,4,0,0,0,0,0,4,18,6,1
wazuh-1788718302.1631394,2026-09-06T18:11:42.647000Z,film-laptop,5402,3,sudo|syslog,sudo,T1548.003,journald,0,0,0,0,0,0,0,0,0,0,0,1,5,0,4,0,0,0,0,0,4,18,6,1
wazuh-1788718302.1631937,2026-09-06T18:11:42.649000Z,film-laptop,5501,3,authentication_success|pam|syslog,pam,T1078,journald,0,0,0,0,0,0,0,0,0,0,1,0,6,0,5,0,0,0,1,1,4,18,6,1
wazuh-1788718304.1632410,2026-09-06T18:11:44.300000Z,film-laptop,86601,3,ids|suricata,json,none,/var/log/suricata/eve.json,41278,80,1,0,0,0,1,0,0,0,0,0,7,4,6,0,1,0,1,2,4,18,6,1
wazuh-1788718304.1635013,2026-09-06T18:11:44.300000Z,film-laptop,86601,3,ids|suricata,json,none,/var/log/suricata/eve.json,43026,80,1,0,0,0,1,0,0,0,0,0,8,5,6,0,1,0,1,2,4,18,6,1
wazuh-1788718304.1637552,2026-09-06T18:11:44.347000Z,film-laptop,5502,3,pam|syslog,pam,none,journald,0,0,0,0,0,0,0,0,0,0,1,0,9,0,6,0,1,0,1,2,4,18,6,1
wazuh-1788718309.1637964,2026-09-06T18:11:49.749000Z,target-kali-01,5501,3,authentication_success|pam|syslog,pam,T1078,journald,0,0,0,0,0,0,0,0,0,0,1,0,18,18,1,0,34,0,0,111,3,18,6,1
wazuh-1788718319.1638407,2026-09-06T18:11:59.515000Z,target-kali-01,5501,3,authentication_success|pam|syslog,pam,T1078,journald,0,0,0,0,0,0,0,0,0,0,1,0,19,19,1,0,35,0,0,111,3,18,6,1
wazuh-1788718338.1638850,2026-09-06T18:12:18.015000Z,target-kali-01,5501,3,authentication_success|pam|syslog,pam,T1078,journald,0,0,0,0,0,0,0,0,0,0,1,0,18,18,1,0,35,0,0,111,3,18,6,1
wazuh-1788718348.1639293,2026-09-06T18:12:28.042000Z,target-kali-01,5501,3,authentication_success|pam|syslog,pam,T1078,journald,0,0,0,0,0,0,0,0,0,0,1,0,19,19,1,0,35,0,0,112,3,18,6,1
wazuh-1788718362.1639736,2026-09-06T18:12:42.411000Z,film-laptop,86601,3,ids|suricata,json,none,/var/log/suricata/eve.json,46224,80,1,0,0,0,1,0,0,0,0,0,9,6,6,0,2,0,1,2,4,18,6,1
wazuh-1788718362.1642311,2026-09-06T18:12:42.415000Z,film-laptop,86601,3,ids|suricata,json,none,/var/log/suricata/eve.json,45052,80,1,0,0,0,1,0,0,0,0,0,10,7,6,0,2,0,1,2,4,18,6,1
wazuh-1788718362.1644824,2026-09-06T18:12:42.419000Z,film-laptop,86601,3,ids|suricata,json,none,/var/log/suricata/eve.json,42028,80,1,0,0,0,1,0,0,0,0,0,11,8,6,0,2,0,1,2,4,18,6,1
wazuh-1788718362.1647357,2026-09-06T18:12:42.427000Z,film-laptop,86601,3,ids|suricata,json,none,/var/log/suricata/eve.json,45052,80,1,0,0,0,1,0,0,0,0,0,12,9,6,0,2,0,1,2,4,18,6,1
wazuh-1788718362.1649888,2026-09-06T18:12:42.433000Z,film-laptop,5402,3,sudo|syslog,sudo,T1548.003,journald,0,0,0,0,0,0,0,0,0,0,0,1,13,1,6,0,2,0,1,2,4,18,6,1
wazuh-1788718362.1650431,2026-09-06T18:12:42.435000Z,film-laptop,5501,3,authentication_success|pam|syslog,pam,T1078,journald,0,0,0,0,0,0,0,0,0,0,1,0,14,1,6,0,2,0,2,3,4,18,6,1
wazuh-1788718362.1650904,2026-09-06T18:12:42.448000Z,film-laptop,86601,3,ids|suricata,json,none,/var/log/suricata/eve.json,46224,80,1,0,0,0,1,0,0,0,0,0,15,10,6,0,3,0,2,4,4,18,6,1
wazuh-1788718364.1653501,2026-09-06T18:12:44.320000Z,film-laptop,86601,3,ids|suricata,json,none,/var/log/suricata/eve.json,45052,80,1,0,0,0,1,0,0,0,0,0,16,11,6,0,3,0,2,4,4,18,6,1
wazuh-1788718364.1656038,2026-09-06T18:12:44.404000Z,film-laptop,5502,3,pam|syslog,pam,none,journald,0,0,0,0,0,0,0,0,0,0,1,0,17,1,6,0,3,0,2,4,4,18,6,1
wazuh-1788718366.1656450,2026-09-06T18:12:46.138000Z,target-kali-01,5501,3,authentication_success|pam|syslog,pam,T1078,journald,0,0,0,0,0,0,0,0,0,0,1,0,19,19,1,0,36,0,0,111,3,18,6,1
wazuh-1788718381.1656893,2026-09-06T18:13:01.549000Z,target-kali-01,5501,3,authentication_success|pam|syslog,pam,T1078,journald,0,0,0,0,0,0,0,0,0,0,1,0,19,19,1,0,36,0,0,111,3,18,6,1
wazuh-1788718392.1657336,2026-09-06T18:13:12.119000Z,target-kali-01,5501,3,authentication_success|pam|syslog,pam,T1078,journald,0,0,0,0,0,0,0,0,0,0,1,0,20,20,1,0,36,0,0,111,3,18,6,1
wazuh-1788718403.1657779,2026-09-06T18:13:23.969000Z,film-laptop,591,3,ossec,ossec,none,logcollector,0,0,0,0,0,0,0,0,0,0,0,0,18,0,6,0,4,0,2,4,4,18,6,1
wazuh-1788718404.1658152,2026-09-06T18:13:24.854000Z,target-kali-01,5501,3,authentication_success|pam|syslog,pam,T1078,journald,0,0,0,0,0,0,0,0,0,0,1,0,20,20,1,0,37,0,0,111,3,18,6,1
wazuh-1788718405.1658595,2026-09-06T18:13:25.162000Z,lab-sensor-01,31104,6,accesslog|attack|web,web-accesslog,T1055|T1083|T1190,/var/log/apache2/access.log,0,0,1,0,0,0,1,0,0,0,0,0,10,2,6,0,12,0,0,57,6,18,6,1
wazuh-1788718409.1659054,2026-09-06T18:13:29.166000Z,lab-sensor-01,31106,6,accesslog|attack|web,web-accesslog,T1190,/var/log/apache2/access.log,0,0,1,0,0,0,1,0,0,0,0,0,11,2,6,0,12,0,0,58,6,18,6,1
wazuh-1788718424.1659539,2026-09-06T18:13:44.926000Z,target-kali-01,5501,3,authentication_success|pam|syslog,pam,T1078,journald,0,0,0,0,0,0,0,0,0,0,1,0,19,19,1,0,37,0,0,111,3,18,6,1
wazuh-1788718439.1659982,2026-09-06T18:13:59.007000Z,target-kali-01,5501,3,authentication_success|pam|syslog,pam,T1078,journald,0,0,0,0,0,0,0,0,0,0,1,0,19,19,1,0,37,0,0,110,3,18,6,1
wazuh-1788718451.1660425,2026-09-06T18:14:11.021000Z,target-kali-01,5501,3,authentication_success|pam|syslog,pam,T1078,journald,0,0,0,0,0,0,0,0,0,0,1,0,19,19,1,0,38,0,0,111,3,18,6,1
wazuh-1788718469.1660868,2026-09-06T18:14:29.240000Z,target-kali-01,5501,3,authentication_success|pam|syslog,pam,T1078,journald,0,0,0,0,0,0,0,0,0,0,1,0,20,20,1,0,37,0,0,111,3,18,6,1
wazuh-1788718487.1661311,2026-09-06T18:14:47.374000Z,target-kali-01,5501,3,authentication_success|pam|syslog,pam,T1078,journald,0,0,0,0,0,0,0,0,0,0,1,0,19,19,1,0,37,0,0,111,3,18,6,1
wazuh-1788718504.1661754,2026-09-06T18:15:04.110000Z,target-kali-01,5501,3,authentication_success|pam|syslog,pam,T1078,journald,0,0,0,0,0,0,0,0,0,0,1,0,19,19,1,0,37,0,0,111,3,18,6,1
wazuh-1788718514.1662197,2026-09-06T18:15:14.286000Z,target-kali-01,5501,3,authentication_success|pam|syslog,pam,T1078,journald,0,0,0,0,0,0,0,0,0,0,1,0,20,20,1,0,37,0,0,112,3,18,6,1
wazuh-1788718526.1662640,2026-09-06T18:15:26.394000Z,target-kali-01,5501,3,authentication_success|pam|syslog,pam,T1078,journald,0,0,0,0,0,0,0,0,0,0,1,0,20,20,1,0,38,0,0,112,3,18,6,1
wazuh-1788718536.1663083,2026-09-06T18:15:36.461000Z,target-kali-01,5501,3,authentication_success|pam|syslog,pam,T1078,journald,0,0,0,0,0,0,0,0,0,0,1,0,20,20,1,0,39,0,0,112,3,18,6,1
wazuh-1788718550.1663526,2026-09-06T18:15:50.515000Z,target-kali-01,5501,3,authentication_success|pam|syslog,pam,T1078,journald,0,0,0,0,0,0,0,0,0,0,1,0,20,20,1,0,39,0,0,112,3,18,6,1
wazuh-1788718566.1663969,2026-09-06T18:16:06.605000Z,target-kali-01,5501,3,authentication_success|pam|syslog,pam,T1078,journald,0,0,0,0,0,0,0,0,0,0,1,0,20,20,1,0,39,0,0,112,3,18,6,1
wazuh-1788718581.1664412,2026-09-06T18:16:21.135000Z,target-kali-01,5501,3,authentication_success|pam|syslog,pam,T1078,journald,0,0,0,0,0,0,0,0,0,0,1,0,20,20,1,0,39,0,0,112,3,18,6,1
wazuh-1788718593.1664855,2026-09-06T18:16:33.172000Z,target-kali-01,5501,3,authentication_success|pam|syslog,pam,T1078,journald,0,0,0,0,0,0,0,0,0,0,1,0,20,20,1,0,39,0,0,112,3,18,6,1
wazuh-1788718603.1665298,2026-09-06T18:16:43.218000Z,target-kali-01,5501,3,authentication_success|pam|syslog,pam,T1078,journald,0,0,0,0,0,0,0,0,0,0,1,0,21,21,1,0,39,0,0,113,3,18,6,1
wazuh-1788718621.1665741,2026-09-06T18:17:01.431000Z,target-kali-01,5501,3,authentication_success|pam|syslog,pam,T1078,journald,0,0,0,0,0,0,0,0,0,0,1,0,20,20,1,0,40,0,0,112,3,18,6,1
wazuh-1788718621.1666184,2026-09-06T18:17:01.576000Z,lab-sensor-01,31104,6,accesslog|attack|web,web-accesslog,T1055|T1083|T1190,/var/log/apache2/access.log,0,0,1,0,0,0,1,0,0,0,0,0,2,1,6,0,9,0,0,51,6,18,6,1
wazuh-1788718625.1666643,2026-09-06T18:17:05.541000Z,lab-sensor-01,31106,6,accesslog|attack|web,web-accesslog,T1190,/var/log/apache2/access.log,0,0,1,0,0,0,1,0,0,0,0,0,3,1,6,0,9,0,0,51,6,18,6,1
wazuh-1788718639.1667128,2026-09-06T18:17:19.481000Z,target-kali-01,5501,3,authentication_success|pam|syslog,pam,T1078,journald,0,0,0,0,0,0,0,0,0,0,1,0,20,20,1,0,39,0,0,112,3,18,6,1
wazuh-1788718654.1667571,2026-09-06T18:17:34.734000Z,target-kali-01,5501,3,authentication_success|pam|syslog,pam,T1078,journald,0,0,0,0,0,0,0,0,0,0,1,0,20,20,1,0,40,0,0,112,3,18,6,1
wazuh-1788718672.1668014,2026-09-06T18:17:52.321000Z,lab-sensor-01,5710,5,authentication_failed|invalid_login|sshd|syslog,sshd,T1021.004|T1110.001,journald,45666,0,1,0,0,0,1,0,0,0,1,0,4,0,3,0,9,0,0,52,6,18,6,1
wazuh-1788718672.1668563,2026-09-06T18:17:52.866000Z,target-kali-01,5501,3,authentication_success|pam|syslog,pam,T1078,journald,0,0,0,0,0,0,0,0,0,0,1,0,20,20,1,0,40,0,0,112,3,18,6,1
wazuh-1788718676.1669006,2026-09-06T18:17:56.344000Z,lab-sensor-01,5710,5,authentication_failed|invalid_login|sshd|syslog,sshd,T1021.004|T1110.001,journald,48482,0,1,0,0,0,1,0,0,0,1,0,5,1,3,0,9,0,0,53,6,18,6,1
wazuh-1788718678.1669555,2026-09-06T18:17:58.346000Z,lab-sensor-01,5710,5,authentication_failed|invalid_login|sshd|syslog,sshd,T1021.004|T1110.001,journald,48496,0,1,0,0,0,1,0,0,0,1,0,6,2,3,0,10,0,0,54,6,18,6,1
wazuh-1788718693.1670104,2026-09-06T18:18:13.622000Z,target-kali-01,5501,3,authentication_success|pam|syslog,pam,T1078,journald,0,0,0,0,0,0,0,0,0,0,1,0,19,19,1,0,40,0,0,112,3,18,6,1
wazuh-1788718703.1670547,2026-09-06T18:18:23.878000Z,target-kali-01,5501,3,authentication_success|pam|syslog,pam,T1078,journald,0,0,0,0,0,0,0,0,0,0,1,0,20,20,1,0,40,0,0,112,3,18,6,1
wazuh-1788718724.1670990,2026-09-06T18:18:44.002000Z,film-laptop,591,3,ossec,ossec,none,logcollector,0,0,0,0,0,0,0,0,0,0,0,0,0,0,5,0,4,0,2,4,3,18,6,1
wazuh-1788718725.1671363,2026-09-06T18:18:45.968000Z,target-kali-01,5501,3,authentication_success|pam|syslog,pam,T1078,journald,0,0,0,0,0,0,0,0,0,0,1,0,19,19,1,0,39,0,0,112,3,18,6,1
wazuh-1788718742.1671806,2026-09-06T18:19:02.183000Z,target-kali-01,5501,3,authentication_success|pam|syslog,pam,T1078,journald,0,0,0,0,0,0,0,0,0,0,1,0,19,19,1,0,39,0,0,112,3,18,6,1
wazuh-1788718743.1672249,2026-09-06T18:19:03.745000Z,lab-sensor-01,31101,5,accesslog|attack|web,web-accesslog,none,/var/log/apache2/access.log,0,0,1,0,0,0,1,0,0,0,0,0,5,0,3,0,9,0,0,54,6,18,6,1
wazuh-1788718745.1672691,2026-09-06T18:19:05.766000Z,lab-sensor-01,31101,5,accesslog|attack|web,web-accesslog,none,/var/log/apache2/access.log,0,0,1,0,0,0,1,0,0,0,0,0,6,1,4,0,9,0,0,54,6,18,6,1
wazuh-1788718747.1673133,2026-09-06T18:19:07.767000Z,lab-sensor-01,31101,5,accesslog|attack|web,web-accesslog,none,/var/log/apache2/access.log,0,0,1,0,0,0,1,0,0,0,0,0,7,2,4,0,9,0,0,54,6,18,6,1
wazuh-1788718749.1673581,2026-09-06T18:19:09.769000Z,lab-sensor-01,30305,5,access_denied|apache|web,apache-errorlog,none,/var/log/apache2/error.log,47022,0,1,0,0,0,1,0,0,0,0,0,8,0,4,0,8,0,0,54,6,18,6,1
wazuh-1788718749.1674181,2026-09-06T18:19:09.769000Z,lab-sensor-01,31516,6,appsec|attack|web,web-accesslog,T1055,/var/log/apache2/access.log,0,0,1,0,0,0,1,0,0,0,0,0,9,0,5,0,8,0,0,54,6,18,6,1
wazuh-1788718762.1674624,2026-09-06T18:19:22.958000Z,target-kali-01,5501,3,authentication_success|pam|syslog,pam,T1078,journald,0,0,0,0,0,0,0,0,0,0,1,0,19,19,1,0,39,0,0,112,3,18,6,1
wazuh-1788718763.1675067,2026-09-06T18:19:23.802000Z,lab-sensor-01,31101,5,accesslog|attack|web,web-accesslog,none,/var/log/apache2/access.log,0,0,1,0,0,0,1,0,0,0,0,0,10,3,6,0,6,0,0,55,6,18,6,1
wazuh-1788718765.1675509,2026-09-06T18:19:25.812000Z,lab-sensor-01,31101,5,accesslog|attack|web,web-accesslog,none,/var/log/apache2/access.log,0,0,1,0,0,0,1,0,0,0,0,0,11,4,6,0,6,0,0,55,6,18,6,1
wazuh-1788718767.1675951,2026-09-06T18:19:27.817000Z,lab-sensor-01,31101,5,accesslog|attack|web,web-accesslog,none,/var/log/apache2/access.log,0,0,1,0,0,0,1,0,0,0,0,0,12,5,6,0,6,0,0,55,6,18,6,1
wazuh-1788718769.1676399,2026-09-06T18:19:29.823000Z,lab-sensor-01,30305,5,access_denied|apache|web,apache-errorlog,none,/var/log/apache2/error.log,44744,0,1,0,0,0,1,0,0,0,0,0,13,1,6,0,6,0,0,55,6,18,6,1
wazuh-1788718769.1676999,2026-09-06T18:19:29.823000Z,lab-sensor-01,31516,6,appsec|attack|web,web-accesslog,T1055,/var/log/apache2/access.log,0,0,1,0,0,0,1,0,0,0,0,0,14,1,6,0,6,0,0,55,6,18,6,1
wazuh-1788718783.1677442,2026-09-06T18:19:43.164000Z,target-kali-01,5501,3,authentication_success|pam|syslog,pam,T1078,journald,0,0,0,0,0,0,0,0,0,0,1,0,19,19,1,0,39,0,0,112,3,18,6,1
wazuh-1788718794.1677885,2026-09-06T18:19:54.259000Z,target-kali-01,5501,3,authentication_success|pam|syslog,pam,T1078,journald,0,0,0,0,0,0,0,0,0,0,1,0,19,19,1,0,39,0,0,111,3,18,6,1
wazuh-1788718794.1678328,2026-09-06T18:19:54.694000Z,lab-sensor-01,5710,5,authentication_failed|invalid_login|sshd|syslog,sshd,T1021.004|T1110.001,journald,49072,0,1,0,0,0,1,0,0,0,1,0,15,3,6,0,6,0,0,56,6,18,6,1
wazuh-1788718796.1678877,2026-09-06T18:19:56.698000Z,lab-sensor-01,5710,5,authentication_failed|invalid_login|sshd|syslog,sshd,T1021.004|T1110.001,journald,47664,0,1,0,0,0,1,0,0,0,1,0,16,4,6,0,7,0,0,57,6,18,6,1
wazuh-1788718800.1679426,2026-09-06T18:20:00.737000Z,lab-sensor-01,5710,5,authentication_failed|invalid_login|sshd|syslog,sshd,T1021.004|T1110.001,journald,47678,0,1,0,0,0,1,0,0,0,1,0,17,5,6,0,8,0,0,58,6,18,6,1
wazuh-1788718816.1679975,2026-09-06T18:20:16.091000Z,target-kali-01,5501,3,authentication_success|pam|syslog,pam,T1078,journald,0,0,0,0,0,0,0,0,0,0,1,0,18,18,1,0,38,0,0,111,3,18,6,1
wazuh-1788718823.1680418,2026-09-06T18:20:23.095000Z,target-kali-01,5501,3,authentication_success|pam|syslog,pam,T1078,journald,0,0,0,0,0,0,0,0,0,0,1,0,19,19,1,0,39,0,0,112,3,18,6,1
wazuh-1788718839.1680861,2026-09-06T18:20:39.812000Z,target-kali-01,5501,3,authentication_success|pam|syslog,pam,T1078,journald,0,0,0,0,0,0,0,0,0,0,1,0,18,18,1,0,38,0,0,111,3,18,6,1
wazuh-1788718856.1681304,2026-09-06T18:20:56.056000Z,lab-sensor-01,31104,6,accesslog|attack|web,web-accesslog,T1055|T1083|T1190,/var/log/apache2/access.log,0,0,1,0,0,0,1,0,0,0,0,0,18,1,6,0,9,0,0,59,6,18,6,1
wazuh-1788718857.1681763,2026-09-06T18:20:57.012000Z,target-kali-01,5501,3,authentication_success|pam|syslog,pam,T1078,journald,0,0,0,0,0,0,0,0,0,0,1,0,18,18,1,0,39,0,0,111,3,18,6,1
wazuh-1788718860.1682206,2026-09-06T18:21:00.020000Z,lab-sensor-01,31106,6,accesslog|attack|web,web-accesslog,T1190,/var/log/apache2/access.log,0,0,1,0,0,0,1,0,0,0,0,0,19,1,6,0,9,0,0,60,6,18,6,1
wazuh-1788718877.1682691,2026-09-06T18:21:17.120000Z,target-kali-01,5501,3,authentication_success|pam|syslog,pam,T1078,journald,0,0,0,0,0,0,0,0,0,0,1,0,18,18,1,0,38,0,0,110,3,18,6,1
wazuh-1788718891.1683134,2026-09-06T18:21:31.448000Z,target-kali-01,5501,3,authentication_success|pam|syslog,pam,T1078,journald,0,0,0,0,0,0,0,0,0,0,1,0,18,18,1,0,38,0,0,110,3,18,6,1
wazuh-1788718904.1683577,2026-09-06T18:21:44.033000Z,target-kali-01,5501,3,authentication_success|pam|syslog,pam,T1078,journald,0,0,0,0,0,0,0,0,0,0,1,0,17,17,1,0,39,0,0,111,3,18,6,1
wazuh-1788718904.1684020,2026-09-06T18:21:44.938000Z,lab-sensor-01,5710,5,authentication_failed|invalid_login|sshd|syslog,sshd,T1021.004|T1110.001,journald,60426,0,1,0,0,0,1,0,0,0,1,0,20,6,6,0,6,0,0,58,6,18,6,1
wazuh-1788718908.1684569,2026-09-06T18:21:48.947000Z,lab-sensor-01,5710,5,authentication_failed|invalid_login|sshd|syslog,sshd,T1021.004|T1110.001,journald,44656,0,1,0,0,0,1,0,0,0,1,0,21,7,6,0,7,0,0,59,6,18,6,1
wazuh-1788718910.1685118,2026-09-06T18:21:50.949000Z,lab-sensor-01,5710,5,authentication_failed|invalid_login|sshd|syslog,sshd,T1021.004|T1110.001,journald,44666,0,1,0,0,0,1,0,0,0,1,0,22,8,6,0,8,0,0,60,6,18,6,1
wazuh-1788718924.1685667,2026-09-06T18:22:04.142000Z,target-kali-01,5501,3,authentication_success|pam|syslog,pam,T1078,journald,0,0,0,0,0,0,0,0,0,0,1,0,17,17,1,0,38,0,0,111,3,18,6,1
wazuh-1788718936.1686110,2026-09-06T18:22:16.413000Z,target-kali-01,5501,3,authentication_success|pam|syslog,pam,T1078,journald,0,0,0,0,0,0,0,0,0,0,1,0,18,18,1,0,39,0,0,110,3,18,6,1
wazuh-1788718949.1686553,2026-09-06T18:22:29.657000Z,target-kali-01,5501,3,authentication_success|pam|syslog,pam,T1078,journald,0,0,0,0,0,0,0,0,0,0,1,0,18,18,1,0,38,0,0,111,3,18,6,1
wazuh-1788718963.1686996,2026-09-06T18:22:43.657000Z,target-kali-01,5501,3,authentication_success|pam|syslog,pam,T1078,journald,0,0,0,0,0,0,0,0,0,0,1,0,18,18,1,0,39,0,0,111,3,18,6,1
wazuh-1788718977.1687439,2026-09-06T18:22:57.102000Z,lab-sensor-01,31104,6,accesslog|attack|web,web-accesslog,T1055|T1083|T1190,/var/log/apache2/access.log,0,0,1,0,0,0,1,0,0,0,0,0,19,1,6,0,9,0,0,60,6,18,6,1
wazuh-1788718978.1687898,2026-09-06T18:22:58.127000Z,target-kali-01,5501,3,authentication_success|pam|syslog,pam,T1078,journald,0,0,0,0,0,0,0,0,0,0,1,0,18,18,1,0,39,0,0,111,3,18,6,1
wazuh-1788718981.1688341,2026-09-06T18:23:01.065000Z,lab-sensor-01,31106,6,accesslog|attack|web,web-accesslog,T1190,/var/log/apache2/access.log,0,0,1,0,0,0,1,0,0,0,0,0,19,1,6,0,9,0,0,61,6,18,6,1
wazuh-1788718998.1688826,2026-09-06T18:23:18.188000Z,target-kali-01,5501,3,authentication_success|pam|syslog,pam,T1078,journald,0,0,0,0,0,0,0,0,0,0,1,0,18,18,1,0,38,0,0,111,3,18,6,1
wazuh-1788718998.1689269,2026-09-06T18:23:18.309000Z,lab-sensor-01,31104,6,accesslog|attack|web,web-accesslog,T1055|T1083|T1190,/var/log/apache2/access.log,0,0,1,0,0,0,1,0,0,0,0,0,20,2,6,0,9,0,0,61,6,18,6,1
wazuh-1788719002.1689728,2026-09-06T18:23:22.276000Z,lab-sensor-01,31106,6,accesslog|attack|web,web-accesslog,T1190,/var/log/apache2/access.log,0,0,1,0,0,0,1,0,0,0,0,0,21,2,6,0,9,0,0,62,6,18,6,1
wazuh-1788719020.1690213,2026-09-06T18:23:40.424000Z,target-kali-01,5501,3,authentication_success|pam|syslog,pam,T1078,journald,0,0,0,0,0,0,0,0,0,0,1,0,18,18,1,0,38,0,0,111,3,18,6,1
wazuh-1788719034.1690656,2026-09-06T18:23:54.526000Z,target-kali-01,5501,3,authentication_success|pam|syslog,pam,T1078,journald,0,0,0,0,0,0,0,0,0,0,1,0,18,18,1,0,38,0,0,111,3,18,6,1
wazuh-1788719044.1691099,2026-09-06T18:24:04.034000Z,film-laptop,591,3,ossec,ossec,none,logcollector,0,0,0,0,0,0,0,0,0,0,0,0,0,0,1,0,0,0,2,4,3,18,6,1
wazuh-1788719048.1691472,2026-09-06T18:24:08.621000Z,target-kali-01,5501,3,authentication_success|pam|syslog,pam,T1078,journald,0,0,0,0,0,0,0,0,0,0,1,0,18,18,1,0,38,0,0,111,3,18,6,1
wazuh-1788719060.1691915,2026-09-06T18:24:20.422000Z,lab-sensor-01,31104,6,accesslog|attack|web,web-accesslog,T1055|T1083|T1190,/var/log/apache2/access.log,0,0,1,0,0,0,1,0,0,0,0,0,17,3,6,0,9,0,0,61,6,18,6,1
wazuh-1788719061.1692374,2026-09-06T18:24:21.634000Z,target-kali-01,5501,3,authentication_success|pam|syslog,pam,T1078,journald,0,0,0,0,0,0,0,0,0,0,1,0,19,19,1,0,38,0,0,112,3,18,6,1
wazuh-1788719064.1692817,2026-09-06T18:24:24.385000Z,lab-sensor-01,31106,6,accesslog|attack|web,web-accesslog,T1190,/var/log/apache2/access.log,0,0,1,0,0,0,1,0,0,0,0,0,17,3,6,0,9,0,0,62,6,18,6,1
wazuh-1788719079.1693302,2026-09-06T18:24:39.780000Z,target-kali-01,5501,3,authentication_success|pam|syslog,pam,T1078,journald,0,0,0,0,0,0,0,0,0,0,1,0,19,19,1,0,38,0,0,111,3,18,6,1
wazuh-1788719096.1693745,2026-09-06T18:24:56.345000Z,target-kali-01,5501,3,authentication_success|pam|syslog,pam,T1078,journald,0,0,0,0,0,0,0,0,0,0,1,0,18,18,1,0,38,0,0,111,3,18,6,1
wazuh-1788719097.1694188,2026-09-06T18:24:57.269000Z,lab-sensor-01,5710,5,authentication_failed|invalid_login|sshd|syslog,sshd,T1021.004|T1110.001,journald,41384,0,1,0,0,0,1,0,0,0,1,0,12,4,6,0,9,0,0,63,6,18,6,1
wazuh-1788719099.1694737,2026-09-06T18:24:59.270000Z,lab-sensor-01,5710,5,authentication_failed|invalid_login|sshd|syslog,sshd,T1021.004|T1110.001,journald,41386,0,1,0,0,0,1,0,0,0,1,0,13,5,6,0,10,0,0,64,6,18,6,1
wazuh-1788719103.1695286,2026-09-06T18:25:03.301000Z,lab-sensor-01,5710,5,authentication_failed|invalid_login|sshd|syslog,sshd,T1021.004|T1110.001,journald,41392,0,1,0,0,0,1,0,0,0,1,0,13,5,6,0,11,0,0,65,6,18,6,1
wazuh-1788719116.1695835,2026-09-06T18:25:16.593000Z,target-kali-01,5501,3,authentication_success|pam|syslog,pam,T1078,journald,0,0,0,0,0,0,0,0,0,0,1,0,18,18,1,0,37,0,0,111,3,18,6,1
wazuh-1788719118.1696278,2026-09-06T18:25:18.550000Z,lab-sensor-01,31101,5,accesslog|attack|web,web-accesslog,none,/var/log/apache2/access.log,0,0,1,0,0,0,1,0,0,0,0,0,14,0,6,0,12,0,0,66,6,18,6,1
wazuh-1788719120.1696720,2026-09-06T18:25:20.554000Z,lab-sensor-01,31101,5,accesslog|attack|web,web-accesslog,none,/var/log/apache2/access.log,0,0,1,0,0,0,1,0,0,0,0,0,15,1,6,0,12,0,0,66,6,18,6,1
wazuh-1788719122.1697162,2026-09-06T18:25:22.556000Z,lab-sensor-01,31101,5,accesslog|attack|web,web-accesslog,none,/var/log/apache2/access.log,0,0,1,0,0,0,1,0,0,0,0,0,16,2,6,0,12,0,0,66,6,18,6,1
wazuh-1788719124.1697610,2026-09-06T18:25:24.561000Z,lab-sensor-01,30305,5,access_denied|apache|web,apache-errorlog,none,/var/log/apache2/error.log,34974,0,1,0,0,0,1,0,0,0,0,0,17,0,6,0,12,0,0,66,6,18,6,1
wazuh-1788719124.1698210,2026-09-06T18:25:24.561000Z,lab-sensor-01,31516,6,appsec|attack|web,web-accesslog,T1055,/var/log/apache2/access.log,0,0,1,0,0,0,1,0,0,0,0,0,18,0,6,0,12,0,0,66,6,18,6,1
wazuh-1788719139.1698653,2026-09-06T18:25:39.282000Z,target-kali-01,5501,3,authentication_success|pam|syslog,pam,T1078,journald,0,0,0,0,0,0,0,0,0,0,1,0,18,18,1,0,36,0,0,110,3,18,6,1
wazuh-1788719141.1699096,2026-09-06T18:25:41.360000Z,lab-sensor-01,31101,5,accesslog|attack|web,web-accesslog,none,/var/log/apache2/access.log,0,0,1,0,0,0,1,0,0,0,0,0,19,3,6,0,12,0,0,67,6,18,6,1
wazuh-1788719143.1699538,2026-09-06T18:25:43.373000Z,lab-sensor-01,31101,5,accesslog|attack|web,web-accesslog,none,/var/log/apache2/access.log,0,0,1,0,0,0,1,0,0,0,0,0,20,4,6,0,12,0,0,67,6,18,6,1
wazuh-1788719145.1699980,2026-09-06T18:25:45.375000Z,lab-sensor-01,31101,5,accesslog|attack|web,web-accesslog,none,/var/log/apache2/access.log,0,0,1,0,0,0,1,0,0,0,0,0,21,5,6,0,12,0,0,67,6,18,6,1
wazuh-1788719147.1700428,2026-09-06T18:25:47.378000Z,lab-sensor-01,30305,5,access_denied|apache|web,apache-errorlog,none,/var/log/apache2/error.log,60348,0,1,0,0,0,1,0,0,0,0,0,22,1,6,0,12,0,0,67,6,18,6,1
wazuh-1788719147.1701028,2026-09-06T18:25:47.419000Z,lab-sensor-01,31516,6,appsec|attack|web,web-accesslog,T1055,/var/log/apache2/access.log,0,0,1,0,0,0,1,0,0,0,0,0,23,1,6,0,12,0,0,67,6,18,6,1
wazuh-1788719161.1701471,2026-09-06T18:26:01.654000Z,target-kali-01,5501,3,authentication_success|pam|syslog,pam,T1078,journald,0,0,0,0,0,0,0,0,0,0,1,0,17,17,1,0,36,0,0,110,3,18,6,1
wazuh-1788719177.1701914,2026-09-06T18:26:17.729000Z,target-kali-01,5501,3,authentication_success|pam|syslog,pam,T1078,journald,0,0,0,0,0,0,0,0,0,0,1,0,17,17,1,0,36,0,0,110,3,18,6,1
wazuh-1788719191.1702357,2026-09-06T18:26:31.443000Z,lab-sensor-01,5710,5,authentication_failed|invalid_login|sshd|syslog,sshd,T1021.004|T1110.001,journald,56036,0,1,0,0,0,1,0,0,0,1,0,22,6,6,0,12,0,0,65,6,18,6,1
wazuh-1788719191.1702906,2026-09-06T18:26:31.826000Z,target-kali-01,5501,3,authentication_success|pam|syslog,pam,T1078,journald,0,0,0,0,0,0,0,0,0,0,1,0,17,17,1,0,36,0,0,110,3,18,6,1
wazuh-1788719193.1703349,2026-09-06T18:26:33.446000Z,lab-sensor-01,5710,5,authentication_failed|invalid_login|sshd|syslog,sshd,T1021.004|T1110.001,journald,56042,0,1,0,0,0,1,0,0,0,1,0,23,7,6,0,13,0,0,66,6,18,6,1
wazuh-1788719197.1703898,2026-09-06T18:26:37.453000Z,lab-sensor-01,5710,5,authentication_failed|invalid_login|sshd|syslog,sshd,T1021.004|T1110.001,journald,46886,0,1,0,0,0,1,0,0,0,1,0,24,8,6,0,14,0,0,67,6,18,6,1
wazuh-1788719211.1704447,2026-09-06T18:26:51.871000Z,target-kali-01,5501,3,authentication_success|pam|syslog,pam,T1078,journald,0,0,0,0,0,0,0,0,0,0,1,0,17,17,1,0,35,0,0,110,3,18,6,1
wazuh-1788719225.1704890,2026-09-06T18:27:05.915000Z,target-kali-01,5501,3,authentication_success|pam|syslog,pam,T1078,journald,0,0,0,0,0,0,0,0,0,0,1,0,17,17,1,0,35,0,0,110,3,18,6,1
wazuh-1788719243.1705333,2026-09-06T18:27:23.552000Z,lab-sensor-01,5710,5,authentication_failed|invalid_login|sshd|syslog,sshd,T1021.004|T1110.001,journald,41432,0,1,0,0,0,1,0,0,0,1,0,22,6,6,0,15,0,0,65,6,18,6,1
wazuh-1788719243.1705882,2026-09-06T18:27:23.996000Z,target-kali-01,5501,3,authentication_success|pam|syslog,pam,T1078,journald,0,0,0,0,0,0,0,0,0,0,1,0,17,17,1,0,35,0,0,110,3,18,6,1
wazuh-1788719247.1706325,2026-09-06T18:27:27.559000Z,lab-sensor-01,5710,5,authentication_failed|invalid_login|sshd|syslog,sshd,T1021.004|T1110.001,journald,46226,0,1,0,0,0,1,0,0,0,1,0,23,7,6,0,16,0,0,66,6,18,6,1
wazuh-1788719251.1706874,2026-09-06T18:27:31.567000Z,lab-sensor-01,5710,5,authentication_failed|invalid_login|sshd|syslog,sshd,T1021.004|T1110.001,journald,46232,0,1,0,0,0,1,0,0,0,1,0,24,8,6,0,17,0,0,66,6,18,6,1
wazuh-1788719266.1707423,2026-09-06T18:27:46.362000Z,target-kali-01,5501,3,authentication_success|pam|syslog,pam,T1078,journald,0,0,0,0,0,0,0,0,0,0,1,0,16,16,1,0,35,0,0,110,3,18,6,1
wazuh-1788719267.1707866,2026-09-06T18:27:47.623000Z,lab-sensor-01,31101,5,accesslog|attack|web,web-accesslog,none,/var/log/apache2/access.log,0,0,1,0,0,0,1,0,0,0,0,0,25,6,6,0,18,0,0,66,6,18,6,1
wazuh-1788719269.1708308,2026-09-06T18:27:49.624000Z,lab-sensor-01,31101,5,accesslog|attack|web,web-accesslog,none,/var/log/apache2/access.log,0,0,1,0,0,0,1,0,0,0,0,0,26,7,6,0,18,0,0,66,6,18,6,1
wazuh-1788719271.1708750,2026-09-06T18:27:51.627000Z,lab-sensor-01,31101,5,accesslog|attack|web,web-accesslog,none,/var/log/apache2/access.log,0,0,1,0,0,0,1,0,0,0,0,0,27,8,6,0,18,0,0,66,6,18,6,1
wazuh-1788719273.1709198,2026-09-06T18:27:53.632000Z,lab-sensor-01,30305,5,access_denied|apache|web,apache-errorlog,none,/var/log/apache2/error.log,38386,0,1,0,0,0,1,0,0,0,0,0,28,2,6,0,17,0,0,66,6,18,6,1
wazuh-1788719273.1709798,2026-09-06T18:27:53.632000Z,lab-sensor-01,31516,6,appsec|attack|web,web-accesslog,T1055,/var/log/apache2/access.log,0,0,1,0,0,0,1,0,0,0,0,0,29,2,6,0,17,0,0,66,6,18,6,1
wazuh-1788719289.1710241,2026-09-06T18:28:09.137000Z,target-kali-01,5501,3,authentication_success|pam|syslog,pam,T1078,journald,0,0,0,0,0,0,0,0,0,0,1,0,16,16,1,0,35,0,0,110,3,18,6,1
wazuh-1788719307.1710684,2026-09-06T18:28:27.175000Z,target-kali-01,5501,3,authentication_success|pam|syslog,pam,T1078,journald,0,0,0,0,0,0,0,0,0,0,1,0,16,16,1,0,34,0,0,109,3,18,6,1
wazuh-1788719321.1711127,2026-09-06T18:28:41.679000Z,target-kali-01,5501,3,authentication_success|pam|syslog,pam,T1078,journald,0,0,0,0,0,0,0,0,0,0,1,0,16,16,1,0,35,0,0,110,3,18,6,1
wazuh-1788719321.1711570,2026-09-06T18:28:41.762000Z,lab-sensor-01,5710,5,authentication_failed|invalid_login|sshd|syslog,sshd,T1021.004|T1110.001,journald,56484,0,1,0,0,0,1,0,0,0,1,0,26,9,6,0,15,0,0,67,6,18,6,1
wazuh-1788719323.1712119,2026-09-06T18:28:43.764000Z,lab-sensor-01,5710,5,authentication_failed|invalid_login|sshd|syslog,sshd,T1021.004|T1110.001,journald,56486,0,1,0,0,0,1,0,0,0,1,0,27,10,6,0,16,0,0,68,6,18,6,1
wazuh-1788719327.1712668,2026-09-06T18:28:47.768000Z,lab-sensor-01,5710,5,authentication_failed|invalid_login|sshd|syslog,sshd,T1021.004|T1110.001,journald,49482,0,1,0,0,0,1,0,0,0,1,0,28,11,6,0,17,0,0,69,6,18,6,1
wazuh-1788719344.1713217,2026-09-06T18:29:04.309000Z,target-kali-01,5501,3,authentication_success|pam|syslog,pam,T1078,journald,0,0,0,0,0,0,0,0,0,0,1,0,16,16,1,0,34,0,0,109,3,18,6,1
wazuh-1788719359.1713660,2026-09-06T18:29:19.817000Z,lab-sensor-01,5710,5,authentication_failed|invalid_login|sshd|syslog,sshd,T1021.004|T1110.001,journald,43688,0,1,0,0,0,1,0,0,0,1,0,29,12,6,0,18,0,0,70,6,18,6,1
wazuh-1788719360.1714209,2026-09-06T18:29:20.440000Z,target-kali-01,5501,3,authentication_success|pam|syslog,pam,T1078,journald,0,0,0,0,0,0,0,0,0,0,1,0,16,16,1,0,35,0,0,109,3,18,6,1
wazuh-1788719363.1714652,2026-09-06T18:29:23.842000Z,lab-sensor-01,5712,10,authentication_failures|sshd|syslog,sshd,T1110,journald,43692,0,1,0,0,0,1,0,0,0,1,0,29,0,6,0,19,0,0,71,6,18,6,1
wazuh-1788719365.1715986,2026-09-06T18:29:25.845000Z,lab-sensor-01,5710,5,authentication_failed|invalid_login|sshd|syslog,sshd,T1021.004|T1110.001,journald,33258,0,1,0,0,0,1,0,0,0,1,0,29,13,7,1,20,0,0,72,10,18,6,1
wazuh-1788719379.1716535,2026-09-06T18:29:39.927000Z,target-kali-01,5501,3,authentication_success|pam|syslog,pam,T1078,journald,0,0,0,0,0,0,0,0,0,0,1,0,15,15,1,0,35,0,0,109,3,18,6,1
wazuh-1788719392.1716978,2026-09-06T18:29:52.791000Z,target-kali-01,5501,3,authentication_success|pam|syslog,pam,T1078,journald,0,0,0,0,0,0,0,0,0,0,1,0,16,16,1,0,35,0,0,109,3,18,6,1
wazuh-1788719402.1717421,2026-09-06T18:30:02.381000Z,target-kali-01,5501,3,authentication_success|pam|syslog,pam,T1078,journald,0,0,0,0,0,0,0,0,0,0,1,0,16,16,1,0,35,0,0,109,3,18,6,1
wazuh-1788719403.1717864,2026-09-06T18:30:03.161000Z,lab-sensor-01,31101,5,accesslog|attack|web,web-accesslog,none,/var/log/apache2/access.log,0,0,1,0,0,0,1,0,0,0,0,0,28,9,7,1,18,0,0,72,10,18,6,1
wazuh-1788719405.1718306,2026-09-06T18:30:05.165000Z,lab-sensor-01,31101,5,accesslog|attack|web,web-accesslog,none,/var/log/apache2/access.log,0,0,1,0,0,0,1,0,0,0,0,0,28,10,7,1,18,0,0,72,10,18,6,1
wazuh-1788719407.1718748,2026-09-06T18:30:07.169000Z,lab-sensor-01,31101,5,accesslog|attack|web,web-accesslog,none,/var/log/apache2/access.log,0,0,1,0,0,0,1,0,0,0,0,0,29,11,7,1,18,0,0,72,10,18,6,1
wazuh-1788719409.1719196,2026-09-06T18:30:09.175000Z,lab-sensor-01,30305,5,access_denied|apache|web,apache-errorlog,none,/var/log/apache2/error.log,60792,0,1,0,0,0,1,0,0,0,0,0,30,3,7,1,18,0,0,72,10,18,6,1
wazuh-1788719409.1719796,2026-09-06T18:30:09.215000Z,lab-sensor-01,31516,6,appsec|attack|web,web-accesslog,T1055,/var/log/apache2/access.log,0,0,1,0,0,0,1,0,0,0,0,0,31,3,7,1,18,0,0,72,10,18,6,1
wazuh-1788719422.1720239,2026-09-06T18:30:22.491000Z,target-kali-01,5501,3,authentication_success|pam|syslog,pam,T1078,journald,0,0,0,0,0,0,0,0,0,0,1,0,16,16,1,0,35,0,0,108,3,18,6,1
wazuh-1788719423.1720682,2026-09-06T18:30:23.233000Z,lab-sensor-01,31104,6,accesslog|attack|web,web-accesslog,T1055|T1083|T1190,/var/log/apache2/access.log,0,0,1,0,0,0,1,0,0,0,0,0,29,0,7,1,18,0,0,73,10,18,6,1
wazuh-1788719427.1721141,2026-09-06T18:30:27.203000Z,lab-sensor-01,31106,6,accesslog|attack|web,web-accesslog,T1190,/var/log/apache2/access.log,0,0,1,0,0,0,1,0,0,0,0,0,28,0,7,1,18,0,0,74,10,18,6,1
wazuh-1788719428.1721626,2026-09-06T18:30:28.075000Z,film-laptop,591,3,ossec,ossec,none,logcollector,0,0,0,0,0,0,0,0,0,0,0,0,0,0,1,0,0,0,2,4,3,18,6,1
wazuh-1788719442.1721999,2026-09-06T18:30:42.048000Z,lab-sensor-01,31104,6,accesslog|attack|web,web-accesslog,T1055|T1083|T1190,/var/log/apache2/access.log,0,0,1,0,0,0,1,0,0,0,0,0,28,1,7,1,18,0,0,73,10,18,6,1
wazuh-1788719442.1722458,2026-09-06T18:30:42.602000Z,target-kali-01,5501,3,authentication_success|pam|syslog,pam,T1078,journald,0,0,0,0,0,0,0,0,0,0,1,0,16,16,1,0,34,0,0,108,3,18,6,1
wazuh-1788719446.1722901,2026-09-06T18:30:46.014000Z,lab-sensor-01,31106,6,accesslog|attack|web,web-accesslog,T1190,/var/log/apache2/access.log,0,0,1,0,0,0,1,0,0,0,0,0,27,1,7,1,18,0,0,73,10,18,6,1
wazuh-1788719464.1723386,2026-09-06T18:31:04.723000Z,target-kali-01,5501,3,authentication_success|pam|syslog,pam,T1078,journald,0,0,0,0,0,0,0,0,0,0,1,0,16,16,1,0,34,0,0,108,3,18,6,1
wazuh-1788719476.1723829,2026-09-06T18:31:16.746000Z,target-kali-01,5501,3,authentication_success|pam|syslog,pam,T1078,journald,0,0,0,0,0,0,0,0,0,0,1,0,17,17,1,0,35,0,0,109,3,18,6,1
wazuh-1788719478.1724272,2026-09-06T18:31:18.060000Z,lab-sensor-01,5710,5,authentication_failed|invalid_login|sshd|syslog,sshd,T1021.004|T1110.001,journald,37064,0,1,0,0,0,1,0,0,0,1,0,26,11,7,1,18,0,0,73,10,18,6,1
wazuh-1788719480.1724821,2026-09-06T18:31:20.063000Z,lab-sensor-01,5710,5,authentication_failed|invalid_login|sshd|syslog,sshd,T1021.004|T1110.001,journald,37076,0,1,0,0,0,1,0,0,0,1,0,27,12,7,1,19,0,0,74,10,18,6,1
wazuh-1788719484.1725370,2026-09-06T18:31:24.069000Z,lab-sensor-01,5710,5,authentication_failed|invalid_login|sshd|syslog,sshd,T1021.004|T1110.001,journald,37082,0,1,0,0,0,1,0,0,0,1,0,28,13,7,1,20,0,0,75,10,18,6,1
wazuh-1788719499.1725919,2026-09-06T18:31:39.223000Z,target-kali-01,5501,3,authentication_success|pam|syslog,pam,T1078,journald,0,0,0,0,0,0,0,0,0,0,1,0,16,16,1,0,34,0,0,108,3,18,6,1
wazuh-1788719499.1726362,2026-09-06T18:31:39.430000Z,lab-sensor-01,31104,6,accesslog|attack|web,web-accesslog,T1055|T1083|T1190,/var/log/apache2/access.log,0,0,1,0,0,0,1,0,0,0,0,0,26,2,7,1,21,0,0,76,10,18,6,1
wazuh-1788719503.1726821,2026-09-06T18:31:43.394000Z,lab-sensor-01,31106,6,accesslog|attack|web,web-accesslog,T1190,/var/log/apache2/access.log,0,0,1,0,0,0,1,0,0,0,0,0,27,2,7,1,21,0,0,77,10,18,6,1
wazuh-1788719518.1727306,2026-09-06T18:31:58.269000Z,target-kali-01,5501,3,authentication_success|pam|syslog,pam,T1078,journald,0,0,0,0,0,0,0,0,0,0,1,0,16,16,1,0,34,0,0,108,3,18,6,1
wazuh-1788719536.1727749,2026-09-06T18:32:16.731000Z,target-kali-01,5501,3,authentication_success|pam|syslog,pam,T1078,journald,0,0,0,0,0,0,0,0,0,0,1,0,16,16,1,0,33,0,0,108,3,18,6,1
wazuh-1788719549.1728192,2026-09-06T18:32:29.624000Z,target-kali-01,5501,3,authentication_success|pam|syslog,pam,T1078,journald,0,0,0,0,0,0,0,0,0,0,1,0,16,16,1,0,34,0,0,108,3,18,6,1
wazuh-1788719561.1728635,2026-09-06T18:32:41.764000Z,target-kali-01,5501,3,authentication_success|pam|syslog,pam,T1078,journald,0,0,0,0,0,0,0,0,0,0,1,0,17,17,1,0,34,0,0,109,3,18,6,1
wazuh-1788719562.1729078,2026-09-06T18:32:42.220000Z,lab-sensor-01,5710,5,authentication_failed|invalid_login|sshd|syslog,sshd,T1021.004|T1110.001,journald,41184,0,1,0,0,0,1,0,0,0,1,0,25,8,7,1,18,0,0,76,10,18,6,1
wazuh-1788719564.1729627,2026-09-06T18:32:44.222000Z,lab-sensor-01,5710,5,authentication_failed|invalid_login|sshd|syslog,sshd,T1021.004|T1110.001,journald,41192,0,1,0,0,0,1,0,0,0,1,0,26,9,7,1,19,0,0,77,10,18,6,1
wazuh-1788719568.1730176,2026-09-06T18:32:48.228000Z,lab-sensor-01,5710,5,authentication_failed|invalid_login|sshd|syslog,sshd,T1021.004|T1110.001,journald,40342,0,1,0,0,0,1,0,0,0,1,0,26,10,7,1,20,0,0,78,10,18,6,1
wazuh-1788719579.1730725,2026-09-06T18:32:59.595000Z,lab-sensor-01,31104,6,accesslog|attack|web,web-accesslog,T1055|T1083|T1190,/var/log/apache2/access.log,0,0,1,0,0,0,1,0,0,0,0,0,23,3,7,1,21,0,0,79,10,18,6,1
wazuh-1788719580.1731184,2026-09-06T18:33:00.047000Z,target-kali-01,5501,3,authentication_success|pam|syslog,pam,T1078,journald,0,0,0,0,0,0,0,0,0,0,1,0,17,17,1,0,33,0,0,109,3,18,6,1
wazuh-1788719583.1731627,2026-09-06T18:33:03.565000Z,lab-sensor-01,31106,6,accesslog|attack|web,web-accesslog,T1190,/var/log/apache2/access.log,0,0,1,0,0,0,1,0,0,0,0,0,24,3,7,1,21,0,0,80,10,18,6,1
wazuh-1788719600.1732112,2026-09-06T18:33:20.193000Z,target-kali-01,5501,3,authentication_success|pam|syslog,pam,T1078,journald,0,0,0,0,0,0,0,0,0,0,1,0,17,17,1,0,33,0,0,109,3,18,6,1
wazuh-1788719618.1732555,2026-09-06T18:33:38.996000Z,target-kali-01,5501,3,authentication_success|pam|syslog,pam,T1078,journald,0,0,0,0,0,0,0,0,0,0,1,0,17,17,1,0,34,0,0,109,3,18,6,1
wazuh-1788719638.1732998,2026-09-06T18:33:58.327000Z,target-kali-01,5501,3,authentication_success|pam|syslog,pam,T1078,journald,0,0,0,0,0,0,0,0,0,0,1,0,17,17,1,0,33,0,0,109,3,18,6,1
wazuh-1788719638.1733441,2026-09-06T18:33:58.401000Z,lab-sensor-01,31104,6,accesslog|attack|web,web-accesslog,T1055|T1083|T1190,/var/log/apache2/access.log,0,0,1,0,0,0,1,0,0,0,0,0,22,4,7,1,21,0,0,74,10,18,6,1
wazuh-1788719642.1733900,2026-09-06T18:34:02.369000Z,lab-sensor-01,31106,6,accesslog|attack|web,web-accesslog,T1190,/var/log/apache2/access.log,0,0,1,0,0,0,1,0,0,0,0,0,23,4,7,1,21,0,0,75,10,18,6,1
wazuh-1788719658.1734385,2026-09-06T18:34:18.610000Z,target-kali-01,5501,3,authentication_success|pam|syslog,pam,T1078,journald,0,0,0,0,0,0,0,0,0,0,1,0,17,17,1,0,33,0,0,109,3,18,6,1
wazuh-1788719659.1734828,2026-09-06T18:34:19.678000Z,lab-sensor-01,31101,5,accesslog|attack|web,web-accesslog,none,/var/log/apache2/access.log,0,0,1,0,0,0,1,0,0,0,0,0,24,3,7,1,21,0,0,76,10,18,6,1
wazuh-1788719661.1735270,2026-09-06T18:34:21.681000Z,lab-sensor-01,31101,5,accesslog|attack|web,web-accesslog,none,/var/log/apache2/access.log,0,0,1,0,0,0,1,0,0,0,0,0,24,4,7,1,21,0,0,76,10,18,6,1
wazuh-1788719663.1735712,2026-09-06T18:34:23.684000Z,lab-sensor-01,31101,5,accesslog|attack|web,web-accesslog,none,/var/log/apache2/access.log,0,0,1,0,0,0,1,0,0,0,0,0,25,5,7,1,21,0,0,76,10,18,6,1
wazuh-1788719665.1736160,2026-09-06T18:34:25.694000Z,lab-sensor-01,30305,5,access_denied|apache|web,apache-errorlog,none,/var/log/apache2/error.log,59430,0,1,0,0,0,1,0,0,0,0,0,25,1,7,1,21,0,0,76,10,18,6,1
wazuh-1788719665.1736760,2026-09-06T18:34:25.694000Z,lab-sensor-01,31516,6,appsec|attack|web,web-accesslog,T1055,/var/log/apache2/access.log,0,0,1,0,0,0,1,0,0,0,0,0,26,1,7,1,21,0,0,76,10,18,6,1
wazuh-1788719676.1737203,2026-09-06T18:34:36.669000Z,target-kali-01,5501,3,authentication_success|pam|syslog,pam,T1078,journald,0,0,0,0,0,0,0,0,0,0,1,0,17,17,1,0,33,0,0,109,3,18,6,1
wazuh-1788719688.1737646,2026-09-06T18:34:48.818000Z,target-kali-01,5501,3,authentication_success|pam|syslog,pam,T1078,journald,0,0,0,0,0,0,0,0,0,0,1,0,17,17,1,0,33,0,0,109,3,18,6,1
wazuh-1788719698.1738089,2026-09-06T18:34:58.889000Z,target-kali-01,5501,3,authentication_success|pam|syslog,pam,T1078,journald,0,0,0,0,0,0,0,0,0,0,1,0,17,17,1,0,33,0,0,109,3,18,6,1
wazuh-1788719711.1738532,2026-09-06T18:35:11.474000Z,target-kali-01,5501,3,authentication_success|pam|syslog,pam,T1078,journald,0,0,0,0,0,0,0,0,0,0,1,0,17,17,1,0,34,0,0,110,3,18,6,1
wazuh-1788719711.1738975,2026-09-06T18:35:11.879000Z,lab-sensor-01,31104,6,accesslog|attack|web,web-accesslog,T1055|T1083|T1190,/var/log/apache2/access.log,0,0,1,0,0,0,1,0,0,0,0,0,21,5,7,1,18,0,0,77,10,18,6,1
wazuh-1788719715.1739434,2026-09-06T18:35:15.882000Z,lab-sensor-01,31106,6,accesslog|attack|web,web-accesslog,T1190,/var/log/apache2/access.log,0,0,1,0,0,0,1,0,0,0,0,0,22,5,7,1,18,0,0,78,10,18,6,1
wazuh-1788719731.1739919,2026-09-06T18:35:31.792000Z,target-kali-01,5501,3,authentication_success|pam|syslog,pam,T1078,journald,0,0,0,0,0,0,0,0,0,0,1,0,17,17,1,0,34,0,0,110,3,18,6,1
wazuh-1788719748.1740362,2026-09-06T18:35:48.110000Z,film-laptop,591,3,ossec,ossec,none,logcollector,0,0,0,0,0,0,0,0,0,0,0,0,0,0,1,0,0,0,2,4,3,18,6,1
wazuh-1788719751.1740735,2026-09-06T18:35:51.959000Z,lab-sensor-01,31104,6,accesslog|attack|web,web-accesslog,T1055|T1083|T1190,/var/log/apache2/access.log,0,0,1,0,0,0,1,0,0,0,0,0,19,4,7,1,18,0,0,78,10,18,6,1
wazuh-1788719752.1741194,2026-09-06T18:35:52.036000Z,target-kali-01,5501,3,authentication_success|pam|syslog,pam,T1078,journald,0,0,0,0,0,0,0,0,0,0,1,0,17,17,1,0,34,0,0,110,3,18,6,1
wazuh-1788719755.1741637,2026-09-06T18:35:55.961000Z,lab-sensor-01,31106,6,accesslog|attack|web,web-accesslog,T1190,/var/log/apache2/access.log,0,0,1,0,0,0,1,0,0,0,0,0,20,4,7,1,18,0,0,79,10,18,6,1
wazuh-1788719774.1742122,2026-09-06T18:36:14.517000Z,target-kali-01,5501,3,authentication_success|pam|syslog,pam,T1078,journald,0,0,0,0,0,0,0,0,0,0,1,0,17,17,1,0,34,0,0,109,3,18,6,1
wazuh-1788719790.1742565,2026-09-06T18:36:30.562000Z,target-kali-01,5501,3,authentication_success|pam|syslog,pam,T1078,journald,0,0,0,0,0,0,0,0,0,0,1,0,17,17,1,0,34,0,0,109,3,18,6,1
wazuh-1788719808.1743008,2026-09-06T18:36:48.635000Z,target-kali-01,5501,3,authentication_success|pam|syslog,pam,T1078,journald,0,0,0,0,0,0,0,0,0,0,1,0,17,17,1,0,34,0,0,109,3,18,6,1
wazuh-1788719820.1743451,2026-09-06T18:37:00.126000Z,lab-sensor-01,31104,6,accesslog|attack|web,web-accesslog,T1055|T1083|T1190,/var/log/apache2/access.log,0,0,1,0,0,0,1,0,0,0,0,0,16,4,7,1,15,0,0,77,10,18,6,1
wazuh-1788719820.1743910,2026-09-06T18:37:00.674000Z,target-kali-01,5501,3,authentication_success|pam|syslog,pam,T1078,journald,0,0,0,0,0,0,0,0,0,0,1,0,17,17,1,0,34,0,0,110,3,18,6,1
wazuh-1788719824.1744353,2026-09-06T18:37:04.090000Z,lab-sensor-01,31106,6,accesslog|attack|web,web-accesslog,T1190,/var/log/apache2/access.log,0,0,1,0,0,0,1,0,0,0,0,0,17,4,7,1,15,0,0,78,10,18,6,1
wazuh-1788719838.1744838,2026-09-06T18:37:18.713000Z,target-kali-01,5501,3,authentication_success|pam|syslog,pam,T1078,journald,0,0,0,0,0,0,0,0,0,0,1,0,17,17,1,0,34,0,0,109,3,18,6,1
wazuh-1788719853.1745281,2026-09-06T18:37:33.272000Z,target-kali-01,5501,3,authentication_success|pam|syslog,pam,T1078,journald,0,0,0,0,0,0,0,0,0,0,1,0,17,17,1,0,34,0,0,110,3,18,6,1
wazuh-1788719869.1745724,2026-09-06T18:37:49.323000Z,target-kali-01,5501,3,authentication_success|pam|syslog,pam,T1078,journald,0,0,0,0,0,0,0,0,0,0,1,0,17,17,1,0,34,0,0,110,3,18,6,1
wazuh-1788719879.1746167,2026-09-06T18:37:59.501000Z,target-kali-01,5501,3,authentication_success|pam|syslog,pam,T1078,journald,0,0,0,0,0,0,0,0,0,0,1,0,18,18,1,0,35,0,0,110,3,18,6,1
wazuh-1788719888.1746610,2026-09-06T18:38:08.212000Z,target-kali-01,5501,3,authentication_success|pam|syslog,pam,T1078,journald,0,0,0,0,0,0,0,0,0,0,1,0,18,18,1,0,36,0,0,111,3,18,6,1
wazuh-1788719902.1747053,2026-09-06T18:38:22.264000Z,target-kali-01,5501,3,authentication_success|pam|syslog,pam,T1078,journald,0,0,0,0,0,0,0,0,0,0,1,0,18,18,1,0,36,0,0,111,3,18,6,1
wazuh-1788719920.1747496,2026-09-06T18:38:40.252000Z,lab-sensor-01,31104,6,accesslog|attack|web,web-accesslog,T1055|T1083|T1190,/var/log/apache2/access.log,0,0,1,0,0,0,1,0,0,0,0,0,13,4,7,1,12,0,0,75,10,18,6,1
wazuh-1788719920.1747955,2026-09-06T18:38:40.875000Z,target-kali-01,5501,3,authentication_success|pam|syslog,pam,T1078,journald,0,0,0,0,0,0,0,0,0,0,1,0,18,18,1,0,36,0,0,111,3,18,6,1
wazuh-1788719924.1748398,2026-09-06T18:38:44.258000Z,lab-sensor-01,31106,6,accesslog|attack|web,web-accesslog,T1190,/var/log/apache2/access.log,0,0,1,0,0,0,1,0,0,0,0,0,14,4,7,1,10,0,0,76,10,18,6,1
wazuh-1788719938.1748883,2026-09-06T18:38:58.938000Z,target-kali-01,5501,3,authentication_success|pam|syslog,pam,T1078,journald,0,0,0,0,0,0,0,0,0,0,1,0,18,18,1,0,36,0,0,110,3,18,6,1
wazuh-1788719957.1749326,2026-09-06T18:39:17.023000Z,target-kali-01,5501,3,authentication_success|pam|syslog,pam,T1078,journald,0,0,0,0,0,0,0,0,0,0,1,0,19,19,1,0,36,0,0,110,3,18,6,1
wazuh-1788719974.1749769,2026-09-06T18:39:34.410000Z,lab-sensor-01,31104,6,accesslog|attack|web,web-accesslog,T1055|T1083|T1190,/var/log/apache2/access.log,0,0,1,0,0,0,1,0,0,0,0,0,8,4,6,0,6,0,0,74,6,18,6,1
wazuh-1788719975.1750228,2026-09-06T18:39:35.108000Z,target-kali-01,5501,3,authentication_success|pam|syslog,pam,T1078,journald,0,0,0,0,0,0,0,0,0,0,1,0,19,19,1,0,36,0,0,110,3,18,6,1
wazuh-1788719978.1750671,2026-09-06T18:39:38.374000Z,lab-sensor-01,31106,6,accesslog|attack|web,web-accesslog,T1190,/var/log/apache2/access.log,0,0,1,0,0,0,1,0,0,0,0,0,9,4,6,0,6,0,0,75,6,18,6,1
wazuh-1788719995.1751156,2026-09-06T18:39:55.427000Z,target-kali-01,5501,3,authentication_success|pam|syslog,pam,T1078,journald,0,0,0,0,0,0,0,0,0,0,1,0,18,18,1,0,35,0,0,110,3,18,6,1
wazuh-1788719996.1751599,2026-09-06T18:39:56.431000Z,lab-sensor-01,31101,5,accesslog|attack|web,web-accesslog,none,/var/log/apache2/access.log,0,0,1,0,0,0,1,0,0,0,0,0,10,0,6,0,6,0,0,76,6,18,6,1
wazuh-1788719998.1752041,2026-09-06T18:39:58.448000Z,lab-sensor-01,31101,5,accesslog|attack|web,web-accesslog,none,/var/log/apache2/access.log,0,0,1,0,0,0,1,0,0,0,0,0,11,1,6,0,6,0,0,76,6,18,6,1
wazuh-1788720000.1752483,2026-09-06T18:40:00.450000Z,lab-sensor-01,31101,5,accesslog|attack|web,web-accesslog,none,/var/log/apache2/access.log,0,0,1,0,0,0,1,0,0,0,0,0,12,2,6,0,6,0,0,76,6,18,6,1
wazuh-1788720002.1752931,2026-09-06T18:40:02.452000Z,lab-sensor-01,30305,5,access_denied|apache|web,apache-errorlog,none,/var/log/apache2/error.log,56394,0,1,0,0,0,1,0,0,0,0,0,13,0,6,0,6,0,0,76,6,18,6,1
wazuh-1788720002.1753531,2026-09-06T18:40:02.452000Z,lab-sensor-01,31516,6,appsec|attack|web,web-accesslog,T1055,/var/log/apache2/access.log,0,0,1,0,0,0,1,0,0,0,0,0,14,0,6,0,6,0,0,76,6,18,6,1
wazuh-1788720017.1753974,2026-09-06T18:40:17.481000Z,target-kali-01,5501,3,authentication_success|pam|syslog,pam,T1078,journald,0,0,0,0,0,0,0,0,0,0,1,0,17,17,1,0,35,0,0,109,3,18,6,1
wazuh-1788720031.1754417,2026-09-06T18:40:31.692000Z,target-kali-01,5501,3,authentication_success|pam|syslog,pam,T1078,journald,0,0,0,0,0,0,0,0,0,0,1,0,18,18,1,0,35,0,0,109,3,18,6,1
wazuh-1788720043.1754860,2026-09-06T18:40:43.739000Z,target-kali-01,5501,3,authentication_success|pam|syslog,pam,T1078,journald,0,0,0,0,0,0,0,0,0,0,1,0,18,18,1,0,35,0,0,109,3,18,6,1
wazuh-1788720045.1755303,2026-09-06T18:40:45.086000Z,lab-sensor-01,31101,5,accesslog|attack|web,web-accesslog,none,/var/log/apache2/access.log,0,0,1,0,0,0,1,0,0,0,0,0,13,3,6,0,6,0,0,75,6,18,6,1
wazuh-1788720047.1755745,2026-09-06T18:40:47.086000Z,lab-sensor-01,31101,5,accesslog|attack|web,web-accesslog,none,/var/log/apache2/access.log,0,0,1,0,0,0,1,0,0,0,0,0,14,4,6,0,6,0,0,75,6,18,6,1
wazuh-1788720049.1756187,2026-09-06T18:40:49.091000Z,lab-sensor-01,31101,5,accesslog|attack|web,web-accesslog,none,/var/log/apache2/access.log,0,0,1,0,0,0,1,0,0,0,0,0,15,5,6,0,6,0,0,75,6,18,6,1
wazuh-1788720051.1756635,2026-09-06T18:40:51.092000Z,lab-sensor-01,30305,5,access_denied|apache|web,apache-errorlog,none,/var/log/apache2/error.log,47812,0,1,0,0,0,1,0,0,0,0,0,16,1,6,0,6,0,0,75,6,18,6,1
wazuh-1788720051.1757235,2026-09-06T18:40:51.093000Z,lab-sensor-01,31516,6,appsec|attack|web,web-accesslog,T1055,/var/log/apache2/access.log,0,0,1,0,0,0,1,0,0,0,0,0,17,1,6,0,6,0,0,75,6,18,6,1
wazuh-1788720065.1757678,2026-09-06T18:41:05.775000Z,target-kali-01,5501,3,authentication_success|pam|syslog,pam,T1078,journald,0,0,0,0,0,0,0,0,0,0,1,0,18,18,1,0,35,0,0,109,3,18,6,1
wazuh-1788720067.1758121,2026-09-06T18:41:07.138000Z,lab-sensor-01,31101,5,accesslog|attack|web,web-accesslog,none,/var/log/apache2/access.log,0,0,1,0,0,0,1,0,0,0,0,0,16,6,6,0,6,0,0,76,6,18,6,1
wazuh-1788720069.1758563,2026-09-06T18:41:09.141000Z,lab-sensor-01,31101,5,accesslog|attack|web,web-accesslog,none,/var/log/apache2/access.log,0,0,1,0,0,0,1,0,0,0,0,0,17,7,6,0,6,0,0,75,6,18,6,1
wazuh-1788720071.1759005,2026-09-06T18:41:11.144000Z,lab-sensor-01,31101,5,accesslog|attack|web,web-accesslog,none,/var/log/apache2/access.log,0,0,1,0,0,0,1,0,0,0,0,0,18,8,6,0,6,0,0,75,6,18,6,1
wazuh-1788720073.1759453,2026-09-06T18:41:13.146000Z,lab-sensor-01,30305,5,access_denied|apache|web,apache-errorlog,none,/var/log/apache2/error.log,54332,0,1,0,0,0,1,0,0,0,0,0,19,2,6,0,6,0,0,74,6,18,6,1
wazuh-1788720073.1760053,2026-09-06T18:41:13.146000Z,lab-sensor-01,31516,6,appsec|attack|web,web-accesslog,T1055,/var/log/apache2/access.log,0,0,1,0,0,0,1,0,0,0,0,0,20,2,6,0,6,0,0,74,6,18,6,1
wazuh-1788720086.1760496,2026-09-06T18:41:26.011000Z,target-kali-01,5501,3,authentication_success|pam|syslog,pam,T1078,journald,0,0,0,0,0,0,0,0,0,0,1,0,18,18,1,0,35,0,0,109,3,18,6,1
wazuh-1788720098.1760939,2026-09-06T18:41:38.985000Z,target-kali-01,5501,3,authentication_success|pam|syslog,pam,T1078,journald,0,0,0,0,0,0,0,0,0,0,1,0,18,18,1,0,36,0,0,109,3,18,6,1
wazuh-1788720118.1761382,2026-09-06T18:41:58.253000Z,target-kali-01,5501,3,authentication_success|pam|syslog,pam,T1078,journald,0,0,0,0,0,0,0,0,0,0,1,0,18,18,1,0,36,0,0,109,3,18,6,1
wazuh-1788720132.1761825,2026-09-06T18:42:12.149000Z,film-laptop,591,3,ossec,ossec,none,logcollector,0,0,0,0,0,0,0,0,0,0,0,0,0,0,1,0,0,0,1,2,3,18,6,1
wazuh-1788720133.1762198,2026-09-06T18:42:13.227000Z,target-kali-01,5501,3,authentication_success|pam|syslog,pam,T1078,journald,0,0,0,0,0,0,0,0,0,0,1,0,18,18,1,0,36,0,0,109,3,18,6,1
wazuh-1788720141.1762641,2026-09-06T18:42:21.835000Z,target-kali-01,5501,3,authentication_success|pam|syslog,pam,T1078,journald,0,0,0,0,0,0,0,0,0,0,1,0,18,18,1,0,36,0,0,109,3,18,6,1
wazuh-1788720155.1763084,2026-09-06T18:42:35.904000Z,target-kali-01,5501,3,authentication_success|pam|syslog,pam,T1078,journald,0,0,0,0,0,0,0,0,0,0,1,0,18,18,1,0,36,0,0,109,3,18,6,1
wazuh-1788720157.1763527,2026-09-06T18:42:37.333000Z,lab-sensor-01,5710,5,authentication_failed|invalid_login|sshd|syslog,sshd,T1021.004|T1110.001,journald,49536,0,1,0,0,0,1,0,0,0,1,0,19,0,6,0,3,0,0,72,6,18,6,1
wazuh-1788720159.1764076,2026-09-06T18:42:39.337000Z,lab-sensor-01,5710,5,authentication_failed|invalid_login|sshd|syslog,sshd,T1021.004|T1110.001,journald,49542,0,1,0,0,0,1,0,0,0,1,0,20,1,6,0,4,0,0,73,6,18,6,1
wazuh-1788720163.1764625,2026-09-06T18:42:43.343000Z,lab-sensor-01,5710,5,authentication_failed|invalid_login|sshd|syslog,sshd,T1021.004|T1110.001,journald,49556,0,1,0,0,0,1,0,0,0,1,0,21,2,6,0,4,0,0,74,6,18,6,1
wazuh-1788720180.1765174,2026-09-06T18:43:00.486000Z,target-kali-01,5501,3,authentication_success|pam|syslog,pam,T1078,journald,0,0,0,0,0,0,0,0,0,0,1,0,17,17,1,0,35,0,0,109,3,18,6,1
wazuh-1788720190.1765617,2026-09-06T18:43:10.211000Z,target-kali-01,5501,3,authentication_success|pam|syslog,pam,T1078,journald,0,0,0,0,0,0,0,0,0,0,1,0,17,17,1,0,36,0,0,109,3,18,6,1
wazuh-1788720191.1766060,2026-09-06T18:43:11.389000Z,lab-sensor-01,5710,5,authentication_failed|invalid_login|sshd|syslog,sshd,T1021.004|T1110.001,journald,43628,0,1,0,0,0,1,0,0,0,1,0,22,3,6,0,3,0,0,75,6,18,6,1
wazuh-1788720193.1766609,2026-09-06T18:43:13.393000Z,lab-sensor-01,5710,5,authentication_failed|invalid_login|sshd|syslog,sshd,T1021.004|T1110.001,journald,43634,0,1,0,0,0,1,0,0,0,1,0,23,4,6,0,4,0,0,76,6,18,6,1
wazuh-1788720197.1767158,2026-09-06T18:43:17.404000Z,lab-sensor-01,5710,5,authentication_failed|invalid_login|sshd|syslog,sshd,T1021.004|T1110.001,journald,58686,0,1,0,0,0,1,0,0,0,1,0,24,5,6,0,5,0,0,77,6,18,6,1
wazuh-1788720210.1767707,2026-09-06T18:43:30.264000Z,target-kali-01,5501,3,authentication_success|pam|syslog,pam,T1078,journald,0,0,0,0,0,0,0,0,0,0,1,0,17,17,1,0,36,0,0,108,3,18,6,1
wazuh-1788720222.1768150,2026-09-06T18:43:42.983000Z,lab-sensor-01,31104,6,accesslog|attack|web,web-accesslog,T1055|T1083|T1190,/var/log/apache2/access.log,0,0,1,0,0,0,1,0,0,0,0,0,24,1,6,0,6,0,0,76,6,18,6,1
wazuh-1788720223.1768609,2026-09-06T18:43:43.738000Z,target-kali-01,5501,3,authentication_success|pam|syslog,pam,T1078,journald,0,0,0,0,0,0,0,0,0,0,1,0,17,17,1,0,36,0,0,109,3,18,6,1
wazuh-1788720226.1769052,2026-09-06T18:43:46.944000Z,lab-sensor-01,31106,6,accesslog|attack|web,web-accesslog,T1190,/var/log/apache2/access.log,0,0,1,0,0,0,1,0,0,0,0,0,24,1,6,0,6,0,0,77,6,18,6,1
wazuh-1788720243.1769537,2026-09-06T18:44:03.062000Z,lab-sensor-01,31104,6,accesslog|attack|web,web-accesslog,T1055|T1083|T1190,/var/log/apache2/access.log,0,0,1,0,0,0,1,0,0,0,0,0,25,2,6,0,6,0,0,78,6,18,6,1
wazuh-1788720243.1769996,2026-09-06T18:44:03.742000Z,target-kali-01,5501,3,authentication_success|pam|syslog,pam,T1078,journald,0,0,0,0,0,0,0,0,0,0,1,0,17,17,1,0,36,0,0,108,3,18,6,1
wazuh-1788720247.1770439,2026-09-06T18:44:07.025000Z,lab-sensor-01,31106,6,accesslog|attack|web,web-accesslog,T1190,/var/log/apache2/access.log,0,0,1,0,0,0,1,0,0,0,0,0,26,2,6,0,6,0,0,79,6,18,6,1
wazuh-1788720263.1770924,2026-09-06T18:44:23.259000Z,target-kali-01,5501,3,authentication_success|pam|syslog,pam,T1078,journald,0,0,0,0,0,0,0,0,0,0,1,0,17,17,1,0,36,0,0,108,3,18,6,1
wazuh-1788720275.1771367,2026-09-06T18:44:35.492000Z,target-kali-01,5501,3,authentication_success|pam|syslog,pam,T1078,journald,0,0,0,0,0,0,0,0,0,0,1,0,17,17,1,0,37,0,0,108,3,18,6,1
wazuh-1788720289.1771810,2026-09-06T18:44:49.539000Z,target-kali-01,5501,3,authentication_success|pam|syslog,pam,T1078,journald,0,0,0,0,0,0,0,0,0,0,1,0,18,18,1,0,36,0,0,108,3,18,6,1
wazuh-1788720300.1772253,2026-09-06T18:45:00.607000Z,target-kali-01,5501,3,authentication_success|pam|syslog,pam,T1078,journald,0,0,0,0,0,0,0,0,0,0,1,0,18,18,1,0,36,0,0,109,3,18,6,1
wazuh-1788720312.1772696,2026-09-06T18:45:12.079000Z,target-kali-01,5501,3,authentication_success|pam|syslog,pam,T1078,journald,0,0,0,0,0,0,0,0,0,0,1,0,19,19,1,0,36,0,0,109,3,18,6,1
wazuh-1788720324.1773139,2026-09-06T18:45:24.241000Z,target-kali-01,5501,3,authentication_success|pam|syslog,pam,T1078,journald,0,0,0,0,0,0,0,0,0,0,1,0,19,19,1,0,37,0,0,109,3,18,6,1
wazuh-1788720340.1773582,2026-09-06T18:45:40.427000Z,target-kali-01,5501,3,authentication_success|pam|syslog,pam,T1078,journald,0,0,0,0,0,0,0,0,0,0,1,0,19,19,1,0,37,0,0,108,3,18,6,1
wazuh-1788720350.1774025,2026-09-06T18:45:50.373000Z,target-kali-01,5501,3,authentication_success|pam|syslog,pam,T1078,journald,0,0,0,0,0,0,0,0,0,0,1,0,19,19,1,0,38,0,0,109,3,18,6,1
wazuh-1788720360.1774468,2026-09-06T18:46:00.384000Z,target-kali-01,5501,3,authentication_success|pam|syslog,pam,T1078,journald,0,0,0,0,0,0,0,0,0,0,1,0,20,20,1,0,38,0,0,109,3,18,6,1
wazuh-1788720376.1774911,2026-09-06T18:46:16.411000Z,target-kali-01,5501,3,authentication_success|pam|syslog,pam,T1078,journald,0,0,0,0,0,0,0,0,0,0,1,0,20,20,1,0,38,0,0,109,3,18,6,1
wazuh-1788720394.1775354,2026-09-06T18:46:34.602000Z,target-kali-01,5501,3,authentication_success|pam|syslog,pam,T1078,journald,0,0,0,0,0,0,0,0,0,0,1,0,20,20,1,0,38,0,0,108,3,18,6,1
wazuh-1788720397.1775797,2026-09-06T18:46:37.339000Z,lab-sensor-01,31101,5,accesslog|attack|web,web-accesslog,none,/var/log/apache2/access.log,0,0,1,0,0,0,1,0,0,0,0,0,10,0,6,0,6,0,0,80,6,18,6,1
wazuh-1788720399.1776239,2026-09-06T18:46:39.341000Z,lab-sensor-01,31101,5,accesslog|attack|web,web-accesslog,none,/var/log/apache2/access.log,0,0,1,0,0,0,1,0,0,0,0,0,11,1,6,0,6,0,0,80,6,18,6,1
wazuh-1788720401.1776681,2026-09-06T18:46:41.345000Z,lab-sensor-01,31101,5,accesslog|attack|web,web-accesslog,none,/var/log/apache2/access.log,0,0,1,0,0,0,1,0,0,0,0,0,12,2,6,0,6,0,0,80,6,18,6,1
wazuh-1788720403.1777129,2026-09-06T18:46:43.347000Z,lab-sensor-01,30305,5,access_denied|apache|web,apache-errorlog,none,/var/log/apache2/error.log,47716,0,1,0,0,0,1,0,0,0,0,0,13,0,6,0,6,0,0,80,6,18,6,1
wazuh-1788720403.1777729,2026-09-06T18:46:43.347000Z,lab-sensor-01,31516,6,appsec|attack|web,web-accesslog,T1055,/var/log/apache2/access.log,0,0,1,0,0,0,1,0,0,0,0,0,14,0,6,0,6,0,0,80,6,18,6,1
wazuh-1788720414.1778172,2026-09-06T18:46:54.667000Z,target-kali-01,5501,3,authentication_success|pam|syslog,pam,T1078,journald,0,0,0,0,0,0,0,0,0,0,1,0,20,20,1,0,38,0,0,108,3,18,6,1
wazuh-1788720426.1778615,2026-09-06T18:47:06.838000Z,target-kali-01,5501,3,authentication_success|pam|syslog,pam,T1078,journald,0,0,0,0,0,0,0,0,0,0,1,0,20,20,1,0,38,0,0,108,3,18,6,1
wazuh-1788720429.1779058,2026-09-06T18:47:09.403000Z,lab-sensor-01,31101,5,accesslog|attack|web,web-accesslog,none,/var/log/apache2/access.log,0,0,1,0,0,0,1,0,0,0,0,0,15,3,6,0,6,0,0,79,6,18,6,1
wazuh-1788720431.1779500,2026-09-06T18:47:11.406000Z,lab-sensor-01,31101,5,accesslog|attack|web,web-accesslog,none,/var/log/apache2/access.log,0,0,1,0,0,0,1,0,0,0,0,0,16,4,6,0,6,0,0,79,6,18,6,1
wazuh-1788720433.1779942,2026-09-06T18:47:13.410000Z,lab-sensor-01,31101,5,accesslog|attack|web,web-accesslog,none,/var/log/apache2/access.log,0,0,1,0,0,0,1,0,0,0,0,0,17,5,6,0,6,0,0,79,6,18,6,1
wazuh-1788720435.1780390,2026-09-06T18:47:15.413000Z,lab-sensor-01,30305,5,access_denied|apache|web,apache-errorlog,none,/var/log/apache2/error.log,33208,0,1,0,0,0,1,0,0,0,0,0,18,1,6,0,6,0,0,79,6,18,6,1
wazuh-1788720435.1780990,2026-09-06T18:47:15.414000Z,lab-sensor-01,31516,6,appsec|attack|web,web-accesslog,T1055,/var/log/apache2/access.log,0,0,1,0,0,0,1,0,0,0,0,0,19,1,6,0,6,0,0,79,6,18,6,1
wazuh-1788720448.1781433,2026-09-06T18:47:28.947000Z,target-kali-01,5501,3,authentication_success|pam|syslog,pam,T1078,journald,0,0,0,0,0,0,0,0,0,0,1,0,19,19,1,0,38,0,0,108,3,18,6,1
wazuh-1788720452.1781876,2026-09-06T18:47:32.181000Z,film-laptop,591,3,ossec,ossec,none,logcollector,0,0,0,0,0,0,0,0,0,0,0,0,0,0,1,0,0,0,0,0,3,18,6,1
wazuh-1788720461.1782249,2026-09-06T18:47:41.096000Z,target-kali-01,5501,3,authentication_success|pam|syslog,pam,T1078,journald,0,0,0,0,0,0,0,0,0,0,1,0,19,19,1,0,38,0,0,108,3,18,6,1
wazuh-1788720473.1782692,2026-09-06T18:47:53.112000Z,target-kali-01,5501,3,authentication_success|pam|syslog,pam,T1078,journald,0,0,0,0,0,0,0,0,0,0,1,0,20,20,1,0,38,0,0,108,3,18,6,1
wazuh-1788720473.1783135,2026-09-06T18:47:53.585000Z,lab-sensor-01,31104,6,accesslog|attack|web,web-accesslog,T1055|T1083|T1190,/var/log/apache2/access.log,0,0,1,0,0,0,1,0,0,0,0,0,17,2,6,0,6,0,0,79,6,18,6,1
wazuh-1788720477.1783594,2026-09-06T18:47:57.553000Z,lab-sensor-01,31106,6,accesslog|attack|web,web-accesslog,T1190,/var/log/apache2/access.log,0,0,1,0,0,0,1,0,0,0,0,0,18,2,6,0,6,0,0,79,6,18,6,1
wazuh-1788720491.1784079,2026-09-06T18:48:11.273000Z,target-kali-01,5501,3,authentication_success|pam|syslog,pam,T1078,journald,0,0,0,0,0,0,0,0,0,0,1,0,19,19,1,0,37,0,0,109,3,18,6,1
wazuh-1788720502.1784522,2026-09-06T18:48:22.509000Z,target-kali-01,5501,3,authentication_success|pam|syslog,pam,T1078,journald,0,0,0,0,0,0,0,0,0,0,1,0,20,20,1,0,37,0,0,109,3,18,6,1
wazuh-1788720513.1784965,2026-09-06T18:48:33.606000Z,lab-sensor-01,31104,6,accesslog|attack|web,web-accesslog,T1055|T1083|T1190,/var/log/apache2/access.log,0,0,1,0,0,0,1,0,0,0,0,0,16,3,6,0,6,0,0,79,6,18,6,1
wazuh-1788720514.1785424,2026-09-06T18:48:34.578000Z,target-kali-01,5501,3,authentication_success|pam|syslog,pam,T1078,journald,0,0,0,0,0,0,0,0,0,0,1,0,20,20,1,0,38,0,0,109,3,18,6,1
wazuh-1788720517.1785867,2026-09-06T18:48:37.629000Z,lab-sensor-01,31106,6,accesslog|attack|web,web-accesslog,T1190,/var/log/apache2/access.log,0,0,1,0,0,0,1,0,0,0,0,0,17,3,6,0,6,0,0,80,6,18,6,1
wazuh-1788720534.1786352,2026-09-06T18:48:54.975000Z,target-kali-01,5501,3,authentication_success|pam|syslog,pam,T1078,journald,0,0,0,0,0,0,0,0,0,0,1,0,20,20,1,0,38,0,0,109,3,18,6,1
wazuh-1788720547.1786795,2026-09-06T18:49:07.104000Z,target-kali-01,5501,3,authentication_success|pam|syslog,pam,T1078,journald,0,0,0,0,0,0,0,0,0,0,1,0,20,20,1,0,38,0,0,109,3,18,6,1
wazuh-1788720547.1787238,2026-09-06T18:49:07.688000Z,lab-sensor-01,31101,5,accesslog|attack|web,web-accesslog,none,/var/log/apache2/access.log,0,0,1,0,0,0,1,0,0,0,0,0,14,6,6,0,6,0,0,81,6,18,6,1
wazuh-1788720549.1787680,2026-09-06T18:49:09.689000Z,lab-sensor-01,31101,5,accesslog|attack|web,web-accesslog,none,/var/log/apache2/access.log,0,0,1,0,0,0,1,0,0,0,0,0,15,7,6,0,6,0,0,81,6,18,6,1
wazuh-1788720551.1788122,2026-09-06T18:49:11.694000Z,lab-sensor-01,31101,5,accesslog|attack|web,web-accesslog,none,/var/log/apache2/access.log,0,0,1,0,0,0,1,0,0,0,0,0,16,8,6,0,6,0,0,80,6,18,6,1
wazuh-1788720553.1788570,2026-09-06T18:49:13.697000Z,lab-sensor-01,30305,5,access_denied|apache|web,apache-errorlog,none,/var/log/apache2/error.log,44022,0,1,0,0,0,1,0,0,0,0,0,17,2,6,0,6,0,0,80,6,18,6,1
wazuh-1788720553.1789170,2026-09-06T18:49:13.697000Z,lab-sensor-01,31516,6,appsec|attack|web,web-accesslog,T1055,/var/log/apache2/access.log,0,0,1,0,0,0,1,0,0,0,0,0,18,2,6,0,6,0,0,80,6,18,6,1
wazuh-1788720565.1789613,2026-09-06T18:49:25.918000Z,target-kali-01,5501,3,authentication_success|pam|syslog,pam,T1078,journald,0,0,0,0,0,0,0,0,0,0,1,0,20,20,1,0,38,0,0,109,3,18,6,1
wazuh-1788720578.1790056,2026-09-06T18:49:38.130000Z,target-kali-01,5501,3,authentication_success|pam|syslog,pam,T1078,journald,0,0,0,0,0,0,0,0,0,0,1,0,20,20,1,0,38,0,0,110,3,18,6,1
wazuh-1788720578.1790499,2026-09-06T18:49:38.236000Z,lab-sensor-01,5710,5,authentication_failed|invalid_login|sshd|syslog,sshd,T1021.004|T1110.001,journald,52974,0,1,0,0,0,1,0,0,0,1,0,19,0,6,0,6,0,0,80,6,18,6,1
wazuh-1788720580.1791048,2026-09-06T18:49:40.238000Z,lab-sensor-01,5710,5,authentication_failed|invalid_login|sshd|syslog,sshd,T1021.004|T1110.001,journald,52986,0,1,0,0,0,1,0,0,0,1,0,20,1,6,0,7,0,0,81,6,18,6,1
wazuh-1788720584.1791597,2026-09-06T18:49:44.244000Z,lab-sensor-01,5710,5,authentication_failed|invalid_login|sshd|syslog,sshd,T1021.004|T1110.001,journald,53000,0,1,0,0,0,1,0,0,0,1,0,21,2,6,0,8,0,0,82,6,18,6,1
wazuh-1788720597.1792146,2026-09-06T18:49:57.319000Z,target-kali-01,5501,3,authentication_success|pam|syslog,pam,T1078,journald,0,0,0,0,0,0,0,0,0,0,1,0,20,20,1,0,38,0,0,109,3,18,6,1
wazuh-1788720612.1792589,2026-09-06T18:50:12.079000Z,target-kali-01,5501,3,authentication_success|pam|syslog,pam,T1078,journald,0,0,0,0,0,0,0,0,0,0,1,0,20,20,1,0,39,0,0,110,3,18,6,1
wazuh-1788720621.1793032,2026-09-06T18:50:21.796000Z,lab-sensor-01,31104,6,accesslog|attack|web,web-accesslog,T1055|T1083|T1190,/var/log/apache2/access.log,0,0,1,0,0,0,1,0,0,0,0,0,22,2,6,0,9,0,0,80,6,18,6,1
wazuh-1788720622.1793491,2026-09-06T18:50:22.099000Z,target-kali-01,5501,3,authentication_success|pam|syslog,pam,T1078,journald,0,0,0,0,0,0,0,0,0,0,1,0,20,20,1,0,39,0,0,110,3,18,6,1
wazuh-1788720625.1793934,2026-09-06T18:50:25.822000Z,lab-sensor-01,31106,6,accesslog|attack|web,web-accesslog,T1190,/var/log/apache2/access.log,0,0,1,0,0,0,1,0,0,0,0,0,23,2,6,0,9,0,0,81,6,18,6,1
wazuh-1788720640.1794419,2026-09-06T18:50:40.161000Z,target-kali-01,5501,3,authentication_success|pam|syslog,pam,T1078,journald,0,0,0,0,0,0,0,0,0,0,1,0,20,20,1,0,39,0,0,109,3,18,6,1
wazuh-1788720654.1794862,2026-09-06T18:50:54.517000Z,target-kali-01,5501,3,authentication_success|pam|syslog,pam,T1078,journald,0,0,0,0,0,0,0,0,0,0,1,0,19,19,1,0,39,0,0,110,3,18,6,1
wazuh-1788720672.1795305,2026-09-06T18:51:12.579000Z,target-kali-01,5501,3,authentication_success|pam|syslog,pam,T1078,journald,0,0,0,0,0,0,0,0,0,0,1,0,19,19,1,0,39,0,0,110,3,18,6,1
wazuh-1788720686.1795748,2026-09-06T18:51:26.211000Z,target-kali-01,5501,3,authentication_success|pam|syslog,pam,T1078,journald,0,0,0,0,0,0,0,0,0,0,1,0,19,19,1,0,39,0,0,110,3,18,6,1
wazuh-1788720701.1796191,2026-09-06T18:51:41.290000Z,target-kali-01,5501,3,authentication_success|pam|syslog,pam,T1078,journald,0,0,0,0,0,0,0,0,0,0,1,0,19,19,1,0,39,0,0,110,3,18,6,1
wazuh-1788720723.1796634,2026-09-06T18:52:03.396000Z,target-kali-01,5501,3,authentication_success|pam|syslog,pam,T1078,journald,0,0,0,0,0,0,0,0,0,0,1,0,19,19,1,0,39,0,0,110,3,18,6,1
wazuh-1788720740.1797077,2026-09-06T18:52:20.647000Z,target-kali-01,5501,3,authentication_success|pam|syslog,pam,T1078,journald,0,0,0,0,0,0,0,0,0,0,1,0,19,19,1,0,39,0,0,109,3,18,6,1
wazuh-1788720742.1797520,2026-09-06T18:52:22.039000Z,lab-sensor-01,31101,5,accesslog|attack|web,web-accesslog,none,/var/log/apache2/access.log,0,0,1,0,0,0,1,0,0,0,0,0,14,3,6,0,9,0,0,77,6,18,6,1
wazuh-1788720744.1797962,2026-09-06T18:52:24.053000Z,lab-sensor-01,31101,5,accesslog|attack|web,web-accesslog,none,/var/log/apache2/access.log,0,0,1,0,0,0,1,0,0,0,0,0,15,4,6,0,9,0,0,77,6,18,6,1
wazuh-1788720746.1798404,2026-09-06T18:52:26.055000Z,lab-sensor-01,31101,5,accesslog|attack|web,web-accesslog,none,/var/log/apache2/access.log,0,0,1,0,0,0,1,0,0,0,0,0,16,5,6,0,9,0,0,77,6,18,6,1
wazuh-1788720748.1798852,2026-09-06T18:52:28.059000Z,lab-sensor-01,30305,5,access_denied|apache|web,apache-errorlog,none,/var/log/apache2/error.log,36388,0,1,0,0,0,1,0,0,0,0,0,17,1,6,0,9,0,0,77,6,18,6,1
wazuh-1788720748.1799452,2026-09-06T18:52:28.099000Z,lab-sensor-01,31516,6,appsec|attack|web,web-accesslog,T1055,/var/log/apache2/access.log,0,0,1,0,0,0,1,0,0,0,0,0,18,1,6,0,9,0,0,77,6,18,6,1
wazuh-1788720760.1799895,2026-09-06T18:52:40.172000Z,target-kali-01,5501,3,authentication_success|pam|syslog,pam,T1078,journald,0,0,0,0,0,0,0,0,0,0,1,0,19,19,1,0,38,0,0,109,3,18,6,1
wazuh-1788720762.1800338,2026-09-06T18:52:42.306000Z,lab-sensor-01,31101,5,accesslog|attack|web,web-accesslog,none,/var/log/apache2/access.log,0,0,1,0,0,0,1,0,0,0,0,0,19,6,6,0,7,0,0,78,6,18,6,1
wazuh-1788720764.1800780,2026-09-06T18:52:44.308000Z,lab-sensor-01,31101,5,accesslog|attack|web,web-accesslog,none,/var/log/apache2/access.log,0,0,1,0,0,0,1,0,0,0,0,0,20,7,6,0,6,0,0,78,6,18,6,1
wazuh-1788720766.1801222,2026-09-06T18:52:46.311000Z,lab-sensor-01,31101,5,accesslog|attack|web,web-accesslog,none,/var/log/apache2/access.log,0,0,1,0,0,0,1,0,0,0,0,0,21,8,6,0,6,0,0,78,6,18,6,1
wazuh-1788720768.1801670,2026-09-06T18:52:48.315000Z,lab-sensor-01,30305,5,access_denied|apache|web,apache-errorlog,none,/var/log/apache2/error.log,44642,0,1,0,0,0,1,0,0,0,0,0,22,2,6,0,6,0,0,78,6,18,6,1
wazuh-1788720768.1802270,2026-09-06T18:52:48.357000Z,lab-sensor-01,31516,6,appsec|attack|web,web-accesslog,T1055,/var/log/apache2/access.log,0,0,1,0,0,0,1,0,0,0,0,0,23,2,6,0,6,0,0,78,6,18,6,1
wazuh-1788720772.1802713,2026-09-06T18:52:52.214000Z,film-laptop,591,3,ossec,ossec,none,logcollector,0,0,0,0,0,0,0,0,0,0,0,0,0,0,1,0,0,0,0,0,3,18,6,1
wazuh-1788720784.1803086,2026-09-06T18:53:04.643000Z,target-kali-01,5501,3,authentication_success|pam|syslog,pam,T1078,journald,0,0,0,0,0,0,0,0,0,0,1,0,18,18,1,0,38,0,0,108,3,18,6,1
wazuh-1788720786.1803529,2026-09-06T18:53:06.157000Z,lab-sensor-01,31101,5,accesslog|attack|web,web-accesslog,none,/var/log/apache2/access.log,0,0,1,0,0,0,1,0,0,0,0,0,22,9,6,0,6,0,0,77,6,18,6,1
wazuh-1788720788.1803971,2026-09-06T18:53:08.160000Z,lab-sensor-01,31101,5,accesslog|attack|web,web-accesslog,none,/var/log/apache2/access.log,0,0,1,0,0,0,1,0,0,0,0,0,23,10,6,0,6,0,0,77,6,18,6,1
wazuh-1788720790.1804413,2026-09-06T18:53:10.163000Z,lab-sensor-01,31101,5,accesslog|attack|web,web-accesslog,none,/var/log/apache2/access.log,0,0,1,0,0,0,1,0,0,0,0,0,24,11,6,0,6,0,0,77,6,18,6,1
wazuh-1788720792.1804861,2026-09-06T18:53:12.164000Z,lab-sensor-01,30305,5,access_denied|apache|web,apache-errorlog,none,/var/log/apache2/error.log,48122,0,1,0,0,0,1,0,0,0,0,0,25,3,6,0,5,0,0,77,6,18,6,1
wazuh-1788720792.1805461,2026-09-06T18:53:12.165000Z,lab-sensor-01,31516,6,appsec|attack|web,web-accesslog,T1055,/var/log/apache2/access.log,0,0,1,0,0,0,1,0,0,0,0,0,26,3,6,0,5,0,0,77,6,18,6,1
wazuh-1788720806.1805904,2026-09-06T18:53:26.399000Z,lab-sensor-01,31104,6,accesslog|attack|web,web-accesslog,T1055|T1083|T1190,/var/log/apache2/access.log,0,0,1,0,0,0,1,0,0,0,0,0,27,2,6,0,3,0,0,76,6,18,6,1
wazuh-1788720806.1806363,2026-09-06T18:53:26.710000Z,target-kali-01,5501,3,authentication_success|pam|syslog,pam,T1078,journald,0,0,0,0,0,0,0,0,0,0,1,0,17,17,1,0,38,0,0,108,3,18,6,1
wazuh-1788720810.1806806,2026-09-06T18:53:30.405000Z,lab-sensor-01,31106,6,accesslog|attack|web,web-accesslog,T1190,/var/log/apache2/access.log,0,0,1,0,0,0,1,0,0,0,0,0,28,2,6,0,3,0,0,77,6,18,6,1
wazuh-1788720826.1807291,2026-09-06T18:53:46.977000Z,target-kali-01,5501,3,authentication_success|pam|syslog,pam,T1078,journald,0,0,0,0,0,0,0,0,0,0,1,0,17,17,1,0,37,0,0,108,3,18,6,1
wazuh-1788720847.1807734,2026-09-06T18:54:07.255000Z,target-kali-01,5501,3,authentication_success|pam|syslog,pam,T1078,journald,0,0,0,0,0,0,0,0,0,0,1,0,16,16,1,0,37,0,0,108,3,18,6,1
wazuh-1788720856.1808177,2026-09-06T18:54:16.762000Z,lab-sensor-01,5710,5,authentication_failed|invalid_login|sshd|syslog,sshd,T1021.004|T1110.001,journald,32928,0,1,0,0,0,1,0,0,0,1,0,22,3,6,0,3,0,0,78,6,18,6,1
wazuh-1788720857.1808726,2026-09-06T18:54:17.267000Z,target-kali-01,5501,3,authentication_success|pam|syslog,pam,T1078,journald,0,0,0,0,0,0,0,0,0,0,1,0,17,17,1,0,38,0,0,108,3,18,6,1
wazuh-1788720858.1809169,2026-09-06T18:54:18.806000Z,lab-sensor-01,5710,5,authentication_failed|invalid_login|sshd|syslog,sshd,T1021.004|T1110.001,journald,32938,0,1,0,0,0,1,0,0,0,1,0,23,4,6,0,4,0,0,79,6,18,6,1
wazuh-1788720862.1809718,2026-09-06T18:54:22.770000Z,lab-sensor-01,5710,5,authentication_failed|invalid_login|sshd|syslog,sshd,T1021.004|T1110.001,journald,32946,0,1,0,0,0,1,0,0,0,1,0,24,5,6,0,5,0,0,79,6,18,6,1
wazuh-1788720875.1810267,2026-09-06T18:54:35.376000Z,target-kali-01,5501,3,authentication_success|pam|syslog,pam,T1078,journald,0,0,0,0,0,0,0,0,0,0,1,0,17,17,1,0,38,0,0,108,3,18,6,1
wazuh-1788720876.1810710,2026-09-06T18:54:36.791000Z,lab-sensor-01,5710,5,authentication_failed|invalid_login|sshd|syslog,sshd,T1021.004|T1110.001,journald,50688,0,1,0,0,0,1,0,0,0,1,0,25,6,6,0,6,0,0,79,6,18,6,1
wazuh-1788720878.1811259,2026-09-06T18:54:38.792000Z,lab-sensor-01,5710,5,authentication_failed|invalid_login|sshd|syslog,sshd,T1021.004|T1110.001,journald,50704,0,1,0,0,0,1,0,0,0,1,0,25,6,6,0,7,0,0,80,6,18,6,1
wazuh-1788720882.1811808,2026-09-06T18:54:42.797000Z,lab-sensor-01,5710,5,authentication_failed|invalid_login|sshd|syslog,sshd,T1021.004|T1110.001,journald,50710,0,1,0,0,0,1,0,0,0,1,0,25,6,6,0,8,0,0,81,6,18,6,1
wazuh-1788720893.1812357,2026-09-06T18:54:53.701000Z,target-kali-01,5501,3,authentication_success|pam|syslog,pam,T1078,journald,0,0,0,0,0,0,0,0,0,0,1,0,17,17,1,0,37,0,0,108,3,18,6,1
wazuh-1788720905.1812800,2026-09-06T18:55:05.796000Z,target-kali-01,5501,3,authentication_success|pam|syslog,pam,T1078,journald,0,0,0,0,0,0,0,0,0,0,1,0,17,17,1,0,37,0,0,108,3,18,6,1
wazuh-1788720921.1813243,2026-09-06T18:55:21.987000Z,target-kali-01,5501,3,authentication_success|pam|syslog,pam,T1078,journald,0,0,0,0,0,0,0,0,0,0,1,0,17,17,1,0,37,0,0,108,3,18,6,1
wazuh-1788720936.1813686,2026-09-06T18:55:36.614000Z,target-kali-01,5501,3,authentication_success|pam|syslog,pam,T1078,journald,0,0,0,0,0,0,0,0,0,0,1,0,17,17,1,0,37,0,0,109,3,18,6,1
wazuh-1788720936.1814129,2026-09-06T18:55:36.881000Z,lab-sensor-01,5710,5,authentication_failed|invalid_login|sshd|syslog,sshd,T1021.004|T1110.001,journald,37972,0,1,0,0,0,1,0,0,0,1,0,23,6,6,0,9,0,0,78,6,18,6,1
wazuh-1788720938.1814678,2026-09-06T18:55:38.892000Z,lab-sensor-01,5712,10,authentication_failures|sshd|syslog,sshd,T1110,journald,37976,0,1,0,0,0,1,0,0,0,1,0,24,0,6,0,10,0,0,79,6,18,6,1
wazuh-1788720942.1816012,2026-09-06T18:55:42.906000Z,lab-sensor-01,5710,5,authentication_failed|invalid_login|sshd|syslog,sshd,T1021.004|T1110.001,journald,37990,0,1,0,0,0,1,0,0,0,1,0,25,7,7,1,11,0,0,80,10,18,6,1
wazuh-1788720956.1816561,2026-09-06T18:55:56.968000Z,target-kali-01,5501,3,authentication_success|pam|syslog,pam,T1078,journald,0,0,0,0,0,0,0,0,0,0,1,0,16,16,1,0,36,0,0,109,3,18,6,1
wazuh-1788720967.1817004,2026-09-06T18:56:07.209000Z,target-kali-01,5501,3,authentication_success|pam|syslog,pam,T1078,journald,0,0,0,0,0,0,0,0,0,0,1,0,17,17,1,0,36,0,0,109,3,18,6,1
wazuh-1788720969.1817447,2026-09-06T18:56:09.257000Z,film-laptop,86601,3,ids|suricata,json,none,/var/log/suricata/eve.json,68,67,1,1,0,0,1,0,0,0,0,0,1,0,1,0,0,0,0,0,3,18,6,1
wazuh-1788720969.1819651,2026-09-06T18:56:09.259000Z,film-laptop,86601,3,ids|suricata,json,none,/var/log/suricata/eve.json,68,67,1,1,0,0,1,0,0,0,0,0,2,1,2,0,0,0,0,0,3,18,6,1
wazuh-1788720981.1821855,2026-09-06T18:56:21.280000Z,target-kali-01,5501,3,authentication_success|pam|syslog,pam,T1078,journald,0,0,0,0,0,0,0,0,0,0,1,0,17,17,1,0,36,0,0,109,3,18,6,1
wazuh-1788720995.1822298,2026-09-06T18:56:35.045000Z,lab-sensor-01,31104,6,accesslog|attack|web,web-accesslog,T1055|T1083|T1190,/var/log/apache2/access.log,0,0,1,0,0,0,1,0,0,0,0,0,26,1,7,1,12,0,0,78,10,18,6,1
wazuh-1788720995.1822757,2026-09-06T18:56:35.411000Z,target-kali-01,5501,3,authentication_success|pam|syslog,pam,T1078,journald,0,0,0,0,0,0,0,0,0,0,1,0,17,17,1,0,36,0,0,109,3,18,6,1
wazuh-1788720999.1823200,2026-09-06T18:56:39.012000Z,lab-sensor-01,31106,6,accesslog|attack|web,web-accesslog,T1190,/var/log/apache2/access.log,0,0,1,0,0,0,1,0,0,0,0,0,27,1,7,1,12,0,0,78,10,18,6,1
wazuh-1788721015.1823685,2026-09-06T18:56:55.532000Z,target-kali-01,5501,3,authentication_success|pam|syslog,pam,T1078,journald,0,0,0,0,0,0,0,0,0,0,1,0,17,17,1,0,36,0,0,109,3,18,6,1
wazuh-1788721030.1824128,2026-09-06T18:57:10.714000Z,lab-sensor-01,31104,6,accesslog|attack|web,web-accesslog,T1055|T1083|T1190,/var/log/apache2/access.log,0,0,1,0,0,0,1,0,0,0,0,0,28,2,7,1,12,0,0,79,10,18,6,1
wazuh-1788721031.1824587,2026-09-06T18:57:11.501000Z,film-laptop,86601,3,ids|suricata,json,none,/var/log/suricata/eve.json,68,67,1,1,0,0,1,0,0,0,0,0,3,2,2,0,0,0,0,0,3,18,6,1
wazuh-1788721031.1826793,2026-09-06T18:57:11.501000Z,film-laptop,86601,3,ids|suricata,json,none,/var/log/suricata/eve.json,68,67,1,1,0,0,1,0,0,0,0,0,4,3,2,0,0,0,0,0,3,18,6,1
wazuh-1788721031.1828999,2026-09-06T18:57:11.707000Z,target-kali-01,5501,3,authentication_success|pam|syslog,pam,T1078,journald,0,0,0,0,0,0,0,0,0,0,1,0,17,17,1,0,36,0,0,109,3,18,6,1
wazuh-1788721034.1829442,2026-09-06T18:57:14.716000Z,lab-sensor-01,31106,6,accesslog|attack|web,web-accesslog,T1190,/var/log/apache2/access.log,0,0,1,0,0,0,1,0,0,0,0,0,29,2,7,1,12,0,0,80,10,18,6,1
wazuh-1788721051.1829927,2026-09-06T18:57:31.800000Z,target-kali-01,5501,3,authentication_success|pam|syslog,pam,T1078,journald,0,0,0,0,0,0,0,0,0,0,1,0,17,17,1,0,36,0,0,109,3,18,6,1
wazuh-1788721063.1830370,2026-09-06T18:57:43.914000Z,target-kali-01,5501,3,authentication_success|pam|syslog,pam,T1078,journald,0,0,0,0,0,0,0,0,0,0,1,0,17,17,1,0,36,0,0,110,3,18,6,1
wazuh-1788721064.1830813,2026-09-06T18:57:44.864000Z,lab-sensor-01,31104,6,accesslog|attack|web,web-accesslog,T1055|T1083|T1190,/var/log/apache2/access.log,0,0,1,0,0,0,1,0,0,0,0,0,23,3,7,1,12,0,0,78,10,18,6,1
wazuh-1788721068.1831272,2026-09-06T18:57:48.827000Z,lab-sensor-01,31106,6,accesslog|attack|web,web-accesslog,T1190,/var/log/apache2/access.log,0,0,1,0,0,0,1,0,0,0,0,0,21,3,7,1,12,0,0,79,10,18,6,1
wazuh-1788721086.1831757,2026-09-06T18:58:06.025000Z,target-kali-01,5501,3,authentication_success|pam|syslog,pam,T1078,journald,0,0,0,0,0,0,0,0,0,0,1,0,17,17,1,0,36,0,0,110,3,18,6,1
wazuh-1788721091.1832200,2026-09-06T18:58:11.534000Z,film-laptop,86601,3,ids|suricata,json,none,/var/log/suricata/eve.json,68,67,1,1,0,0,1,0,0,0,0,0,4,4,2,0,0,0,0,0,3,18,6,1
wazuh-1788721091.1834404,2026-09-06T18:58:11.534000Z,film-laptop,86601,3,ids|suricata,json,none,/var/log/suricata/eve.json,68,67,1,1,0,0,1,0,0,0,0,0,5,5,2,0,0,0,0,0,3,18,6,1
wazuh-1788721100.1836608,2026-09-06T18:58:20.042000Z,target-kali-01,5501,3,authentication_success|pam|syslog,pam,T1078,journald,0,0,0,0,0,0,0,0,0,0,1,0,18,18,1,0,36,0,0,110,3,18,6,1
wazuh-1788721112.1837051,2026-09-06T18:58:32.084000Z,target-kali-01,5501,3,authentication_success|pam|syslog,pam,T1078,journald,0,0,0,0,0,0,0,0,0,0,1,0,18,18,1,0,36,0,0,110,3,18,6,1
wazuh-1788721126.1837494,2026-09-06T18:58:46.459000Z,target-kali-01,5501,3,authentication_success|pam|syslog,pam,T1078,journald,0,0,0,0,0,0,0,0,0,0,1,0,19,19,1,0,36,0,0,110,3,18,6,1
wazuh-1788721137.1837937,2026-09-06T18:58:57.462000Z,target-kali-01,5501,3,authentication_success|pam|syslog,pam,T1078,journald,0,0,0,0,0,0,0,0,0,0,1,0,19,19,1,0,36,0,0,111,3,18,6,1
wazuh-1788721151.1838380,2026-09-06T18:59:11.457000Z,film-laptop,86601,3,ids|suricata,json,none,/var/log/suricata/eve.json,68,67,1,1,0,0,1,0,0,0,0,0,6,6,2,0,0,0,0,0,3,18,6,1
wazuh-1788721151.1840586,2026-09-06T18:59:11.458000Z,film-laptop,86601,3,ids|suricata,json,none,/var/log/suricata/eve.json,68,67,1,1,0,0,1,0,0,0,0,0,7,7,2,0,0,0,0,0,3,18,6,1
wazuh-1788721155.1842792,2026-09-06T18:59:15.935000Z,target-kali-01,5501,3,authentication_success|pam|syslog,pam,T1078,journald,0,0,0,0,0,0,0,0,0,0,1,0,19,19,1,0,36,0,0,111,3,18,6,1
wazuh-1788721156.1843235,2026-09-06T18:59:16.254000Z,film-laptop,591,3,ossec,ossec,none,logcollector,0,0,0,0,0,0,0,0,0,0,0,0,8,0,2,0,0,0,0,0,3,18,6,1
wazuh-1788721174.1843608,2026-09-06T18:59:34.481000Z,target-kali-01,5501,3,authentication_success|pam|syslog,pam,T1078,journald,0,0,0,0,0,0,0,0,0,0,1,0,19,19,1,0,36,0,0,111,3,18,6,1
wazuh-1788721175.1844051,2026-09-06T18:59:35.079000Z,lab-sensor-01,31104,6,accesslog|attack|web,web-accesslog,T1055|T1083|T1190,/var/log/apache2/access.log,0,0,1,0,0,0,1,0,0,0,0,0,12,3,7,1,12,0,0,73,10,18,6,1
wazuh-1788721179.1844510,2026-09-06T18:59:39.046000Z,lab-sensor-01,31106,6,accesslog|attack|web,web-accesslog,T1190,/var/log/apache2/access.log,0,0,1,0,0,0,1,0,0,0,0,0,11,3,7,1,11,0,0,74,10,18,6,1
wazuh-1788721194.1844995,2026-09-06T18:59:54.595000Z,target-kali-01,5501,3,authentication_success|pam|syslog,pam,T1078,journald,0,0,0,0,0,0,0,0,0,0,1,0,18,18,1,0,36,0,0,110,3,18,6,1
wazuh-1788721197.1845438,2026-09-06T18:59:57.126000Z,lab-sensor-01,31101,5,accesslog|attack|web,web-accesslog,none,/var/log/apache2/access.log,0,0,1,0,0,0,1,0,0,0,0,0,11,0,7,1,9,0,0,75,10,18,6,1
wazuh-1788721199.1845880,2026-09-06T18:59:59.132000Z,lab-sensor-01,31101,5,accesslog|attack|web,web-accesslog,none,/var/log/apache2/access.log,0,0,1,0,0,0,1,0,0,0,0,0,12,1,7,1,9,0,0,75,10,18,6,1
wazuh-1788721201.1846322,2026-09-06T19:00:01.134000Z,lab-sensor-01,31101,5,accesslog|attack|web,web-accesslog,none,/var/log/apache2/access.log,0,0,1,0,0,0,1,0,0,0,0,0,13,2,7,1,9,0,0,75,10,19,6,1
wazuh-1788721203.1846770,2026-09-06T19:00:03.145000Z,lab-sensor-01,30305,5,access_denied|apache|web,apache-errorlog,none,/var/log/apache2/error.log,38618,0,1,0,0,0,1,0,0,0,0,0,14,0,7,1,9,0,0,75,10,19,6,1
wazuh-1788721203.1847370,2026-09-06T19:00:03.145000Z,lab-sensor-01,31516,6,appsec|attack|web,web-accesslog,T1055,/var/log/apache2/access.log,0,0,1,0,0,0,1,0,0,0,0,0,15,0,7,1,9,0,0,75,10,19,6,1
wazuh-1788721213.1847813,2026-09-06T19:00:13.612000Z,film-laptop,86601,3,ids|suricata,json,none,/var/log/suricata/eve.json,68,67,1,1,0,0,1,0,0,0,0,0,9,8,2,0,0,0,0,0,3,19,6,1
wazuh-1788721213.1850017,2026-09-06T19:00:13.612000Z,film-laptop,86601,3,ids|suricata,json,none,/var/log/suricata/eve.json,68,67,1,1,0,0,1,0,0,0,0,0,10,9,2,0,0,0,0,0,3,19,6,1
wazuh-1788721214.1852221,2026-09-06T19:00:14.657000Z,target-kali-01,5501,3,authentication_success|pam|syslog,pam,T1078,journald,0,0,0,0,0,0,0,0,0,0,1,0,18,18,1,0,35,0,0,110,3,19,6,1
wazuh-1788721234.1852664,2026-09-06T19:00:34.763000Z,target-kali-01,5501,3,authentication_success|pam|syslog,pam,T1078,journald,0,0,0,0,0,0,0,0,0,0,1,0,18,18,1,0,35,0,0,110,3,19,6,1
wazuh-1788721246.1853107,2026-09-06T19:00:46.754000Z,target-kali-01,5501,3,authentication_success|pam|syslog,pam,T1078,journald,0,0,0,0,0,0,0,0,0,0,1,0,18,18,1,0,35,0,0,110,3,19,6,1
wazuh-1788721263.1853550,2026-09-06T19:01:03.168000Z,target-kali-01,5501,3,authentication_success|pam|syslog,pam,T1078,journald,0,0,0,0,0,0,0,0,0,0,1,0,18,18,1,0,35,0,0,111,3,19,6,1
wazuh-1788721273.1853993,2026-09-06T19:01:13.595000Z,film-laptop,86601,3,ids|suricata,json,none,/var/log/suricata/eve.json,68,67,1,1,0,0,1,0,0,0,0,0,9,8,2,0,0,0,0,0,3,19,6,1
wazuh-1788721273.1856197,2026-09-06T19:01:13.597000Z,film-laptop,86601,3,ids|suricata,json,none,/var/log/suricata/eve.json,68,67,1,1,0,0,1,0,0,0,0,0,10,9,2,0,0,0,0,0,3,19,6,1
wazuh-1788721277.1858401,2026-09-06T19:01:17.223000Z,target-kali-01,5501,3,authentication_success|pam|syslog,pam,T1078,journald,0,0,0,0,0,0,0,0,0,0,1,0,18,18,1,0,35,0,0,110,3,19,6,1
wazuh-1788721277.1858844,2026-09-06T19:01:17.272000Z,lab-sensor-01,31104,6,accesslog|attack|web,web-accesslog,T1055|T1083|T1190,/var/log/apache2/access.log,0,0,1,0,0,0,1,0,0,0,0,0,13,4,7,1,9,0,0,71,10,19,6,1
wazuh-1788721281.1859303,2026-09-06T19:01:21.278000Z,lab-sensor-01,31106,6,accesslog|attack|web,web-accesslog,T1190,/var/log/apache2/access.log,0,0,1,0,0,0,1,0,0,0,0,0,14,4,7,1,9,0,0,70,10,19,6,1
wazuh-1788721297.1859788,2026-09-06T19:01:37.321000Z,target-kali-01,5501,3,authentication_success|pam|syslog,pam,T1078,journald,0,0,0,0,0,0,0,0,0,0,1,0,17,17,1,0,35,0,0,111,3,19,6,1
wazuh-1788721299.1860231,2026-09-06T19:01:39.307000Z,lab-sensor-01,31101,5,accesslog|attack|web,web-accesslog,none,/var/log/apache2/access.log,0,0,1,0,0,0,1,0,0,0,0,0,13,3,7,1,9,0,0,70,10,19,6,1
wazuh-1788721301.1860673,2026-09-06T19:01:41.312000Z,lab-sensor-01,31101,5,accesslog|attack|web,web-accesslog,none,/var/log/apache2/access.log,0,0,1,0,0,0,1,0,0,0,0,0,14,4,7,1,9,0,0,69,10,19,6,1
wazuh-1788721303.1861115,2026-09-06T19:01:43.317000Z,lab-sensor-01,31101,5,accesslog|attack|web,web-accesslog,none,/var/log/apache2/access.log,0,0,1,0,0,0,1,0,0,0,0,0,15,5,7,1,9,0,0,69,10,19,6,1
wazuh-1788721305.1861563,2026-09-06T19:01:45.320000Z,lab-sensor-01,30305,5,access_denied|apache|web,apache-errorlog,none,/var/log/apache2/error.log,34774,0,1,0,0,0,1,0,0,0,0,0,16,1,7,1,9,0,0,68,10,19,6,1
wazuh-1788721305.1862163,2026-09-06T19:01:45.320000Z,lab-sensor-01,31516,6,appsec|attack|web,web-accesslog,T1055,/var/log/apache2/access.log,0,0,1,0,0,0,1,0,0,0,0,0,17,1,7,1,9,0,0,68,10,19,6,1
wazuh-1788721321.1862606,2026-09-06T19:02:01.613000Z,target-kali-01,5501,3,authentication_success|pam|syslog,pam,T1078,journald,0,0,0,0,0,0,0,0,0,0,1,0,17,17,1,0,35,0,0,110,3,19,6,1
wazuh-1788721333.1863049,2026-09-06T19:02:13.680000Z,film-laptop,86601,3,ids|suricata,json,none,/var/log/suricata/eve.json,68,67,1,1,0,0,1,0,0,0,0,0,9,8,2,0,0,0,0,0,3,19,6,1
wazuh-1788721333.1865255,2026-09-06T19:02:13.682000Z,film-laptop,86601,3,ids|suricata,json,none,/var/log/suricata/eve.json,68,67,1,1,0,0,1,0,0,0,0,0,10,9,2,0,0,0,0,0,3,19,6,1
wazuh-1788721334.1867461,2026-09-06T19:02:14.118000Z,target-kali-01,5501,3,authentication_success|pam|syslog,pam,T1078,journald,0,0,0,0,0,0,0,0,0,0,1,0,17,17,1,0,35,0,0,111,3,19,6,1
wazuh-1788721347.1867904,2026-09-06T19:02:27.859000Z,target-kali-01,5501,3,authentication_success|pam|syslog,pam,T1078,journald,0,0,0,0,0,0,0,0,0,0,1,0,18,18,1,0,35,0,0,111,3,19,6,1
wazuh-1788721349.1868347,2026-09-06T19:02:29.391000Z,lab-sensor-01,31101,5,accesslog|attack|web,web-accesslog,none,/var/log/apache2/access.log,0,0,1,0,0,0,1,0,0,0,0,0,16,6,7,1,9,0,0,69,10,19,6,1
wazuh-1788721351.1868789,2026-09-06T19:02:31.394000Z,lab-sensor-01,31101,5,accesslog|attack|web,web-accesslog,none,/var/log/apache2/access.log,0,0,1,0,0,0,1,0,0,0,0,0,17,7,7,1,9,0,0,69,10,19,6,1
wazuh-1788721353.1869231,2026-09-06T19:02:33.395000Z,lab-sensor-01,31101,5,accesslog|attack|web,web-accesslog,none,/var/log/apache2/access.log,0,0,1,0,0,0,1,0,0,0,0,0,18,8,7,1,9,0,0,69,10,19,6,1
wazuh-1788721355.1869679,2026-09-06T19:02:35.399000Z,lab-sensor-01,30305,5,access_denied|apache|web,apache-errorlog,none,/var/log/apache2/error.log,37574,0,1,0,0,0,1,0,0,0,0,0,19,2,7,1,9,0,0,69,10,19,6,1
wazuh-1788721355.1870279,2026-09-06T19:02:35.399000Z,lab-sensor-01,31516,6,appsec|attack|web,web-accesslog,T1055,/var/log/apache2/access.log,0,0,1,0,0,0,1,0,0,0,0,0,20,2,7,1,9,0,0,69,10,19,6,1
wazuh-1788721370.1870722,2026-09-06T19:02:50.640000Z,target-kali-01,5501,3,authentication_success|pam|syslog,pam,T1078,journald,0,0,0,0,0,0,0,0,0,0,1,0,17,17,1,0,35,0,0,110,3,19,6,1
wazuh-1788721384.1871165,2026-09-06T19:03:04.743000Z,target-kali-01,5501,3,authentication_success|pam|syslog,pam,T1078,journald,0,0,0,0,0,0,0,0,0,0,1,0,18,18,1,0,35,0,0,110,3,19,6,1
wazuh-1788721393.1871608,2026-09-06T19:03:13.736000Z,film-laptop,86601,3,ids|suricata,json,none,/var/log/suricata/eve.json,68,67,1,1,0,0,1,0,0,0,0,0,9,8,2,0,0,0,0,0,3,19,6,1
wazuh-1788721393.1873812,2026-09-06T19:03:13.738000Z,film-laptop,86601,3,ids|suricata,json,none,/var/log/suricata/eve.json,68,67,1,1,0,0,1,0,0,0,0,0,10,9,2,0,0,0,0,0,3,19,6,1
wazuh-1788721397.1876016,2026-09-06T19:03:17.773000Z,lab-sensor-01,5710,5,authentication_failed|invalid_login|sshd|syslog,sshd,T1021.004|T1110.001,journald,45512,0,1,0,0,0,1,0,0,0,1,0,19,0,7,1,9,0,0,65,10,19,6,1
wazuh-1788721398.1876565,2026-09-06T19:03:18.773000Z,target-kali-01,5501,3,authentication_success|pam|syslog,pam,T1078,journald,0,0,0,0,0,0,0,0,0,0,1,0,18,18,1,0,36,0,0,111,3,19,6,1
wazuh-1788721401.1877008,2026-09-06T19:03:21.781000Z,lab-sensor-01,5710,5,authentication_failed|invalid_login|sshd|syslog,sshd,T1021.004|T1110.001,journald,45516,0,1,0,0,0,1,0,0,0,1,0,20,1,7,1,10,0,0,66,10,19,6,1
wazuh-1788721403.1877557,2026-09-06T19:03:23.783000Z,lab-sensor-01,5710,5,authentication_failed|invalid_login|sshd|syslog,sshd,T1021.004|T1110.001,journald,45522,0,1,0,0,0,1,0,0,0,1,0,21,2,7,1,11,0,0,67,10,19,6,1
wazuh-1788721419.1878106,2026-09-06T19:03:39.106000Z,target-kali-01,5501,3,authentication_success|pam|syslog,pam,T1078,journald,0,0,0,0,0,0,0,0,0,0,1,0,17,17,1,0,36,0,0,110,3,19,6,1
wazuh-1788721437.1878549,2026-09-06T19:03:57.505000Z,target-kali-01,5501,3,authentication_success|pam|syslog,pam,T1078,journald,0,0,0,0,0,0,0,0,0,0,1,0,16,16,1,0,36,0,0,111,3,19,6,1
wazuh-1788721449.1878992,2026-09-06T19:04:09.549000Z,target-kali-01,5501,3,authentication_success|pam|syslog,pam,T1078,journald,0,0,0,0,0,0,0,0,0,0,1,0,17,17,1,0,36,0,0,111,3,19,6,1
wazuh-1788721455.1879435,2026-09-06T19:04:15.805000Z,film-laptop,86601,3,ids|suricata,json,none,/var/log/suricata/eve.json,68,67,1,1,0,0,1,0,0,0,0,0,9,8,2,0,0,0,0,0,3,19,6,1
wazuh-1788721455.1881641,2026-09-06T19:04:15.805000Z,film-laptop,86601,3,ids|suricata,json,none,/var/log/suricata/eve.json,68,67,1,1,0,0,1,0,0,0,0,0,10,9,2,0,0,0,0,0,3,19,6,1
wazuh-1788721461.1883847,2026-09-06T19:04:21.694000Z,target-kali-01,5501,3,authentication_success|pam|syslog,pam,T1078,journald,0,0,0,0,0,0,0,0,0,0,1,0,17,17,1,0,36,0,0,111,3,19,6,1
wazuh-1788721461.1884290,2026-09-06T19:04:21.862000Z,lab-sensor-01,5710,5,authentication_failed|invalid_login|sshd|syslog,sshd,T1021.004|T1110.001,journald,37346,0,1,0,0,0,1,0,0,0,1,0,22,3,7,1,10,0,0,66,10,19,6,1
wazuh-1788721465.1884839,2026-09-06T19:04:25.867000Z,lab-sensor-01,5710,5,authentication_failed|invalid_login|sshd|syslog,sshd,T1021.004|T1110.001,journald,37358,0,1,0,0,0,1,0,0,0,1,0,23,4,7,1,10,0,0,66,10,19,6,1
wazuh-1788721467.1885388,2026-09-06T19:04:27.871000Z,lab-sensor-01,5710,5,authentication_failed|invalid_login|sshd|syslog,sshd,T1021.004|T1110.001,journald,49258,0,1,0,0,0,1,0,0,0,1,0,24,5,7,1,11,0,0,67,10,19,6,1
wazuh-1788721476.1885937,2026-09-06T19:04:36.288000Z,film-laptop,591,3,ossec,ossec,none,logcollector,0,0,0,0,0,0,0,0,0,0,0,0,10,0,2,0,0,0,0,0,3,19,6,1
wazuh-1788721483.1886310,2026-09-06T19:04:43.932000Z,lab-sensor-01,5710,5,authentication_failed|invalid_login|sshd|syslog,sshd,T1021.004|T1110.001,journald,56742,0,1,0,0,0,1,0,0,0,1,0,23,6,7,1,9,0,0,68,10,19,6,1
wazuh-1788721484.1886859,2026-09-06T19:04:44.592000Z,target-kali-01,5501,3,authentication_success|pam|syslog,pam,T1078,journald,0,0,0,0,0,0,0,0,0,0,1,0,17,17,1,0,36,0,0,111,3,19,6,1
wazuh-1788721487.1887302,2026-09-06T19:04:47.937000Z,lab-sensor-01,5712,10,authentication_failures|sshd|syslog,sshd,T1110,journald,56634,0,1,0,0,0,1,0,0,0,1,0,24,0,7,1,10,0,0,69,10,19,6,1
wazuh-1788721489.1888636,2026-09-06T19:04:49.941000Z,lab-sensor-01,5710,5,authentication_failed|invalid_login|sshd|syslog,sshd,T1021.004|T1110.001,journald,56640,0,1,0,0,0,1,0,0,0,1,0,25,7,7,2,11,0,0,70,10,19,6,1
wazuh-1788721504.1889185,2026-09-06T19:05:04.702000Z,target-kali-01,5501,3,authentication_success|pam|syslog,pam,T1078,journald,0,0,0,0,0,0,0,0,0,0,1,0,17,17,1,0,36,0,0,110,3,19,6,1
wazuh-1788721505.1889628,2026-09-06T19:05:05.649000Z,lab-sensor-01,31101,5,accesslog|attack|web,web-accesslog,none,/var/log/apache2/access.log,0,0,1,0,0,0,1,0,0,0,0,0,21,6,7,2,12,0,0,71,10,19,6,1
wazuh-1788721507.1890070,2026-09-06T19:05:07.651000Z,lab-sensor-01,31101,5,accesslog|attack|web,web-accesslog,none,/var/log/apache2/access.log,0,0,1,0,0,0,1,0,0,0,0,0,22,7,7,2,12,0,0,71,10,19,6,1
wazuh-1788721509.1890512,2026-09-06T19:05:09.653000Z,lab-sensor-01,31101,5,accesslog|attack|web,web-accesslog,none,/var/log/apache2/access.log,0,0,1,0,0,0,1,0,0,0,0,0,23,8,7,2,12,0,0,71,10,19,6,1
wazuh-1788721511.1890960,2026-09-06T19:05:11.659000Z,lab-sensor-01,30305,5,access_denied|apache|web,apache-errorlog,none,/var/log/apache2/error.log,54320,0,1,0,0,0,1,0,0,0,0,0,24,2,7,2,12,0,0,71,10,19,6,1
wazuh-1788721511.1891560,2026-09-06T19:05:11.659000Z,lab-sensor-01,31516,6,appsec|attack|web,web-accesslog,T1055,/var/log/apache2/access.log,0,0,1,0,0,0,1,0,0,0,0,0,25,2,7,2,12,0,0,71,10,19,6,1
wazuh-1788721515.1892003,2026-09-06T19:05:15.871000Z,film-laptop,86601,3,ids|suricata,json,none,/var/log/suricata/eve.json,68,67,1,1,0,0,1,0,0,0,0,0,9,8,2,0,0,0,0,0,3,19,6,1
wazuh-1788721515.1894207,2026-09-06T19:05:15.872000Z,film-laptop,86601,3,ids|suricata,json,none,/var/log/suricata/eve.json,68,67,1,1,0,0,1,0,0,0,0,0,10,9,2,0,0,0,0,0,3,19,6,1
wazuh-1788721523.1896411,2026-09-06T19:05:23.991000Z,lab-sensor-01,5710,5,authentication_failed|invalid_login|sshd|syslog,sshd,T1021.004|T1110.001,journald,57470,0,1,0,0,0,1,0,0,0,1,0,26,8,7,2,12,0,0,70,10,19,6,1
wazuh-1788721524.1896960,2026-09-06T19:05:24.778000Z,target-kali-01,5501,3,authentication_success|pam|syslog,pam,T1078,journald,0,0,0,0,0,0,0,0,0,0,1,0,17,17,1,0,35,0,0,110,3,19,6,1
wazuh-1788721527.1897403,2026-09-06T19:05:27.997000Z,lab-sensor-01,5710,5,authentication_failed|invalid_login|sshd|syslog,sshd,T1021.004|T1110.001,journald,34674,0,1,0,0,0,1,0,0,0,1,0,27,9,7,2,13,0,0,71,10,19,6,1
wazuh-1788721529.1897952,2026-09-06T19:05:29.999000Z,lab-sensor-01,5710,5,authentication_failed|invalid_login|sshd|syslog,sshd,T1021.004|T1110.001,journald,34688,0,1,0,0,0,1,0,0,0,1,0,28,10,7,2,14,0,0,72,10,19,6,1
wazuh-1788721545.1898501,2026-09-06T19:05:45.642000Z,target-kali-01,5501,3,authentication_success|pam|syslog,pam,T1078,journald,0,0,0,0,0,0,0,0,0,0,1,0,17,17,1,0,35,0,0,110,3,19,6,1
wazuh-1788721559.1898944,2026-09-06T19:05:59.708000Z,target-kali-01,5501,3,authentication_success|pam|syslog,pam,T1078,journald,0,0,0,0,0,0,0,0,0,0,1,0,17,17,1,0,35,0,0,110,3,19,6,1
wazuh-1788721575.1899387,2026-09-06T19:06:15.995000Z,film-laptop,86601,3,ids|suricata,json,none,/var/log/suricata/eve.json,68,67,1,1,0,0,1,0,0,0,0,0,9,8,2,0,0,0,0,0,3,19,6,1
wazuh-1788721575.1901593,2026-09-06T19:06:15.997000Z,film-laptop,86601,3,ids|suricata,json,none,/var/log/suricata/eve.json,68,67,1,1,0,0,1,0,0,0,0,0,10,9,2,0,0,0,0,0,3,19,6,1
wazuh-1788721577.1903799,2026-09-06T19:06:17.964000Z,target-kali-01,5501,3,authentication_success|pam|syslog,pam,T1078,journald,0,0,0,0,0,0,0,0,0,0,1,0,16,16,1,0,35,0,0,110,3,19,6,1
wazuh-1788721594.1904242,2026-09-06T19:06:34.841000Z,target-kali-01,5501,3,authentication_success|pam|syslog,pam,T1078,journald,0,0,0,0,0,0,0,0,0,0,1,0,17,17,1,0,35,0,0,110,3,19,6,1
wazuh-1788721597.1904685,2026-09-06T19:06:37.846000Z,lab-sensor-01,31101,5,accesslog|attack|web,web-accesslog,none,/var/log/apache2/access.log,0,0,1,0,0,0,1,0,0,0,0,0,27,9,7,1,12,0,0,71,10,19,6,1
wazuh-1788721599.1905127,2026-09-06T19:06:39.849000Z,lab-sensor-01,31101,5,accesslog|attack|web,web-accesslog,none,/var/log/apache2/access.log,0,0,1,0,0,0,1,0,0,0,0,0,27,9,7,1,12,0,0,71,10,19,6,1
wazuh-1788721601.1905569,2026-09-06T19:06:41.851000Z,lab-sensor-01,31101,5,accesslog|attack|web,web-accesslog,none,/var/log/apache2/access.log,0,0,1,0,0,0,1,0,0,0,0,0,27,9,7,1,12,0,0,71,10,19,6,1
wazuh-1788721603.1906017,2026-09-06T19:06:43.871000Z,lab-sensor-01,30305,5,access_denied|apache|web,apache-errorlog,none,/var/log/apache2/error.log,53760,0,1,0,0,0,1,0,0,0,0,0,27,3,7,1,12,0,0,71,10,19,6,1
wazuh-1788721603.1906617,2026-09-06T19:06:43.871000Z,lab-sensor-01,31516,6,appsec|attack|web,web-accesslog,T1055,/var/log/apache2/access.log,0,0,1,0,0,0,1,0,0,0,0,0,28,3,7,1,12,0,0,71,10,19,6,1
wazuh-1788721615.1907060,2026-09-06T19:06:55.044000Z,target-kali-01,5501,3,authentication_success|pam|syslog,pam,T1078,journald,0,0,0,0,0,0,0,0,0,0,1,0,17,17,1,0,35,0,0,110,3,19,6,1
wazuh-1788721615.1907503,2026-09-06T19:06:55.889000Z,lab-sensor-01,31104,6,accesslog|attack|web,web-accesslog,T1055|T1083|T1190,/var/log/apache2/access.log,0,0,1,0,0,0,1,0,0,0,0,0,27,0,7,1,12,0,0,72,10,19,6,1
wazuh-1788721619.1907962,2026-09-06T19:06:59.901000Z,lab-sensor-01,31106,6,accesslog|attack|web,web-accesslog,T1190,/var/log/apache2/access.log,0,0,1,0,0,0,1,0,0,0,0,0,28,0,7,1,12,0,0,73,10,19,6,1
wazuh-1788721633.1908447,2026-09-06T19:07:13.331000Z,target-kali-01,5501,3,authentication_success|pam|syslog,pam,T1078,journald,0,0,0,0,0,0,0,0,0,0,1,0,17,17,1,0,34,0,0,110,3,19,6,1
wazuh-1788721636.1908890,2026-09-06T19:07:16.046000Z,film-laptop,86601,3,ids|suricata,json,none,/var/log/suricata/eve.json,68,67,1,1,0,0,1,0,0,0,0,0,9,8,2,0,0,0,0,0,3,19,6,1
wazuh-1788721636.1911094,2026-09-06T19:07:16.046000Z,film-laptop,86601,3,ids|suricata,json,none,/var/log/suricata/eve.json,68,67,1,1,0,0,1,0,0,0,0,0,10,9,2,0,0,0,0,0,3,19,6,1
wazuh-1788721647.1913298,2026-09-06T19:07:27.398000Z,target-kali-01,5501,3,authentication_success|pam|syslog,pam,T1078,journald,0,0,0,0,0,0,0,0,0,0,1,0,17,17,1,0,35,0,0,110,3,19,6,1
wazuh-1788721648.1913741,2026-09-06T19:07:28.223000Z,lab-sensor-01,31101,5,accesslog|attack|web,web-accesslog,none,/var/log/apache2/access.log,0,0,1,0,0,0,1,0,0,0,0,0,29,9,7,1,12,0,0,72,10,19,6,1
wazuh-1788721650.1914183,2026-09-06T19:07:30.241000Z,lab-sensor-01,31101,5,accesslog|attack|web,web-accesslog,none,/var/log/apache2/access.log,0,0,1,0,0,0,1,0,0,0,0,0,29,9,7,1,12,0,0,72,10,19,6,1
wazuh-1788721652.1914625,2026-09-06T19:07:32.243000Z,lab-sensor-01,31101,5,accesslog|attack|web,web-accesslog,none,/var/log/apache2/access.log,0,0,1,0,0,0,1,0,0,0,0,0,29,9,7,1,12,0,0,72,10,19,6,1
wazuh-1788721654.1915073,2026-09-06T19:07:34.256000Z,lab-sensor-01,30305,5,access_denied|apache|web,apache-errorlog,none,/var/log/apache2/error.log,48560,0,1,0,0,0,1,0,0,0,0,0,29,3,7,1,12,0,0,72,10,19,6,1
wazuh-1788721654.1915673,2026-09-06T19:07:34.256000Z,lab-sensor-01,31516,6,appsec|attack|web,web-accesslog,T1055,/var/log/apache2/access.log,0,0,1,0,0,0,1,0,0,0,0,0,30,3,7,1,12,0,0,72,10,19,6,1
wazuh-1788721668.1916116,2026-09-06T19:07:48.048000Z,target-kali-01,5501,3,authentication_success|pam|syslog,pam,T1078,journald,0,0,0,0,0,0,0,0,0,0,1,0,17,17,1,0,34,0,0,110,3,19,6,1
wazuh-1788721670.1916559,2026-09-06T19:07:50.005000Z,lab-sensor-01,31101,5,accesslog|attack|web,web-accesslog,none,/var/log/apache2/access.log,0,0,1,0,0,0,1,0,0,0,0,0,29,9,7,1,12,0,0,73,10,19,6,1
wazuh-1788721672.1917001,2026-09-06T19:07:52.008000Z,lab-sensor-01,31101,5,accesslog|attack|web,web-accesslog,none,/var/log/apache2/access.log,0,0,1,0,0,0,1,0,0,0,0,0,30,10,7,1,12,0,0,73,10,19,6,1
wazuh-1788721674.1917443,2026-09-06T19:07:54.010000Z,lab-sensor-01,31101,5,accesslog|attack|web,web-accesslog,none,/var/log/apache2/access.log,0,0,1,0,0,0,1,0,0,0,0,0,31,11,7,1,12,0,0,73,10,19,6,1
wazuh-1788721676.1917891,2026-09-06T19:07:56.015000Z,lab-sensor-01,30305,5,access_denied|apache|web,apache-errorlog,none,/var/log/apache2/error.log,41044,0,1,0,0,0,1,0,0,0,0,0,32,3,7,1,12,0,0,73,10,19,6,1
wazuh-1788721676.1918491,2026-09-06T19:07:56.015000Z,lab-sensor-01,31516,6,appsec|attack|web,web-accesslog,T1055,/var/log/apache2/access.log,0,0,1,0,0,0,1,0,0,0,0,0,33,3,7,1,12,0,0,73,10,19,6,1
wazuh-1788721689.1918934,2026-09-06T19:08:09.081000Z,target-kali-01,5501,3,authentication_success|pam|syslog,pam,T1078,journald,0,0,0,0,0,0,0,0,0,0,1,0,16,16,1,0,34,0,0,108,3,19,6,1
wazuh-1788721696.1919377,2026-09-06T19:08:16.077000Z,film-laptop,86601,3,ids|suricata,json,none,/var/log/suricata/eve.json,68,67,1,1,0,0,1,0,0,0,0,0,9,8,2,0,0,0,0,0,3,19,6,1
wazuh-1788721696.1921583,2026-09-06T19:08:16.118000Z,film-laptop,86601,3,ids|suricata,json,none,/var/log/suricata/eve.json,68,67,1,1,0,0,1,0,0,0,0,0,10,9,2,0,0,0,0,0,3,19,6,1
wazuh-1788721697.1923789,2026-09-06T19:08:17.095000Z,target-kali-01,5501,3,authentication_success|pam|syslog,pam,T1078,journald,0,0,0,0,0,0,0,0,0,0,1,0,17,17,1,0,35,0,0,109,3,19,6,1
wazuh-1788721698.1924232,2026-09-06T19:08:18.345000Z,lab-sensor-01,5710,5,authentication_failed|invalid_login|sshd|syslog,sshd,T1021.004|T1110.001,journald,54946,0,1,0,0,0,1,0,0,0,1,0,33,10,7,1,12,0,0,74,10,19,6,1
wazuh-1788721700.1924781,2026-09-06T19:08:20.348000Z,lab-sensor-01,5710,5,authentication_failed|invalid_login|sshd|syslog,sshd,T1021.004|T1110.001,journald,54950,0,1,0,0,0,1,0,0,0,1,0,34,11,7,1,13,0,0,75,10,19,6,1
wazuh-1788721704.1925330,2026-09-06T19:08:24.352000Z,lab-sensor-01,5710,5,authentication_failed|invalid_login|sshd|syslog,sshd,T1021.004|T1110.001,journald,54962,0,1,0,0,0,1,0,0,0,1,0,33,10,7,1,14,0,0,76,10,19,6,1
wazuh-1788721719.1925879,2026-09-06T19:08:39.163000Z,target-kali-01,5501,3,authentication_success|pam|syslog,pam,T1078,journald,0,0,0,0,0,0,0,0,0,0,1,0,16,16,1,0,34,0,0,109,3,19,6,1
wazuh-1788721735.1926322,2026-09-06T19:08:55.300000Z,target-kali-01,5501,3,authentication_success|pam|syslog,pam,T1078,journald,0,0,0,0,0,0,0,0,0,0,1,0,17,17,1,0,34,0,0,109,3,19,6,1
wazuh-1788721748.1926765,2026-09-06T19:09:08.190000Z,lab-sensor-01,31104,6,accesslog|attack|web,web-accesslog,T1055|T1083|T1190,/var/log/apache2/access.log,0,0,1,0,0,0,1,0,0,0,0,0,34,1,7,1,15,0,0,75,10,19,6,1
wazuh-1788721749.1927224,2026-09-06T19:09:09.917000Z,target-kali-01,5501,3,authentication_success|pam|syslog,pam,T1078,journald,0,0,0,0,0,0,0,0,0,0,1,0,16,16,1,0,34,0,0,109,3,19,6,1
wazuh-1788721752.1927667,2026-09-06T19:09:12.157000Z,lab-sensor-01,31106,6,accesslog|attack|web,web-accesslog,T1190,/var/log/apache2/access.log,0,0,1,0,0,0,1,0,0,0,0,0,35,1,7,1,15,0,0,76,10,19,6,1
wazuh-1788721756.1928152,2026-09-06T19:09:16.186000Z,film-laptop,86601,3,ids|suricata,json,none,/var/log/suricata/eve.json,68,67,1,1,0,0,1,0,0,0,0,0,9,8,2,0,0,0,0,0,3,19,6,1
wazuh-1788721756.1930358,2026-09-06T19:09:16.186000Z,film-laptop,86601,3,ids|suricata,json,none,/var/log/suricata/eve.json,68,67,1,1,0,0,1,0,0,0,0,0,10,9,2,0,0,0,0,0,3,19,6,1
wazuh-1788721770.1932564,2026-09-06T19:09:30.200000Z,target-kali-01,5501,3,authentication_success|pam|syslog,pam,T1078,journald,0,0,0,0,0,0,0,0,0,0,1,0,16,16,1,0,34,0,0,109,3,19,6,1
wazuh-1788721792.1933007,2026-09-06T19:09:52.298000Z,target-kali-01,5501,3,authentication_success|pam|syslog,pam,T1078,journald,0,0,0,0,0,0,0,0,0,0,1,0,16,16,1,0,34,0,0,109,3,19,6,1
wazuh-1788721804.1933450,2026-09-06T19:10:04.315000Z,target-kali-01,5501,3,authentication_success|pam|syslog,pam,T1078,journald,0,0,0,0,0,0,0,0,0,0,1,0,17,17,1,0,34,0,0,109,3,19,6,1
wazuh-1788721818.1933893,2026-09-06T19:10:18.211000Z,film-laptop,86601,3,ids|suricata,json,none,/var/log/suricata/eve.json,68,67,1,1,0,0,1,0,0,0,0,0,8,8,2,0,0,0,0,0,3,19,6,1
wazuh-1788721818.1936097,2026-09-06T19:10:18.211000Z,film-laptop,86601,3,ids|suricata,json,none,/var/log/suricata/eve.json,68,67,1,1,0,0,1,0,0,0,0,0,9,9,2,0,0,0,0,0,3,19,6,1
wazuh-1788721822.1938301,2026-09-06T19:10:22.326000Z,lab-sensor-01,31104,6,accesslog|attack|web,web-accesslog,T1055|T1083|T1190,/var/log/apache2/access.log,0,0,1,0,0,0,1,0,0,0,0,0,25,2,7,1,15,0,0,74,10,19,6,1
wazuh-1788721822.1938760,2026-09-06T19:10:22.849000Z,target-kali-01,5501,3,authentication_success|pam|syslog,pam,T1078,journald,0,0,0,0,0,0,0,0,0,0,1,0,17,17,1,0,34,0,0,109,3,19,6,1
wazuh-1788721826.1939203,2026-09-06T19:10:26.329000Z,lab-sensor-01,31106,6,accesslog|attack|web,web-accesslog,T1190,/var/log/apache2/access.log,0,0,1,0,0,0,1,0,0,0,0,0,25,2,7,1,15,0,0,75,10,19,6,1
wazuh-1788721840.1939688,2026-09-06T19:10:40.635000Z,lab-sensor-01,5710,5,authentication_failed|invalid_login|sshd|syslog,sshd,T1021.004|T1110.001,journald,46896,0,1,0,0,0,1,0,0,0,1,0,24,3,7,1,15,0,0,76,10,19,6,1
wazuh-1788721840.1940237,2026-09-06T19:10:40.878000Z,target-kali-01,5501,3,authentication_success|pam|syslog,pam,T1078,journald,0,0,0,0,0,0,0,0,0,0,1,0,17,17,1,0,34,0,0,109,3,19,6,1
wazuh-1788721844.1940680,2026-09-06T19:10:44.641000Z,lab-sensor-01,5710,5,authentication_failed|invalid_login|sshd|syslog,sshd,T1021.004|T1110.001,journald,46904,0,1,0,0,0,1,0,0,0,1,0,25,4,7,1,16,0,0,77,10,19,6,1
wazuh-1788721846.1941229,2026-09-06T19:10:46.644000Z,lab-sensor-01,5710,5,authentication_failed|invalid_login|sshd|syslog,sshd,T1021.004|T1110.001,journald,40552,0,1,0,0,0,1,0,0,0,1,0,26,5,7,1,17,0,0,78,10,19,6,1
wazuh-1788721860.1941778,2026-09-06T19:11:00.327000Z,film-laptop,591,3,ossec,ossec,none,logcollector,0,0,0,0,0,0,0,0,0,0,0,0,10,0,2,0,0,0,0,0,3,19,6,1
wazuh-1788721860.1942151,2026-09-06T19:11:00.932000Z,target-kali-01,5501,3,authentication_success|pam|syslog,pam,T1078,journald,0,0,0,0,0,0,0,0,0,0,1,0,16,16,1,0,34,0,0,109,3,19,6,1
wazuh-1788721871.1942594,2026-09-06T19:11:11.883000Z,target-kali-01,5501,3,authentication_success|pam|syslog,pam,T1078,journald,0,0,0,0,0,0,0,0,0,0,1,0,17,17,1,0,34,0,0,109,3,19,6,1
wazuh-1788721878.1943037,2026-09-06T19:11:18.457000Z,film-laptop,86601,3,ids|suricata,json,none,/var/log/suricata/eve.json,68,67,1,1,0,0,1,0,0,0,0,0,9,8,2,0,0,0,0,0,3,19,6,1
wazuh-1788721878.1945243,2026-09-06T19:11:18.457000Z,film-laptop,86601,3,ids|suricata,json,none,/var/log/suricata/eve.json,68,67,1,1,0,0,1,0,0,0,0,0,10,9,2,0,0,0,0,0,3,19,6,1
wazuh-1788721884.1947449,2026-09-06T19:11:24.708000Z,target-kali-01,5501,3,authentication_success|pam|syslog,pam,T1078,journald,0,0,0,0,0,0,0,0,0,0,1,0,17,17,1,0,34,0,0,110,3,19,6,1
wazuh-1788721904.1947892,2026-09-06T19:11:44.498000Z,target-kali-01,5501,3,authentication_success|pam|syslog,pam,T1078,journald,0,0,0,0,0,0,0,0,0,0,1,0,17,17,1,0,34,0,0,109,3,19,6,1
wazuh-1788721918.1948335,2026-09-06T19:11:58.693000Z,target-kali-01,5501,3,authentication_success|pam|syslog,pam,T1078,journald,0,0,0,0,0,0,0,0,0,0,1,0,17,17,1,0,35,0,0,109,3,19,6,1
wazuh-1788721932.1948778,2026-09-06T19:12:12.768000Z,target-kali-01,5501,3,authentication_success|pam|syslog,pam,T1078,journald,0,0,0,0,0,0,0,0,0,0,1,0,18,18,1,0,35,0,0,110,3,19,6,1
wazuh-1788721938.1949221,2026-09-06T19:12:18.370000Z,film-laptop,86601,3,ids|suricata,json,none,/var/log/suricata/eve.json,68,67,1,1,0,0,1,0,0,0,0,0,9,8,2,0,0,0,0,0,3,19,6,1
wazuh-1788721938.1951425,2026-09-06T19:12:18.376000Z,film-laptop,86601,3,ids|suricata,json,none,/var/log/suricata/eve.json,68,67,1,1,0,0,1,0,0,0,0,0,10,9,2,0,0,0,0,0,3,19,6,1
wazuh-1788721946.1953629,2026-09-06T19:12:26.970000Z,lab-sensor-01,5710,5,authentication_failed|invalid_login|sshd|syslog,sshd,T1021.004|T1110.001,journald,44650,0,1,0,0,0,1,0,0,0,1,0,20,6,7,1,18,0,0,77,10,19,6,1
wazuh-1788721947.1954178,2026-09-06T19:12:27.394000Z,target-kali-01,5501,3,authentication_success|pam|syslog,pam,T1078,journald,0,0,0,0,0,0,0,0,0,0,1,0,18,18,1,0,35,0,0,109,3,19,6,1
wazuh-1788721948.1954621,2026-09-06T19:12:28.972000Z,lab-sensor-01,5710,5,authentication_failed|invalid_login|sshd|syslog,sshd,T1021.004|T1110.001,journald,44666,0,1,0,0,0,1,0,0,0,1,0,20,7,7,1,19,0,0,78,10,19,6,1
wazuh-1788721952.1955170,2026-09-06T19:12:32.979000Z,lab-sensor-01,5710,5,authentication_failed|invalid_login|sshd|syslog,sshd,T1021.004|T1110.001,journald,44682,0,1,0,0,0,1,0,0,0,1,0,19,8,7,1,20,0,0,79,10,19,6,1
wazuh-1788721967.1955719,2026-09-06T19:12:47.602000Z,target-kali-01,5501,3,authentication_success|pam|syslog,pam,T1078,journald,0,0,0,0,0,0,0,0,0,0,1,0,18,18,1,0,35,0,0,109,3,19,6,1
wazuh-1788721968.1956162,2026-09-06T19:12:48.552000Z,lab-sensor-01,31101,5,accesslog|attack|web,web-accesslog,none,/var/log/apache2/access.log,0,0,1,0,0,0,1,0,0,0,0,0,18,3,7,1,21,0,0,77,10,19,6,1
wazuh-1788721970.1956604,2026-09-06T19:12:50.554000Z,lab-sensor-01,31101,5,accesslog|attack|web,web-accesslog,none,/var/log/apache2/access.log,0,0,1,0,0,0,1,0,0,0,0,0,18,3,7,1,21,0,0,77,10,19,6,1
wazuh-1788721972.1957046,2026-09-06T19:12:52.556000Z,lab-sensor-01,31101,5,accesslog|attack|web,web-accesslog,none,/var/log/apache2/access.log,0,0,1,0,0,0,1,0,0,0,0,0,18,3,7,1,21,0,0,77,10,19,6,1
wazuh-1788721974.1957494,2026-09-06T19:12:54.559000Z,lab-sensor-01,30305,5,access_denied|apache|web,apache-errorlog,none,/var/log/apache2/error.log,41844,0,1,0,0,0,1,0,0,0,0,0,18,1,7,1,21,0,0,77,10,19,6,1
wazuh-1788721974.1958094,2026-09-06T19:12:54.559000Z,lab-sensor-01,31516,6,appsec|attack|web,web-accesslog,T1055,/var/log/apache2/access.log,0,0,1,0,0,0,1,0,0,0,0,0,19,1,7,1,21,0,0,77,10,19,6,1
wazuh-1788721985.1958537,2026-09-06T19:13:05.833000Z,target-kali-01,5501,3,authentication_success|pam|syslog,pam,T1078,journald,0,0,0,0,0,0,0,0,0,0,1,0,18,18,1,0,34,0,0,109,3,19,6,1
wazuh-1788721996.1958980,2026-09-06T19:13:16.031000Z,target-kali-01,5501,3,authentication_success|pam|syslog,pam,T1078,journald,0,0,0,0,0,0,0,0,0,0,1,0,18,18,1,0,35,0,0,109,3,19,6,1
wazuh-1788721998.1959423,2026-09-06T19:13:18.533000Z,film-laptop,86601,3,ids|suricata,json,none,/var/log/suricata/eve.json,68,67,1,1,0,0,1,0,0,0,0,0,9,8,2,0,0,0,0,0,3,19,6,1
wazuh-1788721998.1961629,2026-09-06T19:13:18.533000Z,film-laptop,86601,3,ids|suricata,json,none,/var/log/suricata/eve.json,68,67,1,1,0,0,1,0,0,0,0,0,10,9,2,0,0,0,0,0,3,19,6,1
wazuh-1788722010.1963835,2026-09-06T19:13:30.431000Z,target-kali-01,5501,3,authentication_success|pam|syslog,pam,T1078,journald,0,0,0,0,0,0,0,0,0,0,1,0,18,18,1,0,35,0,0,109,3,19,6,1
wazuh-1788722030.1964278,2026-09-06T19:13:50.165000Z,target-kali-01,5501,3,authentication_success|pam|syslog,pam,T1078,journald,0,0,0,0,0,0,0,0,0,0,1,0,18,18,1,0,35,0,0,109,3,19,6,1
wazuh-1788722038.1964721,2026-09-06T19:13:58.640000Z,target-kali-01,5501,3,authentication_success|pam|syslog,pam,T1078,journald,0,0,0,0,0,0,0,0,0,0,1,0,18,18,1,0,35,0,0,110,3,19,6,1
wazuh-1788722038.1965164,2026-09-06T19:13:58.705000Z,lab-sensor-01,31104,6,accesslog|attack|web,web-accesslog,T1055|T1083|T1190,/var/log/apache2/access.log,0,0,1,0,0,0,1,0,0,0,0,0,15,2,7,1,18,0,0,73,10,19,6,1
wazuh-1788722042.1965623,2026-09-06T19:14:02.707000Z,lab-sensor-01,31106,6,accesslog|attack|web,web-accesslog,T1190,/var/log/apache2/access.log,0,0,1,0,0,0,1,0,0,0,0,0,16,2,7,1,18,0,0,74,10,19,6,1
wazuh-1788722060.1966108,2026-09-06T19:14:20.351000Z,target-kali-01,5501,3,authentication_success|pam|syslog,pam,T1078,journald,0,0,0,0,0,0,0,0,0,0,1,0,18,18,1,0,35,0,0,110,3,19,6,1
wazuh-1788722060.1966551,2026-09-06T19:14:20.490000Z,film-laptop,86601,3,ids|suricata,json,none,/var/log/suricata/eve.json,68,67,1,1,0,0,1,0,0,0,0,0,9,8,2,0,0,0,0,0,3,19,6,1
wazuh-1788722060.1968755,2026-09-06T19:14:20.498000Z,film-laptop,86601,3,ids|suricata,json,none,/var/log/suricata/eve.json,68,67,1,1,0,0,1,0,0,0,0,0,10,9,2,0,0,0,0,0,3,19,6,1
wazuh-1788722074.1970959,2026-09-06T19:14:34.512000Z,target-kali-01,5501,3,authentication_success|pam|syslog,pam,T1078,journald,0,0,0,0,0,0,0,0,0,0,1,0,18,18,1,0,35,0,0,110,3,19,6,1
wazuh-1788722093.1971402,2026-09-06T19:14:53.045000Z,target-kali-01,5501,3,authentication_success|pam|syslog,pam,T1078,journald,0,0,0,0,0,0,0,0,0,0,1,0,18,18,1,0,35,0,0,109,3,19,6,1
wazuh-1788722107.1971845,2026-09-06T19:15:07.653000Z,target-kali-01,5501,3,authentication_success|pam|syslog,pam,T1078,journald,0,0,0,0,0,0,0,0,0,0,1,0,18,18,1,0,35,0,0,109,3,19,6,1
wazuh-1788722117.1972288,2026-09-06T19:15:17.318000Z,lab-sensor-01,5710,5,authentication_failed|invalid_login|sshd|syslog,sshd,T1021.004|T1110.001,journald,53092,0,1,0,0,0,1,0,0,0,1,0,15,6,6,0,12,0,0,73,6,19,6,1
wazuh-1788722117.1972837,2026-09-06T19:15:17.725000Z,target-kali-01,5501,3,authentication_success|pam|syslog,pam,T1078,journald,0,0,0,0,0,0,0,0,0,0,1,0,19,19,1,0,36,0,0,109,3,19,6,1
wazuh-1788722120.1973280,2026-09-06T19:15:20.552000Z,film-laptop,86601,3,ids|suricata,json,none,/var/log/suricata/eve.json,68,67,1,1,0,0,1,0,0,0,0,0,9,8,2,0,0,0,0,0,3,19,6,1
wazuh-1788722120.1975486,2026-09-06T19:15:20.552000Z,film-laptop,86601,3,ids|suricata,json,none,/var/log/suricata/eve.json,68,67,1,1,0,0,1,0,0,0,0,0,10,9,2,0,0,0,0,0,3,19,6,1
wazuh-1788722121.1977692,2026-09-06T19:15:21.324000Z,lab-sensor-01,5710,5,authentication_failed|invalid_login|sshd|syslog,sshd,T1021.004|T1110.001,journald,53102,0,1,0,0,0,1,0,0,0,1,0,16,7,6,0,13,0,0,74,6,19,6,1
wazuh-1788722123.1978241,2026-09-06T19:15:23.329000Z,lab-sensor-01,5710,5,authentication_failed|invalid_login|sshd|syslog,sshd,T1021.004|T1110.001,journald,53112,0,1,0,0,0,1,0,0,0,1,0,16,8,6,0,14,0,0,75,6,19,6,1
wazuh-1788722140.1978790,2026-09-06T19:15:40.026000Z,target-kali-01,5501,3,authentication_success|pam|syslog,pam,T1078,journald,0,0,0,0,0,0,0,0,0,0,1,0,19,19,1,0,36,0,0,109,3,19,6,1
wazuh-1788722140.1979233,2026-09-06T19:15:40.926000Z,lab-sensor-01,31104,6,accesslog|attack|web,web-accesslog,T1055|T1083|T1190,/var/log/apache2/access.log,0,0,1,0,0,0,1,0,0,0,0,0,15,1,6,0,12,0,0,76,6,19,6,1
wazuh-1788722144.1979692,2026-09-06T19:15:44.891000Z,lab-sensor-01,31106,6,accesslog|attack|web,web-accesslog,T1190,/var/log/apache2/access.log,0,0,1,0,0,0,1,0,0,0,0,0,15,1,6,0,12,0,0,77,6,19,6,1
wazuh-1788722159.1980177,2026-09-06T19:15:59.356000Z,target-kali-01,5501,3,authentication_success|pam|syslog,pam,T1078,journald,0,0,0,0,0,0,0,0,0,0,1,0,19,19,1,0,36,0,0,108,3,19,6,1
wazuh-1788722159.1980620,2026-09-06T19:15:59.377000Z,lab-sensor-01,5710,5,authentication_failed|invalid_login|sshd|syslog,sshd,T1021.004|T1110.001,journald,60020,0,1,0,0,0,1,0,0,0,1,0,15,6,6,0,12,0,0,78,6,19,6,1
wazuh-1788722163.1981169,2026-09-06T19:16:03.384000Z,lab-sensor-01,5710,5,authentication_failed|invalid_login|sshd|syslog,sshd,T1021.004|T1110.001,journald,60032,0,1,0,0,0,1,0,0,0,1,0,16,7,6,0,13,0,0,79,6,19,6,1
wazuh-1788722165.1981718,2026-09-06T19:16:05.386000Z,lab-sensor-01,5710,5,authentication_failed|invalid_login|sshd|syslog,sshd,T1021.004|T1110.001,journald,60038,0,1,0,0,0,1,0,0,0,1,0,17,8,6,0,14,0,0,80,6,19,6,1
wazuh-1788722179.1982267,2026-09-06T19:16:19.597000Z,target-kali-01,5501,3,authentication_success|pam|syslog,pam,T1078,journald,0,0,0,0,0,0,0,0,0,0,1,0,18,18,1,0,35,0,0,107,3,19,6,1
wazuh-1788722180.1982710,2026-09-06T19:16:20.359000Z,film-laptop,591,3,ossec,ossec,none,logcollector,0,0,0,0,0,0,0,0,0,0,0,0,8,0,2,0,0,0,0,0,3,19,6,1
wazuh-1788722180.1983083,2026-09-06T19:16:20.931000Z,film-laptop,86601,3,ids|suricata,json,none,/var/log/suricata/eve.json,68,67,1,1,0,0,1,0,0,0,0,0,9,8,2,0,0,0,0,0,3,19,6,1
wazuh-1788722180.1985289,2026-09-06T19:16:20.931000Z,film-laptop,86601,3,ids|suricata,json,none,/var/log/suricata/eve.json,68,67,1,1,0,0,1,0,0,0,0,0,10,9,2,0,0,0,0,0,3,19,6,1
wazuh-1788722197.1987495,2026-09-06T19:16:37.700000Z,target-kali-01,5501,3,authentication_success|pam|syslog,pam,T1078,journald,0,0,0,0,0,0,0,0,0,0,1,0,18,18,1,0,35,0,0,107,3,19,6,1
wazuh-1788722217.1987938,2026-09-06T19:16:57.959000Z,target-kali-01,5501,3,authentication_success|pam|syslog,pam,T1078,journald,0,0,0,0,0,0,0,0,0,0,1,0,18,18,1,0,35,0,0,107,3,19,6,1
wazuh-1788722219.1988381,2026-09-06T19:16:59.029000Z,lab-sensor-01,31101,5,accesslog|attack|web,web-accesslog,none,/var/log/apache2/access.log,0,0,1,0,0,0,1,0,0,0,0,0,18,3,6,0,15,0,0,80,6,19,6,1
wazuh-1788722221.1988823,2026-09-06T19:17:01.031000Z,lab-sensor-01,31101,5,accesslog|attack|web,web-accesslog,none,/var/log/apache2/access.log,0,0,1,0,0,0,1,0,0,0,0,0,19,4,6,0,15,0,0,80,6,19,6,1
wazuh-1788722223.1989265,2026-09-06T19:17:03.040000Z,lab-sensor-01,31101,5,accesslog|attack|web,web-accesslog,none,/var/log/apache2/access.log,0,0,1,0,0,0,1,0,0,0,0,0,20,5,6,0,15,0,0,80,6,19,6,1
wazuh-1788722225.1989713,2026-09-06T19:17:05.062000Z,lab-sensor-01,30305,5,access_denied|apache|web,apache-errorlog,none,/var/log/apache2/error.log,46836,0,1,0,0,0,1,0,0,0,0,0,21,1,6,0,15,0,0,80,6,19,6,1
wazuh-1788722225.1990313,2026-09-06T19:17:05.062000Z,lab-sensor-01,31516,6,appsec|attack|web,web-accesslog,T1055,/var/log/apache2/access.log,0,0,1,0,0,0,1,0,0,0,0,0,22,1,6,0,15,0,0,80,6,19,6,1
wazuh-1788722238.1990756,2026-09-06T19:17:18.095000Z,target-kali-01,5501,3,authentication_success|pam|syslog,pam,T1078,journald,0,0,0,0,0,0,0,0,0,0,1,0,17,17,1,0,35,0,0,107,3,19,6,1
wazuh-1788722242.1991199,2026-09-06T19:17:22.813000Z,film-laptop,86601,3,ids|suricata,json,none,/var/log/suricata/eve.json,68,67,1,1,0,0,1,0,0,0,0,0,9,8,2,0,0,0,0,0,3,19,6,1
wazuh-1788722242.1993401,2026-09-06T19:17:22.857000Z,film-laptop,86601,3,ids|suricata,json,none,/var/log/suricata/eve.json,68,67,1,1,0,0,1,0,0,0,0,0,10,9,2,0,0,0,0,0,3,19,6,1
wazuh-1788722252.1995603,2026-09-06T19:17:32.743000Z,target-kali-01,5501,3,authentication_success|pam|syslog,pam,T1078,journald,0,0,0,0,0,0,0,0,0,0,1,0,17,17,1,0,35,0,0,107,3,19,6,1
wazuh-1788722253.1996046,2026-09-06T19:17:33.518000Z,lab-sensor-01,5710,5,authentication_failed|invalid_login|sshd|syslog,sshd,T1021.004|T1110.001,journald,42176,0,1,0,0,0,1,0,0,0,1,0,20,6,6,0,15,0,0,80,6,19,6,1
wazuh-1788722255.1996595,2026-09-06T19:17:35.520000Z,lab-sensor-01,5710,5,authentication_failed|invalid_login|sshd|syslog,sshd,T1021.004|T1110.001,journald,46934,0,1,0,0,0,1,0,0,0,1,0,21,7,6,0,16,0,0,81,6,19,6,1
wazuh-1788722259.1997144,2026-09-06T19:17:39.528000Z,lab-sensor-01,5710,5,authentication_failed|invalid_login|sshd|syslog,sshd,T1021.004|T1110.001,journald,46944,0,1,0,0,0,1,0,0,0,1,0,22,8,6,0,17,0,0,82,6,19,6,1
wazuh-1788722271.1997693,2026-09-06T19:17:51.235000Z,target-kali-01,5501,3,authentication_success|pam|syslog,pam,T1078,journald,0,0,0,0,0,0,0,0,0,0,1,0,17,17,1,0,35,0,0,107,3,19,6,1
wazuh-1788722287.1998136,2026-09-06T19:18:07.211000Z,lab-sensor-01,31104,6,accesslog|attack|web,web-accesslog,T1055|T1083|T1190,/var/log/apache2/access.log,0,0,1,0,0,0,1,0,0,0,0,0,18,2,6,0,18,0,0,81,6,19,6,1
wazuh-1788722287.1998595,2026-09-06T19:18:07.372000Z,target-kali-01,5501,3,authentication_success|pam|syslog,pam,T1078,journald,0,0,0,0,0,0,0,0,0,0,1,0,17,17,1,0,36,0,0,107,3,19,6,1
wazuh-1788722291.1999038,2026-09-06T19:18:11.218000Z,lab-sensor-01,31106,6,accesslog|attack|web,web-accesslog,T1190,/var/log/apache2/access.log,0,0,1,0,0,0,1,0,0,0,0,0,19,2,6,0,18,0,0,82,6,19,6,1
wazuh-1788722303.1999523,2026-09-06T19:18:23.002000Z,film-laptop,86601,3,ids|suricata,json,none,/var/log/suricata/eve.json,68,67,1,1,0,0,1,0,0,0,0,0,9,8,2,0,0,0,0,0,3,19,6,1
wazuh-1788722303.2001729,2026-09-06T19:18:23.002000Z,film-laptop,86601,3,ids|suricata,json,none,/var/log/suricata/eve.json,68,67,1,1,0,0,1,0,0,0,0,0,10,9,2,0,0,0,0,0,3,19,6,1
wazuh-1788722308.2003935,2026-09-06T19:18:28.071000Z,target-kali-01,5501,3,authentication_success|pam|syslog,pam,T1078,journald,0,0,0,0,0,0,0,0,0,0,1,0,17,17,1,0,35,0,0,106,3,19,6,1
wazuh-1788722318.2004378,2026-09-06T19:18:38.790000Z,target-kali-01,5501,3,authentication_success|pam|syslog,pam,T1078,journald,0,0,0,0,0,0,0,0,0,0,1,0,17,17,1,0,36,0,0,106,3,19,6,1
wazuh-1788722329.2004821,2026-09-06T19:18:49.506000Z,target-kali-01,5501,3,authentication_success|pam|syslog,pam,T1078,journald,0,0,0,0,0,0,0,0,0,0,1,0,18,18,1,0,36,0,0,107,3,19,6,1
wazuh-1788722329.2005264,2026-09-06T19:18:49.625000Z,lab-sensor-01,5710,5,authentication_failed|invalid_login|sshd|syslog,sshd,T1021.004|T1110.001,journald,54780,0,1,0,0,0,1,0,0,0,1,0,20,9,6,0,15,0,0,81,6,19,6,1
wazuh-1788722331.2005813,2026-09-06T19:18:51.628000Z,lab-sensor-01,5710,5,authentication_failed|invalid_login|sshd|syslog,sshd,T1021.004|T1110.001,journald,54792,0,1,0,0,0,1,0,0,0,1,0,21,10,6,0,16,0,0,82,6,19,6,1
wazuh-1788722335.2006362,2026-09-06T19:18:55.633000Z,lab-sensor-01,5710,5,authentication_failed|invalid_login|sshd|syslog,sshd,T1021.004|T1110.001,journald,54806,0,1,0,0,0,1,0,0,0,1,0,22,11,6,0,17,0,0,83,6,19,6,1
wazuh-1788722349.2006911,2026-09-06T19:19:09.631000Z,target-kali-01,5501,3,authentication_success|pam|syslog,pam,T1078,journald,0,0,0,0,0,0,0,0,0,0,1,0,17,17,1,0,36,0,0,106,3,19,6,1
wazuh-1788722361.2007354,2026-09-06T19:19:21.666000Z,target-kali-01,5501,3,authentication_success|pam|syslog,pam,T1078,journald,0,0,0,0,0,0,0,0,0,0,1,0,17,17,1,0,36,0,0,107,3,19,6,1
wazuh-1788722363.2007797,2026-09-06T19:19:23.036000Z,film-laptop,86601,3,ids|suricata,json,none,/var/log/suricata/eve.json,68,67,1,1,0,0,1,0,0,0,0,0,9,8,2,0,0,0,0,0,3,19,6,1
wazuh-1788722363.2010001,2026-09-06T19:19:23.038000Z,film-laptop,86601,3,ids|suricata,json,none,/var/log/suricata/eve.json,68,67,1,1,0,0,1,0,0,0,0,0,10,9,2,0,0,0,0,0,3,19,6,1
wazuh-1788722377.2012205,2026-09-06T19:19:37.758000Z,target-kali-01,5501,3,authentication_success|pam|syslog,pam,T1078,journald,0,0,0,0,0,0,0,0,0,0,1,0,17,17,1,0,36,0,0,107,3,19,6,1
wazuh-1788722399.2012648,2026-09-06T19:19:59.838000Z,target-kali-01,5501,3,authentication_success|pam|syslog,pam,T1078,journald,0,0,0,0,0,0,0,0,0,0,1,0,17,17,1,0,36,0,0,106,3,19,6,1
wazuh-1788722414.2013091,2026-09-06T19:20:14.310000Z,target-kali-01,5501,3,authentication_success|pam|syslog,pam,T1078,journald,0,0,0,0,0,0,0,0,0,0,1,0,17,17,1,0,36,0,0,106,3,19,6,1
wazuh-1788722422.2013534,2026-09-06T19:20:22.917000Z,film-laptop,86601,3,ids|suricata,json,none,/var/log/suricata/eve.json,68,67,1,1,0,0,1,0,0,0,0,0,9,8,2,0,0,0,0,0,3,19,6,1
wazuh-1788722422.2015740,2026-09-06T19:20:22.926000Z,film-laptop,86601,3,ids|suricata,json,none,/var/log/suricata/eve.json,68,67,1,1,0,0,1,0,0,0,0,0,10,9,2,0,0,0,0,0,3,19,6,1
wazuh-1788722428.2017946,2026-09-06T19:20:28.945000Z,target-kali-01,5501,3,authentication_success|pam|syslog,pam,T1078,journald,0,0,0,0,0,0,0,0,0,0,1,0,17,17,1,0,36,0,0,106,3,19,6,1
wazuh-1788722439.2018389,2026-09-06T19:20:39.088000Z,target-kali-01,5501,3,authentication_success|pam|syslog,pam,T1078,journald,0,0,0,0,0,0,0,0,0,0,1,0,18,18,1,0,37,0,0,107,3,19,6,1
wazuh-1788722455.2018832,2026-09-06T19:20:55.841000Z,target-kali-01,5501,3,authentication_success|pam|syslog,pam,T1078,journald,0,0,0,0,0,0,0,0,0,0,1,0,18,18,1,0,37,0,0,106,3,19,6,1
wazuh-1788722474.2019275,2026-09-06T19:21:14.477000Z,target-kali-01,5501,3,authentication_success|pam|syslog,pam,T1078,journald,0,0,0,0,0,0,0,0,0,0,1,0,18,18,1,0,36,0,0,106,3,19,6,1
wazuh-1788722484.2019718,2026-09-06T19:21:24.960000Z,film-laptop,86601,3,ids|suricata,json,none,/var/log/suricata/eve.json,68,67,1,1,0,0,1,0,0,0,0,0,8,8,2,0,0,0,0,0,3,19,6,1
wazuh-1788722484.2021928,2026-09-06T19:21:24.960000Z,film-laptop,86601,3,ids|suricata,json,none,/var/log/suricata/eve.json,68,67,1,1,0,0,1,0,0,0,0,0,9,9,2,0,0,0,0,0,3,19,6,1
wazuh-1788722488.2024138,2026-09-06T19:21:28.531000Z,target-kali-01,5501,3,authentication_success|pam|syslog,pam,T1078,journald,0,0,0,0,0,0,0,0,0,0,1,0,18,18,1,0,36,0,0,106,3,19,6,1
wazuh-1788722502.2024581,2026-09-06T19:21:42.639000Z,target-kali-01,5501,3,authentication_success|pam|syslog,pam,T1078,journald,0,0,0,0,0,0,0,0,0,0,1,0,18,18,1,0,37,0,0,106,3,19,6,1
wazuh-1788722513.2025024,2026-09-06T19:21:53.681000Z,lab-sensor-01,31104,6,accesslog|attack|web,web-accesslog,T1055|T1083|T1190,/var/log/apache2/access.log,0,0,1,0,0,0,1,0,0,0,0,0,13,1,6,0,15,0,0,78,6,19,6,1
wazuh-1788722514.2025483,2026-09-06T19:21:54.774000Z,target-kali-01,5501,3,authentication_success|pam|syslog,pam,T1078,journald,0,0,0,0,0,0,0,0,0,0,1,0,19,19,1,0,37,0,0,107,3,19,6,1
wazuh-1788722517.2025926,2026-09-06T19:21:57.660000Z,lab-sensor-01,31106,6,accesslog|attack|web,web-accesslog,T1190,/var/log/apache2/access.log,0,0,1,0,0,0,1,0,0,0,0,0,14,1,6,0,15,0,0,79,6,19,6,1
wazuh-1788722536.2026411,2026-09-06T19:22:16.481000Z,target-kali-01,5501,3,authentication_success|pam|syslog,pam,T1078,journald,0,0,0,0,0,0,0,0,0,0,1,0,19,19,1,0,36,0,0,107,3,19,6,1
wazuh-1788722545.2026854,2026-09-06T19:22:25.022000Z,film-laptop,86601,3,ids|suricata,json,none,/var/log/suricata/eve.json,68,67,1,1,0,0,1,0,0,0,0,0,8,8,2,0,0,0,0,0,3,19,6,1
wazuh-1788722545.2029056,2026-09-06T19:22:25.022000Z,film-laptop,86601,3,ids|suricata,json,none,/var/log/suricata/eve.json,68,67,1,1,0,0,1,0,0,0,0,0,9,9,2,0,0,0,0,0,3,19,6,1
wazuh-1788722554.2031258,2026-09-06T19:22:34.107000Z,target-kali-01,5501,3,authentication_success|pam|syslog,pam,T1078,journald,0,0,0,0,0,0,0,0,0,0,1,0,18,18,1,0,36,0,0,107,3,19,6,1
wazuh-1788722564.2031701,2026-09-06T19:22:44.398000Z,film-laptop,591,3,ossec,ossec,none,logcollector,0,0,0,0,0,0,0,0,0,0,0,0,10,0,2,0,0,0,0,0,3,19,6,1
wazuh-1788722566.2032074,2026-09-06T19:22:46.358000Z,target-kali-01,5501,3,authentication_success|pam|syslog,pam,T1078,journald,0,0,0,0,0,0,0,0,0,0,1,0,19,19,1,0,37,0,0,107,3,19,6,1
wazuh-1788722578.2032517,2026-09-06T19:22:58.396000Z,target-kali-01,5501,3,authentication_success|pam|syslog,pam,T1078,journald,0,0,0,0,0,0,0,0,0,0,1,0,19,19,1,0,37,0,0,108,3,19,6,1
wazuh-1788722597.2032960,2026-09-06T19:23:17.309000Z,target-kali-01,5501,3,authentication_success|pam|syslog,pam,T1078,journald,0,0,0,0,0,0,0,0,0,0,1,0,19,19,1,0,36,0,0,108,3,19,6,1
wazuh-1788722598.2033403,2026-09-06T19:23:18.147000Z,lab-sensor-01,5710,5,authentication_failed|invalid_login|sshd|syslog,sshd,T1021.004|T1110.001,journald,57362,0,1,0,0,0,1,0,0,0,1,0,5,3,6,0,12,0,0,77,6,19,6,1
wazuh-1788722600.2033952,2026-09-06T19:23:20.151000Z,lab-sensor-01,5710,5,authentication_failed|invalid_login|sshd|syslog,sshd,T1021.004|T1110.001,journald,57366,0,1,0,0,0,1,0,0,0,1,0,6,4,6,0,13,0,0,78,6,19,6,1
wazuh-1788722604.2034501,2026-09-06T19:23:24.156000Z,lab-sensor-01,5710,5,authentication_failed|invalid_login|sshd|syslog,sshd,T1021.004|T1110.001,journald,57382,0,1,0,0,0,1,0,0,0,1,0,7,5,6,0,14,0,0,79,6,19,6,1
wazuh-1788722605.2035050,2026-09-06T19:23:25.091000Z,film-laptop,86601,3,ids|suricata,json,none,/var/log/suricata/eve.json,68,67,1,1,0,0,1,0,0,0,0,0,9,8,2,0,0,0,0,0,3,19,6,1
wazuh-1788722605.2037256,2026-09-06T19:23:25.093000Z,film-laptop,86601,3,ids|suricata,json,none,/var/log/suricata/eve.json,68,67,1,1,0,0,1,0,0,0,0,0,10,9,2,0,0,0,0,0,3,19,6,1
wazuh-1788722617.2039462,2026-09-06T19:23:37.274000Z,target-kali-01,5501,3,authentication_success|pam|syslog,pam,T1078,journald,0,0,0,0,0,0,0,0,0,0,1,0,19,19,1,0,36,0,0,108,3,19,6,1
wazuh-1788722629.2039905,2026-09-06T19:23:49.407000Z,target-kali-01,5501,3,authentication_success|pam|syslog,pam,T1078,journald,0,0,0,0,0,0,0,0,0,0,1,0,19,19,1,0,37,0,0,108,3,19,6,1
wazuh-1788722640.2040348,2026-09-06T19:24:00.308000Z,target-kali-01,5501,3,authentication_success|pam|syslog,pam,T1078,journald,0,0,0,0,0,0,0,0,0,0,1,0,19,19,1,0,36,0,0,109,3,19,6,1
wazuh-1788722641.2040791,2026-09-06T19:24:01.981000Z,lab-sensor-01,31104,6,accesslog|attack|web,web-accesslog,T1055|T1083|T1190,/var/log/apache2/access.log,0,0,1,0,0,0,1,0,0,0,0,0,5,1,6,0,15,0,0,78,6,19,6,1
wazuh-1788722645.2041250,2026-09-06T19:24:05.946000Z,lab-sensor-01,31106,6,accesslog|attack|web,web-accesslog,T1190,/var/log/apache2/access.log,0,0,1,0,0,0,1,0,0,0,0,0,6,1,6,0,15,0,0,79,6,19,6,1
wazuh-1788722661.2041735,2026-09-06T19:24:21.985000Z,lab-sensor-01,31104,6,accesslog|attack|web,web-accesslog,T1055|T1083|T1190,/var/log/apache2/access.log,0,0,1,0,0,0,1,0,0,0,0,0,7,2,6,0,15,0,0,78,6,19,6,1
wazuh-1788722662.2042194,2026-09-06T19:24:22.369000Z,target-kali-01,5501,3,authentication_success|pam|syslog,pam,T1078,journald,0,0,0,0,0,0,0,0,0,0,1,0,18,18,1,0,36,0,0,108,3,19,6,1
wazuh-1788722665.2042637,2026-09-06T19:24:25.155000Z,film-laptop,86601,3,ids|suricata,json,none,/var/log/suricata/eve.json,68,67,1,1,0,0,1,0,0,0,0,0,9,8,2,0,0,0,0,0,3,19,6,1
wazuh-1788722665.2044841,2026-09-06T19:24:25.155000Z,film-laptop,86601,3,ids|suricata,json,none,/var/log/suricata/eve.json,68,67,1,1,0,0,1,0,0,0,0,0,10,9,2,0,0,0,0,0,3,19,6,1
wazuh-1788722665.2047045,2026-09-06T19:24:25.988000Z,lab-sensor-01,31106,6,accesslog|attack|web,web-accesslog,T1190,/var/log/apache2/access.log,0,0,1,0,0,0,1,0,0,0,0,0,8,2,6,0,15,0,0,78,6,19,6,1
wazuh-1788722680.2047530,2026-09-06T19:24:40.057000Z,lab-sensor-01,31104,6,accesslog|attack|web,web-accesslog,T1055|T1083|T1190,/var/log/apache2/access.log,0,0,1,0,0,0,1,0,0,0,0,0,9,3,6,0,15,0,0,77,6,19,6,1
wazuh-1788722680.2047989,2026-09-06T19:24:40.473000Z,target-kali-01,5501,3,authentication_success|pam|syslog,pam,T1078,journald,0,0,0,0,0,0,0,0,0,0,1,0,18,18,1,0,36,0,0,108,3,19,6,1
wazuh-1788722684.2048432,2026-09-06T19:24:44.024000Z,lab-sensor-01,31106,6,accesslog|attack|web,web-accesslog,T1190,/var/log/apache2/access.log,0,0,1,0,0,0,1,0,0,0,0,0,10,3,6,0,15,0,0,77,6,19,6,1
wazuh-1788722700.2048917,2026-09-06T19:25:00.310000Z,target-kali-01,5501,3,authentication_success|pam|syslog,pam,T1078,journald,0,0,0,0,0,0,0,0,0,0,1,0,18,18,1,0,36,0,0,108,3,19,6,1
wazuh-1788722714.2049360,2026-09-06T19:25:14.543000Z,target-kali-01,5501,3,authentication_success|pam|syslog,pam,T1078,journald,0,0,0,0,0,0,0,0,0,0,1,0,18,18,1,0,36,0,0,108,3,19,6,1
wazuh-1788722725.2049803,2026-09-06T19:25:25.227000Z,film-laptop,86601,3,ids|suricata,json,none,/var/log/suricata/eve.json,68,67,1,1,0,0,1,0,0,0,0,0,9,8,2,0,0,0,0,0,3,19,6,1
wazuh-1788722725.2052009,2026-09-06T19:25:25.229000Z,film-laptop,86601,3,ids|suricata,json,none,/var/log/suricata/eve.json,68,67,1,1,0,0,1,0,0,0,0,0,10,9,2,0,0,0,0,0,3,19,6,1
wazuh-1788722728.2054215,2026-09-06T19:25:28.399000Z,lab-sensor-01,5710,5,authentication_failed|invalid_login|sshd|syslog,sshd,T1021.004|T1110.001,journald,39792,0,1,0,0,0,1,0,0,0,1,0,11,3,6,0,12,0,0,78,6,19,6,1
wazuh-1788722729.2054764,2026-09-06T19:25:29.026000Z,target-kali-01,5501,3,authentication_success|pam|syslog,pam,T1078,journald,0,0,0,0,0,0,0,0,0,0,1,0,18,18,1,0,36,0,0,108,3,19,6,1
wazuh-1788722732.2055207,2026-09-06T19:25:32.407000Z,lab-sensor-01,5710,5,authentication_failed|invalid_login|sshd|syslog,sshd,T1021.004|T1110.001,journald,39798,0,1,0,0,0,1,0,0,0,1,0,12,4,6,0,13,0,0,79,6,19,6,1
wazuh-1788722734.2055756,2026-09-06T19:25:34.410000Z,lab-sensor-01,5710,5,authentication_failed|invalid_login|sshd|syslog,sshd,T1021.004|T1110.001,journald,39814,0,1,0,0,0,1,0,0,0,1,0,13,5,6,0,14,0,0,80,6,19,6,1
wazuh-1788722751.2056305,2026-09-06T19:25:51.069000Z,target-kali-01,5501,3,authentication_success|pam|syslog,pam,T1078,journald,0,0,0,0,0,0,0,0,0,0,1,0,18,18,1,0,36,0,0,108,3,19,6,1
wazuh-1788722767.2056748,2026-09-06T19:26:07.342000Z,target-kali-01,5501,3,authentication_success|pam|syslog,pam,T1078,journald,0,0,0,0,0,0,0,0,0,0,1,0,18,18,1,0,36,0,0,107,3,19,6,1
wazuh-1788722768.2057191,2026-09-06T19:26:08.453000Z,lab-sensor-01,5710,5,authentication_failed|invalid_login|sshd|syslog,sshd,T1021.004|T1110.001,journald,41492,0,1,0,0,0,1,0,0,0,1,0,14,6,6,0,12,0,0,78,6,19,6,1
wazuh-1788722770.2057740,2026-09-06T19:26:10.458000Z,lab-sensor-01,5710,5,authentication_failed|invalid_login|sshd|syslog,sshd,T1021.004|T1110.001,journald,41496,0,1,0,0,0,1,0,0,0,1,0,15,7,6,0,13,0,0,79,6,19,6,1
wazuh-1788722774.2058289,2026-09-06T19:26:14.468000Z,lab-sensor-01,5710,5,authentication_failed|invalid_login|sshd|syslog,sshd,T1021.004|T1110.001,journald,41508,0,1,0,0,0,1,0,0,0,1,0,16,8,6,0,14,0,0,80,6,19,6,1
wazuh-1788722787.2058838,2026-09-06T19:26:27.427000Z,film-laptop,86601,3,ids|suricata,json,none,/var/log/suricata/eve.json,68,67,1,1,0,0,1,0,0,0,0,0,9,8,2,0,0,0,0,0,3,19,6,1
wazuh-1788722787.2061042,2026-09-06T19:26:27.427000Z,film-laptop,86601,3,ids|suricata,json,none,/var/log/suricata/eve.json,68,67,1,1,0,0,1,0,0,0,0,0,10,9,2,0,0,0,0,0,3,19,6,1
wazuh-1788722787.2063246,2026-09-06T19:26:27.593000Z,target-kali-01,5501,3,authentication_success|pam|syslog,pam,T1078,journald,0,0,0,0,0,0,0,0,0,0,1,0,18,18,1,0,36,0,0,107,3,19,6,1
wazuh-1788722798.2063689,2026-09-06T19:26:38.499000Z,target-kali-01,5501,3,authentication_success|pam|syslog,pam,T1078,journald,0,0,0,0,0,0,0,0,0,0,1,0,18,18,1,0,36,0,0,107,3,19,6,1
wazuh-1788722807.2064132,2026-09-06T19:26:47.188000Z,target-kali-01,5501,3,authentication_success|pam|syslog,pam,T1078,journald,0,0,0,0,0,0,0,0,0,0,1,0,18,18,1,0,37,0,0,108,3,19,6,1
wazuh-1788722818.2064575,2026-09-06T19:26:58.549000Z,lab-sensor-01,5710,5,authentication_failed|invalid_login|sshd|syslog,sshd,T1021.004|T1110.001,journald,40264,0,1,0,0,0,1,0,0,0,1,0,15,9,6,0,15,0,0,79,6,19,6,1
wazuh-1788722819.2065124,2026-09-06T19:26:59.368000Z,target-kali-01,5501,3,authentication_success|pam|syslog,pam,T1078,journald,0,0,0,0,0,0,0,0,0,0,1,0,18,18,1,0,37,0,0,108,3,19,6,1
wazuh-1788722822.2065567,2026-09-06T19:27:02.561000Z,lab-sensor-01,5712,10,authentication_failures|sshd|syslog,sshd,T1110,journald,40280,0,1,0,0,0,1,0,0,0,1,0,16,0,6,0,16,0,0,80,6,19,6,1
wazuh-1788722824.2066901,2026-09-06T19:27:04.563000Z,lab-sensor-01,5710,5,authentication_failed|invalid_login|sshd|syslog,sshd,T1021.004|T1110.001,journald,40296,0,1,0,0,0,1,0,0,0,1,0,17,10,6,1,17,0,0,81,10,19,6,1
wazuh-1788722839.2067450,2026-09-06T19:27:19.447000Z,target-kali-01,5501,3,authentication_success|pam|syslog,pam,T1078,journald,0,0,0,0,0,0,0,0,0,0,1,0,18,18,1,0,37,0,0,108,3,19,6,1
wazuh-1788722849.2067893,2026-09-06T19:27:29.368000Z,film-laptop,86601,3,ids|suricata,json,none,/var/log/suricata/eve.json,68,67,1,1,0,0,1,0,0,0,0,0,9,8,2,0,0,0,0,0,3,19,6,1
wazuh-1788722849.2070099,2026-09-06T19:27:29.368000Z,film-laptop,86601,3,ids|suricata,json,none,/var/log/suricata/eve.json,68,67,1,1,0,0,1,0,0,0,0,0,10,9,2,0,0,0,0,0,3,19,6,1
wazuh-1788722855.2072305,2026-09-06T19:27:35.391000Z,target-kali-01,5501,3,authentication_success|pam|syslog,pam,T1078,journald,0,0,0,0,0,0,0,0,0,0,1,0,18,18,1,0,37,0,0,108,3,19,6,1
wazuh-1788722869.2072748,2026-09-06T19:27:49.445000Z,target-kali-01,5501,3,authentication_success|pam|syslog,pam,T1078,journald,0,0,0,0,0,0,0,0,0,0,1,0,18,18,1,0,38,0,0,108,3,19,6,1
wazuh-1788722884.2073191,2026-09-06T19:28:04.430000Z,film-laptop,591,3,ossec,ossec,none,logcollector,0,0,0,0,0,0,0,0,0,0,0,0,10,0,2,0,0,0,0,0,3,19,6,1
wazuh-1788722885.2073564,2026-09-06T19:28:05.725000Z,target-kali-01,5501,3,authentication_success|pam|syslog,pam,T1078,journald,0,0,0,0,0,0,0,0,0,0,1,0,18,18,1,0,38,0,0,109,3,19,6,1
wazuh-1788722903.2074007,2026-09-06T19:28:23.486000Z,target-kali-01,5501,3,authentication_success|pam|syslog,pam,T1078,journald,0,0,0,0,0,0,0,0,0,0,1,0,18,18,1,0,38,0,0,108,3,19,6,1
wazuh-1788722909.2074450,2026-09-06T19:28:29.437000Z,film-laptop,86601,3,ids|suricata,json,none,/var/log/suricata/eve.json,68,67,1,1,0,0,1,0,0,0,0,0,9,8,2,0,0,0,0,0,3,19,6,1
wazuh-1788722909.2076660,2026-09-06T19:28:29.439000Z,film-laptop,86601,3,ids|suricata,json,none,/var/log/suricata/eve.json,68,67,1,1,0,0,1,0,0,0,0,0,10,9,2,0,0,0,0,0,3,19,6,1
wazuh-1788722919.2078870,2026-09-06T19:28:39.021000Z,target-kali-01,5501,3,authentication_success|pam|syslog,pam,T1078,journald,0,0,0,0,0,0,0,0,0,0,1,0,18,18,1,0,37,0,0,108,3,19,6,1
wazuh-1788722935.2079313,2026-09-06T19:28:55.441000Z,target-kali-01,5501,3,authentication_success|pam|syslog,pam,T1078,journald,0,0,0,0,0,0,0,0,0,0,1,0,18,18,1,0,37,0,0,108,3,19,6,1
wazuh-1788722953.2079756,2026-09-06T19:29:13.532000Z,target-kali-01,5501,3,authentication_success|pam|syslog,pam,T1078,journald,0,0,0,0,0,0,0,0,0,0,1,0,18,18,1,0,37,0,0,108,3,19,6,1
wazuh-1788722954.2080199,2026-09-06T19:29:14.698000Z,lab-sensor-01,31104,6,accesslog|attack|web,web-accesslog,T1055|T1083|T1190,/var/log/apache2/access.log,0,0,1,0,0,0,1,0,0,0,0,0,13,2,4,1,12,0,0,78,10,19,6,1
wazuh-1788722958.2080658,2026-09-06T19:29:18.663000Z,lab-sensor-01,31106,6,accesslog|attack|web,web-accesslog,T1190,/var/log/apache2/access.log,0,0,1,0,0,0,1,0,0,0,0,0,14,2,4,1,12,0,0,79,10,19,6,1
wazuh-1788722969.2081143,2026-09-06T19:29:29.503000Z,film-laptop,86601,3,ids|suricata,json,none,/var/log/suricata/eve.json,68,67,1,1,0,0,1,0,0,0,0,0,9,8,2,0,0,0,0,0,3,19,6,1
wazuh-1788722969.2083347,2026-09-06T19:29:29.505000Z,film-laptop,86601,3,ids|suricata,json,none,/var/log/suricata/eve.json,68,67,1,1,0,0,1,0,0,0,0,0,10,9,2,0,0,0,0,0,3,19,6,1
wazuh-1788722973.2085551,2026-09-06T19:29:33.701000Z,target-kali-01,5501,3,authentication_success|pam|syslog,pam,T1078,journald,0,0,0,0,0,0,0,0,0,0,1,0,18,18,1,0,37,0,0,108,3,19,6,1
wazuh-1788722992.2085994,2026-09-06T19:29:52.734000Z,lab-sensor-01,31104,6,accesslog|attack|web,web-accesslog,T1055|T1083|T1190,/var/log/apache2/access.log,0,0,1,0,0,0,1,0,0,0,0,0,11,1,4,1,12,0,0,78,10,19,6,1
wazuh-1788722994.2086453,2026-09-06T19:29:54.044000Z,target-kali-01,5501,3,authentication_success|pam|syslog,pam,T1078,journald,0,0,0,0,0,0,0,0,0,0,1,0,18,18,1,0,37,0,0,108,3,19,6,1
wazuh-1788722996.2086896,2026-09-06T19:29:56.759000Z,lab-sensor-01,31106,6,accesslog|attack|web,web-accesslog,T1190,/var/log/apache2/access.log,0,0,1,0,0,0,1,0,0,0,0,0,12,1,4,1,12,0,0,79,10,19,6,1
wazuh-1788723014.2087381,2026-09-06T19:30:14.124000Z,target-kali-01,5501,3,authentication_success|pam|syslog,pam,T1078,journald,0,0,0,0,0,0,0,0,0,0,1,0,18,18,1,0,37,0,0,108,3,19,6,1
wazuh-1788723014.2087824,2026-09-06T19:30:14.841000Z,lab-sensor-01,31101,5,accesslog|attack|web,web-accesslog,none,/var/log/apache2/access.log,0,0,1,0,0,0,1,0,0,0,0,0,13,0,4,1,12,0,0,79,10,19,6,1
wazuh-1788723016.2088266,2026-09-06T19:30:16.849000Z,lab-sensor-01,31101,5,accesslog|attack|web,web-accesslog,none,/var/log/apache2/access.log,0,0,1,0,0,0,1,0,0,0,0,0,14,1,5,1,12,0,0,79,10,19,6,1
wazuh-1788723018.2088708,2026-09-06T19:30:18.852000Z,lab-sensor-01,31101,5,accesslog|attack|web,web-accesslog,none,/var/log/apache2/access.log,0,0,1,0,0,0,1,0,0,0,0,0,15,2,5,1,12,0,0,79,10,19,6,1
wazuh-1788723020.2089156,2026-09-06T19:30:20.860000Z,lab-sensor-01,30305,5,access_denied|apache|web,apache-errorlog,none,/var/log/apache2/error.log,43010,0,1,0,0,0,1,0,0,0,0,0,16,0,5,1,12,0,0,79,10,19,6,1
wazuh-1788723020.2089756,2026-09-06T19:30:20.901000Z,lab-sensor-01,31516,6,appsec|attack|web,web-accesslog,T1055,/var/log/apache2/access.log,0,0,1,0,0,0,1,0,0,0,0,0,17,0,6,1,12,0,0,79,10,19,6,1
wazuh-1788723029.2090199,2026-09-06T19:30:29.571000Z,film-laptop,86601,3,ids|suricata,json,none,/var/log/suricata/eve.json,68,67,1,1,0,0,1,0,0,0,0,0,9,8,2,0,0,0,0,0,3,19,6,1
wazuh-1788723029.2092405,2026-09-06T19:30:29.573000Z,film-laptop,86601,3,ids|suricata,json,none,/var/log/suricata/eve.json,68,67,1,1,0,0,1,0,0,0,0,0,10,9,2,0,0,0,0,0,3,19,6,1
wazuh-1788723034.2094611,2026-09-06T19:30:34.294000Z,target-kali-01,5501,3,authentication_success|pam|syslog,pam,T1078,journald,0,0,0,0,0,0,0,0,0,0,1,0,17,17,1,0,36,0,0,108,3,19,6,1
wazuh-1788723036.2095054,2026-09-06T19:30:36.888000Z,lab-sensor-01,31101,5,accesslog|attack|web,web-accesslog,none,/var/log/apache2/access.log,0,0,1,0,0,0,1,0,0,0,0,0,15,3,7,1,12,0,0,80,10,19,6,1
wazuh-1788723038.2095496,2026-09-06T19:30:38.901000Z,lab-sensor-01,31101,5,accesslog|attack|web,web-accesslog,none,/var/log/apache2/access.log,0,0,1,0,0,0,1,0,0,0,0,0,16,4,7,1,12,0,0,80,10,19,6,1
wazuh-1788723040.2095938,2026-09-06T19:30:40.906000Z,lab-sensor-01,31101,5,accesslog|attack|web,web-accesslog,none,/var/log/apache2/access.log,0,0,1,0,0,0,1,0,0,0,0,0,17,5,7,1,12,0,0,80,10,19,6,1
wazuh-1788723042.2096386,2026-09-06T19:30:42.907000Z,lab-sensor-01,30305,5,access_denied|apache|web,apache-errorlog,none,/var/log/apache2/error.log,39900,0,1,0,0,0,1,0,0,0,0,0,18,1,7,1,12,0,0,80,10,19,6,1
wazuh-1788723042.2096986,2026-09-06T19:30:42.907000Z,lab-sensor-01,31516,6,appsec|attack|web,web-accesslog,T1055,/var/log/apache2/access.log,0,0,1,0,0,0,1,0,0,0,0,0,19,1,7,1,12,0,0,80,10,19,6,1
wazuh-1788723054.2097429,2026-09-06T19:30:54.376000Z,target-kali-01,5501,3,authentication_success|pam|syslog,pam,T1078,journald,0,0,0,0,0,0,0,0,0,0,1,0,17,17,1,0,36,0,0,107,3,19,6,1
wazuh-1788723064.2097872,2026-09-06T19:31:04.411000Z,target-kali-01,5501,3,authentication_success|pam|syslog,pam,T1078,journald,0,0,0,0,0,0,0,0,0,0,1,0,18,18,1,0,36,0,0,107,3,19,6,1
wazuh-1788723078.2098315,2026-09-06T19:31:18.455000Z,target-kali-01,5501,3,authentication_success|pam|syslog,pam,T1078,journald,0,0,0,0,0,0,0,0,0,0,1,0,18,18,1,0,36,0,0,107,3,19,6,1
wazuh-1788723088.2098758,2026-09-06T19:31:28.520000Z,target-kali-01,5501,3,authentication_success|pam|syslog,pam,T1078,journald,0,0,0,0,0,0,0,0,0,0,1,0,18,18,1,0,37,0,0,108,3,19,6,1
wazuh-1788723091.2099201,2026-09-06T19:31:31.769000Z,film-laptop,86601,3,ids|suricata,json,none,/var/log/suricata/eve.json,68,67,1,1,0,0,1,0,0,0,0,0,9,8,2,0,0,0,0,0,3,19,6,1
wazuh-1788723091.2101405,2026-09-06T19:31:31.769000Z,film-laptop,86601,3,ids|suricata,json,none,/var/log/suricata/eve.json,68,67,1,1,0,0,1,0,0,0,0,0,10,9,2,0,0,0,0,0,3,19,6,1
wazuh-1788723103.2103609,2026-09-06T19:31:43.448000Z,target-kali-01,5501,3,authentication_success|pam|syslog,pam,T1078,journald,0,0,0,0,0,0,0,0,0,0,1,0,18,18,1,0,36,0,0,108,3,19,6,1
wazuh-1788723117.2104052,2026-09-06T19:31:57.614000Z,target-kali-01,5501,3,authentication_success|pam|syslog,pam,T1078,journald,0,0,0,0,0,0,0,0,0,0,1,0,18,18,1,0,36,0,0,109,3,19,6,1
wazuh-1788723137.2104495,2026-09-06T19:32:17.673000Z,target-kali-01,5501,3,authentication_success|pam|syslog,pam,T1078,journald,0,0,0,0,0,0,0,0,0,0,1,0,18,18,1,0,36,0,0,108,3,19,6,1
wazuh-1788723151.2104938,2026-09-06T19:32:31.905000Z,film-laptop,86601,3,ids|suricata,json,none,/var/log/suricata/eve.json,68,67,1,1,0,0,1,0,0,0,0,0,9,8,2,0,0,0,0,0,3,19,6,1
wazuh-1788723151.2107144,2026-09-06T19:32:31.905000Z,film-laptop,86601,3,ids|suricata,json,none,/var/log/suricata/eve.json,68,67,1,1,0,0,1,0,0,0,0,0,10,9,2,0,0,0,0,0,3,19,6,1
wazuh-1788723156.2109350,2026-09-06T19:32:36.690000Z,target-kali-01,5501,3,authentication_success|pam|syslog,pam,T1078,journald,0,0,0,0,0,0,0,0,0,0,1,0,17,17,1,0,36,0,0,108,3,19,6,1
wazuh-1788723175.2109793,2026-09-06T19:32:55.814000Z,target-kali-01,5501,3,authentication_success|pam|syslog,pam,T1078,journald,0,0,0,0,0,0,0,0,0,0,1,0,17,17,1,0,36,0,0,108,3,19,6,1
wazuh-1788723187.2110236,2026-09-06T19:33:07.300000Z,lab-sensor-01,31104,6,accesslog|attack|web,web-accesslog,T1055|T1083|T1190,/var/log/apache2/access.log,0,0,1,0,0,0,1,0,0,0,0,0,14,2,7,1,12,0,0,77,10,19,6,1
wazuh-1788723188.2110695,2026-09-06T19:33:08.110000Z,target-kali-01,5501,3,authentication_success|pam|syslog,pam,T1078,journald,0,0,0,0,0,0,0,0,0,0,1,0,17,17,1,0,36,0,0,108,3,19,6,1
wazuh-1788723191.2111138,2026-09-06T19:33:11.308000Z,lab-sensor-01,31106,6,accesslog|attack|web,web-accesslog,T1190,/var/log/apache2/access.log,0,0,1,0,0,0,1,0,0,0,0,0,15,2,7,1,12,0,0,78,10,19,6,1
wazuh-1788723204.2111623,2026-09-06T19:33:24.462000Z,film-laptop,591,3,ossec,ossec,none,logcollector,0,0,0,0,0,0,0,0,0,0,0,0,10,0,2,0,0,0,0,0,3,19,6,1
wazuh-1788723208.2111996,2026-09-06T19:33:28.268000Z,target-kali-01,5501,3,authentication_success|pam|syslog,pam,T1078,journald,0,0,0,0,0,0,0,0,0,0,1,0,17,17,1,0,36,0,0,108,3,19,6,1
wazuh-1788723213.2112439,2026-09-06T19:33:33.781000Z,film-laptop,86601,3,ids|suricata,json,none,/var/log/suricata/eve.json,68,67,1,1,0,0,1,0,0,0,0,0,9,8,2,0,0,0,0,0,3,19,6,1
wazuh-1788723213.2114645,2026-09-06T19:33:33.783000Z,film-laptop,86601,3,ids|suricata,json,none,/var/log/suricata/eve.json,68,67,1,1,0,0,1,0,0,0,0,0,10,9,2,0,0,0,0,0,3,19,6,1
wazuh-1788723222.2116851,2026-09-06T19:33:42.856000Z,target-kali-01,5501,3,authentication_success|pam|syslog,pam,T1078,journald,0,0,0,0,0,0,0,0,0,0,1,0,17,17,1,0,36,0,0,108,3,19,6,1
wazuh-1788723237.2117294,2026-09-06T19:33:57.957000Z,target-kali-01,5501,3,authentication_success|pam|syslog,pam,T1078,journald,0,0,0,0,0,0,0,0,0,0,1,0,17,17,1,0,36,0,0,108,3,19,6,1
wazuh-1788723252.2117737,2026-09-06T19:34:12.119000Z,target-kali-01,5501,3,authentication_success|pam|syslog,pam,T1078,journald,0,0,0,0,0,0,0,0,0,0,1,0,18,18,1,0,36,0,0,108,3,19,6,1
wazuh-1788723262.2118180,2026-09-06T19:34:22.744000Z,target-kali-01,5501,3,authentication_success|pam|syslog,pam,T1078,journald,0,0,0,0,0,0,0,0,0,0,1,0,18,18,1,0,36,0,0,108,3,19,6,1
wazuh-1788723275.2118623,2026-09-06T19:34:35.812000Z,target-kali-01,5501,3,authentication_success|pam|syslog,pam,T1078,journald,0,0,0,0,0,0,0,0,0,0,1,0,18,18,1,0,37,0,0,109,3,19,6,1
wazuh-1788723275.2119066,2026-09-06T19:34:35.919000Z,film-laptop,86601,3,ids|suricata,json,none,/var/log/suricata/eve.json,68,67,1,1,0,0,1,0,0,0,0,0,9,8,2,0,0,0,0,0,3,19,6,1
wazuh-1788723275.2121272,2026-09-06T19:34:35.921000Z,film-laptop,86601,3,ids|suricata,json,none,/var/log/suricata/eve.json,68,67,1,1,0,0,1,0,0,0,0,0,10,9,2,0,0,0,0,0,3,19,6,1
wazuh-1788723289.2123478,2026-09-06T19:34:49.433000Z,target-kali-01,5501,3,authentication_success|pam|syslog,pam,T1078,journald,0,0,0,0,0,0,0,0,0,0,1,0,19,19,1,0,37,0,0,109,3,19,6,1
wazuh-1788723289.2123921,2026-09-06T19:34:49.585000Z,lab-sensor-01,31101,5,accesslog|attack|web,web-accesslog,none,/var/log/apache2/access.log,0,0,1,0,0,0,1,0,0,0,0,0,14,6,7,1,9,0,0,71,10,19,6,1
wazuh-1788723291.2124363,2026-09-06T19:34:51.588000Z,lab-sensor-01,31101,5,accesslog|attack|web,web-accesslog,none,/var/log/apache2/access.log,0,0,1,0,0,0,1,0,0,0,0,0,15,7,7,1,9,0,0,70,10,19,6,1
wazuh-1788723293.2124805,2026-09-06T19:34:53.590000Z,lab-sensor-01,31101,5,accesslog|attack|web,web-accesslog,none,/var/log/apache2/access.log,0,0,1,0,0,0,1,0,0,0,0,0,15,8,7,1,9,0,0,70,10,19,6,1
wazuh-1788723295.2125253,2026-09-06T19:34:55.593000Z,lab-sensor-01,30305,5,access_denied|apache|web,apache-errorlog,none,/var/log/apache2/error.log,58088,0,1,0,0,0,1,0,0,0,0,0,16,2,7,1,9,0,0,70,10,19,6,1
wazuh-1788723295.2125853,2026-09-06T19:34:55.593000Z,lab-sensor-01,31516,6,appsec|attack|web,web-accesslog,T1055,/var/log/apache2/access.log,0,0,1,0,0,0,1,0,0,0,0,0,17,2,7,1,9,0,0,70,10,19,6,1
wazuh-1788723309.2126296,2026-09-06T19:35:09.372000Z,lab-sensor-01,31104,6,accesslog|attack|web,web-accesslog,T1055|T1083|T1190,/var/log/apache2/access.log,0,0,1,0,0,0,1,0,0,0,0,0,17,1,7,1,9,0,0,71,10,19,6,1
wazuh-1788723309.2126755,2026-09-06T19:35:09.470000Z,target-kali-01,5501,3,authentication_success|pam|syslog,pam,T1078,journald,0,0,0,0,0,0,0,0,0,0,1,0,19,19,1,0,37,0,0,109,3,19,6,1
wazuh-1788723313.2127198,2026-09-06T19:35:13.376000Z,lab-sensor-01,31106,6,accesslog|attack|web,web-accesslog,T1190,/var/log/apache2/access.log,0,0,1,0,0,0,1,0,0,0,0,0,18,1,7,1,9,0,0,71,10,19,6,1
wazuh-1788723330.2127683,2026-09-06T19:35:30.426000Z,target-kali-01,5501,3,authentication_success|pam|syslog,pam,T1078,journald,0,0,0,0,0,0,0,0,0,0,1,0,19,19,1,0,36,0,0,109,3,19,6,1
wazuh-1788723331.2128126,2026-09-06T19:35:31.432000Z,lab-sensor-01,31104,6,accesslog|attack|web,web-accesslog,T1055|T1083|T1190,/var/log/apache2/access.log,0,0,1,0,0,0,1,0,0,0,0,0,14,2,7,1,8,0,0,69,10,19,6,1
wazuh-1788723335.2128585,2026-09-06T19:35:35.437000Z,lab-sensor-01,31106,6,accesslog|attack|web,web-accesslog,T1190,/var/log/apache2/access.log,0,0,1,0,0,0,1,0,0,0,0,0,15,2,7,1,6,0,0,70,10,19,6,1
wazuh-1788723335.2129070,2026-09-06T19:35:35.915000Z,film-laptop,86601,3,ids|suricata,json,none,/var/log/suricata/eve.json,68,67,1,1,0,0,1,0,0,0,0,0,9,8,2,0,0,0,0,0,3,19,6,1
wazuh-1788723335.2131276,2026-09-06T19:35:35.915000Z,film-laptop,86601,3,ids|suricata,json,none,/var/log/suricata/eve.json,68,67,1,1,0,0,1,0,0,0,0,0,10,9,2,0,0,0,0,0,3,19,6,1
wazuh-1788723351.2133482,2026-09-06T19:35:51.726000Z,target-kali-01,5501,3,authentication_success|pam|syslog,pam,T1078,journald,0,0,0,0,0,0,0,0,0,0,1,0,19,19,1,0,36,0,0,109,3,19,6,1
wazuh-1788723353.2133925,2026-09-06T19:35:53.700000Z,lab-sensor-01,31101,5,accesslog|attack|web,web-accesslog,none,/var/log/apache2/access.log,0,0,1,0,0,0,1,0,0,0,0,0,11,3,7,1,6,0,0,71,10,19,6,1
wazuh-1788723355.2134367,2026-09-06T19:35:55.703000Z,lab-sensor-01,31101,5,accesslog|attack|web,web-accesslog,none,/var/log/apache2/access.log,0,0,1,0,0,0,1,0,0,0,0,0,12,4,7,1,6,0,0,71,10,19,6,1
wazuh-1788723357.2134809,2026-09-06T19:35:57.705000Z,lab-sensor-01,31101,5,accesslog|attack|web,web-accesslog,none,/var/log/apache2/access.log,0,0,1,0,0,0,1,0,0,0,0,0,13,5,7,1,6,0,0,71,10,19,6,1
wazuh-1788723359.2135257,2026-09-06T19:35:59.707000Z,lab-sensor-01,30305,5,access_denied|apache|web,apache-errorlog,none,/var/log/apache2/error.log,55740,0,1,0,0,0,1,0,0,0,0,0,14,1,7,1,6,0,0,71,10,19,6,1
wazuh-1788723359.2135857,2026-09-06T19:35:59.747000Z,lab-sensor-01,31516,6,appsec|attack|web,web-accesslog,T1055,/var/log/apache2/access.log,0,0,1,0,0,0,1,0,0,0,0,0,15,1,7,1,6,0,0,71,10,19,6,1
wazuh-1788723374.2136300,2026-09-06T19:36:14.889000Z,target-kali-01,5501,3,authentication_success|pam|syslog,pam,T1078,journald,0,0,0,0,0,0,0,0,0,0,1,0,18,18,1,0,36,0,0,109,3,19,6,1
wazuh-1788723375.2136743,2026-09-06T19:36:15.539000Z,lab-sensor-01,31104,6,accesslog|attack|web,web-accesslog,T1055|T1083|T1190,/var/log/apache2/access.log,0,0,1,0,0,0,1,0,0,0,0,0,16,3,7,1,3,0,0,72,10,19,6,1
wazuh-1788723379.2137202,2026-09-06T19:36:19.544000Z,lab-sensor-01,31106,6,accesslog|attack|web,web-accesslog,T1190,/var/log/apache2/access.log,0,0,1,0,0,0,1,0,0,0,0,0,17,3,7,1,3,0,0,73,10,19,6,1
wazuh-1788723395.2137687,2026-09-06T19:36:35.259000Z,target-kali-01,5501,3,authentication_success|pam|syslog,pam,T1078,journald,0,0,0,0,0,0,0,0,0,0,1,0,17,17,1,0,36,0,0,108,3,19,6,1
wazuh-1788723396.2138130,2026-09-06T19:36:36.037000Z,film-laptop,86601,3,ids|suricata,json,none,/var/log/suricata/eve.json,68,67,1,1,0,0,1,0,0,0,0,0,9,8,2,0,0,0,0,0,3,19,6,1
wazuh-1788723396.2140334,2026-09-06T19:36:36.039000Z,film-laptop,86601,3,ids|suricata,json,none,/var/log/suricata/eve.json,68,67,1,1,0,0,1,0,0,0,0,0,10,9,2,0,0,0,0,0,3,19,6,1
wazuh-1788723409.2142538,2026-09-06T19:36:49.597000Z,lab-sensor-01,31104,6,accesslog|attack|web,web-accesslog,T1055|T1083|T1190,/var/log/apache2/access.log,0,0,1,0,0,0,1,0,0,0,0,0,18,4,7,1,3,0,0,73,10,19,6,1
wazuh-1788723409.2142997,2026-09-06T19:36:49.699000Z,target-kali-01,5501,3,authentication_success|pam|syslog,pam,T1078,journald,0,0,0,0,0,0,0,0,0,0,1,0,17,17,1,0,35,0,0,109,3,19,6,1
wazuh-1788723413.2143440,2026-09-06T19:36:53.606000Z,lab-sensor-01,31106,6,accesslog|attack|web,web-accesslog,T1190,/var/log/apache2/access.log,0,0,1,0,0,0,1,0,0,0,0,0,19,4,7,1,3,0,0,74,10,19,6,1
wazuh-1788723431.2143925,2026-09-06T19:37:11.632000Z,lab-sensor-01,31104,6,accesslog|attack|web,web-accesslog,T1055|T1083|T1190,/var/log/apache2/access.log,0,0,1,0,0,0,1,0,0,0,0,0,20,5,5,0,0,0,0,73,6,19,6,1
wazuh-1788723431.2144384,2026-09-06T19:37:11.999000Z,target-kali-01,5501,3,authentication_success|pam|syslog,pam,T1078,journald,0,0,0,0,0,0,0,0,0,0,1,0,17,17,1,0,35,0,0,109,3,19,6,1
wazuh-1788723435.2144827,2026-09-06T19:37:15.634000Z,lab-sensor-01,31106,6,accesslog|attack|web,web-accesslog,T1190,/var/log/apache2/access.log,0,0,1,0,0,0,1,0,0,0,0,0,21,5,5,0,0,0,0,74,6,19,6,1
wazuh-1788723452.2145312,2026-09-06T19:37:32.085000Z,target-kali-01,5501,3,authentication_success|pam|syslog,pam,T1078,journald,0,0,0,0,0,0,0,0,0,0,1,0,17,17,1,0,35,0,0,108,3,19,6,1
wazuh-1788723458.2145755,2026-09-06T19:37:38.134000Z,film-laptop,86601,3,ids|suricata,json,none,/var/log/suricata/eve.json,68,67,1,1,0,0,1,0,0,0,0,0,9,8,2,0,0,0,0,0,3,19,6,1
wazuh-1788723458.2147959,2026-09-06T19:37:38.134000Z,film-laptop,86601,3,ids|suricata,json,none,/var/log/suricata/eve.json,68,67,1,1,0,0,1,0,0,0,0,0,10,9,2,0,0,0,0,0,3,19,6,1
wazuh-1788723463.2150163,2026-09-06T19:37:43.527000Z,target-kali-01,5501,3,authentication_success|pam|syslog,pam,T1078,journald,0,0,0,0,0,0,0,0,0,0,1,0,17,17,1,0,35,0,0,109,3,19,6,1
wazuh-1788723484.2150606,2026-09-06T19:38:04.374000Z,target-kali-01,5501,3,authentication_success|pam|syslog,pam,T1078,journald,0,0,0,0,0,0,0,0,0,0,1,0,17,17,1,0,35,0,0,109,3,19,6,1
wazuh-1788723496.2151049,2026-09-06T19:38:16.413000Z,target-kali-01,5501,3,authentication_success|pam|syslog,pam,T1078,journald,0,0,0,0,0,0,0,0,0,0,1,0,17,17,1,0,35,0,0,109,3,19,6,1
wazuh-1788723509.2151492,2026-09-06T19:38:29.955000Z,lab-sensor-01,5710,5,authentication_failed|invalid_login|sshd|syslog,sshd,T1021.004|T1110.001,journald,56948,0,1,0,0,0,1,0,0,0,1,0,20,0,5,0,0,0,0,70,6,19,6,1
wazuh-1788723510.2152041,2026-09-06T19:38:30.520000Z,target-kali-01,5501,3,authentication_success|pam|syslog,pam,T1078,journald,0,0,0,0,0,0,0,0,0,0,1,0,17,17,1,0,35,0,0,109,3,19,6,1
wazuh-1788723513.2152484,2026-09-06T19:38:33.950000Z,lab-sensor-01,5710,5,authentication_failed|invalid_login|sshd|syslog,sshd,T1021.004|T1110.001,journald,56962,0,1,0,0,0,1,0,0,0,1,0,21,1,6,0,1,0,0,71,6,19,6,1
wazuh-1788723515.2153033,2026-09-06T19:38:35.952000Z,lab-sensor-01,5710,5,authentication_failed|invalid_login|sshd|syslog,sshd,T1021.004|T1110.001,journald,35738,0,1,0,0,0,1,0,0,0,1,0,22,2,6,0,2,0,0,72,6,19,6,1
wazuh-1788723518.2153582,2026-09-06T19:38:38.204000Z,film-laptop,86601,3,ids|suricata,json,none,/var/log/suricata/eve.json,68,67,1,1,0,0,1,0,0,0,0,0,8,8,2,0,0,0,0,0,3,19,6,1
wazuh-1788723518.2155792,2026-09-06T19:38:38.251000Z,film-laptop,86601,3,ids|suricata,json,none,/var/log/suricata/eve.json,68,67,1,1,0,0,1,0,0,0,0,0,9,9,2,0,0,0,0,0,3,19,6,1
wazuh-1788723532.2158002,2026-09-06T19:38:52.772000Z,target-kali-01,5501,3,authentication_success|pam|syslog,pam,T1078,journald,0,0,0,0,0,0,0,0,0,0,1,0,17,17,1,0,35,0,0,109,3,19,6,1
wazuh-1788723543.2158445,2026-09-06T19:39:03.481000Z,target-kali-01,5501,3,authentication_success|pam|syslog,pam,T1078,journald,0,0,0,0,0,0,0,0,0,0,1,0,17,17,1,0,35,0,0,109,3,19,6,1
wazuh-1788723543.2158888,2026-09-06T19:39:03.806000Z,lab-sensor-01,31104,6,accesslog|attack|web,web-accesslog,T1055|T1083|T1190,/var/log/apache2/access.log,0,0,1,0,0,0,1,0,0,0,0,0,23,5,6,0,3,0,0,73,6,19,6,1
wazuh-1788723547.2159347,2026-09-06T19:39:07.814000Z,lab-sensor-01,31106,6,accesslog|attack|web,web-accesslog,T1190,/var/log/apache2/access.log,0,0,1,0,0,0,1,0,0,0,0,0,24,5,6,0,3,0,0,74,6,19,6,1
wazuh-1788723565.2159832,2026-09-06T19:39:25.813000Z,target-kali-01,5501,3,authentication_success|pam|syslog,pam,T1078,journald,0,0,0,0,0,0,0,0,0,0,1,0,16,16,1,0,35,0,0,109,3,19,6,1
wazuh-1788723578.2160275,2026-09-06T19:39:38.187000Z,film-laptop,86601,3,ids|suricata,json,none,/var/log/suricata/eve.json,68,67,1,1,0,0,1,0,0,0,0,0,8,8,2,0,0,0,0,0,3,19,6,1
wazuh-1788723578.2162479,2026-09-06T19:39:38.187000Z,film-laptop,86601,3,ids|suricata,json,none,/var/log/suricata/eve.json,68,67,1,1,0,0,1,0,0,0,0,0,9,9,2,0,0,0,0,0,3,19,6,1
wazuh-1788723583.2164683,2026-09-06T19:39:43.893000Z,target-kali-01,5501,3,authentication_success|pam|syslog,pam,T1078,journald,0,0,0,0,0,0,0,0,0,0,1,0,16,16,1,0,35,0,0,109,3,19,6,1
wazuh-1788723588.2165126,2026-09-06T19:39:48.501000Z,film-laptop,591,3,ossec,ossec,none,logcollector,0,0,0,0,0,0,0,0,0,0,0,0,10,0,2,0,0,0,0,0,3,19,6,1
wazuh-1788723600.2165499,2026-09-06T19:40:00.813000Z,target-kali-01,5501,3,authentication_success|pam|syslog,pam,T1078,journald,0,0,0,0,0,0,0,0,0,0,1,0,16,16,1,0,35,0,0,109,3,19,6,1
wazuh-1788723615.2165942,2026-09-06T19:40:15.427000Z,target-kali-01,5501,3,authentication_success|pam|syslog,pam,T1078,journald,0,0,0,0,0,0,0,0,0,0,1,0,16,16,1,0,35,0,0,109,3,19,6,1
wazuh-1788723618.2166385,2026-09-06T19:40:18.024000Z,lab-sensor-01,31101,5,accesslog|attack|web,web-accesslog,none,/var/log/apache2/access.log,0,0,1,0,0,0,1,0,0,0,0,0,18,3,6,0,3,0,0,73,6,19,6,1
wazuh-1788723620.2166827,2026-09-06T19:40:20.036000Z,lab-sensor-01,31101,5,accesslog|attack|web,web-accesslog,none,/var/log/apache2/access.log,0,0,1,0,0,0,1,0,0,0,0,0,19,4,6,0,3,0,0,73,6,19,6,1
wazuh-1788723622.2167269,2026-09-06T19:40:22.043000Z,lab-sensor-01,31101,5,accesslog|attack|web,web-accesslog,none,/var/log/apache2/access.log,0,0,1,0,0,0,1,0,0,0,0,0,20,5,6,0,3,0,0,73,6,19,6,1
wazuh-1788723624.2167717,2026-09-06T19:40:24.046000Z,lab-sensor-01,30305,5,access_denied|apache|web,apache-errorlog,none,/var/log/apache2/error.log,47290,0,1,0,0,0,1,0,0,0,0,0,21,1,6,0,3,0,0,72,6,19,6,1
wazuh-1788723624.2168317,2026-09-06T19:40:24.046000Z,lab-sensor-01,31516,6,appsec|attack|web,web-accesslog,T1055,/var/log/apache2/access.log,0,0,1,0,0,0,1,0,0,0,0,0,22,1,6,0,3,0,0,72,6,19,6,1
wazuh-1788723637.2168760,2026-09-06T19:40:37.481000Z,target-kali-01,5501,3,authentication_success|pam|syslog,pam,T1078,journald,0,0,0,0,0,0,0,0,0,0,1,0,16,16,1,0,35,0,0,109,3,19,6,1
wazuh-1788723638.2169203,2026-09-06T19:40:38.185000Z,lab-sensor-01,5710,5,authentication_failed|invalid_login|sshd|syslog,sshd,T1021.004|T1110.001,journald,48424,0,1,0,0,0,1,0,0,0,1,0,21,3,6,0,3,0,0,72,6,19,6,1
wazuh-1788723638.2169752,2026-09-06T19:40:38.326000Z,film-laptop,86601,3,ids|suricata,json,none,/var/log/suricata/eve.json,68,67,1,1,0,0,1,0,0,0,0,0,9,8,2,0,0,0,0,0,3,19,6,1
wazuh-1788723638.2171958,2026-09-06T19:40:38.329000Z,film-laptop,86601,3,ids|suricata,json,none,/var/log/suricata/eve.json,68,67,1,1,0,0,1,0,0,0,0,0,10,9,2,0,0,0,0,0,3,19,6,1
wazuh-1788723642.2174164,2026-09-06T19:40:42.193000Z,lab-sensor-01,5710,5,authentication_failed|invalid_login|sshd|syslog,sshd,T1021.004|T1110.001,journald,48426,0,1,0,0,0,1,0,0,0,1,0,22,4,6,0,4,0,0,72,6,19,6,1
wazuh-1788723644.2174713,2026-09-06T19:40:44.195000Z,lab-sensor-01,5710,5,authentication_failed|invalid_login|sshd|syslog,sshd,T1021.004|T1110.001,journald,48436,0,1,0,0,0,1,0,0,0,1,0,23,5,6,0,5,0,0,73,6,19,6,1
wazuh-1788723659.2175262,2026-09-06T19:40:59.202000Z,target-kali-01,5501,3,authentication_success|pam|syslog,pam,T1078,journald,0,0,0,0,0,0,0,0,0,0,1,0,16,16,1,0,35,0,0,109,3,19,6,1
wazuh-1788723670.2175705,2026-09-06T19:41:10.152000Z,lab-sensor-01,86601,3,ids|suricata,json,none,/var/log/suricata/eve.json,68,67,1,1,0,0,1,0,0,0,0,0,19,0,6,0,6,0,0,72,6,19,6,1
wazuh-1788723670.2177977,2026-09-06T19:41:10.363000Z,film-laptop,86601,3,ids|suricata,json,none,/var/log/suricata/eve.json,68,67,1,1,0,0,1,0,0,0,0,0,11,10,2,0,0,0,0,0,3,19,6,1
wazuh-1788723670.2180175,2026-09-06T19:41:10.363000Z,film-laptop,86601,3,ids|suricata,json,none,/var/log/suricata/eve.json,68,67,1,1,0,0,1,0,0,0,0,0,12,11,2,0,0,0,0,0,3,19,6,1
wazuh-1788723672.2182373,2026-09-06T19:41:12.036000Z,target-kali-01,5501,3,authentication_success|pam|syslog,pam,T1078,journald,0,0,0,0,0,0,0,0,0,0,1,0,17,17,1,0,35,0,0,108,3,19,6,1
wazuh-1788723681.2182816,2026-09-06T19:41:21.090000Z,target-kali-01,5501,3,authentication_success|pam|syslog,pam,T1078,journald,0,0,0,0,0,0,0,0,0,0,1,0,17,17,1,0,35,0,0,109,3,19,6,1
wazuh-1788723684.2183259,2026-09-06T19:41:24.172000Z,lab-sensor-01,31101,5,accesslog|attack|web,web-accesslog,none,/var/log/apache2/access.log,0,0,1,0,0,0,1,0,0,0,0,0,18,3,7,0,6,0,0,72,6,19,6,1
wazuh-1788723686.2183701,2026-09-06T19:41:26.175000Z,lab-sensor-01,31101,5,accesslog|attack|web,web-accesslog,none,/var/log/apache2/access.log,0,0,1,0,0,0,1,0,0,0,0,0,19,4,7,0,6,0,0,72,6,19,6,1
wazuh-1788723688.2184143,2026-09-06T19:41:28.178000Z,lab-sensor-01,31101,5,accesslog|attack|web,web-accesslog,none,/var/log/apache2/access.log,0,0,1,0,0,0,1,0,0,0,0,0,20,5,7,0,6,0,0,72,6,19,6,1
wazuh-1788723690.2184591,2026-09-06T19:41:30.180000Z,lab-sensor-01,30305,5,access_denied|apache|web,apache-errorlog,none,/var/log/apache2/error.log,47406,0,1,0,0,0,1,0,0,0,0,0,21,1,7,0,6,0,0,72,6,19,6,1
wazuh-1788723690.2185191,2026-09-06T19:41:30.221000Z,lab-sensor-01,31516,6,appsec|attack|web,web-accesslog,T1055,/var/log/apache2/access.log,0,0,1,0,0,0,1,0,0,0,0,0,22,1,7,0,6,0,0,72,6,19,6,1
wazuh-1788723704.2185634,2026-09-06T19:41:44.853000Z,target-kali-01,5501,3,authentication_success|pam|syslog,pam,T1078,journald,0,0,0,0,0,0,0,0,0,0,1,0,17,17,1,0,34,0,0,108,3,19,6,1
wazuh-1788723716.2186077,2026-09-06T19:41:56.340000Z,lab-sensor-01,5710,5,authentication_failed|invalid_login|sshd|syslog,sshd,T1021.004|T1110.001,journald,36052,0,1,0,0,0,1,0,0,0,1,0,21,6,7,0,6,0,0,73,6,19,6,1
wazuh-1788723716.2186626,2026-09-06T19:41:56.394000Z,target-kali-01,5501,3,authentication_success|pam|syslog,pam,T1078,journald,0,0,0,0,0,0,0,0,0,0,1,0,17,17,1,0,35,0,0,109,3,19,6,1
wazuh-1788723718.2187069,2026-09-06T19:41:58.344000Z,lab-sensor-01,5710,5,authentication_failed|invalid_login|sshd|syslog,sshd,T1021.004|T1110.001,journald,33038,0,1,0,0,0,1,0,0,0,1,0,22,7,7,0,7,0,0,74,6,19,6,1
wazuh-1788723722.2187618,2026-09-06T19:42:02.349000Z,lab-sensor-01,5710,5,authentication_failed|invalid_login|sshd|syslog,sshd,T1021.004|T1110.001,journald,33048,0,1,0,0,0,1,0,0,0,1,0,23,8,7,0,8,0,0,75,6,19,6,1
wazuh-1788723735.2188167,2026-09-06T19:42:15.993000Z,target-kali-01,5501,3,authentication_success|pam|syslog,pam,T1078,journald,0,0,0,0,0,0,0,0,0,0,1,0,17,17,1,0,35,0,0,108,3,19,6,1
wazuh-1788723752.2188610,2026-09-06T19:42:32.789000Z,target-kali-01,5501,3,authentication_success|pam|syslog,pam,T1078,journald,0,0,0,0,0,0,0,0,0,0,1,0,17,17,1,0,35,0,0,108,3,19,6,1
wazuh-1788723754.2189053,2026-09-06T19:42:34.271000Z,lab-sensor-01,31104,6,accesslog|attack|web,web-accesslog,T1055|T1083|T1190,/var/log/apache2/access.log,0,0,1,0,0,0,1,0,0,0,0,0,22,1,7,0,9,0,0,73,6,19,6,1
wazuh-1788723758.2189512,2026-09-06T19:42:38.275000Z,lab-sensor-01,31106,6,accesslog|attack|web,web-accesslog,T1190,/var/log/apache2/access.log,0,0,1,0,0,0,1,0,0,0,0,0,23,1,7,0,9,0,0,74,6,19,6,1
wazuh-1788723775.2189997,2026-09-06T19:42:55.028000Z,target-kali-01,5501,3,authentication_success|pam|syslog,pam,T1078,journald,0,0,0,0,0,0,0,0,0,0,1,0,17,17,1,0,35,0,0,108,3,19,6,1
wazuh-1788723785.2190440,2026-09-06T19:43:05.077000Z,target-kali-01,5501,3,authentication_success|pam|syslog,pam,T1078,journald,0,0,0,0,0,0,0,0,0,0,1,0,17,17,1,0,35,0,0,109,3,19,6,1
wazuh-1788723803.2190883,2026-09-06T19:43:23.036000Z,target-kali-01,5501,3,authentication_success|pam|syslog,pam,T1078,journald,0,0,0,0,0,0,0,0,0,0,1,0,17,17,1,0,35,0,0,108,3,19,6,1
wazuh-1788723813.2191326,2026-09-06T19:43:33.708000Z,target-kali-01,5501,3,authentication_success|pam|syslog,pam,T1078,journald,0,0,0,0,0,0,0,0,0,0,1,0,17,17,1,0,35,0,0,108,3,19,6,1
wazuh-1788723826.2191769,2026-09-06T19:43:46.908000Z,target-kali-01,5501,3,authentication_success|pam|syslog,pam,T1078,journald,0,0,0,0,0,0,0,0,0,0,1,0,18,18,1,0,35,0,0,109,3,19,6,1
wazuh-1788723838.2192212,2026-09-06T19:43:58.592000Z,lab-sensor-01,5710,5,authentication_failed|invalid_login|sshd|syslog,sshd,T1021.004|T1110.001,journald,42442,0,1,0,0,0,1,0,0,0,1,0,21,6,7,0,9,0,0,74,6,19,6,1
wazuh-1788723838.2192761,2026-09-06T19:43:58.986000Z,target-kali-01,5501,3,authentication_success|pam|syslog,pam,T1078,journald,0,0,0,0,0,0,0,0,0,0,1,0,18,18,1,0,35,0,0,108,3,19,6,1
wazuh-1788723842.2193204,2026-09-06T19:44:02.582000Z,lab-sensor-01,5710,5,authentication_failed|invalid_login|sshd|syslog,sshd,T1021.004|T1110.001,journald,42452,0,1,0,0,0,1,0,0,0,1,0,22,7,7,0,10,0,0,74,6,19,6,1
wazuh-1788723846.2193753,2026-09-06T19:44:06.588000Z,lab-sensor-01,5710,5,authentication_failed|invalid_login|sshd|syslog,sshd,T1021.004|T1110.001,journald,42456,0,1,0,0,0,1,0,0,0,1,0,22,8,7,0,11,0,0,74,6,19,6,1
wazuh-1788723859.2194302,2026-09-06T19:44:19.042000Z,target-kali-01,5501,3,authentication_success|pam|syslog,pam,T1078,journald,0,0,0,0,0,0,0,0,0,0,1,0,18,18,1,0,35,0,0,109,3,19,6,1
wazuh-1788723877.2194745,2026-09-06T19:44:37.543000Z,target-kali-01,5501,3,authentication_success|pam|syslog,pam,T1078,journald,0,0,0,0,0,0,0,0,0,0,1,0,18,18,1,0,34,0,0,108,3,19,6,1
wazuh-1788723892.2195188,2026-09-06T19:44:52.589000Z,lab-sensor-01,31104,6,accesslog|attack|web,web-accesslog,T1055|T1083|T1190,/var/log/apache2/access.log,0,0,1,0,0,0,1,0,0,0,0,0,22,1,7,0,12,0,0,75,6,19,6,1
wazuh-1788723893.2195647,2026-09-06T19:44:53.700000Z,target-kali-01,5501,3,authentication_success|pam|syslog,pam,T1078,journald,0,0,0,0,0,0,0,0,0,0,1,0,18,18,1,0,34,0,0,108,3,19,6,1
wazuh-1788723896.2196090,2026-09-06T19:44:56.553000Z,lab-sensor-01,31106,6,accesslog|attack|web,web-accesslog,T1190,/var/log/apache2/access.log,0,0,1,0,0,0,1,0,0,0,0,0,23,1,7,0,12,0,0,76,6,19,6,1
wazuh-1788723908.2196575,2026-09-06T19:45:08.534000Z,film-laptop,591,3,ossec,ossec,none,logcollector,0,0,0,0,0,0,0,0,0,0,0,0,4,0,2,0,0,0,0,0,3,19,6,1
wazuh-1788723913.2196948,2026-09-06T19:45:13.820000Z,target-kali-01,5501,3,authentication_success|pam|syslog,pam,T1078,journald,0,0,0,0,0,0,0,0,0,0,1,0,18,18,1,0,34,0,0,108,3,19,6,1
wazuh-1788723922.2197391,2026-09-06T19:45:22.641000Z,lab-sensor-01,31104,6,accesslog|attack|web,web-accesslog,T1055|T1083|T1190,/var/log/apache2/access.log,0,0,1,0,0,0,1,0,0,0,0,0,21,2,7,0,12,0,0,75,6,19,6,1
wazuh-1788723923.2197850,2026-09-06T19:45:23.034000Z,target-kali-01,5501,3,authentication_success|pam|syslog,pam,T1078,journald,0,0,0,0,0,0,0,0,0,0,1,0,18,18,1,0,35,0,0,108,3,19,6,1
wazuh-1788723926.2198293,2026-09-06T19:45:26.605000Z,lab-sensor-01,31106,6,accesslog|attack|web,web-accesslog,T1190,/var/log/apache2/access.log,0,0,1,0,0,0,1,0,0,0,0,0,20,2,7,0,12,0,0,75,6,19,6,1
wazuh-1788723945.2198778,2026-09-06T19:45:45.222000Z,target-kali-01,5501,3,authentication_success|pam|syslog,pam,T1078,journald,0,0,0,0,0,0,0,0,0,0,1,0,18,18,1,0,35,0,0,108,3,19,6,1
wazuh-1788723955.2199221,2026-09-06T19:45:55.204000Z,target-kali-01,5501,3,authentication_success|pam|syslog,pam,T1078,journald,0,0,0,0,0,0,0,0,0,0,1,0,19,19,1,0,35,0,0,109,3,19,6,1
wazuh-1788723967.2199664,2026-09-06T19:46:07.265000Z,target-kali-01,5501,3,authentication_success|pam|syslog,pam,T1078,journald,0,0,0,0,0,0,0,0,0,0,1,0,19,19,1,0,36,0,0,109,3,19,6,1
wazuh-1788723985.2200107,2026-09-06T19:46:25.318000Z,target-kali-01,5501,3,authentication_success|pam|syslog,pam,T1078,journald,0,0,0,0,0,0,0,0,0,0,1,0,18,18,1,0,36,0,0,109,3,19,6,1
wazuh-1788723986.2200550,2026-09-06T19:46:26.913000Z,lab-sensor-01,5710,5,authentication_failed|invalid_login|sshd|syslog,sshd,T1021.004|T1110.001,journald,37554,0,1,0,0,0,1,0,0,0,1,0,15,6,7,0,12,0,0,71,6,19,6,1
wazuh-1788723988.2201099,2026-09-06T19:46:28.916000Z,lab-sensor-01,5710,5,authentication_failed|invalid_login|sshd|syslog,sshd,T1021.004|T1110.001,journald,60540,0,1,0,0,0,1,0,0,0,1,0,15,7,7,0,13,0,0,72,6,19,6,1
wazuh-1788723992.2201648,2026-09-06T19:46:32.923000Z,lab-sensor-01,5710,5,authentication_failed|invalid_login|sshd|syslog,sshd,T1021.004|T1110.001,journald,60556,0,1,0,0,0,1,0,0,0,1,0,14,8,7,0,14,0,0,73,6,19,6,1
wazuh-1788724008.2202197,2026-09-06T19:46:48.198000Z,target-kali-01,5501,3,authentication_success|pam|syslog,pam,T1078,journald,0,0,0,0,0,0,0,0,0,0,1,0,18,18,1,0,36,0,0,109,3,19,6,1
wazuh-1788724008.2202640,2026-09-06T19:46:48.944000Z,lab-sensor-01,5710,5,authentication_failed|invalid_login|sshd|syslog,sshd,T1021.004|T1110.001,journald,35560,0,1,0,0,0,1,0,0,0,1,0,15,9,7,0,15,0,0,74,6,19,6,1
wazuh-1788724010.2203189,2026-09-06T19:46:50.946000Z,lab-sensor-01,5710,5,authentication_failed|invalid_login|sshd|syslog,sshd,T1021.004|T1110.001,journald,35572,0,1,0,0,0,1,0,0,0,1,0,16,10,7,0,16,0,0,75,6,19,6,1
wazuh-1788724014.2203738,2026-09-06T19:46:54.952000Z,lab-sensor-01,5710,5,authentication_failed|invalid_login|sshd|syslog,sshd,T1021.004|T1110.001,journald,35582,0,1,0,0,0,1,0,0,0,1,0,17,11,7,0,17,0,0,76,6,19,6,1
wazuh-1788724031.2204287,2026-09-06T19:47:11.277000Z,target-kali-01,5501,3,authentication_success|pam|syslog,pam,T1078,journald,0,0,0,0,0,0,0,0,0,0,1,0,18,18,1,0,36,0,0,109,3,19,6,1
wazuh-1788724040.2204730,2026-09-06T19:47:20.182000Z,target-kali-01,5501,3,authentication_success|pam|syslog,pam,T1078,journald,0,0,0,0,0,0,0,0,0,0,1,0,18,18,1,0,36,0,0,109,3,19,6,1
wazuh-1788724058.2205173,2026-09-06T19:47:38.451000Z,target-kali-01,5501,3,authentication_success|pam|syslog,pam,T1078,journald,0,0,0,0,0,0,0,0,0,0,1,0,18,18,1,0,36,0,0,109,3,19,6,1
wazuh-1788724076.2205616,2026-09-06T19:47:56.885000Z,lab-sensor-01,31104,6,accesslog|attack|web,web-accesslog,T1055|T1083|T1190,/var/log/apache2/access.log,0,0,1,0,0,0,1,0,0,0,0,0,13,2,7,0,18,0,0,73,6,19,6,1
wazuh-1788724077.2206075,2026-09-06T19:47:57.212000Z,target-kali-01,5501,3,authentication_success|pam|syslog,pam,T1078,journald,0,0,0,0,0,0,0,0,0,0,1,0,18,18,1,0,36,0,0,109,3,19,6,1
wazuh-1788724080.2206518,2026-09-06T19:48:00.892000Z,lab-sensor-01,31106,6,accesslog|attack|web,web-accesslog,T1190,/var/log/apache2/access.log,0,0,1,0,0,0,1,0,0,0,0,0,14,2,7,0,18,0,0,74,6,19,6,1
wazuh-1788724098.2207003,2026-09-06T19:48:18.900000Z,target-kali-01,5501,3,authentication_success|pam|syslog,pam,T1078,journald,0,0,0,0,0,0,0,0,0,0,1,0,18,18,1,0,35,0,0,109,3,19,6,1
wazuh-1788724111.2207446,2026-09-06T19:48:31.859000Z,target-kali-01,5501,3,authentication_success|pam|syslog,pam,T1078,journald,0,0,0,0,0,0,0,0,0,0,1,0,18,18,1,0,35,0,0,109,3,19,6,1
wazuh-1788724128.2207889,2026-09-06T19:48:48.655000Z,target-kali-01,5501,3,authentication_success|pam|syslog,pam,T1078,journald,0,0,0,0,0,0,0,0,0,0,1,0,17,17,1,0,36,0,0,109,3,19,6,1
wazuh-1788724142.2208332,2026-09-06T19:49:02.704000Z,target-kali-01,5501,3,authentication_success|pam|syslog,pam,T1078,journald,0,0,0,0,0,0,0,0,0,0,1,0,17,17,1,0,36,0,0,109,3,19,6,1
wazuh-1788724159.2208775,2026-09-06T19:49:19.523000Z,target-kali-01,5501,3,authentication_success|pam|syslog,pam,T1078,journald,0,0,0,0,0,0,0,0,0,0,1,0,17,17,1,0,36,0,0,109,3,19,6,1
wazuh-1788724175.2209218,2026-09-06T19:49:35.557000Z,target-kali-01,5501,3,authentication_success|pam|syslog,pam,T1078,journald,0,0,0,0,0,0,0,0,0,0,1,0,18,18,1,0,36,0,0,109,3,19,6,1
wazuh-1788724192.2209661,2026-09-06T19:49:52.235000Z,target-kali-01,5501,3,authentication_success|pam|syslog,pam,T1078,journald,0,0,0,0,0,0,0,0,0,0,1,0,18,18,1,0,36,0,0,109,3,19,6,1
wazuh-1788724204.2210104,2026-09-06T19:50:04.274000Z,target-kali-01,5501,3,authentication_success|pam|syslog,pam,T1078,journald,0,0,0,0,0,0,0,0,0,0,1,0,18,18,1,0,36,0,0,109,3,19,6,1
wazuh-1788724216.2210547,2026-09-06T19:50:16.306000Z,target-kali-01,5501,3,authentication_success|pam|syslog,pam,T1078,journald,0,0,0,0,0,0,0,0,0,0,1,0,18,18,1,0,36,0,0,109,3,19,6,1
wazuh-1788724217.2210990,2026-09-06T19:50:17.386000Z,lab-sensor-01,5710,5,authentication_failed|invalid_login|sshd|syslog,sshd,T1021.004|T1110.001,journald,57478,0,1,0,0,0,1,0,0,0,1,0,10,6,7,0,15,0,0,70,6,19,6,1
wazuh-1788724219.2211539,2026-09-06T19:50:19.391000Z,lab-sensor-01,5710,5,authentication_failed|invalid_login|sshd|syslog,sshd,T1021.004|T1110.001,journald,38472,0,1,0,0,0,1,0,0,0,1,0,11,7,7,0,16,0,0,71,6,19,6,1
wazuh-1788724223.2212088,2026-09-06T19:50:23.403000Z,lab-sensor-01,5710,5,authentication_failed|invalid_login|sshd|syslog,sshd,T1021.004|T1110.001,journald,38482,0,1,0,0,0,1,0,0,0,1,0,11,8,7,0,17,0,0,72,6,19,6,1
wazuh-1788724237.2212637,2026-09-06T19:50:37.369000Z,target-kali-01,5501,3,authentication_success|pam|syslog,pam,T1078,journald,0,0,0,0,0,0,0,0,0,0,1,0,18,18,1,0,37,0,0,109,3,19,6,1
wazuh-1788724259.2213080,2026-09-06T19:50:59.430000Z,target-kali-01,5501,3,authentication_success|pam|syslog,pam,T1078,journald,0,0,0,0,0,0,0,0,0,0,1,0,17,17,1,0,36,0,0,108,3,19,6,1
wazuh-1788724275.2213523,2026-09-06T19:51:15.613000Z,target-kali-01,5501,3,authentication_success|pam|syslog,pam,T1078,journald,0,0,0,0,0,0,0,0,0,0,1,0,17,17,1,0,36,0,0,108,3,19,6,1
wazuh-1788724285.2213966,2026-09-06T19:51:25.627000Z,target-kali-01,5501,3,authentication_success|pam|syslog,pam,T1078,journald,0,0,0,0,0,0,0,0,0,0,1,0,17,17,1,0,36,0,0,109,3,19,6,1
wazuh-1788724292.2214409,2026-09-06T19:51:32.574000Z,film-laptop,591,3,ossec,ossec,none,logcollector,0,0,0,0,0,0,0,0,0,0,0,0,0,0,1,0,0,0,0,0,3,19,6,1
wazuh-1788724295.2214782,2026-09-06T19:51:35.829000Z,target-kali-01,5501,3,authentication_success|pam|syslog,pam,T1078,journald,0,0,0,0,0,0,0,0,0,0,1,0,18,18,1,0,37,0,0,109,3,19,6,1
wazuh-1788724297.2215225,2026-09-06T19:51:37.288000Z,lab-sensor-01,31104,6,accesslog|attack|web,web-accesslog,T1055|T1083|T1190,/var/log/apache2/access.log,0,0,1,0,0,0,1,0,0,0,0,0,8,1,3,0,15,0,0,73,6,19,6,1
wazuh-1788724301.2215684,2026-09-06T19:51:41.291000Z,lab-sensor-01,31106,6,accesslog|attack|web,web-accesslog,T1190,/var/log/apache2/access.log,0,0,1,0,0,0,1,0,0,0,0,0,9,1,3,0,15,0,0,74,6,19,6,1
wazuh-1788724316.2216169,2026-09-06T19:51:56.092000Z,target-kali-01,5501,3,authentication_success|pam|syslog,pam,T1078,journald,0,0,0,0,0,0,0,0,0,0,1,0,18,18,1,0,37,0,0,108,3,19,6,1
wazuh-1788724331.2216612,2026-09-06T19:52:11.435000Z,target-kali-01,5501,3,authentication_success|pam|syslog,pam,T1078,journald,0,0,0,0,0,0,0,0,0,0,1,0,18,18,1,0,37,0,0,109,3,19,6,1
wazuh-1788724333.2217055,2026-09-06T19:52:13.339000Z,lab-sensor-01,31101,5,accesslog|attack|web,web-accesslog,none,/var/log/apache2/access.log,0,0,1,0,0,0,1,0,0,0,0,0,7,0,3,0,12,0,0,73,6,19,6,1
wazuh-1788724335.2217497,2026-09-06T19:52:15.345000Z,lab-sensor-01,31101,5,accesslog|attack|web,web-accesslog,none,/var/log/apache2/access.log,0,0,1,0,0,0,1,0,0,0,0,0,8,1,4,0,12,0,0,73,6,19,6,1
wazuh-1788724337.2217939,2026-09-06T19:52:17.355000Z,lab-sensor-01,31101,5,accesslog|attack|web,web-accesslog,none,/var/log/apache2/access.log,0,0,1,0,0,0,1,0,0,0,0,0,9,2,4,0,12,0,0,73,6,19,6,1
wazuh-1788724339.2218387,2026-09-06T19:52:19.365000Z,lab-sensor-01,30305,5,access_denied|apache|web,apache-errorlog,none,/var/log/apache2/error.log,47180,0,1,0,0,0,1,0,0,0,0,0,10,0,4,0,12,0,0,73,6,19,6,1
wazuh-1788724339.2218987,2026-09-06T19:52:19.366000Z,lab-sensor-01,31516,6,appsec|attack|web,web-accesslog,T1055,/var/log/apache2/access.log,0,0,1,0,0,0,1,0,0,0,0,0,11,0,5,0,12,0,0,73,6,19,6,1
wazuh-1788724357.2219430,2026-09-06T19:52:37.177000Z,target-kali-01,5501,3,authentication_success|pam|syslog,pam,T1078,journald,0,0,0,0,0,0,0,0,0,0,1,0,18,18,1,0,36,0,0,108,3,19,6,1
wazuh-1788724372.2219873,2026-09-06T19:52:52.956000Z,target-kali-01,5501,3,authentication_success|pam|syslog,pam,T1078,journald,0,0,0,0,0,0,0,0,0,0,1,0,18,18,1,0,37,0,0,108,3,19,6,1
wazuh-1788724385.2220316,2026-09-06T19:53:05.091000Z,target-kali-01,5501,3,authentication_success|pam|syslog,pam,T1078,journald,0,0,0,0,0,0,0,0,0,0,1,0,18,18,1,0,36,0,0,108,3,19,6,1
wazuh-1788724399.2220759,2026-09-06T19:53:19.285000Z,target-kali-01,5501,3,authentication_success|pam|syslog,pam,T1078,journald,0,0,0,0,0,0,0,0,0,0,1,0,18,18,1,0,37,0,0,108,3,19,6,1
wazuh-1788724422.2221202,2026-09-06T19:53:42.562000Z,target-kali-01,5501,3,authentication_success|pam|syslog,pam,T1078,journald,0,0,0,0,0,0,0,0,0,0,1,0,18,18,1,0,36,0,0,108,3,19,6,1
wazuh-1788724431.2221645,2026-09-06T19:53:51.544000Z,lab-sensor-01,31104,6,accesslog|attack|web,web-accesslog,T1055|T1083|T1190,/var/log/apache2/access.log,0,0,1,0,0,0,1,0,0,0,0,0,10,1,6,0,12,0,0,71,6,19,6,1
wazuh-1788724433.2222104,2026-09-06T19:53:53.193000Z,target-kali-01,5501,3,authentication_success|pam|syslog,pam,T1078,journald,0,0,0,0,0,0,0,0,0,0,1,0,18,18,1,0,36,0,0,108,3,19,6,1
wazuh-1788724435.2222547,2026-09-06T19:53:55.556000Z,lab-sensor-01,31106,6,accesslog|attack|web,web-accesslog,T1190,/var/log/apache2/access.log,0,0,1,0,0,0,1,0,0,0,0,0,11,1,6,0,12,0,0,72,6,19,6,1
wazuh-1788724453.2223032,2026-09-06T19:54:13.660000Z,target-kali-01,5501,3,authentication_success|pam|syslog,pam,T1078,journald,0,0,0,0,0,0,0,0,0,0,1,0,18,18,1,0,36,0,0,108,3,19,6,1
wazuh-1788724471.2223475,2026-09-06T19:54:31.757000Z,target-kali-01,5501,3,authentication_success|pam|syslog,pam,T1078,journald,0,0,0,0,0,0,0,0,0,0,1,0,18,18,1,0,36,0,0,108,3,19,6,1
wazuh-1788724471.2223918,2026-09-06T19:54:31.774000Z,lab-sensor-01,5710,5,authentication_failed|invalid_login|sshd|syslog,sshd,T1021.004|T1110.001,journald,40304,0,1,0,0,0,1,0,0,0,1,0,12,3,6,0,9,0,0,69,6,19,6,1
wazuh-1788724473.2224467,2026-09-06T19:54:33.784000Z,lab-sensor-01,5710,5,authentication_failed|invalid_login|sshd|syslog,sshd,T1021.004|T1110.001,journald,40312,0,1,0,0,0,1,0,0,0,1,0,13,4,6,0,10,0,0,70,6,19,6,1
wazuh-1788724477.2225016,2026-09-06T19:54:37.789000Z,lab-sensor-01,5710,5,authentication_failed|invalid_login|sshd|syslog,sshd,T1021.004|T1110.001,journald,39218,0,1,0,0,0,1,0,0,0,1,0,14,5,6,0,11,0,0,71,6,19,6,1
wazuh-1788724489.2225565,2026-09-06T19:54:49.707000Z,lab-sensor-01,31104,6,accesslog|attack|web,web-accesslog,T1055|T1083|T1190,/var/log/apache2/access.log,0,0,1,0,0,0,1,0,0,0,0,0,15,2,6,0,12,0,0,70,6,19,6,1
wazuh-1788724489.2226024,2026-09-06T19:54:49.813000Z,target-kali-01,5501,3,authentication_success|pam|syslog,pam,T1078,journald,0,0,0,0,0,0,0,0,0,0,1,0,18,18,1,0,36,0,0,108,3,19,6,1
wazuh-1788724493.2226467,2026-09-06T19:54:53.682000Z,lab-sensor-01,31106,6,accesslog|attack|web,web-accesslog,T1190,/var/log/apache2/access.log,0,0,1,0,0,0,1,0,0,0,0,0,16,2,6,0,12,0,0,71,6,19,6,1
wazuh-1788724510.2226952,2026-09-06T19:55:10.024000Z,target-kali-01,5501,3,authentication_success|pam|syslog,pam,T1078,journald,0,0,0,0,0,0,0,0,0,0,1,0,17,17,1,0,36,0,0,108,3,19,6,1
wazuh-1788724527.2227395,2026-09-06T19:55:27.483000Z,target-kali-01,5501,3,authentication_success|pam|syslog,pam,T1078,journald,0,0,0,0,0,0,0,0,0,0,1,0,17,17,1,0,35,0,0,108,3,19,6,1
wazuh-1788724529.2227838,2026-09-06T19:55:29.791000Z,lab-sensor-01,31101,5,accesslog|attack|web,web-accesslog,none,/var/log/apache2/access.log,0,0,1,0,0,0,1,0,0,0,0,0,14,3,6,0,12,0,0,71,6,19,6,1
wazuh-1788724531.2228280,2026-09-06T19:55:31.795000Z,lab-sensor-01,31101,5,accesslog|attack|web,web-accesslog,none,/var/log/apache2/access.log,0,0,1,0,0,0,1,0,0,0,0,0,15,4,6,0,12,0,0,71,6,19,6,1
wazuh-1788724533.2228722,2026-09-06T19:55:33.808000Z,lab-sensor-01,31101,5,accesslog|attack|web,web-accesslog,none,/var/log/apache2/access.log,0,0,1,0,0,0,1,0,0,0,0,0,16,5,6,0,12,0,0,70,6,19,6,1
wazuh-1788724535.2229170,2026-09-06T19:55:35.812000Z,lab-sensor-01,30305,5,access_denied|apache|web,apache-errorlog,none,/var/log/apache2/error.log,50750,0,1,0,0,0,1,0,0,0,0,0,17,1,6,0,12,0,0,69,6,19,6,1
wazuh-1788724535.2229770,2026-09-06T19:55:35.812000Z,lab-sensor-01,31516,6,appsec|attack|web,web-accesslog,T1055,/var/log/apache2/access.log,0,0,1,0,0,0,1,0,0,0,0,0,18,1,6,0,12,0,0,69,6,19,6,1
wazuh-1788724549.2230213,2026-09-06T19:55:49.831000Z,target-kali-01,5501,3,authentication_success|pam|syslog,pam,T1078,journald,0,0,0,0,0,0,0,0,0,0,1,0,17,17,1,0,35,0,0,108,3,19,6,1
wazuh-1788724551.2230656,2026-09-06T19:55:51.834000Z,lab-sensor-01,31101,5,accesslog|attack|web,web-accesslog,none,/var/log/apache2/access.log,0,0,1,0,0,0,1,0,0,0,0,0,19,6,6,0,12,0,0,70,6,19,6,1
wazuh-1788724553.2231098,2026-09-06T19:55:53.843000Z,lab-sensor-01,31101,5,accesslog|attack|web,web-accesslog,none,/var/log/apache2/access.log,0,0,1,0,0,0,1,0,0,0,0,0,20,7,6,0,12,0,0,70,6,19,6,1
wazuh-1788724555.2231540,2026-09-06T19:55:55.858000Z,lab-sensor-01,31101,5,accesslog|attack|web,web-accesslog,none,/var/log/apache2/access.log,0,0,1,0,0,0,1,0,0,0,0,0,21,8,6,0,12,0,0,70,6,19,6,1
wazuh-1788724557.2231988,2026-09-06T19:55:57.862000Z,lab-sensor-01,30305,5,access_denied|apache|web,apache-errorlog,none,/var/log/apache2/error.log,54754,0,1,0,0,0,1,0,0,0,0,0,22,2,6,0,12,0,0,70,6,19,6,1
wazuh-1788724557.2232588,2026-09-06T19:55:57.862000Z,lab-sensor-01,31516,6,appsec|attack|web,web-accesslog,T1055,/var/log/apache2/access.log,0,0,1,0,0,0,1,0,0,0,0,0,23,2,6,0,12,0,0,70,6,19,6,1
wazuh-1788724571.2233031,2026-09-06T19:56:11.588000Z,target-kali-01,5501,3,authentication_success|pam|syslog,pam,T1078,journald,0,0,0,0,0,0,0,0,0,0,1,0,17,17,1,0,34,0,0,107,3,19,6,1
wazuh-1788724582.2233474,2026-09-06T19:56:22.210000Z,target-kali-01,5501,3,authentication_success|pam|syslog,pam,T1078,journald,0,0,0,0,0,0,0,0,0,0,1,0,17,17,1,0,35,0,0,108,3,19,6,1
wazuh-1788724592.2233917,2026-09-06T19:56:32.267000Z,target-kali-01,5501,3,authentication_success|pam|syslog,pam,T1078,journald,0,0,0,0,0,0,0,0,0,0,1,0,17,17,1,0,35,0,0,108,3,19,6,1
wazuh-1788724602.2234360,2026-09-06T19:56:42.520000Z,target-kali-01,5501,3,authentication_success|pam|syslog,pam,T1078,journald,0,0,0,0,0,0,0,0,0,0,1,0,17,17,1,0,36,0,0,108,3,19,6,1
wazuh-1788724612.2234803,2026-09-06T19:56:52.608000Z,film-laptop,591,3,ossec,ossec,none,logcollector,0,0,0,0,0,0,0,0,0,0,0,0,0,0,1,0,0,0,0,0,3,19,6,1
wazuh-1788724622.2235176,2026-09-06T19:57:02.098000Z,lab-sensor-01,5710,5,authentication_failed|invalid_login|sshd|syslog,sshd,T1021.004|T1110.001,journald,53668,0,1,0,0,0,1,0,0,0,1,0,22,3,6,0,6,0,0,67,6,19,6,1
wazuh-1788724622.2235725,2026-09-06T19:57:02.469000Z,target-kali-01,5501,3,authentication_success|pam|syslog,pam,T1078,journald,0,0,0,0,0,0,0,0,0,0,1,0,17,17,1,0,36,0,0,107,3,19,6,1
wazuh-1788724626.2236168,2026-09-06T19:57:06.120000Z,lab-sensor-01,5710,5,authentication_failed|invalid_login|sshd|syslog,sshd,T1021.004|T1110.001,journald,53674,0,1,0,0,0,1,0,0,0,1,0,23,4,6,0,7,0,0,66,6,19,6,1
wazuh-1788724628.2236717,2026-09-06T19:57:08.135000Z,lab-sensor-01,5710,5,authentication_failed|invalid_login|sshd|syslog,sshd,T1021.004|T1110.001,journald,48746,0,1,0,0,0,1,0,0,0,1,0,24,5,6,0,8,0,0,67,6,19,6,1
wazuh-1788724643.2237266,2026-09-06T19:57:23.721000Z,target-kali-01,5501,3,authentication_success|pam|syslog,pam,T1078,journald,0,0,0,0,0,0,0,0,0,0,1,0,17,17,1,0,35,0,0,107,3,19,6,1
wazuh-1788724644.2237709,2026-09-06T19:57:24.124000Z,lab-sensor-01,31101,5,accesslog|attack|web,web-accesslog,none,/var/log/apache2/access.log,0,0,1,0,0,0,1,0,0,0,0,0,20,6,6,0,9,0,0,68,6,19,6,1
wazuh-1788724646.2238151,2026-09-06T19:57:26.128000Z,lab-sensor-01,31101,5,accesslog|attack|web,web-accesslog,none,/var/log/apache2/access.log,0,0,1,0,0,0,1,0,0,0,0,0,21,7,6,0,9,0,0,68,6,19,6,1
wazuh-1788724648.2238593,2026-09-06T19:57:28.134000Z,lab-sensor-01,31101,5,accesslog|attack|web,web-accesslog,none,/var/log/apache2/access.log,0,0,1,0,0,0,1,0,0,0,0,0,22,8,6,0,9,0,0,68,6,19,6,1
wazuh-1788724650.2239041,2026-09-06T19:57:30.136000Z,lab-sensor-01,30305,5,access_denied|apache|web,apache-errorlog,none,/var/log/apache2/error.log,50136,0,1,0,0,0,1,0,0,0,0,0,23,2,6,0,9,0,0,68,6,19,6,1
wazuh-1788724650.2239641,2026-09-06T19:57:30.137000Z,lab-sensor-01,31516,6,appsec|attack|web,web-accesslog,T1055,/var/log/apache2/access.log,0,0,1,0,0,0,1,0,0,0,0,0,24,2,6,0,9,0,0,68,6,19,6,1
wazuh-1788724666.2240084,2026-09-06T19:57:46.235000Z,lab-sensor-01,5710,5,authentication_failed|invalid_login|sshd|syslog,sshd,T1021.004|T1110.001,journald,45298,0,1,0,0,0,1,0,0,0,1,0,25,6,6,0,9,0,0,69,6,19,6,1
wazuh-1788724666.2240633,2026-09-06T19:57:46.712000Z,target-kali-01,5501,3,authentication_success|pam|syslog,pam,T1078,journald,0,0,0,0,0,0,0,0,0,0,1,0,17,17,1,0,35,0,0,107,3,19,6,1
wazuh-1788724670.2241076,2026-09-06T19:57:50.240000Z,lab-sensor-01,5710,5,authentication_failed|invalid_login|sshd|syslog,sshd,T1021.004|T1110.001,journald,43528,0,1,0,0,0,1,0,0,0,1,0,26,7,6,0,10,0,0,70,6,19,6,1
wazuh-1788724672.2241625,2026-09-06T19:57:52.244000Z,lab-sensor-01,5710,5,authentication_failed|invalid_login|sshd|syslog,sshd,T1021.004|T1110.001,journald,43540,0,1,0,0,0,1,0,0,0,1,0,27,8,6,0,11,0,0,71,6,19,6,1
wazuh-1788724689.2242174,2026-09-06T19:58:09.030000Z,target-kali-01,5501,3,authentication_success|pam|syslog,pam,T1078,journald,0,0,0,0,0,0,0,0,0,0,1,0,16,16,1,0,35,0,0,106,3,19,6,1
wazuh-1788724690.2242617,2026-09-06T19:58:10.114000Z,lab-sensor-01,31101,5,accesslog|attack|web,web-accesslog,none,/var/log/apache2/access.log,0,0,1,0,0,0,1,0,0,0,0,0,28,9,6,0,12,0,0,72,6,19,6,1
wazuh-1788724692.2243059,2026-09-06T19:58:12.116000Z,lab-sensor-01,31101,5,accesslog|attack|web,web-accesslog,none,/var/log/apache2/access.log,0,0,1,0,0,0,1,0,0,0,0,0,29,10,6,0,12,0,0,72,6,19,6,1
wazuh-1788724694.2243501,2026-09-06T19:58:14.118000Z,lab-sensor-01,31101,5,accesslog|attack|web,web-accesslog,none,/var/log/apache2/access.log,0,0,1,0,0,0,1,0,0,0,0,0,30,11,6,0,12,0,0,72,6,19,6,1
wazuh-1788724696.2243949,2026-09-06T19:58:16.122000Z,lab-sensor-01,30305,5,access_denied|apache|web,apache-errorlog,none,/var/log/apache2/error.log,57180,0,1,0,0,0,1,0,0,0,0,0,31,3,6,0,12,0,0,72,6,19,6,1
wazuh-1788724696.2244549,2026-09-06T19:58:16.122000Z,lab-sensor-01,31516,6,appsec|attack|web,web-accesslog,T1055,/var/log/apache2/access.log,0,0,1,0,0,0,1,0,0,0,0,0,32,3,6,0,12,0,0,72,6,19,6,1
wazuh-1788724707.2244992,2026-09-06T19:58:27.837000Z,target-kali-01,5501,3,authentication_success|pam|syslog,pam,T1078,journald,0,0,0,0,0,0,0,0,0,0,1,0,16,16,1,0,35,0,0,106,3,19,6,1
wazuh-1788724708.2245435,2026-09-06T19:58:28.332000Z,lab-sensor-01,5710,5,authentication_failed|invalid_login|sshd|syslog,sshd,T1021.004|T1110.001,journald,43670,0,1,0,0,0,1,0,0,0,1,0,33,9,6,0,12,0,0,73,6,19,6,1
wazuh-1788724712.2245984,2026-09-06T19:58:32.337000Z,lab-sensor-01,5712,10,authentication_failures|sshd|syslog,sshd,T1110,journald,43676,0,1,0,0,0,1,0,0,0,1,0,34,0,6,0,13,0,0,74,6,19,6,1
wazuh-1788724714.2247318,2026-09-06T19:58:34.342000Z,lab-sensor-01,5710,5,authentication_failed|invalid_login|sshd|syslog,sshd,T1021.004|T1110.001,journald,43684,0,1,0,0,0,1,0,0,0,1,0,35,10,7,1,14,0,0,75,10,19,6,1
wazuh-1788724732.2247867,2026-09-06T19:58:52.281000Z,target-kali-01,5501,3,authentication_success|pam|syslog,pam,T1078,journald,0,0,0,0,0,0,0,0,0,0,1,0,16,16,1,0,34,0,0,106,3,19,6,1
wazuh-1788724734.2248310,2026-09-06T19:58:54.218000Z,lab-sensor-01,31101,5,accesslog|attack|web,web-accesslog,none,/var/log/apache2/access.log,0,0,1,0,0,0,1,0,0,0,0,0,35,12,7,1,15,0,0,76,10,19,6,1
wazuh-1788724736.2248752,2026-09-06T19:58:56.219000Z,lab-sensor-01,31101,5,accesslog|attack|web,web-accesslog,none,/var/log/apache2/access.log,0,0,1,0,0,0,1,0,0,0,0,0,35,13,7,1,15,0,0,76,10,19,6,1
wazuh-1788724738.2249194,2026-09-06T19:58:58.224000Z,lab-sensor-01,31101,5,accesslog|attack|web,web-accesslog,none,/var/log/apache2/access.log,0,0,1,0,0,0,1,0,0,0,0,0,36,14,7,1,15,0,0,76,10,19,6,1
wazuh-1788724740.2249642,2026-09-06T19:59:00.227000Z,lab-sensor-01,30305,5,access_denied|apache|web,apache-errorlog,none,/var/log/apache2/error.log,46174,0,1,0,0,0,1,0,0,0,0,0,37,4,7,1,15,0,0,76,10,19,6,1
wazuh-1788724740.2250242,2026-09-06T19:59:00.227000Z,lab-sensor-01,31516,6,appsec|attack|web,web-accesslog,T1055,/var/log/apache2/access.log,0,0,1,0,0,0,1,0,0,0,0,0,38,4,7,1,15,0,0,76,10,19,6,1
wazuh-1788724756.2250685,2026-09-06T19:59:16.841000Z,target-kali-01,5501,3,authentication_success|pam|syslog,pam,T1078,journald,0,0,0,0,0,0,0,0,0,0,1,0,15,15,1,0,34,0,0,105,3,19,6,1
wazuh-1788724758.2251128,2026-09-06T19:59:18.290000Z,lab-sensor-01,31101,5,accesslog|attack|web,web-accesslog,none,/var/log/apache2/access.log,0,0,1,0,0,0,1,0,0,0,0,0,39,15,7,1,15,0,0,76,10,19,6,1
wazuh-1788724760.2251570,2026-09-06T19:59:20.293000Z,lab-sensor-01,31101,5,accesslog|attack|web,web-accesslog,none,/var/log/apache2/access.log,0,0,1,0,0,0,1,0,0,0,0,0,40,16,7,1,15,0,0,75,10,19,6,1
wazuh-1788724762.2252012,2026-09-06T19:59:22.296000Z,lab-sensor-01,31101,5,accesslog|attack|web,web-accesslog,none,/var/log/apache2/access.log,0,0,1,0,0,0,1,0,0,0,0,0,41,17,7,1,15,0,0,75,10,19,6,1
wazuh-1788724764.2252460,2026-09-06T19:59:24.298000Z,lab-sensor-01,30305,5,access_denied|apache|web,apache-errorlog,none,/var/log/apache2/error.log,41876,0,1,0,0,0,1,0,0,0,0,0,42,5,7,1,15,0,0,75,10,19,6,1
wazuh-1788724764.2253060,2026-09-06T19:59:24.298000Z,lab-sensor-01,31516,6,appsec|attack|web,web-accesslog,T1055,/var/log/apache2/access.log,0,0,1,0,0,0,1,0,0,0,0,0,43,5,7,1,15,0,0,75,10,19,6,1
wazuh-1788724778.2253503,2026-09-06T19:59:38.247000Z,target-kali-01,5501,3,authentication_success|pam|syslog,pam,T1078,journald,0,0,0,0,0,0,0,0,0,0,1,0,15,15,1,0,33,0,0,105,3,19,6,1
wazuh-1788724778.2253946,2026-09-06T19:59:38.323000Z,lab-sensor-01,31104,6,accesslog|attack|web,web-accesslog,T1055|T1083|T1190,/var/log/apache2/access.log,0,0,1,0,0,0,1,0,0,0,0,0,41,1,7,1,15,0,0,76,10,19,6,1
wazuh-1788724782.2254405,2026-09-06T19:59:42.328000Z,lab-sensor-01,31106,6,accesslog|attack|web,web-accesslog,T1190,/var/log/apache2/access.log,0,0,1,0,0,0,1,0,0,0,0,0,42,1,7,1,15,0,0,77,10,19,6,1
wazuh-1788724798.2254890,2026-09-06T19:59:58.329000Z,target-kali-01,5501,3,authentication_success|pam|syslog,pam,T1078,journald,0,0,0,0,0,0,0,0,0,0,1,0,15,15,1,0,33,0,0,105,3,19,6,1
wazuh-1788724800.2255333,2026-09-06T20:00:00.393000Z,lab-sensor-01,80730,3,audit|audit_selinux,auditd,none,/var/log/audit/audit.log,0,0,0,0,0,0,0,1,1,0,0,0,41,0,7,1,15,0,0,76,10,20,6,1
wazuh-1788724800.2257125,2026-09-06T20:00:00.434000Z,lab-sensor-01,80730,3,audit|audit_selinux,auditd,none,/var/log/audit/audit.log,0,0,0,0,0,0,0,1,1,0,0,0,42,1,8,1,15,0,0,76,10,20,6,1
wazuh-1788724800.2258862,2026-09-06T20:00:00.527000Z,lab-sensor-01,40704,5,local|systemd,systemd,none,journald,0,0,0,0,0,0,0,0,0,0,0,0,43,0,8,1,15,0,0,76,10,20,6,1
wazuh-1788724802.2259199,2026-09-06T20:00:02.375000Z,lab-sensor-01,80730,3,audit|audit_selinux,auditd,none,/var/log/audit/audit.log,0,0,0,0,0,0,0,1,1,0,0,0,44,2,9,1,15,0,0,76,10,20,6,1
wazuh-1788724802.2260990,2026-09-06T20:00:02.375000Z,lab-sensor-01,80730,3,audit|audit_selinux,auditd,none,/var/log/audit/audit.log,0,0,0,0,0,0,0,1,1,0,0,0,45,3,9,1,15,0,0,76,10,20,6,1
wazuh-1788724802.2262811,2026-09-06T20:00:02.403000Z,lab-sensor-01,80730,3,audit|audit_selinux,auditd,none,/var/log/audit/audit.log,0,0,0,0,0,0,0,1,1,0,0,0,46,4,9,1,15,0,0,76,10,20,6,1
wazuh-1788724802.2264603,2026-09-06T20:00:02.406000Z,lab-sensor-01,80730,3,audit|audit_selinux,auditd,none,/var/log/audit/audit.log,0,0,0,0,0,0,0,1,1,0,0,0,47,5,9,1,15,0,0,76,10,20,6,1
wazuh-1788724802.2266424,2026-09-06T20:00:02.431000Z,lab-sensor-01,80730,3,audit|audit_selinux,auditd,none,/var/log/audit/audit.log,0,0,0,0,0,0,0,1,1,0,0,0,48,6,9,1,15,0,0,76,10,20,6,1
wazuh-1788724802.2268216,2026-09-06T20:00:02.436000Z,lab-sensor-01,80730,3,audit|audit_selinux,auditd,none,/var/log/audit/audit.log,0,0,0,0,0,0,0,1,1,0,0,0,49,7,9,1,15,0,0,76,10,20,6,1
wazuh-1788724802.2269953,2026-09-06T20:00:02.456000Z,lab-sensor-01,80730,3,audit|audit_selinux,auditd,none,/var/log/audit/audit.log,0,0,0,0,0,0,0,1,1,0,0,0,50,8,9,1,15,0,0,76,10,20,6,1
wazuh-1788724802.2271745,2026-09-06T20:00:02.458000Z,lab-sensor-01,80730,3,audit|audit_selinux,auditd,none,/var/log/audit/audit.log,0,0,0,0,0,0,0,1,1,0,0,0,51,9,9,1,15,0,0,76,10,20,6,1
wazuh-1788724802.2273482,2026-09-06T20:00:02.522000Z,lab-sensor-01,40704,5,local|systemd,systemd,none,journald,0,0,0,0,0,0,0,0,0,0,0,0,52,1,9,1,15,0,0,76,10,20,6,1
wazuh-1788724802.2273819,2026-09-06T20:00:02.539000Z,lab-sensor-01,40704,5,local|systemd,systemd,none,journald,0,0,0,0,0,0,0,0,0,0,0,0,53,2,9,1,15,0,0,76,10,20,6,1
wazuh-1788724802.2274156,2026-09-06T20:00:02.559000Z,lab-sensor-01,40704,5,local|systemd,systemd,none,journald,0,0,0,0,0,0,0,0,0,0,0,0,54,3,9,1,15,0,0,76,10,20,6,1
wazuh-1788724802.2274493,2026-09-06T20:00:02.576000Z,lab-sensor-01,40704,5,local|systemd,systemd,none,journald,0,0,0,0,0,0,0,0,0,0,0,0,55,4,9,1,15,0,0,76,10,20,6,1
wazuh-1788724810.2274830,2026-09-06T20:00:10.979000Z,target-kali-01,5501,3,authentication_success|pam|syslog,pam,T1078,journald,0,0,0,0,0,0,0,0,0,0,1,0,15,15,1,0,33,0,0,106,3,20,6,1
wazuh-1788724812.2275273,2026-09-06T20:00:12.528000Z,lab-sensor-01,5710,5,authentication_failed|invalid_login|sshd|syslog,sshd,T1021.004|T1110.001,journald,59162,0,1,0,0,0,1,0,0,0,1,0,56,8,9,1,15,0,0,76,10,20,6,1
wazuh-1788724814.2275822,2026-09-06T20:00:14.531000Z,lab-sensor-01,5710,5,authentication_failed|invalid_login|sshd|syslog,sshd,T1021.004|T1110.001,journald,59170,0,1,0,0,0,1,0,0,0,1,0,57,9,9,1,16,0,0,77,10,20,6,1
wazuh-1788724818.2276371,2026-09-06T20:00:18.539000Z,lab-sensor-01,5710,5,authentication_failed|invalid_login|sshd|syslog,sshd,T1021.004|T1110.001,journald,56756,0,1,0,0,0,1,0,0,0,1,0,58,10,9,1,16,0,0,78,10,20,6,1
wazuh-1788724832.2276920,2026-09-06T20:00:32.961000Z,target-kali-01,5501,3,authentication_success|pam|syslog,pam,T1078,journald,0,0,0,0,0,0,0,0,0,0,1,0,15,15,1,0,33,0,0,106,3,20,6,1
wazuh-1788724851.2277363,2026-09-06T20:00:51.037000Z,target-kali-01,5501,3,authentication_success|pam|syslog,pam,T1078,journald,0,0,0,0,0,0,0,0,0,0,1,0,15,15,1,0,33,0,0,106,3,20,6,1
wazuh-1788724863.2277806,2026-09-06T20:01:03.113000Z,target-kali-01,5501,3,authentication_success|pam|syslog,pam,T1078,journald,0,0,0,0,0,0,0,0,0,0,1,0,16,16,1,0,33,0,0,106,3,20,6,1
wazuh-1788724876.2278249,2026-09-06T20:01:16.374000Z,target-kali-01,5501,3,authentication_success|pam|syslog,pam,T1078,journald,0,0,0,0,0,0,0,0,0,0,1,0,16,16,1,0,33,0,0,106,3,20,6,1
wazuh-1788724883.2278692,2026-09-06T20:01:23.429000Z,target-kali-01,5501,3,authentication_success|pam|syslog,pam,T1078,journald,0,0,0,0,0,0,0,0,0,0,1,0,16,16,1,0,34,0,0,106,3,20,6,1
wazuh-1788724884.2279135,2026-09-06T20:01:24.667000Z,lab-sensor-01,5710,5,authentication_failed|invalid_login|sshd|syslog,sshd,T1021.004|T1110.001,journald,60030,0,1,0,0,0,1,0,0,0,1,0,49,11,9,1,15,0,0,77,10,20,6,1
wazuh-1788724886.2279684,2026-09-06T20:01:26.669000Z,lab-sensor-01,5710,5,authentication_failed|invalid_login|sshd|syslog,sshd,T1021.004|T1110.001,journald,60032,0,1,0,0,0,1,0,0,0,1,0,50,12,9,1,16,0,0,78,10,20,6,1
wazuh-1788724890.2280233,2026-09-06T20:01:30.675000Z,lab-sensor-01,5710,5,authentication_failed|invalid_login|sshd|syslog,sshd,T1021.004|T1110.001,journald,45090,0,1,0,0,0,1,0,0,0,1,0,51,13,9,1,17,0,0,79,10,20,6,1
wazuh-1788724905.2280782,2026-09-06T20:01:45.421000Z,target-kali-01,5501,3,authentication_success|pam|syslog,pam,T1078,journald,0,0,0,0,0,0,0,0,0,0,1,0,15,15,1,0,33,0,0,105,3,20,6,1
wazuh-1788724908.2281225,2026-09-06T20:01:48.550000Z,lab-sensor-01,31101,5,accesslog|attack|web,web-accesslog,none,/var/log/apache2/access.log,0,0,1,0,0,0,1,0,0,0,0,0,52,12,9,1,18,0,0,80,10,20,6,1
wazuh-1788724910.2281667,2026-09-06T20:01:50.551000Z,lab-sensor-01,31101,5,accesslog|attack|web,web-accesslog,none,/var/log/apache2/access.log,0,0,1,0,0,0,1,0,0,0,0,0,53,13,9,1,18,0,0,80,10,20,6,1
wazuh-1788724912.2282109,2026-09-06T20:01:52.555000Z,lab-sensor-01,31101,5,accesslog|attack|web,web-accesslog,none,/var/log/apache2/access.log,0,0,1,0,0,0,1,0,0,0,0,0,54,14,9,1,18,0,0,80,10,20,6,1
wazuh-1788724914.2282557,2026-09-06T20:01:54.558000Z,lab-sensor-01,30305,5,access_denied|apache|web,apache-errorlog,none,/var/log/apache2/error.log,59548,0,1,0,0,0,1,0,0,0,0,0,55,4,9,1,18,0,0,80,10,20,6,1
wazuh-1788724914.2283157,2026-09-06T20:01:54.558000Z,lab-sensor-01,31516,6,appsec|attack|web,web-accesslog,T1055,/var/log/apache2/access.log,0,0,1,0,0,0,1,0,0,0,0,0,56,4,9,1,18,0,0,80,10,20,6,1
wazuh-1788724927.2283600,2026-09-06T20:02:07.795000Z,target-kali-01,5501,3,authentication_success|pam|syslog,pam,T1078,journald,0,0,0,0,0,0,0,0,0,0,1,0,15,15,1,0,33,0,0,105,3,20,6,1
wazuh-1788724933.2284043,2026-09-06T20:02:13.698000Z,film-laptop,80730,3,audit|audit_selinux,auditd,none,/var/log/audit/audit.log,0,0,0,0,0,0,0,1,1,0,0,0,0,0,1,0,0,0,0,0,3,20,6,1
wazuh-1788724942.2286860,2026-09-06T20:02:22.955000Z,target-kali-01,5501,3,authentication_success|pam|syslog,pam,T1078,journald,0,0,0,0,0,0,0,0,0,0,1,0,16,16,1,0,33,0,0,105,3,20,6,1
wazuh-1788724954.2287303,2026-09-06T20:02:34.838000Z,target-kali-01,5501,3,authentication_success|pam|syslog,pam,T1078,journald,0,0,0,0,0,0,0,0,0,0,1,0,16,16,1,0,34,0,0,106,3,20,6,1
wazuh-1788724956.2287746,2026-09-06T20:02:36.614000Z,lab-sensor-01,31101,5,accesslog|attack|web,web-accesslog,none,/var/log/apache2/access.log,0,0,1,0,0,0,1,0,0,0,0,0,49,12,9,1,18,0,0,81,10,20,6,1
wazuh-1788724958.2288188,2026-09-06T20:02:38.627000Z,lab-sensor-01,31101,5,accesslog|attack|web,web-accesslog,none,/var/log/apache2/access.log,0,0,1,0,0,0,1,0,0,0,0,0,50,13,9,1,18,0,0,81,10,20,6,1
wazuh-1788724960.2288630,2026-09-06T20:02:40.634000Z,lab-sensor-01,31101,5,accesslog|attack|web,web-accesslog,none,/var/log/apache2/access.log,0,0,1,0,0,0,1,0,0,0,0,0,51,14,9,1,18,0,0,81,10,20,6,1
wazuh-1788724962.2289078,2026-09-06T20:02:42.636000Z,lab-sensor-01,30305,5,access_denied|apache|web,apache-errorlog,none,/var/log/apache2/error.log,58730,0,1,0,0,0,1,0,0,0,0,0,52,4,9,1,18,0,0,81,10,20,6,1
wazuh-1788724962.2289678,2026-09-06T20:02:42.677000Z,lab-sensor-01,31516,6,appsec|attack|web,web-accesslog,T1055,/var/log/apache2/access.log,0,0,1,0,0,0,1,0,0,0,0,0,53,4,9,1,18,0,0,81,10,20,6,1
wazuh-1788724974.2290121,2026-09-06T20:02:54.229000Z,target-kali-01,5501,3,authentication_success|pam|syslog,pam,T1078,journald,0,0,0,0,0,0,0,0,0,0,1,0,16,16,1,0,33,0,0,106,3,20,6,1
wazuh-1788724989.2290564,2026-09-06T20:03:09.578000Z,target-kali-01,5501,3,authentication_success|pam|syslog,pam,T1078,journald,0,0,0,0,0,0,0,0,0,0,1,0,16,16,1,0,33,0,0,105,3,20,6,1
wazuh-1788724996.2291007,2026-09-06T20:03:16.647000Z,film-laptop,591,3,ossec,ossec,none,logcollector,0,0,0,0,0,0,0,0,0,0,0,0,1,0,2,0,0,0,0,0,3,20,6,1
wazuh-1788725003.2291380,2026-09-06T20:03:23.092000Z,target-kali-01,5501,3,authentication_success|pam|syslog,pam,T1078,journald,0,0,0,0,0,0,0,0,0,0,1,0,17,17,1,0,33,0,0,106,3,20,6,1
wazuh-1788725004.2291823,2026-09-06T20:03:24.741000Z,lab-sensor-01,31101,5,accesslog|attack|web,web-accesslog,none,/var/log/apache2/access.log,0,0,1,0,0,0,1,0,0,0,0,0,46,12,9,1,18,0,0,80,10,20,6,1
wazuh-1788725006.2292265,2026-09-06T20:03:26.745000Z,lab-sensor-01,31101,5,accesslog|attack|web,web-accesslog,none,/var/log/apache2/access.log,0,0,1,0,0,0,1,0,0,0,0,0,47,13,9,1,18,0,0,80,10,20,6,1
wazuh-1788725008.2292707,2026-09-06T20:03:28.749000Z,lab-sensor-01,31101,5,accesslog|attack|web,web-accesslog,none,/var/log/apache2/access.log,0,0,1,0,0,0,1,0,0,0,0,0,47,14,9,1,18,0,0,80,10,20,6,1
wazuh-1788725010.2293155,2026-09-06T20:03:30.752000Z,lab-sensor-01,30305,5,access_denied|apache|web,apache-errorlog,none,/var/log/apache2/error.log,33326,0,1,0,0,0,1,0,0,0,0,0,48,4,9,1,18,0,0,80,10,20,6,1
wazuh-1788725010.2293755,2026-09-06T20:03:30.793000Z,lab-sensor-01,31516,6,appsec|attack|web,web-accesslog,T1055,/var/log/apache2/access.log,0,0,1,0,0,0,1,0,0,0,0,0,49,4,9,1,18,0,0,80,10,20,6,1
wazuh-1788725025.2294198,2026-09-06T20:03:45.201000Z,target-kali-01,5501,3,authentication_success|pam|syslog,pam,T1078,journald,0,0,0,0,0,0,0,0,0,0,1,0,17,17,1,0,33,0,0,105,3,20,6,1
wazuh-1788725045.2294641,2026-09-06T20:04:05.293000Z,target-kali-01,5501,3,authentication_success|pam|syslog,pam,T1078,journald,0,0,0,0,0,0,0,0,0,0,1,0,17,17,1,0,33,0,0,105,3,20,6,1
wazuh-1788725063.2295084,2026-09-06T20:04:23.310000Z,target-kali-01,5501,3,authentication_success|pam|syslog,pam,T1078,journald,0,0,0,0,0,0,0,0,0,0,1,0,17,17,1,0,33,0,0,104,3,20,6,1
wazuh-1788725079.2295527,2026-09-06T20:04:39.412000Z,target-kali-01,5501,3,authentication_success|pam|syslog,pam,T1078,journald,0,0,0,0,0,0,0,0,0,0,1,0,17,17,1,0,33,0,0,104,3,20,6,1
wazuh-1788725097.2295970,2026-09-06T20:04:57.481000Z,target-kali-01,5501,3,authentication_success|pam|syslog,pam,T1078,journald,0,0,0,0,0,0,0,0,0,0,1,0,18,18,1,0,33,0,0,104,3,20,6,1
wazuh-1788725115.2296413,2026-09-06T20:05:15.575000Z,target-kali-01,5501,3,authentication_success|pam|syslog,pam,T1078,journald,0,0,0,0,0,0,0,0,0,0,1,0,17,17,1,0,33,0,0,104,3,20,6,1
wazuh-1788725128.2296856,2026-09-06T20:05:28.350000Z,target-kali-01,5501,3,authentication_success|pam|syslog,pam,T1078,journald,0,0,0,0,0,0,0,0,0,0,1,0,18,18,1,0,33,0,0,105,3,20,6,1
wazuh-1788725137.2297299,2026-09-06T20:05:37.737000Z,target-kali-01,5501,3,authentication_success|pam|syslog,pam,T1078,journald,0,0,0,0,0,0,0,0,0,0,1,0,18,18,1,0,34,0,0,105,3,20,6,1
wazuh-1788725154.2297742,2026-09-06T20:05:54.875000Z,target-kali-01,5501,3,authentication_success|pam|syslog,pam,T1078,journald,0,0,0,0,0,0,0,0,0,0,1,0,18,18,1,0,34,0,0,105,3,20,6,1
wazuh-1788725165.2298185,2026-09-06T20:06:05.415000Z,target-kali-01,5501,3,authentication_success|pam|syslog,pam,T1078,journald,0,0,0,0,0,0,0,0,0,0,1,0,18,18,1,0,35,0,0,106,3,20,6,1
wazuh-1788725175.2298628,2026-09-06T20:06:15.440000Z,target-kali-01,5501,3,authentication_success|pam|syslog,pam,T1078,journald,0,0,0,0,0,0,0,0,0,0,1,0,19,19,1,0,35,0,0,106,3,20,6,1
wazuh-1788725179.2299071,2026-09-06T20:06:19.074000Z,lab-sensor-01,31101,5,accesslog|attack|web,web-accesslog,none,/var/log/apache2/access.log,0,0,1,0,0,0,1,0,0,0,0,0,18,9,9,1,15,0,0,74,10,20,6,1
wazuh-1788725181.2299513,2026-09-06T20:06:21.075000Z,lab-sensor-01,31101,5,accesslog|attack|web,web-accesslog,none,/var/log/apache2/access.log,0,0,1,0,0,0,1,0,0,0,0,0,19,10,9,1,15,0,0,73,10,20,6,1
wazuh-1788725183.2299955,2026-09-06T20:06:23.077000Z,lab-sensor-01,31101,5,accesslog|attack|web,web-accesslog,none,/var/log/apache2/access.log,0,0,1,0,0,0,1,0,0,0,0,0,20,11,9,1,15,0,0,73,10,20,6,1
wazuh-1788725185.2300403,2026-09-06T20:06:25.080000Z,lab-sensor-01,30305,5,access_denied|apache|web,apache-errorlog,none,/var/log/apache2/error.log,34026,0,1,0,0,0,1,0,0,0,0,0,20,3,9,1,15,0,0,73,10,20,6,1
wazuh-1788725185.2301003,2026-09-06T20:06:25.080000Z,lab-sensor-01,31516,6,appsec|attack|web,web-accesslog,T1055,/var/log/apache2/access.log,0,0,1,0,0,0,1,0,0,0,0,0,21,3,9,1,15,0,0,73,10,20,6,1
wazuh-1788725199.2301446,2026-09-06T20:06:39.485000Z,target-kali-01,5501,3,authentication_success|pam|syslog,pam,T1078,journald,0,0,0,0,0,0,0,0,0,0,1,0,18,18,1,0,34,0,0,106,3,20,6,1
wazuh-1788725213.2301889,2026-09-06T20:06:53.306000Z,lab-sensor-01,5710,5,authentication_failed|invalid_login|sshd|syslog,sshd,T1021.004|T1110.001,journald,48996,0,1,0,0,0,1,0,0,0,1,0,17,0,9,1,15,0,0,73,10,20,6,1
wazuh-1788725213.2302438,2026-09-06T20:06:53.715000Z,target-kali-01,5501,3,authentication_success|pam|syslog,pam,T1078,journald,0,0,0,0,0,0,0,0,0,0,1,0,18,18,1,0,34,0,0,106,3,20,6,1
wazuh-1788725217.2302881,2026-09-06T20:06:57.311000Z,lab-sensor-01,5710,5,authentication_failed|invalid_login|sshd|syslog,sshd,T1021.004|T1110.001,journald,49012,0,1,0,0,0,1,0,0,0,1,0,16,1,9,1,16,0,0,73,10,20,6,1
wazuh-1788725219.2303430,2026-09-06T20:06:59.315000Z,lab-sensor-01,5710,5,authentication_failed|invalid_login|sshd|syslog,sshd,T1021.004|T1110.001,journald,36500,0,1,0,0,0,1,0,0,0,1,0,17,2,9,1,17,0,0,74,10,20,6,1
wazuh-1788725235.2303979,2026-09-06T20:07:15.839000Z,target-kali-01,5501,3,authentication_success|pam|syslog,pam,T1078,journald,0,0,0,0,0,0,0,0,0,0,1,0,18,18,1,0,34,0,0,106,3,20,6,1
wazuh-1788725237.2304422,2026-09-06T20:07:17.231000Z,lab-sensor-01,31104,6,accesslog|attack|web,web-accesslog,T1055|T1083|T1190,/var/log/apache2/access.log,0,0,1,0,0,0,1,0,0,0,0,0,18,0,9,1,15,0,0,73,10,20,6,1
wazuh-1788725241.2304881,2026-09-06T20:07:21.199000Z,lab-sensor-01,31106,6,accesslog|attack|web,web-accesslog,T1190,/var/log/apache2/access.log,0,0,1,0,0,0,1,0,0,0,0,0,19,0,9,1,15,0,0,74,10,20,6,1
wazuh-1788725254.2305366,2026-09-06T20:07:34.160000Z,target-kali-01,5501,3,authentication_success|pam|syslog,pam,T1078,journald,0,0,0,0,0,0,0,0,0,0,1,0,18,18,1,0,34,0,0,106,3,20,6,1
wazuh-1788725255.2305809,2026-09-06T20:07:35.367000Z,lab-sensor-01,5710,5,authentication_failed|invalid_login|sshd|syslog,sshd,T1021.004|T1110.001,journald,56348,0,1,0,0,0,1,0,0,0,1,0,20,3,9,1,15,0,0,75,10,20,6,1
wazuh-1788725257.2306358,2026-09-06T20:07:37.371000Z,lab-sensor-01,5710,5,authentication_failed|invalid_login|sshd|syslog,sshd,T1021.004|T1110.001,journald,39018,0,1,0,0,0,1,0,0,0,1,0,20,4,9,1,16,0,0,76,10,20,6,1
wazuh-1788725261.2306907,2026-09-06T20:07:41.377000Z,lab-sensor-01,5710,5,authentication_failed|invalid_login|sshd|syslog,sshd,T1021.004|T1110.001,journald,39022,0,1,0,0,0,1,0,0,0,1,0,19,5,9,1,17,0,0,77,10,20,6,1
wazuh-1788725276.2307456,2026-09-06T20:07:56.418000Z,target-kali-01,5501,3,authentication_success|pam|syslog,pam,T1078,journald,0,0,0,0,0,0,0,0,0,0,1,0,17,17,1,0,34,0,0,106,3,20,6,1
wazuh-1788725286.2307899,2026-09-06T20:08:06.486000Z,target-kali-01,5501,3,authentication_success|pam|syslog,pam,T1078,journald,0,0,0,0,0,0,0,0,0,0,1,0,18,18,1,0,35,0,0,106,3,20,6,1
wazuh-1788725303.2308342,2026-09-06T20:08:23.252000Z,target-kali-01,5501,3,authentication_success|pam|syslog,pam,T1078,journald,0,0,0,0,0,0,0,0,0,0,1,0,17,17,1,0,35,0,0,106,3,20,6,1
wazuh-1788725316.2308785,2026-09-06T20:08:36.680000Z,film-laptop,591,3,ossec,ossec,none,logcollector,0,0,0,0,0,0,0,0,0,0,0,0,0,0,2,0,0,0,0,0,3,20,6,1
wazuh-1788725319.2309158,2026-09-06T20:08:39.287000Z,target-kali-01,5501,3,authentication_success|pam|syslog,pam,T1078,journald,0,0,0,0,0,0,0,0,0,0,1,0,18,18,1,0,35,0,0,106,3,20,6,1
wazuh-1788725319.2309601,2026-09-06T20:08:39.478000Z,lab-sensor-01,5710,5,authentication_failed|invalid_login|sshd|syslog,sshd,T1021.004|T1110.001,journald,34662,0,1,0,0,0,1,0,0,0,1,0,13,6,8,0,12,0,0,75,6,20,6,1
wazuh-1788725321.2310150,2026-09-06T20:08:41.480000Z,lab-sensor-01,5712,10,authentication_failures|sshd|syslog,sshd,T1110,journald,34668,0,1,0,0,0,1,0,0,0,1,0,14,0,8,0,13,0,0,76,6,20,6,1
wazuh-1788725325.2311484,2026-09-06T20:08:45.485000Z,lab-sensor-01,5710,5,authentication_failed|invalid_login|sshd|syslog,sshd,T1021.004|T1110.001,journald,34680,0,1,0,0,0,1,0,0,0,1,0,15,7,9,1,14,0,0,77,10,20,6,1
wazuh-1788725337.2312033,2026-09-06T20:08:57.346000Z,target-kali-01,5501,3,authentication_success|pam|syslog,pam,T1078,journald,0,0,0,0,0,0,0,0,0,0,1,0,18,18,1,0,35,0,0,106,3,20,6,1
wazuh-1788725355.2312476,2026-09-06T20:09:15.567000Z,lab-sensor-01,5710,5,authentication_failed|invalid_login|sshd|syslog,sshd,T1021.004|T1110.001,journald,38102,0,1,0,0,0,1,0,0,0,1,0,16,8,9,1,15,0,0,76,10,20,6,1
wazuh-1788725355.2313025,2026-09-06T20:09:15.888000Z,target-kali-01,5501,3,authentication_success|pam|syslog,pam,T1078,journald,0,0,0,0,0,0,0,0,0,0,1,0,18,18,1,0,36,0,0,106,3,20,6,1
wazuh-1788725357.2313468,2026-09-06T20:09:17.569000Z,lab-sensor-01,5710,5,authentication_failed|invalid_login|sshd|syslog,sshd,T1021.004|T1110.001,journald,44518,0,1,0,0,0,1,0,0,0,1,0,17,9,9,1,16,0,0,77,10,20,6,1
wazuh-1788725361.2314017,2026-09-06T20:09:21.577000Z,lab-sensor-01,5710,5,authentication_failed|invalid_login|sshd|syslog,sshd,T1021.004|T1110.001,journald,44534,0,1,0,0,0,1,0,0,0,1,0,18,10,9,1,17,0,0,78,10,20,6,1
wazuh-1788725373.2314566,2026-09-06T20:09:33.946000Z,target-kali-01,5501,3,authentication_success|pam|syslog,pam,T1078,journald,0,0,0,0,0,0,0,0,0,0,1,0,18,18,1,0,36,0,0,106,3,20,6,1
wazuh-1788725388.2315009,2026-09-06T20:09:48.287000Z,target-kali-01,5501,3,authentication_success|pam|syslog,pam,T1078,journald,0,0,0,0,0,0,0,0,0,0,1,0,18,18,1,0,36,0,0,106,3,20,6,1
wazuh-1788725398.2315452,2026-09-06T20:09:58.166000Z,target-kali-01,5501,3,authentication_success|pam|syslog,pam,T1078,journald,0,0,0,0,0,0,0,0,0,0,1,0,18,18,1,0,37,0,0,107,3,20,6,1
wazuh-1788725410.2315895,2026-09-06T20:10:10.198000Z,target-kali-01,5501,3,authentication_success|pam|syslog,pam,T1078,journald,0,0,0,0,0,0,0,0,0,0,1,0,19,19,1,0,37,0,0,107,3,20,6,1
wazuh-1788725424.2316338,2026-09-06T20:10:24.236000Z,target-kali-01,5501,3,authentication_success|pam|syslog,pam,T1078,journald,0,0,0,0,0,0,0,0,0,0,1,0,19,19,1,0,37,0,0,107,3,20,6,1
wazuh-1788725440.2316781,2026-09-06T20:10:40.348000Z,target-kali-01,5501,3,authentication_success|pam|syslog,pam,T1078,journald,0,0,0,0,0,0,0,0,0,0,1,0,18,18,1,0,37,0,0,107,3,20,6,1
wazuh-1788725443.2317224,2026-09-06T20:10:43.523000Z,lab-sensor-01,31101,5,accesslog|attack|web,web-accesslog,none,/var/log/apache2/access.log,0,0,1,0,0,0,1,0,0,0,0,0,19,3,7,1,15,0,0,76,10,20,6,1
wazuh-1788725445.2317666,2026-09-06T20:10:45.544000Z,lab-sensor-01,31101,5,accesslog|attack|web,web-accesslog,none,/var/log/apache2/access.log,0,0,1,0,0,0,1,0,0,0,0,0,20,4,7,1,15,0,0,75,10,20,6,1
wazuh-1788725447.2318108,2026-09-06T20:10:47.554000Z,lab-sensor-01,31101,5,accesslog|attack|web,web-accesslog,none,/var/log/apache2/access.log,0,0,1,0,0,0,1,0,0,0,0,0,21,5,7,1,15,0,0,75,10,20,6,1
wazuh-1788725449.2318556,2026-09-06T20:10:49.559000Z,lab-sensor-01,30305,5,access_denied|apache|web,apache-errorlog,none,/var/log/apache2/error.log,58714,0,1,0,0,0,1,0,0,0,0,0,22,1,7,1,15,0,0,75,10,20,6,1
wazuh-1788725449.2319156,2026-09-06T20:10:49.559000Z,lab-sensor-01,31516,6,appsec|attack|web,web-accesslog,T1055,/var/log/apache2/access.log,0,0,1,0,0,0,1,0,0,0,0,0,23,1,7,1,15,0,0,75,10,20,6,1
wazuh-1788725462.2319599,2026-09-06T20:11:02.904000Z,target-kali-01,5501,3,authentication_success|pam|syslog,pam,T1078,journald,0,0,0,0,0,0,0,0,0,0,1,0,18,18,1,0,37,0,0,107,3,20,6,1
wazuh-1788725483.2320042,2026-09-06T20:11:23.204000Z,target-kali-01,5501,3,authentication_success|pam|syslog,pam,T1078,journald,0,0,0,0,0,0,0,0,0,0,1,0,17,17,1,0,36,0,0,106,3,20,6,1
wazuh-1788725483.2320485,2026-09-06T20:11:23.826000Z,lab-sensor-01,5710,5,authentication_failed|invalid_login|sshd|syslog,sshd,T1021.004|T1110.001,journald,44540,0,1,0,0,0,1,0,0,0,1,0,21,11,7,1,15,0,0,76,10,20,6,1
wazuh-1788725485.2321034,2026-09-06T20:11:25.828000Z,lab-sensor-01,5710,5,authentication_failed|invalid_login|sshd|syslog,sshd,T1021.004|T1110.001,journald,44556,0,1,0,0,0,1,0,0,0,1,0,20,12,7,1,15,0,0,77,10,20,6,1
wazuh-1788725489.2321583,2026-09-06T20:11:29.835000Z,lab-sensor-01,5710,5,authentication_failed|invalid_login|sshd|syslog,sshd,T1021.004|T1110.001,journald,35542,0,1,0,0,0,1,0,0,0,1,0,21,13,7,1,15,0,0,78,10,20,6,1
wazuh-1788725502.2322132,2026-09-06T20:11:42.680000Z,film-laptop,86601,3,ids|suricata,json,none,/var/log/suricata/eve.json,40678,80,1,0,0,0,1,0,0,0,0,0,1,0,2,0,0,0,0,0,3,20,6,1
wazuh-1788725502.2324675,2026-09-06T20:11:42.690000Z,film-laptop,86601,3,ids|suricata,json,none,/var/log/suricata/eve.json,48986,80,1,0,0,0,1,0,0,0,0,0,2,1,3,0,0,0,0,0,3,20,6,1
wazuh-1788725502.2327252,2026-09-06T20:11:42.694000Z,film-laptop,86601,3,ids|suricata,json,none,/var/log/suricata/eve.json,56270,80,1,0,0,0,1,0,0,0,0,0,3,2,3,0,0,0,0,0,3,20,6,1
wazuh-1788725502.2329767,2026-09-06T20:11:42.706000Z,film-laptop,86601,3,ids|suricata,json,none,/var/log/suricata/eve.json,56270,80,1,0,0,0,1,0,0,0,0,0,4,3,3,0,0,0,0,0,3,20,6,1
wazuh-1788725502.2332300,2026-09-06T20:11:42.718000Z,film-laptop,86601,3,ids|suricata,json,none,/var/log/suricata/eve.json,48986,80,1,0,0,0,1,0,0,0,0,0,5,4,3,0,0,0,0,0,3,20,6,1
wazuh-1788725502.2334899,2026-09-06T20:11:42.734000Z,film-laptop,5402,3,sudo|syslog,sudo,T1548.003,journald,0,0,0,0,0,0,0,0,0,0,0,1,6,0,3,0,0,0,0,0,3,20,6,1
wazuh-1788725502.2335442,2026-09-06T20:11:42.736000Z,film-laptop,5501,3,authentication_success|pam|syslog,pam,T1078,journald,0,0,0,0,0,0,0,0,0,0,1,0,7,0,4,0,0,0,1,1,3,20,6,1
wazuh-1788725504.2335915,2026-09-06T20:11:44.414000Z,film-laptop,86601,3,ids|suricata,json,none,/var/log/suricata/eve.json,56270,80,1,0,0,0,1,0,0,0,0,0,8,5,5,0,1,0,1,2,3,20,6,1
wazuh-1788725504.2338454,2026-09-06T20:11:44.439000Z,film-laptop,5502,3,pam|syslog,pam,none,journald,0,0,0,0,0,0,0,0,0,0,1,0,9,0,5,0,1,0,1,2,3,20,6,1
wazuh-1788725505.2338866,2026-09-06T20:11:45.306000Z,target-kali-01,5501,3,authentication_success|pam|syslog,pam,T1078,journald,0,0,0,0,0,0,0,0,0,0,1,0,17,17,1,0,36,0,0,106,3,20,6,1
wazuh-1788725515.2339309,2026-09-06T20:11:55.377000Z,target-kali-01,5501,3,authentication_success|pam|syslog,pam,T1078,journald,0,0,0,0,0,0,0,0,0,0,1,0,17,17,1,0,36,0,0,107,3,20,6,1
wazuh-1788725529.2339752,2026-09-06T20:12:09.505000Z,target-kali-01,5501,3,authentication_success|pam|syslog,pam,T1078,journald,0,0,0,0,0,0,0,0,0,0,1,0,18,18,1,0,36,0,0,107,3,20,6,1
wazuh-1788725543.2340195,2026-09-06T20:12:23.543000Z,target-kali-01,5501,3,authentication_success|pam|syslog,pam,T1078,journald,0,0,0,0,0,0,0,0,0,0,1,0,18,18,1,0,36,0,0,107,3,20,6,1
wazuh-1788725562.2340638,2026-09-06T20:12:42.019000Z,target-kali-01,5501,3,authentication_success|pam|syslog,pam,T1078,journald,0,0,0,0,0,0,0,0,0,0,1,0,18,18,1,0,36,0,0,107,3,20,6,1
wazuh-1788725562.2341081,2026-09-06T20:12:42.733000Z,film-laptop,86601,3,ids|suricata,json,none,/var/log/suricata/eve.json,55670,80,1,0,0,0,1,0,0,0,0,0,10,6,5,0,2,0,1,2,3,20,6,1
wazuh-1788725562.2343656,2026-09-06T20:12:42.734000Z,film-laptop,86601,3,ids|suricata,json,none,/var/log/suricata/eve.json,59774,80,1,0,0,0,1,0,0,0,0,0,11,7,5,0,2,0,1,2,3,20,6,1
wazuh-1788725562.2346169,2026-09-06T20:12:42.740000Z,film-laptop,86601,3,ids|suricata,json,none,/var/log/suricata/eve.json,59790,80,1,0,0,0,1,0,0,0,0,0,12,8,5,0,2,0,1,2,3,20,6,1
wazuh-1788725562.2348702,2026-09-06T20:12:42.745000Z,film-laptop,86601,3,ids|suricata,json,none,/var/log/suricata/eve.json,55670,80,1,0,0,0,1,0,0,0,0,0,13,9,5,0,2,0,1,2,3,20,6,1
wazuh-1788725562.2351299,2026-09-06T20:12:42.757000Z,film-laptop,5402,3,sudo|syslog,sudo,T1548.003,journald,0,0,0,0,0,0,0,0,0,0,0,1,14,1,5,0,2,0,1,2,3,20,6,1
wazuh-1788725562.2351842,2026-09-06T20:12:42.759000Z,film-laptop,5501,3,authentication_success|pam|syslog,pam,T1078,journald,0,0,0,0,0,0,0,0,0,0,1,0,15,1,5,0,2,0,2,3,3,20,6,1
wazuh-1788725562.2352315,2026-09-06T20:12:42.765000Z,film-laptop,86601,3,ids|suricata,json,none,/var/log/suricata/eve.json,59774,80,1,0,0,0,1,0,0,0,0,0,16,10,5,0,3,0,2,4,3,20,6,1
wazuh-1788725564.2354846,2026-09-06T20:12:44.407000Z,film-laptop,86601,3,ids|suricata,json,none,/var/log/suricata/eve.json,59774,80,1,0,0,0,1,0,0,0,0,0,17,11,5,0,3,0,2,4,3,20,6,1
wazuh-1788725564.2357383,2026-09-06T20:12:44.462000Z,film-laptop,5502,3,pam|syslog,pam,none,journald,0,0,0,0,0,0,0,0,0,0,1,0,18,1,5,0,3,0,2,4,3,20,6,1
wazuh-1788725572.2357795,2026-09-06T20:12:52.021000Z,target-kali-01,5501,3,authentication_success|pam|syslog,pam,T1078,journald,0,0,0,0,0,0,0,0,0,0,1,0,19,19,1,0,37,0,0,108,3,20,6,1
wazuh-1788725588.2358238,2026-09-06T20:13:08.028000Z,lab-sensor-01,5710,5,authentication_failed|invalid_login|sshd|syslog,sshd,T1021.004|T1110.001,journald,52700,0,1,0,0,0,1,0,0,0,1,0,14,8,7,1,15,0,0,73,10,20,6,1
wazuh-1788725588.2358787,2026-09-06T20:13:08.976000Z,target-kali-01,5501,3,authentication_success|pam|syslog,pam,T1078,journald,0,0,0,0,0,0,0,0,0,0,1,0,18,18,1,0,37,0,0,107,3,20,6,1
wazuh-1788725592.2359230,2026-09-06T20:13:12.032000Z,lab-sensor-01,5710,5,authentication_failed|invalid_login|sshd|syslog,sshd,T1021.004|T1110.001,journald,52704,0,1,0,0,0,1,0,0,0,1,0,15,9,7,1,16,0,0,74,10,20,6,1
wazuh-1788725594.2359779,2026-09-06T20:13:14.034000Z,lab-sensor-01,5710,5,authentication_failed|invalid_login|sshd|syslog,sshd,T1021.004|T1110.001,journald,52720,0,1,0,0,0,1,0,0,0,1,0,16,10,7,1,17,0,0,75,10,20,6,1
wazuh-1788725609.2360328,2026-09-06T20:13:29.553000Z,target-kali-01,5501,3,authentication_success|pam|syslog,pam,T1078,journald,0,0,0,0,0,0,0,0,0,0,1,0,18,18,1,0,36,0,0,107,3,20,6,1
wazuh-1788725610.2360771,2026-09-06T20:13:30.080000Z,lab-sensor-01,5710,5,authentication_failed|invalid_login|sshd|syslog,sshd,T1021.004|T1110.001,journald,59884,0,1,0,0,0,1,0,0,0,1,0,17,11,7,1,18,0,0,76,10,20,6,1
wazuh-1788725612.2361320,2026-09-06T20:13:32.082000Z,lab-sensor-01,5710,5,authentication_failed|invalid_login|sshd|syslog,sshd,T1021.004|T1110.001,journald,59888,0,1,0,0,0,1,0,0,0,1,0,18,12,7,1,19,0,0,77,10,20,6,1
wazuh-1788725616.2361869,2026-09-06T20:13:36.087000Z,lab-sensor-01,5710,5,authentication_failed|invalid_login|sshd|syslog,sshd,T1021.004|T1110.001,journald,59904,0,1,0,0,0,1,0,0,0,1,0,19,13,7,1,20,0,0,78,10,20,6,1
wazuh-1788725630.2362418,2026-09-06T20:13:50.557000Z,target-kali-01,5501,3,authentication_success|pam|syslog,pam,T1078,journald,0,0,0,0,0,0,0,0,0,0,1,0,18,18,1,0,36,0,0,106,3,20,6,1
wazuh-1788725636.2362861,2026-09-06T20:13:56.714000Z,film-laptop,591,3,ossec,ossec,none,logcollector,0,0,0,0,0,0,0,0,0,0,0,0,18,0,5,0,4,0,2,4,3,20,6,1
wazuh-1788725650.2363234,2026-09-06T20:14:10.622000Z,target-kali-01,5501,3,authentication_success|pam|syslog,pam,T1078,journald,0,0,0,0,0,0,0,0,0,0,1,0,18,18,1,0,36,0,0,106,3,20,6,1
wazuh-1788725663.2363677,2026-09-06T20:14:23.520000Z,target-kali-01,5501,3,authentication_success|pam|syslog,pam,T1078,journald,0,0,0,0,0,0,0,0,0,0,1,0,18,18,1,0,36,0,0,106,3,20,6,1
wazuh-1788725677.2364120,2026-09-06T20:14:37.685000Z,target-kali-01,5501,3,authentication_success|pam|syslog,pam,T1078,journald,0,0,0,0,0,0,0,0,0,0,1,0,18,18,1,0,37,0,0,106,3,20,6,1
wazuh-1788725680.2364563,2026-09-06T20:14:40.022000Z,lab-sensor-01,31101,5,accesslog|attack|web,web-accesslog,none,/var/log/apache2/access.log,0,0,1,0,0,0,1,0,0,0,0,0,14,3,7,1,21,0,0,76,10,20,6,1
wazuh-1788725682.2365005,2026-09-06T20:14:42.027000Z,lab-sensor-01,31101,5,accesslog|attack|web,web-accesslog,none,/var/log/apache2/access.log,0,0,1,0,0,0,1,0,0,0,0,0,15,4,7,1,21,0,0,76,10,20,6,1
wazuh-1788725684.2365447,2026-09-06T20:14:44.028000Z,lab-sensor-01,31101,5,accesslog|attack|web,web-accesslog,none,/var/log/apache2/access.log,0,0,1,0,0,0,1,0,0,0,0,0,16,5,7,1,21,0,0,76,10,20,6,1
wazuh-1788725686.2365895,2026-09-06T20:14:46.031000Z,lab-sensor-01,30305,5,access_denied|apache|web,apache-errorlog,none,/var/log/apache2/error.log,60774,0,1,0,0,0,1,0,0,0,0,0,17,1,7,1,21,0,0,76,10,20,6,1
wazuh-1788725686.2366495,2026-09-06T20:14:46.031000Z,lab-sensor-01,31516,6,appsec|attack|web,web-accesslog,T1055,/var/log/apache2/access.log,0,0,1,0,0,0,1,0,0,0,0,0,18,1,7,1,21,0,0,76,10,20,6,1
wazuh-1788725701.2366938,2026-09-06T20:15:01.907000Z,target-kali-01,5501,3,authentication_success|pam|syslog,pam,T1078,journald,0,0,0,0,0,0,0,0,0,0,1,0,17,17,1,0,36,0,0,106,3,20,6,1
wazuh-1788725702.2367381,2026-09-06T20:15:02.095000Z,lab-sensor-01,31104,6,accesslog|attack|web,web-accesslog,T1055|T1083|T1190,/var/log/apache2/access.log,0,0,1,0,0,0,1,0,0,0,0,0,19,0,7,1,21,0,0,75,10,20,6,1
wazuh-1788725706.2367840,2026-09-06T20:15:06.059000Z,lab-sensor-01,31106,6,accesslog|attack|web,web-accesslog,T1190,/var/log/apache2/access.log,0,0,1,0,0,0,1,0,0,0,0,0,20,0,7,1,21,0,0,76,10,20,6,1
wazuh-1788725724.2368325,2026-09-06T20:15:24.055000Z,target-kali-01,5501,3,authentication_success|pam|syslog,pam,T1078,journald,0,0,0,0,0,0,0,0,0,0,1,0,17,17,1,0,36,0,0,105,3,20,6,1
wazuh-1788725738.2368768,2026-09-06T20:15:38.150000Z,target-kali-01,5501,3,authentication_success|pam|syslog,pam,T1078,journald,0,0,0,0,0,0,0,0,0,0,1,0,17,17,1,0,35,0,0,106,3,20,6,1
wazuh-1788725752.2369211,2026-09-06T20:15:52.215000Z,target-kali-01,5501,3,authentication_success|pam|syslog,pam,T1078,journald,0,0,0,0,0,0,0,0,0,0,1,0,17,17,1,0,36,0,0,106,3,20,6,1
wazuh-1788725772.2369654,2026-09-06T20:16:12.096000Z,target-kali-01,5501,3,authentication_success|pam|syslog,pam,T1078,journald,0,0,0,0,0,0,0,0,0,0,1,0,17,17,1,0,35,0,0,105,3,20,6,1
wazuh-1788725782.2370097,2026-09-06T20:16:22.106000Z,target-kali-01,5501,3,authentication_success|pam|syslog,pam,T1078,journald,0,0,0,0,0,0,0,0,0,0,1,0,18,18,1,0,35,0,0,106,3,20,6,1
wazuh-1788725803.2370540,2026-09-06T20:16:43.044000Z,target-kali-01,5501,3,authentication_success|pam|syslog,pam,T1078,journald,0,0,0,0,0,0,0,0,0,0,1,0,18,18,1,0,35,0,0,106,3,20,6,1
wazuh-1788725816.2370983,2026-09-06T20:16:56.071000Z,target-kali-01,5501,3,authentication_success|pam|syslog,pam,T1078,journald,0,0,0,0,0,0,0,0,0,0,1,0,17,17,1,0,35,0,0,106,3,20,6,1
wazuh-1788725816.2371426,2026-09-06T20:16:56.472000Z,lab-sensor-01,31101,5,accesslog|attack|web,web-accesslog,none,/var/log/apache2/access.log,0,0,1,0,0,0,1,0,0,0,0,0,13,3,7,1,20,0,0,69,10,20,6,1
wazuh-1788725818.2371868,2026-09-06T20:16:58.484000Z,lab-sensor-01,31101,5,accesslog|attack|web,web-accesslog,none,/var/log/apache2/access.log,0,0,1,0,0,0,1,0,0,0,0,0,14,4,7,1,19,0,0,69,10,20,6,1
wazuh-1788725820.2372310,2026-09-06T20:17:00.491000Z,lab-sensor-01,31101,5,accesslog|attack|web,web-accesslog,none,/var/log/apache2/access.log,0,0,1,0,0,0,1,0,0,0,0,0,15,5,7,1,18,0,0,69,10,20,6,1
wazuh-1788725822.2372758,2026-09-06T20:17:02.495000Z,lab-sensor-01,30305,5,access_denied|apache|web,apache-errorlog,none,/var/log/apache2/error.log,42158,0,1,0,0,0,1,0,0,0,0,0,16,1,7,1,18,0,0,69,10,20,6,1
wazuh-1788725822.2373358,2026-09-06T20:17:02.498000Z,lab-sensor-01,31516,6,appsec|attack|web,web-accesslog,T1055,/var/log/apache2/access.log,0,0,1,0,0,0,1,0,0,0,0,0,17,1,7,1,18,0,0,69,10,20,6,1
wazuh-1788725834.2373801,2026-09-06T20:17:14.535000Z,lab-sensor-01,5710,5,authentication_failed|invalid_login|sshd|syslog,sshd,T1021.004|T1110.001,journald,60542,0,1,0,0,0,1,0,0,0,1,0,18,6,7,1,18,0,0,70,10,20,6,1
wazuh-1788725836.2374350,2026-09-06T20:17:16.102000Z,target-kali-01,5501,3,authentication_success|pam|syslog,pam,T1078,journald,0,0,0,0,0,0,0,0,0,0,1,0,17,17,1,0,35,0,0,106,3,20,6,1
wazuh-1788725838.2374793,2026-09-06T20:17:18.544000Z,lab-sensor-01,5710,5,authentication_failed|invalid_login|sshd|syslog,sshd,T1021.004|T1110.001,journald,51864,0,1,0,0,0,1,0,0,0,1,0,19,7,7,1,19,0,0,71,10,20,6,1
wazuh-1788725842.2375342,2026-09-06T20:17:22.549000Z,lab-sensor-01,5710,5,authentication_failed|invalid_login|sshd|syslog,sshd,T1021.004|T1110.001,journald,51880,0,1,0,0,0,1,0,0,0,1,0,20,8,7,1,20,0,0,72,10,20,6,1
wazuh-1788725856.2375891,2026-09-06T20:17:36.610000Z,lab-sensor-01,31104,6,accesslog|attack|web,web-accesslog,T1055|T1083|T1190,/var/log/apache2/access.log,0,0,1,0,0,0,1,0,0,0,0,0,21,1,7,1,20,0,0,73,10,20,6,1
wazuh-1788725858.2376350,2026-09-06T20:17:38.186000Z,target-kali-01,5501,3,authentication_success|pam|syslog,pam,T1078,journald,0,0,0,0,0,0,0,0,0,0,1,0,17,17,1,0,35,0,0,106,3,20,6,1
wazuh-1788725860.2376793,2026-09-06T20:17:40.576000Z,lab-sensor-01,31106,6,accesslog|attack|web,web-accesslog,T1190,/var/log/apache2/access.log,0,0,1,0,0,0,1,0,0,0,0,0,22,1,7,1,19,0,0,74,10,20,6,1
wazuh-1788725878.2377278,2026-09-06T20:17:58.538000Z,target-kali-01,5501,3,authentication_success|pam|syslog,pam,T1078,journald,0,0,0,0,0,0,0,0,0,0,1,0,16,16,1,0,35,0,0,105,3,20,6,1
wazuh-1788725892.2377721,2026-09-06T20:18:12.972000Z,target-kali-01,5501,3,authentication_success|pam|syslog,pam,T1078,journald,0,0,0,0,0,0,0,0,0,0,1,0,16,16,1,0,35,0,0,106,3,20,6,1
wazuh-1788725905.2378164,2026-09-06T20:18:25.244000Z,target-kali-01,5501,3,authentication_success|pam|syslog,pam,T1078,journald,0,0,0,0,0,0,0,0,0,0,1,0,17,17,1,0,35,0,0,106,3,20,6,1
wazuh-1788725917.2378607,2026-09-06T20:18:37.467000Z,target-kali-01,5501,3,authentication_success|pam|syslog,pam,T1078,journald,0,0,0,0,0,0,0,0,0,0,1,0,17,17,1,0,36,0,0,106,3,20,6,1
wazuh-1788725918.2379050,2026-09-06T20:18:38.457000Z,lab-sensor-01,31101,5,accesslog|attack|web,web-accesslog,none,/var/log/apache2/access.log,0,0,1,0,0,0,1,0,0,0,0,0,17,6,7,1,18,0,0,73,10,20,6,1
wazuh-1788725920.2379492,2026-09-06T20:18:40.461000Z,lab-sensor-01,31101,5,accesslog|attack|web,web-accesslog,none,/var/log/apache2/access.log,0,0,1,0,0,0,1,0,0,0,0,0,18,7,7,1,17,0,0,73,10,20,6,1
wazuh-1788725922.2379934,2026-09-06T20:18:42.462000Z,lab-sensor-01,31101,5,accesslog|attack|web,web-accesslog,none,/var/log/apache2/access.log,0,0,1,0,0,0,1,0,0,0,0,0,19,8,6,0,16,0,0,73,6,20,6,1
wazuh-1788725924.2380382,2026-09-06T20:18:44.464000Z,lab-sensor-01,30305,5,access_denied|apache|web,apache-errorlog,none,/var/log/apache2/error.log,33678,0,1,0,0,0,1,0,0,0,0,0,20,2,6,0,16,0,0,73,6,20,6,1
wazuh-1788725924.2380982,2026-09-06T20:18:44.464000Z,lab-sensor-01,31516,6,appsec|attack|web,web-accesslog,T1055,/var/log/apache2/access.log,0,0,1,0,0,0,1,0,0,0,0,0,21,2,6,0,16,0,0,73,6,20,6,1
wazuh-1788725939.2381425,2026-09-06T20:18:59.848000Z,target-kali-01,5501,3,authentication_success|pam|syslog,pam,T1078,journald,0,0,0,0,0,0,0,0,0,0,1,0,17,17,1,0,35,0,0,106,3,20,6,1
wazuh-1788725950.2381868,2026-09-06T20:19:10.804000Z,target-kali-01,5501,3,authentication_success|pam|syslog,pam,T1078,journald,0,0,0,0,0,0,0,0,0,0,1,0,17,17,1,0,36,0,0,106,3,20,6,1
wazuh-1788725967.2382311,2026-09-06T20:19:27.497000Z,target-kali-01,5501,3,authentication_success|pam|syslog,pam,T1078,journald,0,0,0,0,0,0,0,0,0,0,1,0,17,17,1,0,36,0,0,106,3,20,6,1
wazuh-1788725980.2382754,2026-09-06T20:19:40.052000Z,target-kali-01,5501,3,authentication_success|pam|syslog,pam,T1078,journald,0,0,0,0,0,0,0,0,0,0,1,0,17,17,1,0,36,0,0,106,3,20,6,1
wazuh-1788725982.2383197,2026-09-06T20:19:42.570000Z,lab-sensor-01,31101,5,accesslog|attack|web,web-accesslog,none,/var/log/apache2/access.log,0,0,1,0,0,0,1,0,0,0,0,0,20,7,6,0,12,0,0,74,6,20,6,1
wazuh-1788725984.2383639,2026-09-06T20:19:44.573000Z,lab-sensor-01,31101,5,accesslog|attack|web,web-accesslog,none,/var/log/apache2/access.log,0,0,1,0,0,0,1,0,0,0,0,0,20,7,6,0,12,0,0,74,6,20,6,1
wazuh-1788725986.2384081,2026-09-06T20:19:46.578000Z,lab-sensor-01,31101,5,accesslog|attack|web,web-accesslog,none,/var/log/apache2/access.log,0,0,1,0,0,0,1,0,0,0,0,0,19,8,6,0,12,0,0,74,6,20,6,1
wazuh-1788725988.2384529,2026-09-06T20:19:48.580000Z,lab-sensor-01,30305,5,access_denied|apache|web,apache-errorlog,none,/var/log/apache2/error.log,38082,0,1,0,0,0,1,0,0,0,0,0,20,2,6,0,12,0,0,74,6,20,6,1
wazuh-1788725988.2385129,2026-09-06T20:19:48.580000Z,lab-sensor-01,31516,6,appsec|attack|web,web-accesslog,T1055,/var/log/apache2/access.log,0,0,1,0,0,0,1,0,0,0,0,0,21,2,6,0,12,0,0,74,6,20,6,1
wazuh-1788726004.2385572,2026-09-06T20:20:04.119000Z,target-kali-01,5501,3,authentication_success|pam|syslog,pam,T1078,journald,0,0,0,0,0,0,0,0,0,0,1,0,17,17,1,0,35,0,0,106,3,20,6,1
wazuh-1788726020.2386015,2026-09-06T20:20:20.754000Z,film-laptop,591,3,ossec,ossec,none,logcollector,0,0,0,0,0,0,0,0,0,0,0,0,0,0,5,0,4,0,2,4,3,20,6,1
wazuh-1788726022.2386388,2026-09-06T20:20:22.281000Z,target-kali-01,5501,3,authentication_success|pam|syslog,pam,T1078,journald,0,0,0,0,0,0,0,0,0,0,1,0,18,18,1,0,35,0,0,105,3,20,6,1
wazuh-1788726043.2386831,2026-09-06T20:20:43.221000Z,target-kali-01,5501,3,authentication_success|pam|syslog,pam,T1078,journald,0,0,0,0,0,0,0,0,0,0,1,0,17,17,1,0,34,0,0,105,3,20,6,1
wazuh-1788726059.2387274,2026-09-06T20:20:59.287000Z,target-kali-01,5501,3,authentication_success|pam|syslog,pam,T1078,journald,0,0,0,0,0,0,0,0,0,0,1,0,17,17,1,0,35,0,0,106,3,20,6,1
wazuh-1788726072.2387717,2026-09-06T20:21:12.287000Z,target-kali-01,5501,3,authentication_success|pam|syslog,pam,T1078,journald,0,0,0,0,0,0,0,0,0,0,1,0,17,17,1,0,35,0,0,106,3,20,6,1
wazuh-1788726082.2388160,2026-09-06T20:21:22.328000Z,target-kali-01,5501,3,authentication_success|pam|syslog,pam,T1078,journald,0,0,0,0,0,0,0,0,0,0,1,0,17,17,1,0,36,0,0,106,3,20,6,1
wazuh-1788726084.2388603,2026-09-06T20:21:24.788000Z,lab-sensor-01,31101,5,accesslog|attack|web,web-accesslog,none,/var/log/apache2/access.log,0,0,1,0,0,0,1,0,0,0,0,0,20,9,6,0,11,0,0,72,6,20,6,1
wazuh-1788726086.2389045,2026-09-06T20:21:26.807000Z,lab-sensor-01,31101,5,accesslog|attack|web,web-accesslog,none,/var/log/apache2/access.log,0,0,1,0,0,0,1,0,0,0,0,0,21,10,6,0,10,0,0,72,6,20,6,1
wazuh-1788726088.2389487,2026-09-06T20:21:28.809000Z,lab-sensor-01,31101,5,accesslog|attack|web,web-accesslog,none,/var/log/apache2/access.log,0,0,1,0,0,0,1,0,0,0,0,0,22,11,6,0,10,0,0,72,6,20,6,1
wazuh-1788726090.2389935,2026-09-06T20:21:30.829000Z,lab-sensor-01,30305,5,access_denied|apache|web,apache-errorlog,none,/var/log/apache2/error.log,53444,0,1,0,0,0,1,0,0,0,0,0,23,3,6,0,9,0,0,72,6,20,6,1
wazuh-1788726090.2390535,2026-09-06T20:21:30.830000Z,lab-sensor-01,31516,6,appsec|attack|web,web-accesslog,T1055,/var/log/apache2/access.log,0,0,1,0,0,0,1,0,0,0,0,0,24,3,6,0,9,0,0,72,6,20,6,1
wazuh-1788726102.2390978,2026-09-06T20:21:42.375000Z,target-kali-01,5501,3,authentication_success|pam|syslog,pam,T1078,journald,0,0,0,0,0,0,0,0,0,0,1,0,18,18,1,0,36,0,0,105,3,20,6,1
wazuh-1788726120.2391421,2026-09-06T20:22:00.469000Z,target-kali-01,5501,3,authentication_success|pam|syslog,pam,T1078,journald,0,0,0,0,0,0,0,0,0,0,1,0,17,17,1,0,35,0,0,105,3,20,6,1
wazuh-1788726122.2391864,2026-09-06T20:22:02.881000Z,lab-sensor-01,31101,5,accesslog|attack|web,web-accesslog,none,/var/log/apache2/access.log,0,0,1,0,0,0,1,0,0,0,0,0,20,9,6,0,9,0,0,71,6,20,6,1
wazuh-1788726124.2392306,2026-09-06T20:22:04.912000Z,lab-sensor-01,31101,5,accesslog|attack|web,web-accesslog,none,/var/log/apache2/access.log,0,0,1,0,0,0,1,0,0,0,0,0,21,10,6,0,9,0,0,71,6,20,6,1
wazuh-1788726126.2392748,2026-09-06T20:22:06.916000Z,lab-sensor-01,31101,5,accesslog|attack|web,web-accesslog,none,/var/log/apache2/access.log,0,0,1,0,0,0,1,0,0,0,0,0,22,11,6,0,9,0,0,71,6,20,6,1
wazuh-1788726128.2393196,2026-09-06T20:22:08.920000Z,lab-sensor-01,30305,5,access_denied|apache|web,apache-errorlog,none,/var/log/apache2/error.log,60780,0,1,0,0,0,1,0,0,0,0,0,23,3,6,0,9,0,0,71,6,20,6,1
wazuh-1788726128.2393796,2026-09-06T20:22:08.920000Z,lab-sensor-01,31516,6,appsec|attack|web,web-accesslog,T1055,/var/log/apache2/access.log,0,0,1,0,0,0,1,0,0,0,0,0,24,3,6,0,9,0,0,71,6,20,6,1
wazuh-1788726142.2394239,2026-09-06T20:22:22.583000Z,target-kali-01,5501,3,authentication_success|pam|syslog,pam,T1078,journald,0,0,0,0,0,0,0,0,0,0,1,0,17,17,1,0,35,0,0,105,3,20,6,1
wazuh-1788726153.2394682,2026-09-06T20:22:33.164000Z,target-kali-01,5501,3,authentication_success|pam|syslog,pam,T1078,journald,0,0,0,0,0,0,0,0,0,0,1,0,18,18,1,0,35,0,0,106,3,20,6,1
wazuh-1788726168.2395125,2026-09-06T20:22:48.066000Z,target-kali-01,5501,3,authentication_success|pam|syslog,pam,T1078,journald,0,0,0,0,0,0,0,0,0,0,1,0,18,18,1,0,35,0,0,106,3,20,6,1
wazuh-1788726177.2395568,2026-09-06T20:22:57.227000Z,target-kali-01,5501,3,authentication_success|pam|syslog,pam,T1078,journald,0,0,0,0,0,0,0,0,0,0,1,0,19,19,1,0,35,0,0,106,3,20,6,1
wazuh-1788726192.2396011,2026-09-06T20:23:12.037000Z,target-kali-01,5501,3,authentication_success|pam|syslog,pam,T1078,journald,0,0,0,0,0,0,0,0,0,0,1,0,19,19,1,0,35,0,0,106,3,20,6,1
wazuh-1788726193.2396454,2026-09-06T20:23:13.298000Z,lab-sensor-01,5710,5,authentication_failed|invalid_login|sshd|syslog,sshd,T1021.004|T1110.001,journald,44868,0,1,0,0,0,1,0,0,0,1,0,20,0,6,0,7,0,0,71,6,20,6,1
wazuh-1788726195.2397003,2026-09-06T20:23:15.301000Z,lab-sensor-01,5710,5,authentication_failed|invalid_login|sshd|syslog,sshd,T1021.004|T1110.001,journald,44878,0,1,0,0,0,1,0,0,0,1,0,21,1,6,0,7,0,0,72,6,20,6,1
wazuh-1788726199.2397552,2026-09-06T20:23:19.307000Z,lab-sensor-01,5710,5,authentication_failed|invalid_login|sshd|syslog,sshd,T1021.004|T1110.001,journald,55568,0,1,0,0,0,1,0,0,0,1,0,22,2,6,0,8,0,0,73,6,20,6,1
wazuh-1788726212.2398101,2026-09-06T20:23:32.137000Z,target-kali-01,5501,3,authentication_success|pam|syslog,pam,T1078,journald,0,0,0,0,0,0,0,0,0,0,1,0,18,18,1,0,35,0,0,106,3,20,6,1
wazuh-1788726213.2398544,2026-09-06T20:23:33.088000Z,lab-sensor-01,31104,6,accesslog|attack|web,web-accesslog,T1055|T1083|T1190,/var/log/apache2/access.log,0,0,1,0,0,0,1,0,0,0,0,0,23,0,6,0,7,0,0,74,6,20,6,1
wazuh-1788726217.2399003,2026-09-06T20:23:37.060000Z,lab-sensor-01,31106,6,accesslog|attack|web,web-accesslog,T1190,/var/log/apache2/access.log,0,0,1,0,0,0,1,0,0,0,0,0,24,0,6,0,6,0,0,75,6,20,6,1
wazuh-1788726234.2399488,2026-09-06T20:23:54.807000Z,target-kali-01,5501,3,authentication_success|pam|syslog,pam,T1078,journald,0,0,0,0,0,0,0,0,0,0,1,0,18,18,1,0,35,0,0,105,3,20,6,1
wazuh-1788726237.2399931,2026-09-06T20:23:57.107000Z,lab-sensor-01,31101,5,accesslog|attack|web,web-accesslog,none,/var/log/apache2/access.log,0,0,1,0,0,0,1,0,0,0,0,0,20,9,6,0,6,0,0,74,6,20,6,1
wazuh-1788726239.2400373,2026-09-06T20:23:59.105000Z,lab-sensor-01,31101,5,accesslog|attack|web,web-accesslog,none,/var/log/apache2/access.log,0,0,1,0,0,0,1,0,0,0,0,0,21,10,6,0,6,0,0,74,6,20,6,1
wazuh-1788726241.2400815,2026-09-06T20:24:01.108000Z,lab-sensor-01,31101,5,accesslog|attack|web,web-accesslog,none,/var/log/apache2/access.log,0,0,1,0,0,0,1,0,0,0,0,0,22,11,6,0,6,0,0,74,6,20,6,1
wazuh-1788726243.2401263,2026-09-06T20:24:03.111000Z,lab-sensor-01,30305,5,access_denied|apache|web,apache-errorlog,none,/var/log/apache2/error.log,33906,0,1,0,0,0,1,0,0,0,0,0,23,3,6,0,6,0,0,74,6,20,6,1
wazuh-1788726243.2401863,2026-09-06T20:24:03.111000Z,lab-sensor-01,31516,6,appsec|attack|web,web-accesslog,T1055,/var/log/apache2/access.log,0,0,1,0,0,0,1,0,0,0,0,0,24,3,6,0,6,0,0,74,6,20,6,1
wazuh-1788726256.2402306,2026-09-06T20:24:16.888000Z,target-kali-01,5501,3,authentication_success|pam|syslog,pam,T1078,journald,0,0,0,0,0,0,0,0,0,0,1,0,17,17,1,0,35,0,0,105,3,20,6,1
wazuh-1788726274.2402749,2026-09-06T20:24:34.994000Z,target-kali-01,5501,3,authentication_success|pam|syslog,pam,T1078,journald,0,0,0,0,0,0,0,0,0,0,1,0,17,17,1,0,35,0,0,105,3,20,6,1
wazuh-1788726291.2403192,2026-09-06T20:24:51.380000Z,target-kali-01,5501,3,authentication_success|pam|syslog,pam,T1078,journald,0,0,0,0,0,0,0,0,0,0,1,0,17,17,1,0,35,0,0,105,3,20,6,1
wazuh-1788726303.2403635,2026-09-06T20:25:03.519000Z,target-kali-01,5501,3,authentication_success|pam|syslog,pam,T1078,journald,0,0,0,0,0,0,0,0,0,0,1,0,18,18,1,0,35,0,0,106,3,20,6,1
wazuh-1788726305.2404078,2026-09-06T20:25:05.218000Z,lab-sensor-01,31101,5,accesslog|attack|web,web-accesslog,none,/var/log/apache2/access.log,0,0,1,0,0,0,1,0,0,0,0,0,20,9,6,0,6,0,0,70,6,20,6,1
wazuh-1788726307.2404520,2026-09-06T20:25:07.220000Z,lab-sensor-01,31101,5,accesslog|attack|web,web-accesslog,none,/var/log/apache2/access.log,0,0,1,0,0,0,1,0,0,0,0,0,21,10,6,0,6,0,0,70,6,20,6,1
wazuh-1788726309.2404962,2026-09-06T20:25:09.223000Z,lab-sensor-01,31101,5,accesslog|attack|web,web-accesslog,none,/var/log/apache2/access.log,0,0,1,0,0,0,1,0,0,0,0,0,22,11,6,0,6,0,0,70,6,20,6,1
wazuh-1788726311.2405410,2026-09-06T20:25:11.226000Z,lab-sensor-01,30305,5,access_denied|apache|web,apache-errorlog,none,/var/log/apache2/error.log,45636,0,1,0,0,0,1,0,0,0,0,0,23,3,6,0,6,0,0,70,6,20,6,1
wazuh-1788726311.2406010,2026-09-06T20:25:11.229000Z,lab-sensor-01,31516,6,appsec|attack|web,web-accesslog,T1055,/var/log/apache2/access.log,0,0,1,0,0,0,1,0,0,0,0,0,24,3,6,0,6,0,0,70,6,20,6,1
wazuh-1788726328.2406453,2026-09-06T20:25:28.251000Z,target-kali-01,5501,3,authentication_success|pam|syslog,pam,T1078,journald,0,0,0,0,0,0,0,0,0,0,1,0,17,17,1,0,35,0,0,105,3,20,6,1
wazuh-1788726329.2406896,2026-09-06T20:25:29.252000Z,lab-sensor-01,31101,5,accesslog|attack|web,web-accesslog,none,/var/log/apache2/access.log,0,0,1,0,0,0,1,0,0,0,0,0,25,12,6,0,6,0,0,71,6,20,6,1
wazuh-1788726331.2407338,2026-09-06T20:25:31.254000Z,lab-sensor-01,31101,5,accesslog|attack|web,web-accesslog,none,/var/log/apache2/access.log,0,0,1,0,0,0,1,0,0,0,0,0,26,13,6,0,6,0,0,71,6,20,6,1
wazuh-1788726333.2407780,2026-09-06T20:25:33.257000Z,lab-sensor-01,31101,5,accesslog|attack|web,web-accesslog,none,/var/log/apache2/access.log,0,0,1,0,0,0,1,0,0,0,0,0,27,14,6,0,6,0,0,71,6,20,6,1
wazuh-1788726335.2408228,2026-09-06T20:25:35.259000Z,lab-sensor-01,30305,5,access_denied|apache|web,apache-errorlog,none,/var/log/apache2/error.log,59542,0,1,0,0,0,1,0,0,0,0,0,28,4,6,0,6,0,0,71,6,20,6,1
wazuh-1788726335.2408828,2026-09-06T20:25:35.259000Z,lab-sensor-01,31516,6,appsec|attack|web,web-accesslog,T1055,/var/log/apache2/access.log,0,0,1,0,0,0,1,0,0,0,0,0,29,4,6,0,6,0,0,71,6,20,6,1
wazuh-1788726340.2409271,2026-09-06T20:25:40.786000Z,film-laptop,591,3,ossec,ossec,none,logcollector,0,0,0,0,0,0,0,0,0,0,0,0,0,0,1,0,0,0,2,4,3,20,6,1
wazuh-1788726348.2409644,2026-09-06T20:25:48.720000Z,target-kali-01,5501,3,authentication_success|pam|syslog,pam,T1078,journald,0,0,0,0,0,0,0,0,0,0,1,0,17,17,1,0,35,0,0,106,3,20,6,1
wazuh-1788726359.2410087,2026-09-06T20:25:59.626000Z,lab-sensor-01,5710,5,authentication_failed|invalid_login|sshd|syslog,sshd,T1021.004|T1110.001,journald,53182,0,1,0,0,0,1,0,0,0,1,0,30,3,6,0,6,0,0,70,6,20,6,1
wazuh-1788726360.2410636,2026-09-06T20:26:00.771000Z,target-kali-01,5501,3,authentication_success|pam|syslog,pam,T1078,journald,0,0,0,0,0,0,0,0,0,0,1,0,17,17,1,0,35,0,0,106,3,20,6,1
wazuh-1788726363.2411079,2026-09-06T20:26:03.635000Z,lab-sensor-01,5710,5,authentication_failed|invalid_login|sshd|syslog,sshd,T1021.004|T1110.001,journald,53186,0,1,0,0,0,1,0,0,0,1,0,31,4,6,0,7,0,0,71,6,20,6,1
wazuh-1788726365.2411628,2026-09-06T20:26:05.640000Z,lab-sensor-01,5710,5,authentication_failed|invalid_login|sshd|syslog,sshd,T1021.004|T1110.001,journald,53190,0,1,0,0,0,1,0,0,0,1,0,32,5,6,0,8,0,0,72,6,20,6,1
wazuh-1788726380.2412177,2026-09-06T20:26:20.454000Z,target-kali-01,5501,3,authentication_success|pam|syslog,pam,T1078,journald,0,0,0,0,0,0,0,0,0,0,1,0,17,17,1,0,35,0,0,106,3,20,6,1
wazuh-1788726393.2412620,2026-09-06T20:26:33.169000Z,target-kali-01,5501,3,authentication_success|pam|syslog,pam,T1078,journald,0,0,0,0,0,0,0,0,0,0,1,0,17,17,1,0,35,0,0,105,3,20,6,1
wazuh-1788726395.2413063,2026-09-06T20:26:35.353000Z,lab-sensor-01,31101,5,accesslog|attack|web,web-accesslog,none,/var/log/apache2/access.log,0,0,1,0,0,0,1,0,0,0,0,0,28,12,6,0,9,0,0,73,6,20,6,1
wazuh-1788726397.2413505,2026-09-06T20:26:37.355000Z,lab-sensor-01,31101,5,accesslog|attack|web,web-accesslog,none,/var/log/apache2/access.log,0,0,1,0,0,0,1,0,0,0,0,0,29,13,6,0,9,0,0,73,6,20,6,1
wazuh-1788726399.2413947,2026-09-06T20:26:39.358000Z,lab-sensor-01,31101,5,accesslog|attack|web,web-accesslog,none,/var/log/apache2/access.log,0,0,1,0,0,0,1,0,0,0,0,0,30,14,6,0,9,0,0,73,6,20,6,1
wazuh-1788726401.2414395,2026-09-06T20:26:41.363000Z,lab-sensor-01,30305,5,access_denied|apache|web,apache-errorlog,none,/var/log/apache2/error.log,43102,0,1,0,0,0,1,0,0,0,0,0,31,4,6,0,9,0,0,73,6,20,6,1
wazuh-1788726401.2414995,2026-09-06T20:26:41.404000Z,lab-sensor-01,31516,6,appsec|attack|web,web-accesslog,T1055,/var/log/apache2/access.log,0,0,1,0,0,0,1,0,0,0,0,0,32,4,6,0,9,0,0,73,6,20,6,1
wazuh-1788726415.2415438,2026-09-06T20:26:55.545000Z,target-kali-01,5501,3,authentication_success|pam|syslog,pam,T1078,journald,0,0,0,0,0,0,0,0,0,0,1,0,17,17,1,0,35,0,0,105,3,20,6,1
wazuh-1788726429.2415881,2026-09-06T20:27:09.573000Z,target-kali-01,5501,3,authentication_success|pam|syslog,pam,T1078,journald,0,0,0,0,0,0,0,0,0,0,1,0,17,17,1,0,35,0,0,105,3,20,6,1
wazuh-1788726429.2416324,2026-09-06T20:27:09.789000Z,lab-sensor-01,5710,5,authentication_failed|invalid_login|sshd|syslog,sshd,T1021.004|T1110.001,journald,35064,0,1,0,0,0,1,0,0,0,1,0,28,6,6,0,9,0,0,71,6,20,6,1
wazuh-1788726433.2416873,2026-09-06T20:27:13.794000Z,lab-sensor-01,5710,5,authentication_failed|invalid_login|sshd|syslog,sshd,T1021.004|T1110.001,journald,35080,0,1,0,0,0,1,0,0,0,1,0,29,7,6,0,10,0,0,72,6,20,6,1
wazuh-1788726435.2417422,2026-09-06T20:27:15.797000Z,lab-sensor-01,5710,5,authentication_failed|invalid_login|sshd|syslog,sshd,T1021.004|T1110.001,journald,35090,0,1,0,0,0,1,0,0,0,1,0,30,8,6,0,10,0,0,73,6,20,6,1
wazuh-1788726450.2417971,2026-09-06T20:27:30.362000Z,target-kali-01,5501,3,authentication_success|pam|syslog,pam,T1078,journald,0,0,0,0,0,0,0,0,0,0,1,0,17,17,1,0,35,0,0,105,3,20,6,1
wazuh-1788726464.2418414,2026-09-06T20:27:44.438000Z,target-kali-01,5501,3,authentication_success|pam|syslog,pam,T1078,journald,0,0,0,0,0,0,0,0,0,0,1,0,17,17,1,0,35,0,0,106,3,20,6,1
wazuh-1788726476.2418857,2026-09-06T20:27:56.831000Z,target-kali-01,5501,3,authentication_success|pam|syslog,pam,T1078,journald,0,0,0,0,0,0,0,0,0,0,1,0,17,17,1,0,36,0,0,106,3,20,6,1
wazuh-1788726477.2419300,2026-09-06T20:27:57.896000Z,lab-sensor-01,5710,5,authentication_failed|invalid_login|sshd|syslog,sshd,T1021.004|T1110.001,journald,34748,0,1,0,0,0,1,0,0,0,1,0,31,9,6,0,9,0,0,70,6,20,6,1
wazuh-1788726479.2419849,2026-09-06T20:27:59.899000Z,lab-sensor-01,5712,10,authentication_failures|sshd|syslog,sshd,T1110,journald,48168,0,1,0,0,0,1,0,0,0,1,0,32,0,6,0,10,0,0,71,6,20,6,1
wazuh-1788726483.2421183,2026-09-06T20:28:03.906000Z,lab-sensor-01,5710,5,authentication_failed|invalid_login|sshd|syslog,sshd,T1021.004|T1110.001,journald,48176,0,1,0,0,0,1,0,0,0,1,0,33,10,7,1,11,0,0,72,10,20,6,1
wazuh-1788726498.2421732,2026-09-06T20:28:18.991000Z,target-kali-01,5501,3,authentication_success|pam|syslog,pam,T1078,journald,0,0,0,0,0,0,0,0,0,0,1,0,16,16,1,0,35,0,0,106,3,20,6,1
wazuh-1788726499.2422175,2026-09-06T20:28:19.928000Z,lab-sensor-01,31101,5,accesslog|attack|web,web-accesslog,none,/var/log/apache2/access.log,0,0,1,0,0,0,1,0,0,0,0,0,31,12,7,1,12,0,0,72,10,20,6,1
wazuh-1788726501.2422617,2026-09-06T20:28:21.943000Z,lab-sensor-01,31101,5,accesslog|attack|web,web-accesslog,none,/var/log/apache2/access.log,0,0,1,0,0,0,1,0,0,0,0,0,32,13,7,1,12,0,0,72,10,20,6,1
wazuh-1788726503.2423059,2026-09-06T20:28:23.950000Z,lab-sensor-01,31101,5,accesslog|attack|web,web-accesslog,none,/var/log/apache2/access.log,0,0,1,0,0,0,1,0,0,0,0,0,33,14,7,1,12,0,0,72,10,20,6,1
wazuh-1788726505.2423507,2026-09-06T20:28:25.954000Z,lab-sensor-01,30305,5,access_denied|apache|web,apache-errorlog,none,/var/log/apache2/error.log,45188,0,1,0,0,0,1,0,0,0,0,0,34,4,7,1,12,0,0,72,10,20,6,1
wazuh-1788726505.2424107,2026-09-06T20:28:25.954000Z,lab-sensor-01,31516,6,appsec|attack|web,web-accesslog,T1055,/var/log/apache2/access.log,0,0,1,0,0,0,1,0,0,0,0,0,35,4,7,1,12,0,0,72,10,20,6,1
wazuh-1788726522.2424550,2026-09-06T20:28:42.368000Z,target-kali-01,5501,3,authentication_success|pam|syslog,pam,T1078,journald,0,0,0,0,0,0,0,0,0,0,1,0,16,16,1,0,34,0,0,106,3,20,6,1
wazuh-1788726536.2424993,2026-09-06T20:28:56.039000Z,lab-sensor-01,5710,5,authentication_failed|invalid_login|sshd|syslog,sshd,T1021.004|T1110.001,journald,39602,0,1,0,0,0,1,0,0,0,1,0,34,8,7,1,12,0,0,70,10,20,6,1
wazuh-1788726537.2425542,2026-09-06T20:28:57.481000Z,target-kali-01,5501,3,authentication_success|pam|syslog,pam,T1078,journald,0,0,0,0,0,0,0,0,0,0,1,0,16,16,1,0,35,0,0,106,3,20,6,1
wazuh-1788726540.2425985,2026-09-06T20:29:00.047000Z,lab-sensor-01,5710,5,authentication_failed|invalid_login|sshd|syslog,sshd,T1021.004|T1110.001,journald,38272,0,1,0,0,0,1,0,0,0,1,0,33,9,7,1,13,0,0,71,10,20,6,1
wazuh-1788726542.2426534,2026-09-06T20:29:02.047000Z,lab-sensor-01,5710,5,authentication_failed|invalid_login|sshd|syslog,sshd,T1021.004|T1110.001,journald,38274,0,1,0,0,0,1,0,0,0,1,0,33,10,7,1,14,0,0,71,10,20,6,1
wazuh-1788726555.2427083,2026-09-06T20:29:15.729000Z,lab-sensor-01,31104,6,accesslog|attack|web,web-accesslog,T1055|T1083|T1190,/var/log/apache2/access.log,0,0,1,0,0,0,1,0,0,0,0,0,32,0,7,1,15,0,0,72,10,20,6,1
wazuh-1788726556.2427542,2026-09-06T20:29:16.169000Z,target-kali-01,5501,3,authentication_success|pam|syslog,pam,T1078,journald,0,0,0,0,0,0,0,0,0,0,1,0,17,17,1,0,34,0,0,107,3,20,6,1
wazuh-1788726559.2427985,2026-09-06T20:29:19.732000Z,lab-sensor-01,31106,6,accesslog|attack|web,web-accesslog,T1190,/var/log/apache2/access.log,0,0,1,0,0,0,1,0,0,0,0,0,33,0,7,1,15,0,0,73,10,20,6,1
wazuh-1788726576.2428470,2026-09-06T20:29:36.120000Z,lab-sensor-01,5710,5,authentication_failed|invalid_login|sshd|syslog,sshd,T1021.004|T1110.001,journald,60824,0,1,0,0,0,1,0,0,0,1,0,34,11,7,1,15,0,0,73,10,20,6,1
wazuh-1788726576.2429019,2026-09-06T20:29:36.229000Z,target-kali-01,5501,3,authentication_success|pam|syslog,pam,T1078,journald,0,0,0,0,0,0,0,0,0,0,1,0,16,16,1,0,34,0,0,107,3,20,6,1
wazuh-1788726578.2429462,2026-09-06T20:29:38.123000Z,lab-sensor-01,5710,5,authentication_failed|invalid_login|sshd|syslog,sshd,T1021.004|T1110.001,journald,36818,0,1,0,0,0,1,0,0,0,1,0,35,12,7,1,16,0,0,74,10,20,6,1
wazuh-1788726582.2430011,2026-09-06T20:29:42.128000Z,lab-sensor-01,5710,5,authentication_failed|invalid_login|sshd|syslog,sshd,T1021.004|T1110.001,journald,36834,0,1,0,0,0,1,0,0,0,1,0,36,13,7,1,17,0,0,74,10,20,6,1
wazuh-1788726598.2430560,2026-09-06T20:29:58.233000Z,lab-sensor-01,31104,6,accesslog|attack|web,web-accesslog,T1055|T1083|T1190,/var/log/apache2/access.log,0,0,1,0,0,0,1,0,0,0,0,0,37,1,7,1,18,0,0,74,10,20,6,1
wazuh-1788726599.2431019,2026-09-06T20:29:59.656000Z,target-kali-01,5501,3,authentication_success|pam|syslog,pam,T1078,journald,0,0,0,0,0,0,0,0,0,0,1,0,16,16,1,0,34,0,0,106,3,20,6,1
wazuh-1788726602.2431462,2026-09-06T20:30:02.237000Z,lab-sensor-01,31106,6,accesslog|attack|web,web-accesslog,T1190,/var/log/apache2/access.log,0,0,1,0,0,0,1,0,0,0,0,0,38,1,7,1,18,0,0,75,10,20,6,1
wazuh-1788726617.2431947,2026-09-06T20:30:17.813000Z,target-kali-01,5501,3,authentication_success|pam|syslog,pam,T1078,journald,0,0,0,0,0,0,0,0,0,0,1,0,16,16,1,0,34,0,0,106,3,20,6,1
wazuh-1788726631.2432390,2026-09-06T20:30:31.893000Z,target-kali-01,5501,3,authentication_success|pam|syslog,pam,T1078,journald,0,0,0,0,0,0,0,0,0,0,1,0,16,16,1,0,34,0,0,107,3,20,6,1
wazuh-1788726632.2432833,2026-09-06T20:30:32.216000Z,lab-sensor-01,5710,5,authentication_failed|invalid_login|sshd|syslog,sshd,T1021.004|T1110.001,journald,60104,0,1,0,0,0,1,0,0,0,1,0,32,14,7,1,18,0,0,73,10,20,6,1
wazuh-1788726634.2433382,2026-09-06T20:30:34.219000Z,lab-sensor-01,5712,10,authentication_failures|sshd|syslog,sshd,T1110,journald,60108,0,1,0,0,0,1,0,0,0,1,0,32,1,7,1,19,0,0,74,10,20,6,1
wazuh-1788726638.2434716,2026-09-06T20:30:38.227000Z,lab-sensor-01,5710,5,authentication_failed|invalid_login|sshd|syslog,sshd,T1021.004|T1110.001,journald,60118,0,1,0,0,0,1,0,0,0,1,0,31,15,7,2,20,0,0,75,10,20,6,1
wazuh-1788726650.2435265,2026-09-06T20:30:50.899000Z,target-kali-01,5501,3,authentication_success|pam|syslog,pam,T1078,journald,0,0,0,0,0,0,0,0,0,0,1,0,16,16,1,0,34,0,0,107,3,20,6,1
wazuh-1788726651.2435708,2026-09-06T20:30:51.957000Z,lab-sensor-01,31104,6,accesslog|attack|web,web-accesslog,T1055|T1083|T1190,/var/log/apache2/access.log,0,0,1,0,0,0,1,0,0,0,0,0,32,2,7,2,21,0,0,76,10,20,6,1
wazuh-1788726655.2436167,2026-09-06T20:30:55.921000Z,lab-sensor-01,31106,6,accesslog|attack|web,web-accesslog,T1190,/var/log/apache2/access.log,0,0,1,0,0,0,1,0,0,0,0,0,33,2,7,2,21,0,0,77,10,20,6,1
wazuh-1788726672.2436652,2026-09-06T20:31:12.672000Z,target-kali-01,5501,3,authentication_success|pam|syslog,pam,T1078,journald,0,0,0,0,0,0,0,0,0,0,1,0,16,16,1,0,33,0,0,106,3,20,6,1
wazuh-1788726691.2437095,2026-09-06T20:31:31.144000Z,target-kali-01,5501,3,authentication_success|pam|syslog,pam,T1078,journald,0,0,0,0,0,0,0,0,0,0,1,0,16,16,1,0,33,0,0,105,3,20,6,1
wazuh-1788726703.2437538,2026-09-06T20:31:43.180000Z,target-kali-01,5501,3,authentication_success|pam|syslog,pam,T1078,journald,0,0,0,0,0,0,0,0,0,0,1,0,16,16,1,0,33,0,0,106,3,20,6,1
wazuh-1788726723.2437981,2026-09-06T20:32:03.279000Z,target-kali-01,5501,3,authentication_success|pam|syslog,pam,T1078,journald,0,0,0,0,0,0,0,0,0,0,1,0,16,16,1,0,33,0,0,106,3,20,6,1
wazuh-1788726724.2438424,2026-09-06T20:32:04.825000Z,film-laptop,591,3,ossec,ossec,none,logcollector,0,0,0,0,0,0,0,0,0,0,0,0,0,0,1,0,0,0,2,4,3,20,6,1
wazuh-1788726733.2438797,2026-09-06T20:32:13.354000Z,target-kali-01,5501,3,authentication_success|pam|syslog,pam,T1078,journald,0,0,0,0,0,0,0,0,0,0,1,0,16,16,1,0,34,0,0,106,3,20,6,1
wazuh-1788726749.2439240,2026-09-06T20:32:29.690000Z,target-kali-01,5501,3,authentication_success|pam|syslog,pam,T1078,journald,0,0,0,0,0,0,0,0,0,0,1,0,17,17,1,0,34,0,0,106,3,20,6,1
wazuh-1788726752.2439683,2026-09-06T20:32:32.185000Z,lab-sensor-01,31101,5,accesslog|attack|web,web-accesslog,none,/var/log/apache2/access.log,0,0,1,0,0,0,1,0,0,0,0,0,23,3,7,2,21,0,0,74,10,20,6,1
wazuh-1788726754.2440125,2026-09-06T20:32:34.195000Z,lab-sensor-01,31101,5,accesslog|attack|web,web-accesslog,none,/var/log/apache2/access.log,0,0,1,0,0,0,1,0,0,0,0,0,24,4,7,2,21,0,0,74,10,20,6,1
wazuh-1788726756.2440567,2026-09-06T20:32:36.198000Z,lab-sensor-01,31101,5,accesslog|attack|web,web-accesslog,none,/var/log/apache2/access.log,0,0,1,0,0,0,1,0,0,0,0,0,25,5,7,2,21,0,0,74,10,20,6,1
wazuh-1788726758.2441015,2026-09-06T20:32:38.212000Z,lab-sensor-01,30305,5,access_denied|apache|web,apache-errorlog,none,/var/log/apache2/error.log,52718,0,1,0,0,0,1,0,0,0,0,0,26,1,7,2,21,0,0,74,10,20,6,1
wazuh-1788726758.2441615,2026-09-06T20:32:38.213000Z,lab-sensor-01,31516,6,appsec|attack|web,web-accesslog,T1055,/var/log/apache2/access.log,0,0,1,0,0,0,1,0,0,0,0,0,27,1,7,2,21,0,0,74,10,20,6,1
wazuh-1788726772.2442058,2026-09-06T20:32:52.225000Z,target-kali-01,5501,3,authentication_success|pam|syslog,pam,T1078,journald,0,0,0,0,0,0,0,0,0,0,1,0,16,16,1,0,33,0,0,106,3,20,6,1
wazuh-1788726784.2442501,2026-09-06T20:33:04.795000Z,target-kali-01,5501,3,authentication_success|pam|syslog,pam,T1078,journald,0,0,0,0,0,0,0,0,0,0,1,0,16,16,1,0,33,0,0,106,3,20,6,1
wazuh-1788726800.2442944,2026-09-06T20:33:20.889000Z,target-kali-01,5501,3,authentication_success|pam|syslog,pam,T1078,journald,0,0,0,0,0,0,0,0,0,0,1,0,16,16,1,0,33,0,0,106,3,20,6,1
wazuh-1788726813.2443387,2026-09-06T20:33:33.231000Z,target-kali-01,5501,3,authentication_success|pam|syslog,pam,T1078,journald,0,0,0,0,0,0,0,0,0,0,1,0,17,17,1,0,33,0,0,106,3,20,6,1
wazuh-1788726823.2443830,2026-09-06T20:33:43.461000Z,target-kali-01,5501,3,authentication_success|pam|syslog,pam,T1078,journald,0,0,0,0,0,0,0,0,0,0,1,0,17,17,1,0,34,0,0,107,3,20,6,1
wazuh-1788726842.2444273,2026-09-06T20:34:02.364000Z,target-kali-01,5501,3,authentication_success|pam|syslog,pam,T1078,journald,0,0,0,0,0,0,0,0,0,0,1,0,17,17,1,0,34,0,0,107,3,20,6,1
wazuh-1788726842.2444716,2026-09-06T20:34:02.550000Z,lab-sensor-01,5710,5,authentication_failed|invalid_login|sshd|syslog,sshd,T1021.004|T1110.001,journald,38430,0,1,0,0,0,1,0,0,0,1,0,17,5,7,2,18,0,0,73,10,20,6,1
wazuh-1788726844.2445265,2026-09-06T20:34:04.555000Z,lab-sensor-01,5710,5,authentication_failed|invalid_login|sshd|syslog,sshd,T1021.004|T1110.001,journald,38438,0,1,0,0,0,1,0,0,0,1,0,18,6,7,2,19,0,0,74,10,20,6,1
wazuh-1788726848.2445814,2026-09-06T20:34:08.564000Z,lab-sensor-01,5710,5,authentication_failed|invalid_login|sshd|syslog,sshd,T1021.004|T1110.001,journald,38454,0,1,0,0,0,1,0,0,0,1,0,19,7,7,2,20,0,0,75,10,20,6,1
wazuh-1788726860.2446363,2026-09-06T20:34:20.413000Z,target-kali-01,5501,3,authentication_success|pam|syslog,pam,T1078,journald,0,0,0,0,0,0,0,0,0,0,1,0,17,17,1,0,34,0,0,107,3,20,6,1
wazuh-1788726874.2446806,2026-09-06T20:34:34.615000Z,lab-sensor-01,5710,5,authentication_failed|invalid_login|sshd|syslog,sshd,T1021.004|T1110.001,journald,52382,0,1,0,0,0,1,0,0,0,1,0,18,8,7,2,21,0,0,76,10,20,6,1
wazuh-1788726875.2447355,2026-09-06T20:34:35.313000Z,target-kali-01,5501,3,authentication_success|pam|syslog,pam,T1078,journald,0,0,0,0,0,0,0,0,0,0,1,0,18,18,1,0,34,0,0,107,3,20,6,1
wazuh-1788726878.2447798,2026-09-06T20:34:38.620000Z,lab-sensor-01,5710,5,authentication_failed|invalid_login|sshd|syslog,sshd,T1021.004|T1110.001,journald,52394,0,1,0,0,0,1,0,0,0,1,0,17,7,7,2,22,0,0,77,10,20,6,1
wazuh-1788726880.2448347,2026-09-06T20:34:40.621000Z,lab-sensor-01,5710,5,authentication_failed|invalid_login|sshd|syslog,sshd,T1021.004|T1110.001,journald,60824,0,1,0,0,0,1,0,0,0,1,0,18,8,7,2,23,0,0,78,10,20,6,1
wazuh-1788726893.2448896,2026-09-06T20:34:53.504000Z,target-kali-01,5501,3,authentication_success|pam|syslog,pam,T1078,journald,0,0,0,0,0,0,0,0,0,0,1,0,18,18,1,0,34,0,0,107,3,20,6,1
wazuh-1788726894.2449339,2026-09-06T20:34:54.495000Z,lab-sensor-01,31104,6,accesslog|attack|web,web-accesslog,T1055|T1083|T1190,/var/log/apache2/access.log,0,0,1,0,0,0,1,0,0,0,0,0,18,2,7,2,24,0,0,79,10,20,6,1
wazuh-1788726898.2449798,2026-09-06T20:34:58.499000Z,lab-sensor-01,31106,6,accesslog|attack|web,web-accesslog,T1190,/var/log/apache2/access.log,0,0,1,0,0,0,1,0,0,0,0,0,18,2,7,2,24,0,0,80,10,20,6,1
wazuh-1788726912.2450283,2026-09-06T20:35:12.735000Z,lab-sensor-01,5710,5,authentication_failed|invalid_login|sshd|syslog,sshd,T1021.004|T1110.001,journald,41352,0,1,0,0,0,1,0,0,0,1,0,18,8,7,2,24,0,0,81,10,20,6,1
wazuh-1788726913.2450832,2026-09-06T20:35:13.517000Z,target-kali-01,5501,3,authentication_success|pam|syslog,pam,T1078,journald,0,0,0,0,0,0,0,0,0,0,1,0,18,18,1,0,34,0,0,107,3,20,6,1
wazuh-1788726916.2451275,2026-09-06T20:35:16.746000Z,lab-sensor-01,5712,10,authentication_failures|sshd|syslog,sshd,T1110,journald,41354,0,1,0,0,0,1,0,0,0,1,0,19,1,7,2,25,0,0,82,10,20,6,1
wazuh-1788726918.2452609,2026-09-06T20:35:18.763000Z,lab-sensor-01,5710,5,authentication_failed|invalid_login|sshd|syslog,sshd,T1021.004|T1110.001,journald,44146,0,1,0,0,0,1,0,0,0,1,0,20,9,7,3,26,0,0,83,10,20,6,1
wazuh-1788726934.2453158,2026-09-06T20:35:34.589000Z,target-kali-01,5501,3,authentication_success|pam|syslog,pam,T1078,journald,0,0,0,0,0,0,0,0,0,0,1,0,17,17,1,0,34,0,0,106,3,20,6,1
wazuh-1788726948.2453601,2026-09-06T20:35:48.658000Z,target-kali-01,5501,3,authentication_success|pam|syslog,pam,T1078,journald,0,0,0,0,0,0,0,0,0,0,1,0,18,18,1,0,35,0,0,106,3,20,6,1
wazuh-1788726948.2454044,2026-09-06T20:35:48.842000Z,lab-sensor-01,5710,5,authentication_failed|invalid_login|sshd|syslog,sshd,T1021.004|T1110.001,journald,47386,0,1,0,0,0,1,0,0,0,1,0,18,8,7,3,27,0,0,84,10,20,6,1
wazuh-1788726950.2454593,2026-09-06T20:35:50.845000Z,lab-sensor-01,5710,5,authentication_failed|invalid_login|sshd|syslog,sshd,T1021.004|T1110.001,journald,47394,0,1,0,0,0,1,0,0,0,1,0,19,9,7,3,28,0,0,85,10,20,6,1
wazuh-1788726954.2455142,2026-09-06T20:35:54.849000Z,lab-sensor-01,5710,5,authentication_failed|invalid_login|sshd|syslog,sshd,T1021.004|T1110.001,journald,47406,0,1,0,0,0,1,0,0,0,1,0,19,10,7,3,29,0,0,86,10,20,6,1
wazuh-1788726966.2455691,2026-09-06T20:36:06.734000Z,target-kali-01,5501,3,authentication_success|pam|syslog,pam,T1078,journald,0,0,0,0,0,0,0,0,0,0,1,0,18,18,1,0,34,0,0,105,3,20,6,1
wazuh-1788726983.2456134,2026-09-06T20:36:23.681000Z,target-kali-01,5501,3,authentication_success|pam|syslog,pam,T1078,journald,0,0,0,0,0,0,0,0,0,0,1,0,18,18,1,0,34,0,0,105,3,20,6,1
wazuh-1788726984.2456577,2026-09-06T20:36:24.948000Z,lab-sensor-01,5710,5,authentication_failed|invalid_login|sshd|syslog,sshd,T1021.004|T1110.001,journald,50192,0,1,0,0,0,1,0,0,0,1,0,19,11,7,3,27,0,0,87,10,20,6,1
wazuh-1788726986.2457126,2026-09-06T20:36:26.973000Z,lab-sensor-01,5710,5,authentication_failed|invalid_login|sshd|syslog,sshd,T1021.004|T1110.001,journald,50202,0,1,0,0,0,1,0,0,0,1,0,20,12,7,3,28,0,0,87,10,20,6,1
wazuh-1788726990.2457675,2026-09-06T20:36:30.979000Z,lab-sensor-01,5710,5,authentication_failed|invalid_login|sshd|syslog,sshd,T1021.004|T1110.001,journald,51610,0,1,0,0,0,1,0,0,0,1,0,21,13,7,3,29,0,0,88,10,20,6,1
wazuh-1788727005.2458224,2026-09-06T20:36:45.819000Z,target-kali-01,5501,3,authentication_success|pam|syslog,pam,T1078,journald,0,0,0,0,0,0,0,0,0,0,1,0,17,17,1,0,34,0,0,105,3,20,6,1
wazuh-1788727006.2458667,2026-09-06T20:36:46.742000Z,lab-sensor-01,31104,6,accesslog|attack|web,web-accesslog,T1055|T1083|T1190,/var/log/apache2/access.log,0,0,1,0,0,0,1,0,0,0,0,0,22,1,7,3,30,0,0,89,10,20,6,1
wazuh-1788727010.2459126,2026-09-06T20:36:50.708000Z,lab-sensor-01,31106,6,accesslog|attack|web,web-accesslog,T1190,/var/log/apache2/access.log,0,0,1,0,0,0,1,0,0,0,0,0,23,1,7,3,30,0,0,90,10,20,6,1
wazuh-1788727025.2459611,2026-09-06T20:37:05.915000Z,target-kali-01,5501,3,authentication_success|pam|syslog,pam,T1078,journald,0,0,0,0,0,0,0,0,0,0,1,0,17,17,1,0,34,0,0,105,3,20,6,1
wazuh-1788727035.2460054,2026-09-06T20:37:15.963000Z,target-kali-01,5501,3,authentication_success|pam|syslog,pam,T1078,journald,0,0,0,0,0,0,0,0,0,0,1,0,17,17,1,0,34,0,0,105,3,20,6,1
wazuh-1788727037.2460497,2026-09-06T20:37:17.078000Z,lab-sensor-01,5712,10,authentication_failures|sshd|syslog,sshd,T1110,journald,37604,0,1,0,0,0,1,0,0,0,1,0,24,1,7,3,27,0,0,88,10,20,6,1
wazuh-1788727039.2461831,2026-09-06T20:37:19.081000Z,lab-sensor-01,5710,5,authentication_failed|invalid_login|sshd|syslog,sshd,T1021.004|T1110.001,journald,48212,0,1,0,0,0,1,0,0,0,1,0,25,14,7,4,28,0,0,88,10,20,6,1
wazuh-1788727043.2462380,2026-09-06T20:37:23.087000Z,lab-sensor-01,5710,5,authentication_failed|invalid_login|sshd|syslog,sshd,T1021.004|T1110.001,journald,48224,0,1,0,0,0,1,0,0,0,1,0,26,15,7,4,29,0,0,88,10,20,6,1
wazuh-1788727044.2462929,2026-09-06T20:37:24.856000Z,film-laptop,591,3,ossec,ossec,none,logcollector,0,0,0,0,0,0,0,0,0,0,0,0,0,0,1,0,0,0,2,4,3,20,6,1
wazuh-1788727056.2463302,2026-09-06T20:37:36.075000Z,target-kali-01,5501,3,authentication_success|pam|syslog,pam,T1078,journald,0,0,0,0,0,0,0,0,0,0,1,0,17,17,1,0,34,0,0,105,3,20,6,1
wazuh-1788727070.2463745,2026-09-06T20:37:50.160000Z,target-kali-01,5501,3,authentication_success|pam|syslog,pam,T1078,journald,0,0,0,0,0,0,0,0,0,0,1,0,18,18,1,0,34,0,0,106,3,20,6,1
wazuh-1788727086.2464188,2026-09-06T20:38:06.239000Z,target-kali-01,5501,3,authentication_success|pam|syslog,pam,T1078,journald,0,0,0,0,0,0,0,0,0,0,1,0,17,17,1,0,34,0,0,106,3,20,6,1
wazuh-1788727096.2464631,2026-09-06T20:38:16.523000Z,target-kali-01,5501,3,authentication_success|pam|syslog,pam,T1078,journald,0,0,0,0,0,0,0,0,0,0,1,0,18,18,1,0,35,0,0,106,3,20,6,1
wazuh-1788727097.2465074,2026-09-06T20:38:17.156000Z,lab-sensor-01,5710,5,authentication_failed|invalid_login|sshd|syslog,sshd,T1021.004|T1110.001,journald,38190,0,1,0,0,0,1,0,0,0,1,0,22,16,7,3,27,0,0,86,10,20,6,1
wazuh-1788727099.2465623,2026-09-06T20:38:19.158000Z,lab-sensor-01,5710,5,authentication_failed|invalid_login|sshd|syslog,sshd,T1021.004|T1110.001,journald,53608,0,1,0,0,0,1,0,0,0,1,0,23,17,7,3,28,0,0,87,10,20,6,1
wazuh-1788727103.2466172,2026-09-06T20:38:23.162000Z,lab-sensor-01,5710,5,authentication_failed|invalid_login|sshd|syslog,sshd,T1021.004|T1110.001,journald,53614,0,1,0,0,0,1,0,0,0,1,0,24,18,7,3,29,0,0,88,10,20,6,1
wazuh-1788727119.2466721,2026-09-06T20:38:39.157000Z,target-kali-01,5501,3,authentication_success|pam|syslog,pam,T1078,journald,0,0,0,0,0,0,0,0,0,0,1,0,17,17,1,0,35,0,0,106,3,20,6,1
wazuh-1788727120.2467164,2026-09-06T20:38:40.975000Z,lab-sensor-01,31101,5,accesslog|attack|web,web-accesslog,none,/var/log/apache2/access.log,0,0,1,0,0,0,1,0,0,0,0,0,25,0,7,3,30,0,0,88,10,20,6,1
wazuh-1788727122.2467606,2026-09-06T20:38:42.977000Z,lab-sensor-01,31101,5,accesslog|attack|web,web-accesslog,none,/var/log/apache2/access.log,0,0,1,0,0,0,1,0,0,0,0,0,26,1,7,3,30,0,0,87,10,20,6,1
wazuh-1788727124.2468048,2026-09-06T20:38:44.979000Z,lab-sensor-01,31101,5,accesslog|attack|web,web-accesslog,none,/var/log/apache2/access.log,0,0,1,0,0,0,1,0,0,0,0,0,27,2,7,3,30,0,0,87,10,20,6,1
wazuh-1788727127.2468496,2026-09-06T20:38:47.013000Z,lab-sensor-01,30305,5,access_denied|apache|web,apache-errorlog,none,/var/log/apache2/error.log,33542,0,1,0,0,0,1,0,0,0,0,0,28,0,7,3,30,0,0,86,10,20,6,1
wazuh-1788727127.2469096,2026-09-06T20:38:47.013000Z,lab-sensor-01,31516,6,appsec|attack|web,web-accesslog,T1055,/var/log/apache2/access.log,0,0,1,0,0,0,1,0,0,0,0,0,29,0,7,3,30,0,0,86,10,20,6,1
wazuh-1788727140.2469539,2026-09-06T20:39:00.169000Z,target-kali-01,5501,3,authentication_success|pam|syslog,pam,T1078,journald,0,0,0,0,0,0,0,0,0,0,1,0,17,17,1,0,34,0,0,105,3,20,6,1
wazuh-1788727141.2469982,2026-09-06T20:39:01.090000Z,lab-sensor-01,31104,6,accesslog|attack|web,web-accesslog,T1055|T1083|T1190,/var/log/apache2/access.log,0,0,1,0,0,0,1,0,0,0,0,0,30,2,7,3,28,0,0,87,10,20,6,1
wazuh-1788727145.2470441,2026-09-06T20:39:05.054000Z,lab-sensor-01,31106,6,accesslog|attack|web,web-accesslog,T1190,/var/log/apache2/access.log,0,0,1,0,0,0,1,0,0,0,0,0,29,2,7,3,27,0,0,88,10,20,6,1
wazuh-1788727158.2470926,2026-09-06T20:39:18.774000Z,target-kali-01,5501,3,authentication_success|pam|syslog,pam,T1078,journald,0,0,0,0,0,0,0,0,0,0,1,0,17,17,1,0,34,0,0,105,3,20,6,1
wazuh-1788727168.2471369,2026-09-06T20:39:28.803000Z,target-kali-01,5501,3,authentication_success|pam|syslog,pam,T1078,journald,0,0,0,0,0,0,0,0,0,0,1,0,17,17,1,0,35,0,0,106,3,20,6,1
wazuh-1788727182.2471812,2026-09-06T20:39:42.839000Z,target-kali-01,5501,3,authentication_success|pam|syslog,pam,T1078,journald,0,0,0,0,0,0,0,0,0,0,1,0,17,17,1,0,35,0,0,106,3,20,6,1
wazuh-1788727200.2472255,2026-09-06T20:40:00.987000Z,target-kali-01,5501,3,authentication_success|pam|syslog,pam,T1078,journald,0,0,0,0,0,0,0,0,0,0,1,0,17,17,1,0,35,0,0,105,3,20,6,1
wazuh-1788727219.2472698,2026-09-06T20:40:19.397000Z,target-kali-01,5501,3,authentication_success|pam|syslog,pam,T1078,journald,0,0,0,0,0,0,0,0,0,0,1,0,17,17,1,0,35,0,0,105,3,20,6,1
wazuh-1788727219.2473141,2026-09-06T20:40:19.469000Z,lab-sensor-01,5710,5,authentication_failed|invalid_login|sshd|syslog,sshd,T1021.004|T1110.001,journald,49886,0,1,0,0,0,1,0,0,0,1,0,21,11,7,3,24,0,0,86,10,20,6,1
wazuh-1788727223.2473690,2026-09-06T20:40:23.474000Z,lab-sensor-01,5710,5,authentication_failed|invalid_login|sshd|syslog,sshd,T1021.004|T1110.001,journald,49890,0,1,0,0,0,1,0,0,0,1,0,22,12,7,3,25,0,0,87,10,20,6,1
wazuh-1788727227.2474239,2026-09-06T20:40:27.478000Z,lab-sensor-01,5710,5,authentication_failed|invalid_login|sshd|syslog,sshd,T1021.004|T1110.001,journald,49894,0,1,0,0,0,1,0,0,0,1,0,23,13,7,3,26,0,0,88,10,20,6,1
wazuh-1788727240.2474788,2026-09-06T20:40:40.127000Z,target-kali-01,5501,3,authentication_success|pam|syslog,pam,T1078,journald,0,0,0,0,0,0,0,0,0,0,1,0,17,17,1,0,35,0,0,105,3,20,6,1
wazuh-1788727253.2475231,2026-09-06T20:40:53.494000Z,target-kali-01,5501,3,authentication_success|pam|syslog,pam,T1078,journald,0,0,0,0,0,0,0,0,0,0,1,0,17,17,1,0,35,0,0,105,3,20,6,1
wazuh-1788727268.2475674,2026-09-06T20:41:08.615000Z,target-kali-01,5501,3,authentication_success|pam|syslog,pam,T1078,journald,0,0,0,0,0,0,0,0,0,0,1,0,17,17,1,0,36,0,0,105,3,20,6,1
wazuh-1788727272.2476117,2026-09-06T20:41:12.401000Z,film-laptop,86601,3,ids|suricata,json,none,/var/log/suricata/eve.json,68,67,1,1,0,0,1,0,0,0,0,0,1,0,1,0,0,0,2,4,3,20,6,1
wazuh-1788727272.2478323,2026-09-06T20:41:12.401000Z,film-laptop,86601,3,ids|suricata,json,none,/var/log/suricata/eve.json,68,67,1,1,0,0,1,0,0,0,0,0,2,1,2,0,0,0,2,4,3,20,6,1
wazuh-1788727285.2480529,2026-09-06T20:41:25.414000Z,lab-sensor-01,31104,6,accesslog|attack|web,web-accesslog,T1055|T1083|T1190,/var/log/apache2/access.log,0,0,1,0,0,0,1,0,0,0,0,0,20,2,7,2,24,0,0,87,10,20,6,1
wazuh-1788727286.2480988,2026-09-06T20:41:26.921000Z,target-kali-01,5501,3,authentication_success|pam|syslog,pam,T1078,journald,0,0,0,0,0,0,0,0,0,0,1,0,17,17,1,0,36,0,0,105,3,20,6,1
wazuh-1788727289.2481431,2026-09-06T20:41:29.377000Z,lab-sensor-01,31106,6,accesslog|attack|web,web-accesslog,T1190,/var/log/apache2/access.log,0,0,1,0,0,0,1,0,0,0,0,0,20,2,7,2,24,0,0,87,10,20,6,1
wazuh-1788727307.2481916,2026-09-06T20:41:47.074000Z,target-kali-01,5501,3,authentication_success|pam|syslog,pam,T1078,journald,0,0,0,0,0,0,0,0,0,0,1,0,17,17,1,0,35,0,0,105,3,20,6,1
wazuh-1788727309.2482359,2026-09-06T20:41:49.406000Z,lab-sensor-01,31101,5,accesslog|attack|web,web-accesslog,none,/var/log/apache2/access.log,0,0,1,0,0,0,1,0,0,0,0,0,19,3,7,2,24,0,0,87,10,20,6,1
wazuh-1788727311.2482801,2026-09-06T20:41:51.408000Z,lab-sensor-01,31101,5,accesslog|attack|web,web-accesslog,none,/var/log/apache2/access.log,0,0,1,0,0,0,1,0,0,0,0,0,19,4,7,2,24,0,0,87,10,20,6,1
wazuh-1788727313.2483243,2026-09-06T20:41:53.410000Z,lab-sensor-01,31101,5,accesslog|attack|web,web-accesslog,none,/var/log/apache2/access.log,0,0,1,0,0,0,1,0,0,0,0,0,20,5,7,2,24,0,0,87,10,20,6,1
wazuh-1788727315.2483691,2026-09-06T20:41:55.415000Z,lab-sensor-01,30305,5,access_denied|apache|web,apache-errorlog,none,/var/log/apache2/error.log,58400,0,1,0,0,0,1,0,0,0,0,0,21,1,7,2,24,0,0,87,10,20,6,1
wazuh-1788727315.2484291,2026-09-06T20:41:55.416000Z,lab-sensor-01,31516,6,appsec|attack|web,web-accesslog,T1055,/var/log/apache2/access.log,0,0,1,0,0,0,1,0,0,0,0,0,22,1,7,2,24,0,0,87,10,20,6,1
wazuh-1788727330.2484734,2026-09-06T20:42:10.440000Z,target-kali-01,5501,3,authentication_success|pam|syslog,pam,T1078,journald,0,0,0,0,0,0,0,0,0,0,1,0,17,17,1,0,35,0,0,104,3,20,6,1
wazuh-1788727332.2485177,2026-09-06T20:42:12.493000Z,film-laptop,86601,3,ids|suricata,json,none,/var/log/suricata/eve.json,68,67,1,1,0,0,1,0,0,0,0,0,3,2,2,0,0,0,1,2,3,20,6,1
wazuh-1788727332.2487381,2026-09-06T20:42:12.493000Z,film-laptop,86601,3,ids|suricata,json,none,/var/log/suricata/eve.json,68,67,1,1,0,0,1,0,0,0,0,0,4,3,2,0,0,0,1,2,3,20,6,1
wazuh-1788727342.2489585,2026-09-06T20:42:22.576000Z,target-kali-01,5501,3,authentication_success|pam|syslog,pam,T1078,journald,0,0,0,0,0,0,0,0,0,0,1,0,17,17,1,0,35,0,0,105,3,20,6,1
wazuh-1788727352.2490028,2026-09-06T20:42:32.668000Z,target-kali-01,5501,3,authentication_success|pam|syslog,pam,T1078,journald,0,0,0,0,0,0,0,0,0,0,1,0,18,18,1,0,35,0,0,105,3,20,6,1
wazuh-1788727361.2490471,2026-09-06T20:42:41.711000Z,lab-sensor-01,31104,6,accesslog|attack|web,web-accesslog,T1055|T1083|T1190,/var/log/apache2/access.log,0,0,1,0,0,0,1,0,0,0,0,0,20,2,7,2,24,0,0,88,10,20,6,1
wazuh-1788727362.2490930,2026-09-06T20:42:42.678000Z,target-kali-01,5501,3,authentication_success|pam|syslog,pam,T1078,journald,0,0,0,0,0,0,0,0,0,0,1,0,18,18,1,0,36,0,0,105,3,20,6,1
wazuh-1788727365.2491373,2026-09-06T20:42:45.723000Z,lab-sensor-01,31106,6,accesslog|attack|web,web-accesslog,T1190,/var/log/apache2/access.log,0,0,1,0,0,0,1,0,0,0,0,0,21,2,7,2,24,0,0,89,10,20,6,1
wazuh-1788727383.2491858,2026-09-06T20:43:03.717000Z,target-kali-01,5501,3,authentication_success|pam|syslog,pam,T1078,journald,0,0,0,0,0,0,0,0,0,0,1,0,18,18,1,0,36,0,0,105,3,20,6,1
wazuh-1788727383.2492301,2026-09-06T20:43:03.771000Z,lab-sensor-01,5710,5,authentication_failed|invalid_login|sshd|syslog,sshd,T1021.004|T1110.001,journald,51506,0,1,0,0,0,1,0,0,0,1,0,22,6,7,2,24,0,0,90,10,20,6,1
wazuh-1788727387.2492850,2026-09-06T20:43:07.790000Z,lab-sensor-01,5710,5,authentication_failed|invalid_login|sshd|syslog,sshd,T1021.004|T1110.001,journald,51518,0,1,0,0,0,1,0,0,0,1,0,23,7,7,2,25,0,0,91,10,20,6,1
wazuh-1788727389.2493399,2026-09-06T20:43:09.793000Z,lab-sensor-01,5710,5,authentication_failed|invalid_login|sshd|syslog,sshd,T1021.004|T1110.001,journald,56960,0,1,0,0,0,1,0,0,0,1,0,24,8,7,2,26,0,0,91,10,20,6,1
wazuh-1788727392.2493948,2026-09-06T20:43:12.451000Z,film-laptop,86601,3,ids|suricata,json,none,/var/log/suricata/eve.json,68,67,1,1,0,0,1,0,0,0,0,0,4,4,2,0,0,0,0,0,3,20,6,1
wazuh-1788727392.2496152,2026-09-06T20:43:12.451000Z,film-laptop,86601,3,ids|suricata,json,none,/var/log/suricata/eve.json,68,67,1,1,0,0,1,0,0,0,0,0,5,5,2,0,0,0,0,0,3,20,6,1
wazuh-1788727403.2498356,2026-09-06T20:43:23.840000Z,target-kali-01,5501,3,authentication_success|pam|syslog,pam,T1078,journald,0,0,0,0,0,0,0,0,0,0,1,0,17,17,1,0,35,0,0,105,3,20,6,1
wazuh-1788727415.2498799,2026-09-06T20:43:35.408000Z,target-kali-01,5501,3,authentication_success|pam|syslog,pam,T1078,journald,0,0,0,0,0,0,0,0,0,0,1,0,18,18,1,0,35,0,0,105,3,20,6,1
wazuh-1788727428.2499242,2026-09-06T20:43:48.896000Z,film-laptop,591,3,ossec,ossec,none,logcollector,0,0,0,0,0,0,0,0,0,0,0,0,6,0,2,0,0,0,0,0,3,20,6,1
wazuh-1788727429.2499615,2026-09-06T20:43:49.469000Z,target-kali-01,5501,3,authentication_success|pam|syslog,pam,T1078,journald,0,0,0,0,0,0,0,0,0,0,1,0,18,18,1,0,35,0,0,106,3,20,6,1
wazuh-1788727449.2500058,2026-09-06T20:44:09.635000Z,target-kali-01,5501,3,authentication_success|pam|syslog,pam,T1078,journald,0,0,0,0,0,0,0,0,0,0,1,0,18,18,1,0,35,0,0,106,3,20,6,1
wazuh-1788727454.2500501,2026-09-06T20:44:14.527000Z,film-laptop,86601,3,ids|suricata,json,none,/var/log/suricata/eve.json,68,67,1,1,0,0,1,0,0,0,0,0,7,6,2,0,0,0,0,0,3,20,6,1
wazuh-1788727454.2502707,2026-09-06T20:44:14.527000Z,film-laptop,86601,3,ids|suricata,json,none,/var/log/suricata/eve.json,68,67,1,1,0,0,1,0,0,0,0,0,8,7,2,0,0,0,0,0,3,20,6,1
wazuh-1788727459.2504913,2026-09-06T20:44:19.690000Z,target-kali-01,5501,3,authentication_success|pam|syslog,pam,T1078,journald,0,0,0,0,0,0,0,0,0,0,1,0,18,18,1,0,36,0,0,106,3,20,6,1
wazuh-1788727471.2505356,2026-09-06T20:44:31.815000Z,target-kali-01,5501,3,authentication_success|pam|syslog,pam,T1078,journald,0,0,0,0,0,0,0,0,0,0,1,0,18,18,1,0,36,0,0,106,3,20,6,1
wazuh-1788727471.2505799,2026-09-06T20:44:31.901000Z,lab-sensor-01,5710,5,authentication_failed|invalid_login|sshd|syslog,sshd,T1021.004|T1110.001,journald,58718,0,1,0,0,0,1,0,0,0,1,0,15,6,7,2,24,0,0,87,10,20,6,1
wazuh-1788727475.2506348,2026-09-06T20:44:35.937000Z,lab-sensor-01,5710,5,authentication_failed|invalid_login|sshd|syslog,sshd,T1021.004|T1110.001,journald,58724,0,1,0,0,0,1,0,0,0,1,0,16,7,7,2,24,0,0,88,10,20,6,1
wazuh-1788727477.2506897,2026-09-06T20:44:37.938000Z,lab-sensor-01,5710,5,authentication_failed|invalid_login|sshd|syslog,sshd,T1021.004|T1110.001,journald,45110,0,1,0,0,0,1,0,0,0,1,0,17,8,7,2,25,0,0,89,10,20,6,1
wazuh-1788727491.2507446,2026-09-06T20:44:51.792000Z,lab-sensor-01,31104,6,accesslog|attack|web,web-accesslog,T1055|T1083|T1190,/var/log/apache2/access.log,0,0,1,0,0,0,1,0,0,0,0,0,18,2,7,2,24,0,0,89,10,20,6,1
wazuh-1788727491.2507905,2026-09-06T20:44:51.901000Z,target-kali-01,5501,3,authentication_success|pam|syslog,pam,T1078,journald,0,0,0,0,0,0,0,0,0,0,1,0,18,18,1,0,36,0,0,106,3,20,6,1
wazuh-1788727495.2508348,2026-09-06T20:44:55.757000Z,lab-sensor-01,31106,6,accesslog|attack|web,web-accesslog,T1190,/var/log/apache2/access.log,0,0,1,0,0,0,1,0,0,0,0,0,19,2,7,2,24,0,0,90,10,20,6,1
wazuh-1788727512.2508833,2026-09-06T20:45:12.020000Z,target-kali-01,5501,3,authentication_success|pam|syslog,pam,T1078,journald,0,0,0,0,0,0,0,0,0,0,1,0,18,18,1,0,36,0,0,106,3,20,6,1
wazuh-1788727514.2509276,2026-09-06T20:45:14.594000Z,film-laptop,86601,3,ids|suricata,json,none,/var/log/suricata/eve.json,68,67,1,1,0,0,1,0,0,0,0,0,9,8,2,0,0,0,0,0,3,20,6,1
wazuh-1788727514.2511480,2026-09-06T20:45:14.594000Z,film-laptop,86601,3,ids|suricata,json,none,/var/log/suricata/eve.json,68,67,1,1,0,0,1,0,0,0,0,0,10,9,2,0,0,0,0,0,3,20,6,1
wazuh-1788727532.2513684,2026-09-06T20:45:32.078000Z,target-kali-01,5501,3,authentication_success|pam|syslog,pam,T1078,journald,0,0,0,0,0,0,0,0,0,0,1,0,18,18,1,0,36,0,0,106,3,20,6,1
wazuh-1788727546.2514127,2026-09-06T20:45:46.473000Z,target-kali-01,5501,3,authentication_success|pam|syslog,pam,T1078,journald,0,0,0,0,0,0,0,0,0,0,1,0,18,18,1,0,36,0,0,106,3,20,6,1
wazuh-1788727548.2514570,2026-09-06T20:45:48.051000Z,lab-sensor-01,5710,5,authentication_failed|invalid_login|sshd|syslog,sshd,T1021.004|T1110.001,journald,40838,0,1,0,0,0,1,0,0,0,1,0,17,6,7,1,21,0,0,89,10,20,6,1
wazuh-1788727550.2515119,2026-09-06T20:45:50.053000Z,lab-sensor-01,5710,5,authentication_failed|invalid_login|sshd|syslog,sshd,T1021.004|T1110.001,journald,39994,0,1,0,0,0,1,0,0,0,1,0,18,7,7,1,21,0,0,90,10,20,6,1
wazuh-1788727554.2515668,2026-09-06T20:45:54.057000Z,lab-sensor-01,5710,5,authentication_failed|invalid_login|sshd|syslog,sshd,T1021.004|T1110.001,journald,39996,0,1,0,0,0,1,0,0,0,1,0,19,8,7,1,21,0,0,91,10,20,6,1
wazuh-1788727566.2516217,2026-09-06T20:46:06.688000Z,target-kali-01,5501,3,authentication_success|pam|syslog,pam,T1078,journald,0,0,0,0,0,0,0,0,0,0,1,0,18,18,1,0,36,0,0,106,3,20,6,1
wazuh-1788727574.2516660,2026-09-06T20:46:14.662000Z,film-laptop,86601,3,ids|suricata,json,none,/var/log/suricata/eve.json,68,67,1,1,0,0,1,0,0,0,0,0,9,8,2,0,0,0,0,0,3,20,6,1
wazuh-1788727574.2518866,2026-09-06T20:46:14.662000Z,film-laptop,86601,3,ids|suricata,json,none,/var/log/suricata/eve.json,68,67,1,1,0,0,1,0,0,0,0,0,10,9,2,0,0,0,0,0,3,20,6,1
wazuh-1788727583.2521072,2026-09-06T20:46:23.233000Z,target-kali-01,5501,3,authentication_success|pam|syslog,pam,T1078,journald,0,0,0,0,0,0,0,0,0,0,1,0,18,18,1,0,36,0,0,105,3,20,6,1
wazuh-1788727597.2521515,2026-09-06T20:46:37.326000Z,target-kali-01,5501,3,authentication_success|pam|syslog,pam,T1078,journald,0,0,0,0,0,0,0,0,0,0,1,0,18,18,1,0,36,0,0,106,3,20,6,1
wazuh-1788727609.2521958,2026-09-06T20:46:49.418000Z,target-kali-01,5501,3,authentication_success|pam|syslog,pam,T1078,journald,0,0,0,0,0,0,0,0,0,0,1,0,18,18,1,0,36,0,0,106,3,20,6,1
wazuh-1788727622.2522401,2026-09-06T20:47:02.198000Z,lab-sensor-01,31104,6,accesslog|attack|web,web-accesslog,T1055|T1083|T1190,/var/log/apache2/access.log,0,0,1,0,0,0,1,0,0,0,0,0,13,2,7,1,18,0,0,92,10,20,6,1
wazuh-1788727623.2522860,2026-09-06T20:47:03.964000Z,target-kali-01,5501,3,authentication_success|pam|syslog,pam,T1078,journald,0,0,0,0,0,0,0,0,0,0,1,0,19,19,1,0,37,0,0,106,3,20,6,1
wazuh-1788727626.2523303,2026-09-06T20:47:06.387000Z,lab-sensor-01,31106,6,accesslog|attack|web,web-accesslog,T1190,/var/log/apache2/access.log,0,0,1,0,0,0,1,0,0,0,0,0,14,2,7,1,18,0,0,92,10,20,6,1
wazuh-1788727634.2523788,2026-09-06T20:47:14.730000Z,film-laptop,86601,3,ids|suricata,json,none,/var/log/suricata/eve.json,68,67,1,1,0,0,1,0,0,0,0,0,9,8,2,0,0,0,0,0,3,20,6,1
wazuh-1788727634.2525992,2026-09-06T20:47:14.730000Z,film-laptop,86601,3,ids|suricata,json,none,/var/log/suricata/eve.json,68,67,1,1,0,0,1,0,0,0,0,0,10,9,2,0,0,0,0,0,3,20,6,1
wazuh-1788727640.2528196,2026-09-06T20:47:20.786000Z,target-kali-01,5501,3,authentication_success|pam|syslog,pam,T1078,journald,0,0,0,0,0,0,0,0,0,0,1,0,19,19,1,0,36,0,0,106,3,20,6,1
wazuh-1788727642.2528639,2026-09-06T20:47:22.175000Z,lab-sensor-01,31101,5,accesslog|attack|web,web-accesslog,none,/var/log/apache2/access.log,0,0,1,0,0,0,1,0,0,0,0,0,15,0,6,0,16,0,0,91,6,20,6,1
wazuh-1788727644.2529081,2026-09-06T20:47:24.178000Z,lab-sensor-01,31101,5,accesslog|attack|web,web-accesslog,none,/var/log/apache2/access.log,0,0,1,0,0,0,1,0,0,0,0,0,16,1,6,0,15,0,0,90,6,20,6,1
wazuh-1788727646.2529523,2026-09-06T20:47:26.179000Z,lab-sensor-01,31101,5,accesslog|attack|web,web-accesslog,none,/var/log/apache2/access.log,0,0,1,0,0,0,1,0,0,0,0,0,17,2,6,0,15,0,0,90,6,20,6,1
wazuh-1788727648.2529971,2026-09-06T20:47:28.181000Z,lab-sensor-01,30305,5,access_denied|apache|web,apache-errorlog,none,/var/log/apache2/error.log,39136,0,1,0,0,0,1,0,0,0,0,0,18,0,6,0,15,0,0,90,6,20,6,1
wazuh-1788727648.2530571,2026-09-06T20:47:28.181000Z,lab-sensor-01,31516,6,appsec|attack|web,web-accesslog,T1055,/var/log/apache2/access.log,0,0,1,0,0,0,1,0,0,0,0,0,19,0,6,0,15,0,0,90,6,20,6,1
wazuh-1788727664.2531014,2026-09-06T20:47:44.594000Z,target-kali-01,5501,3,authentication_success|pam|syslog,pam,T1078,journald,0,0,0,0,0,0,0,0,0,0,1,0,17,17,1,0,36,0,0,106,3,20,6,1
wazuh-1788727666.2531457,2026-09-06T20:47:46.127000Z,lab-sensor-01,31101,5,accesslog|attack|web,web-accesslog,none,/var/log/apache2/access.log,0,0,1,0,0,0,1,0,0,0,0,0,18,3,6,0,15,0,0,89,6,20,6,1
wazuh-1788727668.2531899,2026-09-06T20:47:48.130000Z,lab-sensor-01,31101,5,accesslog|attack|web,web-accesslog,none,/var/log/apache2/access.log,0,0,1,0,0,0,1,0,0,0,0,0,19,4,6,0,15,0,0,89,6,20,6,1
wazuh-1788727670.2532341,2026-09-06T20:47:50.131000Z,lab-sensor-01,31101,5,accesslog|attack|web,web-accesslog,none,/var/log/apache2/access.log,0,0,1,0,0,0,1,0,0,0,0,0,20,5,6,0,15,0,0,89,6,20,6,1
wazuh-1788727672.2532789,2026-09-06T20:47:52.134000Z,lab-sensor-01,30305,5,access_denied|apache|web,apache-errorlog,none,/var/log/apache2/error.log,33490,0,1,0,0,0,1,0,0,0,0,0,21,1,6,0,15,0,0,89,6,20,6,1
wazuh-1788727672.2533389,2026-09-06T20:47:52.136000Z,lab-sensor-01,31516,6,appsec|attack|web,web-accesslog,T1055,/var/log/apache2/access.log,0,0,1,0,0,0,1,0,0,0,0,0,22,1,6,0,15,0,0,89,6,20,6,1
wazuh-1788727682.2533832,2026-09-06T20:48:02.707000Z,target-kali-01,5501,3,authentication_success|pam|syslog,pam,T1078,journald,0,0,0,0,0,0,0,0,0,0,1,0,18,18,1,0,36,0,0,106,3,20,6,1
wazuh-1788727694.2534275,2026-09-06T20:48:14.795000Z,film-laptop,86601,3,ids|suricata,json,none,/var/log/suricata/eve.json,68,67,1,1,0,0,1,0,0,0,0,0,9,8,2,0,0,0,0,0,3,20,6,1
wazuh-1788727694.2536481,2026-09-06T20:48:14.795000Z,film-laptop,86601,3,ids|suricata,json,none,/var/log/suricata/eve.json,68,67,1,1,0,0,1,0,0,0,0,0,10,9,2,0,0,0,0,0,3,20,6,1
wazuh-1788727696.2538687,2026-09-06T20:48:16.940000Z,target-kali-01,5501,3,authentication_success|pam|syslog,pam,T1078,journald,0,0,0,0,0,0,0,0,0,0,1,0,18,18,1,0,35,0,0,106,3,20,6,1
wazuh-1788727709.2539130,2026-09-06T20:48:29.314000Z,target-kali-01,5501,3,authentication_success|pam|syslog,pam,T1078,journald,0,0,0,0,0,0,0,0,0,0,1,0,18,18,1,0,36,0,0,106,3,20,6,1
wazuh-1788727721.2539573,2026-09-06T20:48:41.362000Z,target-kali-01,5501,3,authentication_success|pam|syslog,pam,T1078,journald,0,0,0,0,0,0,0,0,0,0,1,0,18,18,1,0,36,0,0,106,3,20,6,1
wazuh-1788727735.2540016,2026-09-06T20:48:55.468000Z,target-kali-01,5501,3,authentication_success|pam|syslog,pam,T1078,journald,0,0,0,0,0,0,0,0,0,0,1,0,18,18,1,0,37,0,0,107,3,20,6,1
wazuh-1788727746.2540459,2026-09-06T20:49:06.197000Z,target-kali-01,5501,3,authentication_success|pam|syslog,pam,T1078,journald,0,0,0,0,0,0,0,0,0,0,1,0,19,19,1,0,37,0,0,107,3,20,6,1
wazuh-1788727748.2540902,2026-09-06T20:49:08.930000Z,film-laptop,591,3,ossec,ossec,none,logcollector,0,0,0,0,0,0,0,0,0,0,0,0,10,0,2,0,0,0,0,0,3,20,6,1
wazuh-1788727756.2541275,2026-09-06T20:49:16.985000Z,film-laptop,86601,3,ids|suricata,json,none,/var/log/suricata/eve.json,68,67,1,1,0,0,1,0,0,0,0,0,9,8,2,0,0,0,0,0,3,20,6,1
wazuh-1788727756.2543479,2026-09-06T20:49:16.985000Z,film-laptop,86601,3,ids|suricata,json,none,/var/log/suricata/eve.json,68,67,1,1,0,0,1,0,0,0,0,0,10,9,2,0,0,0,0,0,3,20,6,1
wazuh-1788727760.2545683,2026-09-06T20:49:20.269000Z,target-kali-01,5501,3,authentication_success|pam|syslog,pam,T1078,journald,0,0,0,0,0,0,0,0,0,0,1,0,18,18,1,0,37,0,0,107,3,20,6,1
wazuh-1788727772.2546126,2026-09-06T20:49:32.493000Z,target-kali-01,5501,3,authentication_success|pam|syslog,pam,T1078,journald,0,0,0,0,0,0,0,0,0,0,1,0,18,18,1,0,37,0,0,107,3,20,6,1
wazuh-1788727784.2546569,2026-09-06T20:49:44.750000Z,target-kali-01,5501,3,authentication_success|pam|syslog,pam,T1078,journald,0,0,0,0,0,0,0,0,0,0,1,0,19,19,1,0,37,0,0,107,3,20,6,1
wazuh-1788727794.2547012,2026-09-06T20:49:54.987000Z,target-kali-01,5501,3,authentication_success|pam|syslog,pam,T1078,journald,0,0,0,0,0,0,0,0,0,0,1,0,19,19,1,0,38,0,0,108,3,20,6,1
wazuh-1788727805.2547455,2026-09-06T20:50:05.588000Z,target-kali-01,5501,3,authentication_success|pam|syslog,pam,T1078,journald,0,0,0,0,0,0,0,0,0,0,1,0,20,20,1,0,38,0,0,108,3,20,6,1
wazuh-1788727816.2547898,2026-09-06T20:50:16.974000Z,film-laptop,86601,3,ids|suricata,json,none,/var/log/suricata/eve.json,68,67,1,1,0,0,1,0,0,0,0,0,9,8,2,0,0,0,0,0,3,20,6,1
wazuh-1788727816.2550104,2026-09-06T20:50:16.984000Z,film-laptop,86601,3,ids|suricata,json,none,/var/log/suricata/eve.json,68,67,1,1,0,0,1,0,0,0,0,0,10,9,2,0,0,0,0,0,3,20,6,1
wazuh-1788727824.2552310,2026-09-06T20:50:24.483000Z,lab-sensor-01,5710,5,authentication_failed|invalid_login|sshd|syslog,sshd,T1021.004|T1110.001,journald,56786,0,1,0,0,0,1,0,0,0,1,0,15,3,6,0,10,0,0,88,6,20,6,1
wazuh-1788727825.2552859,2026-09-06T20:50:25.840000Z,target-kali-01,5501,3,authentication_success|pam|syslog,pam,T1078,journald,0,0,0,0,0,0,0,0,0,0,1,0,20,20,1,0,38,0,0,108,3,20,6,1
wazuh-1788727828.2553302,2026-09-06T20:50:28.485000Z,lab-sensor-01,5710,5,authentication_failed|invalid_login|sshd|syslog,sshd,T1021.004|T1110.001,journald,56798,0,1,0,0,0,1,0,0,0,1,0,16,4,6,0,10,0,0,89,6,20,6,1
wazuh-1788727830.2553851,2026-09-06T20:50:30.525000Z,lab-sensor-01,5710,5,authentication_failed|invalid_login|sshd|syslog,sshd,T1021.004|T1110.001,journald,46686,0,1,0,0,0,1,0,0,0,1,0,17,5,6,0,11,0,0,90,6,20,6,1
wazuh-1788727847.2554400,2026-09-06T20:50:47.886000Z,target-kali-01,5501,3,authentication_success|pam|syslog,pam,T1078,journald,0,0,0,0,0,0,0,0,0,0,1,0,19,19,1,0,38,0,0,108,3,20,6,1
wazuh-1788727848.2554843,2026-09-06T20:50:48.539000Z,lab-sensor-01,5710,5,authentication_failed|invalid_login|sshd|syslog,sshd,T1021.004|T1110.001,journald,42724,0,1,0,0,0,1,0,0,0,1,0,17,5,6,0,12,0,0,91,6,20,6,1
wazuh-1788727850.2555392,2026-09-06T20:50:50.571000Z,lab-sensor-01,5710,5,authentication_failed|invalid_login|sshd|syslog,sshd,T1021.004|T1110.001,journald,34478,0,1,0,0,0,1,0,0,0,1,0,17,5,6,0,13,0,0,92,6,20,6,1
wazuh-1788727854.2555941,2026-09-06T20:50:54.576000Z,lab-sensor-01,5710,5,authentication_failed|invalid_login|sshd|syslog,sshd,T1021.004|T1110.001,journald,34488,0,1,0,0,0,1,0,0,0,1,0,17,5,6,0,14,0,0,93,6,20,6,1
wazuh-1788727870.2556490,2026-09-06T20:51:10.005000Z,target-kali-01,5501,3,authentication_success|pam|syslog,pam,T1078,journald,0,0,0,0,0,0,0,0,0,0,1,0,19,19,1,0,37,0,0,108,3,20,6,1
wazuh-1788727877.2556933,2026-09-06T20:51:17.210000Z,film-laptop,86601,3,ids|suricata,json,none,/var/log/suricata/eve.json,68,67,1,1,0,0,1,0,0,0,0,0,9,8,2,0,0,0,0,0,3,20,6,1
wazuh-1788727877.2559139,2026-09-06T20:51:17.210000Z,film-laptop,86601,3,ids|suricata,json,none,/var/log/suricata/eve.json,68,67,1,1,0,0,1,0,0,0,0,0,10,9,2,0,0,0,0,0,3,20,6,1
wazuh-1788727884.2561345,2026-09-06T20:51:24.346000Z,target-kali-01,5501,3,authentication_success|pam|syslog,pam,T1078,journald,0,0,0,0,0,0,0,0,0,0,1,0,19,19,1,0,38,0,0,107,3,20,6,1
wazuh-1788727884.2561788,2026-09-06T20:51:24.581000Z,lab-sensor-01,31104,6,accesslog|attack|web,web-accesslog,T1055|T1083|T1190,/var/log/apache2/access.log,0,0,1,0,0,0,1,0,0,0,0,0,18,1,6,0,15,0,0,94,6,20,6,1
wazuh-1788727888.2562247,2026-09-06T20:51:28.592000Z,lab-sensor-01,31106,6,accesslog|attack|web,web-accesslog,T1190,/var/log/apache2/access.log,0,0,1,0,0,0,1,0,0,0,0,0,19,1,6,0,15,0,0,95,6,20,6,1
wazuh-1788727905.2562732,2026-09-06T20:51:45.682000Z,target-kali-01,5501,3,authentication_success|pam|syslog,pam,T1078,journald,0,0,0,0,0,0,0,0,0,0,1,0,19,19,1,0,38,0,0,107,3,20,6,1
wazuh-1788727917.2563175,2026-09-06T20:51:57.695000Z,target-kali-01,5501,3,authentication_success|pam|syslog,pam,T1078,journald,0,0,0,0,0,0,0,0,0,0,1,0,19,19,1,0,38,0,0,108,3,20,6,1
wazuh-1788727934.2563618,2026-09-06T20:52:14.778000Z,target-kali-01,5501,3,authentication_success|pam|syslog,pam,T1078,journald,0,0,0,0,0,0,0,0,0,0,1,0,19,19,1,0,38,0,0,108,3,20,6,1
wazuh-1788727939.2564061,2026-09-06T20:52:19.068000Z,film-laptop,86601,3,ids|suricata,json,none,/var/log/suricata/eve.json,68,67,1,1,0,0,1,0,0,0,0,0,9,8,2,0,0,0,0,0,3,20,6,1
wazuh-1788727939.2566265,2026-09-06T20:52:19.068000Z,film-laptop,86601,3,ids|suricata,json,none,/var/log/suricata/eve.json,68,67,1,1,0,0,1,0,0,0,0,0,10,9,2,0,0,0,0,0,3,20,6,1
wazuh-1788727944.2568469,2026-09-06T20:52:24.734000Z,target-kali-01,5501,3,authentication_success|pam|syslog,pam,T1078,journald,0,0,0,0,0,0,0,0,0,0,1,0,19,19,1,0,38,0,0,108,3,20,6,1
wazuh-1788727946.2568912,2026-09-06T20:52:26.718000Z,lab-sensor-01,31101,5,accesslog|attack|web,web-accesslog,none,/var/log/apache2/access.log,0,0,1,0,0,0,1,0,0,0,0,0,15,3,6,0,15,0,0,94,6,20,6,1
wazuh-1788727948.2569354,2026-09-06T20:52:28.721000Z,lab-sensor-01,31101,5,accesslog|attack|web,web-accesslog,none,/var/log/apache2/access.log,0,0,1,0,0,0,1,0,0,0,0,0,14,4,6,0,15,0,0,94,6,20,6,1
wazuh-1788727950.2569796,2026-09-06T20:52:30.723000Z,lab-sensor-01,31101,5,accesslog|attack|web,web-accesslog,none,/var/log/apache2/access.log,0,0,1,0,0,0,1,0,0,0,0,0,15,5,6,0,15,0,0,94,6,20,6,1
wazuh-1788727952.2570244,2026-09-06T20:52:32.725000Z,lab-sensor-01,30305,5,access_denied|apache|web,apache-errorlog,none,/var/log/apache2/error.log,54972,0,1,0,0,0,1,0,0,0,0,0,16,1,6,0,15,0,0,94,6,20,6,1
wazuh-1788727952.2570844,2026-09-06T20:52:32.730000Z,lab-sensor-01,31516,6,appsec|attack|web,web-accesslog,T1055,/var/log/apache2/access.log,0,0,1,0,0,0,1,0,0,0,0,0,17,1,6,0,15,0,0,94,6,20,6,1
wazuh-1788727965.2571287,2026-09-06T20:52:45.670000Z,target-kali-01,5501,3,authentication_success|pam|syslog,pam,T1078,journald,0,0,0,0,0,0,0,0,0,0,1,0,19,19,1,0,37,0,0,108,3,20,6,1
wazuh-1788727966.2571730,2026-09-06T20:52:46.792000Z,lab-sensor-01,5710,5,authentication_failed|invalid_login|sshd|syslog,sshd,T1021.004|T1110.001,journald,40442,0,1,0,0,0,1,0,0,0,1,0,17,6,6,0,15,0,0,95,6,20,6,1
wazuh-1788727968.2572279,2026-09-06T20:52:48.763000Z,lab-sensor-01,5710,5,authentication_failed|invalid_login|sshd|syslog,sshd,T1021.004|T1110.001,journald,53994,0,1,0,0,0,1,0,0,0,1,0,17,7,6,0,16,0,0,96,6,20,6,1
wazuh-1788727972.2572828,2026-09-06T20:52:52.805000Z,lab-sensor-01,5710,5,authentication_failed|invalid_login|sshd|syslog,sshd,T1021.004|T1110.001,journald,54010,0,1,0,0,0,1,0,0,0,1,0,15,8,6,0,17,0,0,97,6,20,6,1
wazuh-1788727988.2573377,2026-09-06T20:53:08.123000Z,target-kali-01,5501,3,authentication_success|pam|syslog,pam,T1078,journald,0,0,0,0,0,0,0,0,0,0,1,0,19,19,1,0,37,0,0,107,3,20,6,1
wazuh-1788727999.2573820,2026-09-06T20:53:19.134000Z,film-laptop,86601,3,ids|suricata,json,none,/var/log/suricata/eve.json,68,67,1,1,0,0,1,0,0,0,0,0,9,8,2,0,0,0,0,0,3,20,6,1
wazuh-1788727999.2576026,2026-09-06T20:53:19.135000Z,film-laptop,86601,3,ids|suricata,json,none,/var/log/suricata/eve.json,68,67,1,1,0,0,1,0,0,0,0,0,10,9,2,0,0,0,0,0,3,20,6,1
wazuh-1788728002.2578232,2026-09-06T20:53:22.226000Z,target-kali-01,5501,3,authentication_success|pam|syslog,pam,T1078,journald,0,0,0,0,0,0,0,0,0,0,1,0,19,19,1,0,38,0,0,107,3,20,6,1
wazuh-1788728014.2578675,2026-09-06T20:53:34.270000Z,target-kali-01,5501,3,authentication_success|pam|syslog,pam,T1078,journald,0,0,0,0,0,0,0,0,0,0,1,0,19,19,1,0,38,0,0,107,3,20,6,1
wazuh-1788728024.2579118,2026-09-06T20:53:44.846000Z,lab-sensor-01,31104,6,accesslog|attack|web,web-accesslog,T1055|T1083|T1190,/var/log/apache2/access.log,0,0,1,0,0,0,1,0,0,0,0,0,16,1,6,0,15,0,0,93,6,20,6,1
wazuh-1788728026.2579577,2026-09-06T20:53:46.347000Z,target-kali-01,5501,3,authentication_success|pam|syslog,pam,T1078,journald,0,0,0,0,0,0,0,0,0,0,1,0,19,19,1,0,38,0,0,108,3,20,6,1
wazuh-1788728028.2580020,2026-09-06T20:53:48.848000Z,lab-sensor-01,31106,6,accesslog|attack|web,web-accesslog,T1190,/var/log/apache2/access.log,0,0,1,0,0,0,1,0,0,0,0,0,17,1,6,0,15,0,0,94,6,20,6,1
wazuh-1788728048.2580505,2026-09-06T20:54:08.458000Z,target-kali-01,5501,3,authentication_success|pam|syslog,pam,T1078,journald,0,0,0,0,0,0,0,0,0,0,1,0,18,18,1,0,38,0,0,108,3,20,6,1
wazuh-1788728056.2580948,2026-09-06T20:54:16.458000Z,target-kali-01,5501,3,authentication_success|pam|syslog,pam,T1078,journald,0,0,0,0,0,0,0,0,0,0,1,0,19,19,1,0,38,0,0,109,3,20,6,1
wazuh-1788728056.2581391,2026-09-06T20:54:16.908000Z,lab-sensor-01,31104,6,accesslog|attack|web,web-accesslog,T1055|T1083|T1190,/var/log/apache2/access.log,0,0,1,0,0,0,1,0,0,0,0,0,18,2,6,0,15,0,0,94,6,20,6,1
wazuh-1788728059.2581850,2026-09-06T20:54:19.202000Z,film-laptop,86601,3,ids|suricata,json,none,/var/log/suricata/eve.json,68,67,1,1,0,0,1,0,0,0,0,0,8,8,2,0,0,0,0,0,3,20,6,1
wazuh-1788728059.2584054,2026-09-06T20:54:19.202000Z,film-laptop,86601,3,ids|suricata,json,none,/var/log/suricata/eve.json,68,67,1,1,0,0,1,0,0,0,0,0,9,9,2,0,0,0,0,0,3,20,6,1
wazuh-1788728060.2586258,2026-09-06T20:54:20.909000Z,lab-sensor-01,31106,6,accesslog|attack|web,web-accesslog,T1190,/var/log/apache2/access.log,0,0,1,0,0,0,1,0,0,0,0,0,19,2,6,0,15,0,0,95,6,20,6,1
wazuh-1788728068.2586743,2026-09-06T20:54:28.962000Z,film-laptop,591,3,ossec,ossec,none,logcollector,0,0,0,0,0,0,0,0,0,0,0,0,10,0,2,0,0,0,0,0,3,20,6,1
wazuh-1788728076.2587116,2026-09-06T20:54:36.976000Z,target-kali-01,5501,3,authentication_success|pam|syslog,pam,T1078,journald,0,0,0,0,0,0,0,0,0,0,1,0,18,18,1,0,37,0,0,108,3,20,6,1
wazuh-1788728087.2587559,2026-09-06T20:54:47.687000Z,target-kali-01,5501,3,authentication_success|pam|syslog,pam,T1078,journald,0,0,0,0,0,0,0,0,0,0,1,0,18,18,1,0,38,0,0,109,3,20,6,1
wazuh-1788728089.2588002,2026-09-06T20:54:49.351000Z,lab-sensor-01,31101,5,accesslog|attack|web,web-accesslog,none,/var/log/apache2/access.log,0,0,1,0,0,0,1,0,0,0,0,0,20,3,6,0,12,0,0,96,6,20,6,1
wazuh-1788728091.2588444,2026-09-06T20:54:51.354000Z,lab-sensor-01,31101,5,accesslog|attack|web,web-accesslog,none,/var/log/apache2/access.log,0,0,1,0,0,0,1,0,0,0,0,0,21,4,6,0,12,0,0,96,6,20,6,1
wazuh-1788728093.2588886,2026-09-06T20:54:53.357000Z,lab-sensor-01,31101,5,accesslog|attack|web,web-accesslog,none,/var/log/apache2/access.log,0,0,1,0,0,0,1,0,0,0,0,0,22,5,6,0,12,0,0,96,6,20,6,1
wazuh-1788728095.2589334,2026-09-06T20:54:55.361000Z,lab-sensor-01,30305,5,access_denied|apache|web,apache-errorlog,none,/var/log/apache2/error.log,42918,0,1,0,0,0,1,0,0,0,0,0,23,1,6,0,12,0,0,96,6,20,6,1
wazuh-1788728095.2589934,2026-09-06T20:54:55.361000Z,lab-sensor-01,31516,6,appsec|attack|web,web-accesslog,T1055,/var/log/apache2/access.log,0,0,1,0,0,0,1,0,0,0,0,0,24,1,6,0,12,0,0,96,6,20,6,1
wazuh-1788728109.2590377,2026-09-06T20:55:09.737000Z,target-kali-01,5501,3,authentication_success|pam|syslog,pam,T1078,journald,0,0,0,0,0,0,0,0,0,0,1,0,17,17,1,0,38,0,0,108,3,20,6,1
wazuh-1788728110.2590820,2026-09-06T20:55:10.999000Z,lab-sensor-01,31101,5,accesslog|attack|web,web-accesslog,none,/var/log/apache2/access.log,0,0,1,0,0,0,1,0,0,0,0,0,25,6,6,0,12,0,0,97,6,20,6,1
wazuh-1788728113.2591262,2026-09-06T20:55:13.012000Z,lab-sensor-01,31101,5,accesslog|attack|web,web-accesslog,none,/var/log/apache2/access.log,0,0,1,0,0,0,1,0,0,0,0,0,26,7,6,0,12,0,0,96,6,20,6,1
wazuh-1788728115.2591704,2026-09-06T20:55:15.014000Z,lab-sensor-01,31101,5,accesslog|attack|web,web-accesslog,none,/var/log/apache2/access.log,0,0,1,0,0,0,1,0,0,0,0,0,27,8,6,0,12,0,0,96,6,20,6,1
wazuh-1788728117.2592152,2026-09-06T20:55:17.016000Z,lab-sensor-01,30305,5,access_denied|apache|web,apache-errorlog,none,/var/log/apache2/error.log,42106,0,1,0,0,0,1,0,0,0,0,0,28,2,6,0,12,0,0,96,6,20,6,1
wazuh-1788728117.2592752,2026-09-06T20:55:17.016000Z,lab-sensor-01,31516,6,appsec|attack|web,web-accesslog,T1055,/var/log/apache2/access.log,0,0,1,0,0,0,1,0,0,0,0,0,29,2,6,0,12,0,0,96,6,20,6,1
wazuh-1788728119.2593195,2026-09-06T20:55:19.268000Z,film-laptop,86601,3,ids|suricata,json,none,/var/log/suricata/eve.json,68,67,1,1,0,0,1,0,0,0,0,0,9,8,2,0,0,0,0,0,3,20,6,1
wazuh-1788728119.2595401,2026-09-06T20:55:19.268000Z,film-laptop,86601,3,ids|suricata,json,none,/var/log/suricata/eve.json,68,67,1,1,0,0,1,0,0,0,0,0,10,9,2,0,0,0,0,0,3,20,6,1
wazuh-1788728129.2597607,2026-09-06T20:55:29.836000Z,target-kali-01,5501,3,authentication_success|pam|syslog,pam,T1078,journald,0,0,0,0,0,0,0,0,0,0,1,0,17,17,1,0,38,0,0,108,3,20,6,1
wazuh-1788728133.2598050,2026-09-06T20:55:33.034000Z,lab-sensor-01,31101,5,accesslog|attack|web,web-accesslog,none,/var/log/apache2/access.log,0,0,1,0,0,0,1,0,0,0,0,0,27,9,6,0,12,0,0,97,6,20,6,1
wazuh-1788728135.2598492,2026-09-06T20:55:35.040000Z,lab-sensor-01,31101,5,accesslog|attack|web,web-accesslog,none,/var/log/apache2/access.log,0,0,1,0,0,0,1,0,0,0,0,0,28,10,6,0,12,0,0,97,6,20,6,1
wazuh-1788728137.2598934,2026-09-06T20:55:37.045000Z,lab-sensor-01,31101,5,accesslog|attack|web,web-accesslog,none,/var/log/apache2/access.log,0,0,1,0,0,0,1,0,0,0,0,0,29,11,6,0,12,0,0,96,6,20,6,1
wazuh-1788728139.2599382,2026-09-06T20:55:39.047000Z,lab-sensor-01,30305,5,access_denied|apache|web,apache-errorlog,none,/var/log/apache2/error.log,58362,0,1,0,0,0,1,0,0,0,0,0,30,3,6,0,12,0,0,96,6,20,6,1
wazuh-1788728139.2599982,2026-09-06T20:55:39.047000Z,lab-sensor-01,31516,6,appsec|attack|web,web-accesslog,T1055,/var/log/apache2/access.log,0,0,1,0,0,0,1,0,0,0,0,0,31,3,6,0,12,0,0,96,6,20,6,1
wazuh-1788728153.2600425,2026-09-06T20:55:53.222000Z,target-kali-01,5501,3,authentication_success|pam|syslog,pam,T1078,journald,0,0,0,0,0,0,0,0,0,0,1,0,17,17,1,0,37,0,0,108,3,20,6,1
wazuh-1788728173.2600868,2026-09-06T20:56:13.325000Z,target-kali-01,5501,3,authentication_success|pam|syslog,pam,T1078,journald,0,0,0,0,0,0,0,0,0,0,1,0,17,17,1,0,37,0,0,108,3,20,6,1
wazuh-1788728179.2601311,2026-09-06T20:56:19.347000Z,film-laptop,86601,3,ids|suricata,json,none,/var/log/suricata/eve.json,68,67,1,1,0,0,1,0,0,0,0,0,9,8,2,0,0,0,0,0,3,20,6,1
wazuh-1788728179.2603515,2026-09-06T20:56:19.349000Z,film-laptop,86601,3,ids|suricata,json,none,/var/log/suricata/eve.json,68,67,1,1,0,0,1,0,0,0,0,0,10,9,2,0,0,0,0,0,3,20,6,1
wazuh-1788728183.2605719,2026-09-06T20:56:23.617000Z,target-kali-01,5501,3,authentication_success|pam|syslog,pam,T1078,journald,0,0,0,0,0,0,0,0,0,0,1,0,18,18,1,0,37,0,0,108,3,20,6,1
wazuh-1788728204.2606162,2026-09-06T20:56:44.106000Z,target-kali-01,5501,3,authentication_success|pam|syslog,pam,T1078,journald,0,0,0,0,0,0,0,0,0,0,1,0,18,18,1,0,37,0,0,108,3,20,6,1
wazuh-1788728212.2606605,2026-09-06T20:56:52.357000Z,target-kali-01,5501,3,authentication_success|pam|syslog,pam,T1078,journald,0,0,0,0,0,0,0,0,0,0,1,0,18,18,1,0,37,0,0,109,3,20,6,1
wazuh-1788728213.2607048,2026-09-06T20:56:53.225000Z,lab-sensor-01,31104,6,accesslog|attack|web,web-accesslog,T1055|T1083|T1190,/var/log/apache2/access.log,0,0,1,0,0,0,1,0,0,0,0,0,27,2,6,0,9,0,0,93,6,20,6,1
wazuh-1788728217.2607507,2026-09-06T20:56:57.189000Z,lab-sensor-01,31106,6,accesslog|attack|web,web-accesslog,T1190,/var/log/apache2/access.log,0,0,1,0,0,0,1,0,0,0,0,0,28,2,6,0,9,0,0,94,6,20,6,1
wazuh-1788728230.2607992,2026-09-06T20:57:10.421000Z,target-kali-01,5501,3,authentication_success|pam|syslog,pam,T1078,journald,0,0,0,0,0,0,0,0,0,0,1,0,18,18,1,0,37,0,0,108,3,20,6,1
wazuh-1788728239.2608435,2026-09-06T20:57:19.404000Z,film-laptop,86601,3,ids|suricata,json,none,/var/log/suricata/eve.json,68,67,1,1,0,0,1,0,0,0,0,0,9,8,2,0,0,0,0,0,3,20,6,1
wazuh-1788728239.2610641,2026-09-06T20:57:19.406000Z,film-laptop,86601,3,ids|suricata,json,none,/var/log/suricata/eve.json,68,67,1,1,0,0,1,0,0,0,0,0,10,9,2,0,0,0,0,0,3,20,6,1
wazuh-1788728248.2612847,2026-09-06T20:57:28.528000Z,target-kali-01,5501,3,authentication_success|pam|syslog,pam,T1078,journald,0,0,0,0,0,0,0,0,0,0,1,0,17,17,1,0,37,0,0,109,3,20,6,1
wazuh-1788728260.2613290,2026-09-06T20:57:40.626000Z,target-kali-01,5501,3,authentication_success|pam|syslog,pam,T1078,journald,0,0,0,0,0,0,0,0,0,0,1,0,18,18,1,0,38,0,0,109,3,20,6,1
wazuh-1788728261.2613733,2026-09-06T20:57:41.266000Z,lab-sensor-01,31101,5,accesslog|attack|web,web-accesslog,none,/var/log/apache2/access.log,0,0,1,0,0,0,1,0,0,0,0,0,24,9,6,0,9,0,0,92,6,20,6,1
wazuh-1788728263.2614175,2026-09-06T20:57:43.277000Z,lab-sensor-01,31101,5,accesslog|attack|web,web-accesslog,none,/var/log/apache2/access.log,0,0,1,0,0,0,1,0,0,0,0,0,25,10,6,0,9,0,0,92,6,20,6,1
wazuh-1788728265.2614617,2026-09-06T20:57:45.282000Z,lab-sensor-01,31101,5,accesslog|attack|web,web-accesslog,none,/var/log/apache2/access.log,0,0,1,0,0,0,1,0,0,0,0,0,26,11,6,0,9,0,0,92,6,20,6,1
wazuh-1788728267.2615065,2026-09-06T20:57:47.287000Z,lab-sensor-01,30305,5,access_denied|apache|web,apache-errorlog,none,/var/log/apache2/error.log,58030,0,1,0,0,0,1,0,0,0,0,0,26,3,6,0,9,0,0,92,6,20,6,1
wazuh-1788728267.2615665,2026-09-06T20:57:47.287000Z,lab-sensor-01,31516,6,appsec|attack|web,web-accesslog,T1055,/var/log/apache2/access.log,0,0,1,0,0,0,1,0,0,0,0,0,27,3,6,0,9,0,0,92,6,20,6,1
wazuh-1788728283.2616108,2026-09-06T20:58:03.356000Z,lab-sensor-01,31104,6,accesslog|attack|web,web-accesslog,T1055|T1083|T1190,/var/log/apache2/access.log,0,0,1,0,0,0,1,0,0,0,0,0,26,3,6,0,9,0,0,91,6,20,6,1
wazuh-1788728283.2616567,2026-09-06T20:58:03.802000Z,target-kali-01,5501,3,authentication_success|pam|syslog,pam,T1078,journald,0,0,0,0,0,0,0,0,0,0,1,0,18,18,1,0,37,0,0,108,3,20,6,1
wazuh-1788728287.2617010,2026-09-06T20:58:07.317000Z,lab-sensor-01,31106,6,accesslog|attack|web,web-accesslog,T1190,/var/log/apache2/access.log,0,0,1,0,0,0,1,0,0,0,0,0,27,3,6,0,9,0,0,91,6,20,6,1
wazuh-1788728301.2617495,2026-09-06T20:58:21.724000Z,film-laptop,86601,3,ids|suricata,json,none,/var/log/suricata/eve.json,68,67,1,1,0,0,1,0,0,0,0,0,9,8,2,0,0,0,0,0,3,20,6,1
wazuh-1788728301.2619705,2026-09-06T20:58:21.724000Z,film-laptop,86601,3,ids|suricata,json,none,/var/log/suricata/eve.json,68,67,1,1,0,0,1,0,0,0,0,0,10,9,2,0,0,0,0,0,3,20,6,1
wazuh-1788728302.2621915,2026-09-06T20:58:22.575000Z,target-kali-01,5501,3,authentication_success|pam|syslog,pam,T1078,journald,0,0,0,0,0,0,0,0,0,0,1,0,17,17,1,0,37,0,0,108,3,20,6,1
wazuh-1788728314.2622358,2026-09-06T20:58:34.668000Z,target-kali-01,5501,3,authentication_success|pam|syslog,pam,T1078,journald,0,0,0,0,0,0,0,0,0,0,1,0,17,17,1,0,37,0,0,109,3,20,6,1
wazuh-1788728326.2622801,2026-09-06T20:58:46.703000Z,target-kali-01,5501,3,authentication_success|pam|syslog,pam,T1078,journald,0,0,0,0,0,0,0,0,0,0,1,0,17,17,1,0,37,0,0,109,3,20,6,1
wazuh-1788728327.2623244,2026-09-06T20:58:47.424000Z,lab-sensor-01,5710,5,authentication_failed|invalid_login|sshd|syslog,sshd,T1021.004|T1110.001,journald,45466,0,1,0,0,0,1,0,0,0,1,0,27,0,6,0,9,0,0,91,6,20,6,1
wazuh-1788728329.2623793,2026-09-06T20:58:49.421000Z,lab-sensor-01,5710,5,authentication_failed|invalid_login|sshd|syslog,sshd,T1021.004|T1110.001,journald,54346,0,1,0,0,0,1,0,0,0,1,0,27,1,6,0,10,0,0,92,6,20,6,1
wazuh-1788728333.2624342,2026-09-06T20:58:53.427000Z,lab-sensor-01,5710,5,authentication_failed|invalid_login|sshd|syslog,sshd,T1021.004|T1110.001,journald,54362,0,1,0,0,0,1,0,0,0,1,0,28,2,6,0,11,0,0,93,6,20,6,1
wazuh-1788728347.2624891,2026-09-06T20:59:07.107000Z,target-kali-01,5501,3,authentication_success|pam|syslog,pam,T1078,journald,0,0,0,0,0,0,0,0,0,0,1,0,18,18,1,0,36,0,0,109,3,20,6,1
wazuh-1788728361.2625334,2026-09-06T20:59:21.618000Z,film-laptop,86601,3,ids|suricata,json,none,/var/log/suricata/eve.json,68,67,1,1,0,0,1,0,0,0,0,0,9,8,2,0,0,0,0,0,3,20,6,1
wazuh-1788728361.2627538,2026-09-06T20:59:21.618000Z,film-laptop,86601,3,ids|suricata,json,none,/var/log/suricata/eve.json,68,67,1,1,0,0,1,0,0,0,0,0,10,9,2,0,0,0,0,0,3,20,6,1
wazuh-1788728362.2629742,2026-09-06T20:59:22.062000Z,lab-sensor-01,31104,6,accesslog|attack|web,web-accesslog,T1055|T1083|T1190,/var/log/apache2/access.log,0,0,1,0,0,0,1,0,0,0,0,0,27,2,6,0,12,0,0,89,6,20,6,1
wazuh-1788728362.2630201,2026-09-06T20:59:22.116000Z,target-kali-01,5501,3,authentication_success|pam|syslog,pam,T1078,journald,0,0,0,0,0,0,0,0,0,0,1,0,17,17,1,0,36,0,0,109,3,20,6,1
wazuh-1788728366.2630644,2026-09-06T20:59:26.043000Z,lab-sensor-01,31106,6,accesslog|attack|web,web-accesslog,T1190,/var/log/apache2/access.log,0,0,1,0,0,0,1,0,0,0,0,0,28,2,6,0,12,0,0,90,6,20,6,1
wazuh-1788728380.2631129,2026-09-06T20:59:40.774000Z,target-kali-01,5501,3,authentication_success|pam|syslog,pam,T1078,journald,0,0,0,0,0,0,0,0,0,0,1,0,17,17,1,0,36,0,0,109,3,20,6,1
wazuh-1788728400.2631572,2026-09-06T21:00:00.992000Z,target-kali-01,5501,3,authentication_success|pam|syslog,pam,T1078,journald,0,0,0,0,0,0,0,0,0,0,1,0,17,17,1,0,35,0,0,109,3,21,6,1
wazuh-1788728401.2632015,2026-09-06T21:00:01.540000Z,lab-sensor-01,5710,5,authentication_failed|invalid_login|sshd|syslog,sshd,T1021.004|T1110.001,journald,50192,0,1,0,0,0,1,0,0,0,1,0,24,3,6,0,12,0,0,87,6,21,6,1
wazuh-1788728405.2632564,2026-09-06T21:00:05.541000Z,lab-sensor-01,5710,5,authentication_failed|invalid_login|sshd|syslog,sshd,T1021.004|T1110.001,journald,50198,0,1,0,0,0,1,0,0,0,1,0,25,4,6,0,13,0,0,87,6,21,6,1
wazuh-1788728407.2633113,2026-09-06T21:00:07.543000Z,lab-sensor-01,5710,5,authentication_failed|invalid_login|sshd|syslog,sshd,T1021.004|T1110.001,journald,50200,0,1,0,0,0,1,0,0,0,1,0,26,5,6,0,14,0,0,88,6,21,6,1
wazuh-1788728421.2633662,2026-09-06T21:00:21.621000Z,film-laptop,86601,3,ids|suricata,json,none,/var/log/suricata/eve.json,68,67,1,1,0,0,1,0,0,0,0,0,8,8,2,0,0,0,0,0,3,21,6,1
wazuh-1788728421.2635868,2026-09-06T21:00:21.623000Z,film-laptop,86601,3,ids|suricata,json,none,/var/log/suricata/eve.json,68,67,1,1,0,0,1,0,0,0,0,0,9,9,2,0,0,0,0,0,3,21,6,1
wazuh-1788728425.2638074,2026-09-06T21:00:25.432000Z,target-kali-01,5501,3,authentication_success|pam|syslog,pam,T1078,journald,0,0,0,0,0,0,0,0,0,0,1,0,17,17,1,0,35,0,0,109,3,21,6,1
wazuh-1788728439.2638517,2026-09-06T21:00:39.469000Z,target-kali-01,5501,3,authentication_success|pam|syslog,pam,T1078,journald,0,0,0,0,0,0,0,0,0,0,1,0,17,17,1,0,35,0,0,109,3,21,6,1
wazuh-1788728441.2638960,2026-09-06T21:00:41.588000Z,lab-sensor-01,31101,5,accesslog|attack|web,web-accesslog,none,/var/log/apache2/access.log,0,0,1,0,0,0,1,0,0,0,0,0,17,3,6,0,12,0,0,86,6,21,6,1
wazuh-1788728443.2639402,2026-09-06T21:00:43.589000Z,lab-sensor-01,31101,5,accesslog|attack|web,web-accesslog,none,/var/log/apache2/access.log,0,0,1,0,0,0,1,0,0,0,0,0,18,4,6,0,12,0,0,86,6,21,6,1
wazuh-1788728445.2639844,2026-09-06T21:00:45.596000Z,lab-sensor-01,31101,5,accesslog|attack|web,web-accesslog,none,/var/log/apache2/access.log,0,0,1,0,0,0,1,0,0,0,0,0,19,5,6,0,12,0,0,86,6,21,6,1
wazuh-1788728447.2640292,2026-09-06T21:00:47.597000Z,lab-sensor-01,30305,5,access_denied|apache|web,apache-errorlog,none,/var/log/apache2/error.log,44400,0,1,0,0,0,1,0,0,0,0,0,20,1,6,0,12,0,0,86,6,21,6,1
wazuh-1788728447.2640892,2026-09-06T21:00:47.598000Z,lab-sensor-01,31516,6,appsec|attack|web,web-accesslog,T1055,/var/log/apache2/access.log,0,0,1,0,0,0,1,0,0,0,0,0,21,1,6,0,12,0,0,86,6,21,6,1
wazuh-1788728453.2641335,2026-09-06T21:00:53.002000Z,film-laptop,591,3,ossec,ossec,none,logcollector,0,0,0,0,0,0,0,0,0,0,0,0,10,0,2,0,0,0,0,0,3,21,6,1
wazuh-1788728464.2641708,2026-09-06T21:01:04.613000Z,target-kali-01,5501,3,authentication_success|pam|syslog,pam,T1078,journald,0,0,0,0,0,0,0,0,0,0,1,0,17,17,1,0,35,0,0,109,3,21,6,1
wazuh-1788728475.2642151,2026-09-06T21:01:15.516000Z,target-kali-01,5501,3,authentication_success|pam|syslog,pam,T1078,journald,0,0,0,0,0,0,0,0,0,0,1,0,17,17,1,0,35,0,0,109,3,21,6,1
wazuh-1788728483.2642594,2026-09-06T21:01:23.673000Z,film-laptop,86601,3,ids|suricata,json,none,/var/log/suricata/eve.json,68,67,1,1,0,0,1,0,0,0,0,0,9,8,2,0,0,0,0,0,3,21,6,1
wazuh-1788728483.2644798,2026-09-06T21:01:23.673000Z,film-laptop,86601,3,ids|suricata,json,none,/var/log/suricata/eve.json,68,67,1,1,0,0,1,0,0,0,0,0,10,9,2,0,0,0,0,0,3,21,6,1
wazuh-1788728489.2647002,2026-09-06T21:01:29.755000Z,target-kali-01,5501,3,authentication_success|pam|syslog,pam,T1078,journald,0,0,0,0,0,0,0,0,0,0,1,0,17,17,1,0,35,0,0,110,3,21,6,1
wazuh-1788728503.2647445,2026-09-06T21:01:43.710000Z,lab-sensor-01,5710,5,authentication_failed|invalid_login|sshd|syslog,sshd,T1021.004|T1110.001,journald,40378,0,1,0,0,0,1,0,0,0,1,0,22,6,6,0,9,0,0,85,6,21,6,1
wazuh-1788728503.2647994,2026-09-06T21:01:43.817000Z,target-kali-01,5501,3,authentication_success|pam|syslog,pam,T1078,journald,0,0,0,0,0,0,0,0,0,0,1,0,18,18,1,0,36,0,0,109,3,21,6,1
wazuh-1788728505.2648437,2026-09-06T21:01:45.715000Z,lab-sensor-01,5710,5,authentication_failed|invalid_login|sshd|syslog,sshd,T1021.004|T1110.001,journald,40384,0,1,0,0,0,1,0,0,0,1,0,23,7,6,0,10,0,0,86,6,21,6,1
wazuh-1788728509.2648986,2026-09-06T21:01:49.731000Z,lab-sensor-01,5710,5,authentication_failed|invalid_login|sshd|syslog,sshd,T1021.004|T1110.001,journald,39376,0,1,0,0,0,1,0,0,0,1,0,24,8,6,0,11,0,0,87,6,21,6,1
wazuh-1788728523.2649535,2026-09-06T21:02:03.876000Z,target-kali-01,5501,3,authentication_success|pam|syslog,pam,T1078,journald,0,0,0,0,0,0,0,0,0,0,1,0,17,17,1,0,35,0,0,109,3,21,6,1
wazuh-1788728525.2649978,2026-09-06T21:02:05.761000Z,lab-sensor-01,31101,5,accesslog|attack|web,web-accesslog,none,/var/log/apache2/access.log,0,0,1,0,0,0,1,0,0,0,0,0,23,6,6,0,12,0,0,88,6,21,6,1
wazuh-1788728527.2650420,2026-09-06T21:02:07.766000Z,lab-sensor-01,31101,5,accesslog|attack|web,web-accesslog,none,/var/log/apache2/access.log,0,0,1,0,0,0,1,0,0,0,0,0,24,7,6,0,12,0,0,88,6,21,6,1
wazuh-1788728529.2650862,2026-09-06T21:02:09.768000Z,lab-sensor-01,31101,5,accesslog|attack|web,web-accesslog,none,/var/log/apache2/access.log,0,0,1,0,0,0,1,0,0,0,0,0,25,8,6,0,12,0,0,88,6,21,6,1
wazuh-1788728531.2651310,2026-09-06T21:02:11.770000Z,lab-sensor-01,30305,5,access_denied|apache|web,apache-errorlog,none,/var/log/apache2/error.log,39132,0,1,0,0,0,1,0,0,0,0,0,26,2,6,0,12,0,0,88,6,21,6,1
wazuh-1788728531.2651910,2026-09-06T21:02:11.812000Z,lab-sensor-01,31516,6,appsec|attack|web,web-accesslog,T1055,/var/log/apache2/access.log,0,0,1,0,0,0,1,0,0,0,0,0,27,2,6,0,12,0,0,88,6,21,6,1
wazuh-1788728543.2652353,2026-09-06T21:02:23.775000Z,film-laptop,86601,3,ids|suricata,json,none,/var/log/suricata/eve.json,68,67,1,1,0,0,1,0,0,0,0,0,9,8,2,0,0,0,0,0,3,21,6,1
wazuh-1788728543.2654559,2026-09-06T21:02:23.783000Z,film-laptop,86601,3,ids|suricata,json,none,/var/log/suricata/eve.json,68,67,1,1,0,0,1,0,0,0,0,0,10,9,2,0,0,0,0,0,3,21,6,1
wazuh-1788728544.2656765,2026-09-06T21:02:24.053000Z,target-kali-01,5501,3,authentication_success|pam|syslog,pam,T1078,journald,0,0,0,0,0,0,0,0,0,0,1,0,17,17,1,0,35,0,0,109,3,21,6,1
wazuh-1788728559.2657208,2026-09-06T21:02:39.850000Z,lab-sensor-01,31104,6,accesslog|attack|web,web-accesslog,T1055|T1083|T1190,/var/log/apache2/access.log,0,0,1,0,0,0,1,0,0,0,0,0,28,2,6,0,12,0,0,88,6,21,6,1
wazuh-1788728560.2657667,2026-09-06T21:02:40.221000Z,target-kali-01,5501,3,authentication_success|pam|syslog,pam,T1078,journald,0,0,0,0,0,0,0,0,0,0,1,0,17,17,1,0,35,0,0,109,3,21,6,1
wazuh-1788728563.2658110,2026-09-06T21:02:43.815000Z,lab-sensor-01,31106,6,accesslog|attack|web,web-accesslog,T1190,/var/log/apache2/access.log,0,0,1,0,0,0,1,0,0,0,0,0,27,2,6,0,12,0,0,89,6,21,6,1
wazuh-1788728578.2658595,2026-09-06T21:02:58.667000Z,target-kali-01,5501,3,authentication_success|pam|syslog,pam,T1078,journald,0,0,0,0,0,0,0,0,0,0,1,0,17,17,1,0,35,0,0,109,3,21,6,1
wazuh-1788728599.2659038,2026-09-06T21:03:19.791000Z,target-kali-01,5501,3,authentication_success|pam|syslog,pam,T1078,journald,0,0,0,0,0,0,0,0,0,0,1,0,17,17,1,0,35,0,0,109,3,21,6,1
wazuh-1788728603.2659481,2026-09-06T21:03:23.812000Z,film-laptop,86601,3,ids|suricata,json,none,/var/log/suricata/eve.json,68,67,1,1,0,0,1,0,0,0,0,0,9,8,2,0,0,0,0,0,3,21,6,1
wazuh-1788728603.2661687,2026-09-06T21:03:23.812000Z,film-laptop,86601,3,ids|suricata,json,none,/var/log/suricata/eve.json,68,67,1,1,0,0,1,0,0,0,0,0,10,9,2,0,0,0,0,0,3,21,6,1
wazuh-1788728611.2663893,2026-09-06T21:03:31.880000Z,target-kali-01,5501,3,authentication_success|pam|syslog,pam,T1078,journald,0,0,0,0,0,0,0,0,0,0,1,0,17,17,1,0,35,0,0,109,3,21,6,1
wazuh-1788728613.2664336,2026-09-06T21:03:33.909000Z,lab-sensor-01,31101,5,accesslog|attack|web,web-accesslog,none,/var/log/apache2/access.log,0,0,1,0,0,0,1,0,0,0,0,0,23,6,6,0,9,0,0,90,6,21,6,1
wazuh-1788728615.2664778,2026-09-06T21:03:35.911000Z,lab-sensor-01,31101,5,accesslog|attack|web,web-accesslog,none,/var/log/apache2/access.log,0,0,1,0,0,0,1,0,0,0,0,0,24,7,6,0,9,0,0,90,6,21,6,1
wazuh-1788728617.2665220,2026-09-06T21:03:37.912000Z,lab-sensor-01,31101,5,accesslog|attack|web,web-accesslog,none,/var/log/apache2/access.log,0,0,1,0,0,0,1,0,0,0,0,0,25,8,6,0,9,0,0,90,6,21,6,1
wazuh-1788728619.2665668,2026-09-06T21:03:39.914000Z,lab-sensor-01,30305,5,access_denied|apache|web,apache-errorlog,none,/var/log/apache2/error.log,55574,0,1,0,0,0,1,0,0,0,0,0,26,2,6,0,9,0,0,90,6,21,6,1
wazuh-1788728619.2666268,2026-09-06T21:03:39.915000Z,lab-sensor-01,31516,6,appsec|attack|web,web-accesslog,T1055,/var/log/apache2/access.log,0,0,1,0,0,0,1,0,0,0,0,0,27,2,6,0,9,0,0,90,6,21,6,1
wazuh-1788728635.2666711,2026-09-06T21:03:55.960000Z,target-kali-01,5501,3,authentication_success|pam|syslog,pam,T1078,journald,0,0,0,0,0,0,0,0,0,0,1,0,16,16,1,0,34,0,0,108,3,21,6,1
wazuh-1788728648.2667154,2026-09-06T21:04:08.015000Z,target-kali-01,5501,3,authentication_success|pam|syslog,pam,T1078,journald,0,0,0,0,0,0,0,0,0,0,1,0,16,16,1,0,35,0,0,108,3,21,6,1
wazuh-1788728662.2667597,2026-09-06T21:04:22.451000Z,target-kali-01,5501,3,authentication_success|pam|syslog,pam,T1078,journald,0,0,0,0,0,0,0,0,0,0,1,0,16,16,1,0,34,0,0,108,3,21,6,1
wazuh-1788728665.2668040,2026-09-06T21:04:25.882000Z,film-laptop,86601,3,ids|suricata,json,none,/var/log/suricata/eve.json,68,67,1,1,0,0,1,0,0,0,0,0,9,8,2,0,0,0,0,0,3,21,6,1
wazuh-1788728665.2670246,2026-09-06T21:04:25.882000Z,film-laptop,86601,3,ids|suricata,json,none,/var/log/suricata/eve.json,68,67,1,1,0,0,1,0,0,0,0,0,10,9,2,0,0,0,0,0,3,21,6,1
wazuh-1788728680.2672452,2026-09-06T21:04:40.722000Z,target-kali-01,5501,3,authentication_success|pam|syslog,pam,T1078,journald,0,0,0,0,0,0,0,0,0,0,1,0,17,17,1,0,34,0,0,108,3,21,6,1
wazuh-1788728691.2672895,2026-09-06T21:04:51.721000Z,target-kali-01,5501,3,authentication_success|pam|syslog,pam,T1078,journald,0,0,0,0,0,0,0,0,0,0,1,0,17,17,1,0,34,0,0,109,3,21,6,1
wazuh-1788728694.2673338,2026-09-06T21:04:54.035000Z,lab-sensor-01,31101,5,accesslog|attack|web,web-accesslog,none,/var/log/apache2/access.log,0,0,1,0,0,0,1,0,0,0,0,0,23,9,6,0,9,0,0,85,6,21,6,1
wazuh-1788728696.2673780,2026-09-06T21:04:56.038000Z,lab-sensor-01,31101,5,accesslog|attack|web,web-accesslog,none,/var/log/apache2/access.log,0,0,1,0,0,0,1,0,0,0,0,0,24,10,6,0,9,0,0,84,6,21,6,1
wazuh-1788728698.2674222,2026-09-06T21:04:58.042000Z,lab-sensor-01,31101,5,accesslog|attack|web,web-accesslog,none,/var/log/apache2/access.log,0,0,1,0,0,0,1,0,0,0,0,0,25,11,6,0,9,0,0,84,6,21,6,1
wazuh-1788728700.2674670,2026-09-06T21:05:00.043000Z,lab-sensor-01,30305,5,access_denied|apache|web,apache-errorlog,none,/var/log/apache2/error.log,49870,0,1,0,0,0,1,0,0,0,0,0,26,3,6,0,9,0,0,83,6,21,6,1
wazuh-1788728700.2675270,2026-09-06T21:05:00.044000Z,lab-sensor-01,31516,6,appsec|attack|web,web-accesslog,T1055,/var/log/apache2/access.log,0,0,1,0,0,0,1,0,0,0,0,0,27,3,6,0,9,0,0,83,6,21,6,1
wazuh-1788728711.2675713,2026-09-06T21:05:11.942000Z,target-kali-01,5501,3,authentication_success|pam|syslog,pam,T1078,journald,0,0,0,0,0,0,0,0,0,0,1,0,17,17,1,0,34,0,0,109,3,21,6,1
wazuh-1788728712.2676156,2026-09-06T21:05:12.116000Z,lab-sensor-01,5710,5,authentication_failed|invalid_login|sshd|syslog,sshd,T1021.004|T1110.001,journald,38382,0,1,0,0,0,1,0,0,0,1,0,25,3,6,0,9,0,0,84,6,21,6,1
wazuh-1788728716.2676705,2026-09-06T21:05:16.104000Z,lab-sensor-01,5710,5,authentication_failed|invalid_login|sshd|syslog,sshd,T1021.004|T1110.001,journald,38394,0,1,0,0,0,1,0,0,0,1,0,26,4,6,0,10,0,0,84,6,21,6,1
wazuh-1788728718.2677254,2026-09-06T21:05:18.125000Z,lab-sensor-01,5710,5,authentication_failed|invalid_login|sshd|syslog,sshd,T1021.004|T1110.001,journald,34068,0,1,0,0,0,1,0,0,0,1,0,27,5,6,0,11,0,0,84,6,21,6,1
wazuh-1788728725.2677803,2026-09-06T21:05:25.990000Z,film-laptop,86601,3,ids|suricata,json,none,/var/log/suricata/eve.json,68,67,1,1,0,0,1,0,0,0,0,0,9,8,2,0,0,0,0,0,3,21,6,1
wazuh-1788728725.2680009,2026-09-06T21:05:25.990000Z,film-laptop,86601,3,ids|suricata,json,none,/var/log/suricata/eve.json,68,67,1,1,0,0,1,0,0,0,0,0,10,9,2,0,0,0,0,0,3,21,6,1
wazuh-1788728734.2682215,2026-09-06T21:05:34.785000Z,target-kali-01,5501,3,authentication_success|pam|syslog,pam,T1078,journald,0,0,0,0,0,0,0,0,0,0,1,0,17,17,1,0,34,0,0,108,3,21,6,1
wazuh-1788728749.2682658,2026-09-06T21:05:49.519000Z,target-kali-01,5501,3,authentication_success|pam|syslog,pam,T1078,journald,0,0,0,0,0,0,0,0,0,0,1,0,17,17,1,0,35,0,0,108,3,21,6,1
wazuh-1788728768.2683101,2026-09-06T21:06:08.546000Z,target-kali-01,5501,3,authentication_success|pam|syslog,pam,T1078,journald,0,0,0,0,0,0,0,0,0,0,1,0,17,17,1,0,35,0,0,108,3,21,6,1
wazuh-1788728773.2683544,2026-09-06T21:06:13.034000Z,film-laptop,591,3,ossec,ossec,none,logcollector,0,0,0,0,0,0,0,0,0,0,0,0,10,0,2,0,0,0,0,0,3,21,6,1
wazuh-1788728778.2683917,2026-09-06T21:06:18.279000Z,lab-sensor-01,31104,6,accesslog|attack|web,web-accesslog,T1055|T1083|T1190,/var/log/apache2/access.log,0,0,1,0,0,0,1,0,0,0,0,0,23,1,6,0,12,0,0,81,6,21,6,1
wazuh-1788728778.2684376,2026-09-06T21:06:18.638000Z,target-kali-01,5501,3,authentication_success|pam|syslog,pam,T1078,journald,0,0,0,0,0,0,0,0,0,0,1,0,17,17,1,0,35,0,0,109,3,21,6,1
wazuh-1788728782.2684819,2026-09-06T21:06:22.281000Z,lab-sensor-01,31106,6,accesslog|attack|web,web-accesslog,T1190,/var/log/apache2/access.log,0,0,1,0,0,0,1,0,0,0,0,0,24,1,6,0,12,0,0,82,6,21,6,1
wazuh-1788728786.2685304,2026-09-06T21:06:26.054000Z,film-laptop,86601,3,ids|suricata,json,none,/var/log/suricata/eve.json,68,67,1,1,0,0,1,0,0,0,0,0,9,8,2,0,0,0,0,0,3,21,6,1
wazuh-1788728786.2687508,2026-09-06T21:06:26.054000Z,film-laptop,86601,3,ids|suricata,json,none,/var/log/suricata/eve.json,68,67,1,1,0,0,1,0,0,0,0,0,10,9,2,0,0,0,0,0,3,21,6,1
wazuh-1788728799.2689712,2026-09-06T21:06:39.371000Z,target-kali-01,5501,3,authentication_success|pam|syslog,pam,T1078,journald,0,0,0,0,0,0,0,0,0,0,1,0,17,17,1,0,35,0,0,109,3,21,6,1
wazuh-1788728811.2690155,2026-09-06T21:06:51.477000Z,target-kali-01,5501,3,authentication_success|pam|syslog,pam,T1078,journald,0,0,0,0,0,0,0,0,0,0,1,0,17,17,1,0,35,0,0,109,3,21,6,1
wazuh-1788728823.2690598,2026-09-06T21:07:03.567000Z,target-kali-01,5501,3,authentication_success|pam|syslog,pam,T1078,journald,0,0,0,0,0,0,0,0,0,0,1,0,18,18,1,0,35,0,0,110,3,21,6,1
wazuh-1788728834.2691041,2026-09-06T21:07:14.444000Z,lab-sensor-01,5710,5,authentication_failed|invalid_login|sshd|syslog,sshd,T1021.004|T1110.001,journald,50442,0,1,0,0,0,1,0,0,0,1,0,17,3,6,0,12,0,0,78,6,21,6,1
wazuh-1788728835.2691590,2026-09-06T21:07:15.629000Z,target-kali-01,5501,3,authentication_success|pam|syslog,pam,T1078,journald,0,0,0,0,0,0,0,0,0,0,1,0,18,18,1,0,35,0,0,110,3,21,6,1
wazuh-1788728838.2692033,2026-09-06T21:07:18.454000Z,lab-sensor-01,5710,5,authentication_failed|invalid_login|sshd|syslog,sshd,T1021.004|T1110.001,journald,50448,0,1,0,0,0,1,0,0,0,1,0,18,4,6,0,13,0,0,78,6,21,6,1
wazuh-1788728840.2692582,2026-09-06T21:07:20.456000Z,lab-sensor-01,5710,5,authentication_failed|invalid_login|sshd|syslog,sshd,T1021.004|T1110.001,journald,44478,0,1,0,0,0,1,0,0,0,1,0,19,5,6,0,14,0,0,78,6,21,6,1
wazuh-1788728846.2693131,2026-09-06T21:07:26.121000Z,film-laptop,86601,3,ids|suricata,json,none,/var/log/suricata/eve.json,68,67,1,1,0,0,1,0,0,0,0,0,9,8,2,0,0,0,0,0,3,21,6,1
wazuh-1788728846.2695337,2026-09-06T21:07:26.121000Z,film-laptop,86601,3,ids|suricata,json,none,/var/log/suricata/eve.json,68,67,1,1,0,0,1,0,0,0,0,0,10,9,2,0,0,0,0,0,3,21,6,1
wazuh-1788728853.2697543,2026-09-06T21:07:33.722000Z,target-kali-01,5501,3,authentication_success|pam|syslog,pam,T1078,journald,0,0,0,0,0,0,0,0,0,0,1,0,18,18,1,0,35,0,0,110,3,21,6,1
wazuh-1788728854.2697986,2026-09-06T21:07:34.479000Z,lab-sensor-01,5710,5,authentication_failed|invalid_login|sshd|syslog,sshd,T1021.004|T1110.001,journald,54146,0,1,0,0,0,1,0,0,0,1,0,20,6,6,0,15,0,0,78,6,21,6,1
wazuh-1788728858.2698535,2026-09-06T21:07:38.484000Z,lab-sensor-01,5710,5,authentication_failed|invalid_login|sshd|syslog,sshd,T1021.004|T1110.001,journald,54156,0,1,0,0,0,1,0,0,0,1,0,21,7,6,0,16,0,0,79,6,21,6,1
wazuh-1788728860.2699084,2026-09-06T21:07:40.489000Z,lab-sensor-01,5710,5,authentication_failed|invalid_login|sshd|syslog,sshd,T1021.004|T1110.001,journald,51006,0,1,0,0,0,1,0,0,0,1,0,21,8,6,0,17,0,0,80,6,21,6,1
wazuh-1788728875.2699633,2026-09-06T21:07:55.837000Z,target-kali-01,5501,3,authentication_success|pam|syslog,pam,T1078,journald,0,0,0,0,0,0,0,0,0,0,1,0,18,18,1,0,35,0,0,109,3,21,6,1
wazuh-1788728885.2700076,2026-09-06T21:08:05.898000Z,target-kali-01,5501,3,authentication_success|pam|syslog,pam,T1078,journald,0,0,0,0,0,0,0,0,0,0,1,0,18,18,1,0,35,0,0,110,3,21,6,1
wazuh-1788728899.2700519,2026-09-06T21:08:19.964000Z,target-kali-01,5501,3,authentication_success|pam|syslog,pam,T1078,journald,0,0,0,0,0,0,0,0,0,0,1,0,18,18,1,0,36,0,0,109,3,21,6,1
wazuh-1788728900.2700962,2026-09-06T21:08:20.561000Z,lab-sensor-01,5710,5,authentication_failed|invalid_login|sshd|syslog,sshd,T1021.004|T1110.001,journald,51204,0,1,0,0,0,1,0,0,0,1,0,21,9,6,0,18,0,0,79,6,21,6,1
wazuh-1788728902.2701511,2026-09-06T21:08:22.563000Z,lab-sensor-01,5712,10,authentication_failures|sshd|syslog,sshd,T1110,journald,51210,0,1,0,0,0,1,0,0,0,1,0,22,0,6,0,19,0,0,80,6,21,6,1
wazuh-1788728906.2702845,2026-09-06T21:08:26.569000Z,lab-sensor-01,5710,5,authentication_failed|invalid_login|sshd|syslog,sshd,T1021.004|T1110.001,journald,51212,0,1,0,0,0,1,0,0,0,1,0,23,10,7,1,20,0,0,80,10,21,6,1
wazuh-1788728908.2703394,2026-09-06T21:08:28.189000Z,film-laptop,86601,3,ids|suricata,json,none,/var/log/suricata/eve.json,68,67,1,1,0,0,1,0,0,0,0,0,9,8,2,0,0,0,0,0,3,21,6,1
wazuh-1788728908.2705598,2026-09-06T21:08:28.189000Z,film-laptop,86601,3,ids|suricata,json,none,/var/log/suricata/eve.json,68,67,1,1,0,0,1,0,0,0,0,0,10,9,2,0,0,0,0,0,3,21,6,1
wazuh-1788728920.2707802,2026-09-06T21:08:40.048000Z,target-kali-01,5501,3,authentication_success|pam|syslog,pam,T1078,journald,0,0,0,0,0,0,0,0,0,0,1,0,18,18,1,0,35,0,0,109,3,21,6,1
wazuh-1788728938.2708245,2026-09-06T21:08:58.098000Z,target-kali-01,5501,3,authentication_success|pam|syslog,pam,T1078,journald,0,0,0,0,0,0,0,0,0,0,1,0,18,18,1,0,35,0,0,110,3,21,6,1
wazuh-1788728960.2708688,2026-09-06T21:09:20.157000Z,target-kali-01,5501,3,authentication_success|pam|syslog,pam,T1078,journald,0,0,0,0,0,0,0,0,0,0,1,0,18,18,1,0,35,0,0,109,3,21,6,1
wazuh-1788728960.2709131,2026-09-06T21:09:20.682000Z,lab-sensor-01,5710,5,authentication_failed|invalid_login|sshd|syslog,sshd,T1021.004|T1110.001,journald,38502,0,1,0,0,0,1,0,0,0,1,0,19,11,7,1,18,0,0,78,10,21,6,1
wazuh-1788728962.2709680,2026-09-06T21:09:22.683000Z,lab-sensor-01,5710,5,authentication_failed|invalid_login|sshd|syslog,sshd,T1021.004|T1110.001,journald,38516,0,1,0,0,0,1,0,0,0,1,0,20,12,7,1,19,0,0,79,10,21,6,1
wazuh-1788728966.2710229,2026-09-06T21:09:26.688000Z,lab-sensor-01,5710,5,authentication_failed|invalid_login|sshd|syslog,sshd,T1021.004|T1110.001,journald,38530,0,1,0,0,0,1,0,0,0,1,0,21,13,7,1,20,0,0,80,10,21,6,1
wazuh-1788728968.2710778,2026-09-06T21:09:28.291000Z,film-laptop,86601,3,ids|suricata,json,none,/var/log/suricata/eve.json,68,67,1,1,0,0,1,0,0,0,0,0,9,8,2,0,0,0,0,0,3,21,6,1
wazuh-1788728968.2712984,2026-09-06T21:09:28.291000Z,film-laptop,86601,3,ids|suricata,json,none,/var/log/suricata/eve.json,68,67,1,1,0,0,1,0,0,0,0,0,10,9,2,0,0,0,0,0,3,21,6,1
wazuh-1788728980.2715190,2026-09-06T21:09:40.220000Z,target-kali-01,5501,3,authentication_success|pam|syslog,pam,T1078,journald,0,0,0,0,0,0,0,0,0,0,1,0,18,18,1,0,35,0,0,109,3,21,6,1
wazuh-1788728982.2715633,2026-09-06T21:09:42.696000Z,lab-sensor-01,31101,5,accesslog|attack|web,web-accesslog,none,/var/log/apache2/access.log,0,0,1,0,0,0,1,0,0,0,0,0,22,3,7,1,21,0,0,81,10,21,6,1
wazuh-1788728984.2716075,2026-09-06T21:09:44.700000Z,lab-sensor-01,31101,5,accesslog|attack|web,web-accesslog,none,/var/log/apache2/access.log,0,0,1,0,0,0,1,0,0,0,0,0,23,4,7,1,21,0,0,81,10,21,6,1
wazuh-1788728986.2716517,2026-09-06T21:09:46.707000Z,lab-sensor-01,31101,5,accesslog|attack|web,web-accesslog,none,/var/log/apache2/access.log,0,0,1,0,0,0,1,0,0,0,0,0,24,5,7,1,21,0,0,81,10,21,6,1
wazuh-1788728988.2716965,2026-09-06T21:09:48.710000Z,lab-sensor-01,30305,5,access_denied|apache|web,apache-errorlog,none,/var/log/apache2/error.log,54328,0,1,0,0,0,1,0,0,0,0,0,25,1,7,1,21,0,0,81,10,21,6,1
wazuh-1788728988.2717565,2026-09-06T21:09:48.710000Z,lab-sensor-01,31516,6,appsec|attack|web,web-accesslog,T1055,/var/log/apache2/access.log,0,0,1,0,0,0,1,0,0,0,0,0,26,1,7,1,21,0,0,81,10,21,6,1
wazuh-1788729000.2718008,2026-09-06T21:10:00.305000Z,target-kali-01,5501,3,authentication_success|pam|syslog,pam,T1078,journald,0,0,0,0,0,0,0,0,0,0,1,0,17,17,1,0,35,0,0,109,3,21,6,1
wazuh-1788729001.2718451,2026-09-06T21:10:01.260000Z,lab-sensor-01,31101,5,accesslog|attack|web,web-accesslog,none,/var/log/apache2/access.log,0,0,1,0,0,0,1,0,0,0,0,0,22,3,7,1,21,0,0,82,10,21,6,1
wazuh-1788729003.2718893,2026-09-06T21:10:03.262000Z,lab-sensor-01,31101,5,accesslog|attack|web,web-accesslog,none,/var/log/apache2/access.log,0,0,1,0,0,0,1,0,0,0,0,0,23,4,7,1,20,0,0,82,10,21,6,1
wazuh-1788729005.2719335,2026-09-06T21:10:05.264000Z,lab-sensor-01,31101,5,accesslog|attack|web,web-accesslog,none,/var/log/apache2/access.log,0,0,1,0,0,0,1,0,0,0,0,0,24,5,7,1,20,0,0,82,10,21,6,1
wazuh-1788729007.2719783,2026-09-06T21:10:07.267000Z,lab-sensor-01,30305,5,access_denied|apache|web,apache-errorlog,none,/var/log/apache2/error.log,47098,0,1,0,0,0,1,0,0,0,0,0,25,1,7,1,19,0,0,82,10,21,6,1
wazuh-1788729007.2720383,2026-09-06T21:10:07.267000Z,lab-sensor-01,31516,6,appsec|attack|web,web-accesslog,T1055,/var/log/apache2/access.log,0,0,1,0,0,0,1,0,0,0,0,0,26,1,7,1,19,0,0,82,10,21,6,1
wazuh-1788729018.2720826,2026-09-06T21:10:18.656000Z,target-kali-01,5501,3,authentication_success|pam|syslog,pam,T1078,journald,0,0,0,0,0,0,0,0,0,0,1,0,17,17,1,0,35,0,0,109,3,21,6,1
wazuh-1788729028.2721269,2026-09-06T21:10:28.358000Z,film-laptop,86601,3,ids|suricata,json,none,/var/log/suricata/eve.json,68,67,1,1,0,0,1,0,0,0,0,0,9,8,2,0,0,0,0,0,3,21,6,1
wazuh-1788729028.2723475,2026-09-06T21:10:28.358000Z,film-laptop,86601,3,ids|suricata,json,none,/var/log/suricata/eve.json,68,67,1,1,0,0,1,0,0,0,0,0,10,9,2,0,0,0,0,0,3,21,6,1
wazuh-1788729034.2725681,2026-09-06T21:10:34.975000Z,target-kali-01,5501,3,authentication_success|pam|syslog,pam,T1078,journald,0,0,0,0,0,0,0,0,0,0,1,0,17,17,1,0,35,0,0,109,3,21,6,1
wazuh-1788729051.2726124,2026-09-06T21:10:51.240000Z,target-kali-01,5501,3,authentication_success|pam|syslog,pam,T1078,journald,0,0,0,0,0,0,0,0,0,0,1,0,17,17,1,0,35,0,0,109,3,21,6,1
wazuh-1788729067.2726567,2026-09-06T21:11:07.596000Z,target-kali-01,5501,3,authentication_success|pam|syslog,pam,T1078,journald,0,0,0,0,0,0,0,0,0,0,1,0,18,18,1,0,35,0,0,109,3,21,6,1
wazuh-1788729082.2727010,2026-09-06T21:11:22.160000Z,target-kali-01,5501,3,authentication_success|pam|syslog,pam,T1078,journald,0,0,0,0,0,0,0,0,0,0,1,0,17,17,1,0,35,0,0,109,3,21,6,1
wazuh-1788729083.2727453,2026-09-06T21:11:23.430000Z,lab-sensor-01,31101,5,accesslog|attack|web,web-accesslog,none,/var/log/apache2/access.log,0,0,1,0,0,0,1,0,0,0,0,0,22,6,7,1,18,0,0,80,10,21,6,1
wazuh-1788729085.2727895,2026-09-06T21:11:25.431000Z,lab-sensor-01,31101,5,accesslog|attack|web,web-accesslog,none,/var/log/apache2/access.log,0,0,1,0,0,0,1,0,0,0,0,0,23,7,7,1,18,0,0,79,10,21,6,1
wazuh-1788729087.2728337,2026-09-06T21:11:27.437000Z,lab-sensor-01,31101,5,accesslog|attack|web,web-accesslog,none,/var/log/apache2/access.log,0,0,1,0,0,0,1,0,0,0,0,0,24,8,7,1,18,0,0,79,10,21,6,1
wazuh-1788729089.2728785,2026-09-06T21:11:29.438000Z,lab-sensor-01,30305,5,access_denied|apache|web,apache-errorlog,none,/var/log/apache2/error.log,60430,0,1,0,0,0,1,0,0,0,0,0,25,2,7,1,18,0,0,78,10,21,6,1
wazuh-1788729089.2729385,2026-09-06T21:11:29.439000Z,lab-sensor-01,31516,6,appsec|attack|web,web-accesslog,T1055,/var/log/apache2/access.log,0,0,1,0,0,0,1,0,0,0,0,0,26,2,7,1,18,0,0,78,10,21,6,1
wazuh-1788729090.2729828,2026-09-06T21:11:30.343000Z,film-laptop,86601,3,ids|suricata,json,none,/var/log/suricata/eve.json,68,67,1,1,0,0,1,0,0,0,0,0,8,8,2,0,0,0,0,0,3,21,6,1
wazuh-1788729090.2732032,2026-09-06T21:11:30.343000Z,film-laptop,86601,3,ids|suricata,json,none,/var/log/suricata/eve.json,68,67,1,1,0,0,1,0,0,0,0,0,9,9,2,0,0,0,0,0,3,21,6,1
wazuh-1788729104.2734236,2026-09-06T21:11:44.894000Z,target-kali-01,5501,3,authentication_success|pam|syslog,pam,T1078,journald,0,0,0,0,0,0,0,0,0,0,1,0,17,17,1,0,34,0,0,109,3,21,6,1
wazuh-1788729114.2734679,2026-09-06T21:11:54.925000Z,target-kali-01,5501,3,authentication_success|pam|syslog,pam,T1078,journald,0,0,0,0,0,0,0,0,0,0,1,0,17,17,1,0,35,0,0,109,3,21,6,1
wazuh-1788729116.2735122,2026-09-06T21:11:56.938000Z,lab-sensor-01,31101,5,accesslog|attack|web,web-accesslog,none,/var/log/apache2/access.log,0,0,1,0,0,0,1,0,0,0,0,0,27,9,7,1,15,0,0,78,10,21,6,1
wazuh-1788729118.2735564,2026-09-06T21:11:58.940000Z,lab-sensor-01,31101,5,accesslog|attack|web,web-accesslog,none,/var/log/apache2/access.log,0,0,1,0,0,0,1,0,0,0,0,0,28,10,7,1,15,0,0,78,10,21,6,1
wazuh-1788729120.2736006,2026-09-06T21:12:00.967000Z,lab-sensor-01,31101,5,accesslog|attack|web,web-accesslog,none,/var/log/apache2/access.log,0,0,1,0,0,0,1,0,0,0,0,0,29,11,7,1,15,0,0,78,10,21,6,1
wazuh-1788729122.2736454,2026-09-06T21:12:02.953000Z,lab-sensor-01,30305,5,access_denied|apache|web,apache-errorlog,none,/var/log/apache2/error.log,49564,0,1,0,0,0,1,0,0,0,0,0,30,3,7,1,15,0,0,78,10,21,6,1
wazuh-1788729122.2737054,2026-09-06T21:12:02.953000Z,lab-sensor-01,31516,6,appsec|attack|web,web-accesslog,T1055,/var/log/apache2/access.log,0,0,1,0,0,0,1,0,0,0,0,0,31,3,7,1,15,0,0,78,10,21,6,1
wazuh-1788729136.2737497,2026-09-06T21:12:16.961000Z,target-kali-01,5501,3,authentication_success|pam|syslog,pam,T1078,journald,0,0,0,0,0,0,0,0,0,0,1,0,16,16,1,0,35,0,0,109,3,21,6,1
wazuh-1788729137.2737940,2026-09-06T21:12:17.086000Z,lab-sensor-01,5710,5,authentication_failed|invalid_login|sshd|syslog,sshd,T1021.004|T1110.001,journald,42354,0,1,0,0,0,1,0,0,0,1,0,31,10,7,1,15,0,0,79,10,21,6,1
wazuh-1788729141.2738489,2026-09-06T21:12:21.093000Z,lab-sensor-01,5710,5,authentication_failed|invalid_login|sshd|syslog,sshd,T1021.004|T1110.001,journald,34216,0,1,0,0,0,1,0,0,0,1,0,30,9,7,1,16,0,0,80,10,21,6,1
wazuh-1788729143.2739038,2026-09-06T21:12:23.107000Z,lab-sensor-01,5710,5,authentication_failed|invalid_login|sshd|syslog,sshd,T1021.004|T1110.001,journald,34220,0,1,0,0,0,1,0,0,0,1,0,31,10,7,1,17,0,0,81,10,21,6,1
wazuh-1788729150.2739587,2026-09-06T21:12:30.404000Z,film-laptop,86601,3,ids|suricata,json,none,/var/log/suricata/eve.json,68,67,1,1,0,0,1,0,0,0,0,0,8,8,2,0,0,0,0,0,3,21,6,1
wazuh-1788729150.2741793,2026-09-06T21:12:30.404000Z,film-laptop,86601,3,ids|suricata,json,none,/var/log/suricata/eve.json,68,67,1,1,0,0,1,0,0,0,0,0,9,9,2,0,0,0,0,0,3,21,6,1
wazuh-1788729157.2743999,2026-09-06T21:12:37.076000Z,film-laptop,591,3,ossec,ossec,none,logcollector,0,0,0,0,0,0,0,0,0,0,0,0,10,0,2,0,0,0,0,0,3,21,6,1
wazuh-1788729157.2744372,2026-09-06T21:12:37.128000Z,target-kali-01,5501,3,authentication_success|pam|syslog,pam,T1078,journald,0,0,0,0,0,0,0,0,0,0,1,0,16,16,1,0,35,0,0,108,3,21,6,1
wazuh-1788729171.2744815,2026-09-06T21:12:51.097000Z,lab-sensor-01,31104,6,accesslog|attack|web,web-accesslog,T1055|T1083|T1190,/var/log/apache2/access.log,0,0,1,0,0,0,1,0,0,0,0,0,29,0,7,1,18,0,0,80,10,21,6,1
wazuh-1788729171.2745274,2026-09-06T21:12:51.881000Z,target-kali-01,5501,3,authentication_success|pam|syslog,pam,T1078,journald,0,0,0,0,0,0,0,0,0,0,1,0,17,17,1,0,35,0,0,108,3,21,6,1
wazuh-1788729175.2745717,2026-09-06T21:12:55.065000Z,lab-sensor-01,31106,6,accesslog|attack|web,web-accesslog,T1190,/var/log/apache2/access.log,0,0,1,0,0,0,1,0,0,0,0,0,30,0,7,1,18,0,0,81,10,21,6,1
wazuh-1788729193.2746202,2026-09-06T21:13:13.163000Z,target-kali-01,5501,3,authentication_success|pam|syslog,pam,T1078,journald,0,0,0,0,0,0,0,0,0,0,1,0,16,16,1,0,35,0,0,108,3,21,6,1
wazuh-1788729195.2746645,2026-09-06T21:13:15.121000Z,lab-sensor-01,31101,5,accesslog|attack|web,web-accesslog,none,/var/log/apache2/access.log,0,0,1,0,0,0,1,0,0,0,0,0,31,12,7,1,18,0,0,79,10,21,6,1
wazuh-1788729197.2747087,2026-09-06T21:13:17.134000Z,lab-sensor-01,31101,5,accesslog|attack|web,web-accesslog,none,/var/log/apache2/access.log,0,0,1,0,0,0,1,0,0,0,0,0,32,13,7,1,18,0,0,79,10,21,6,1
wazuh-1788729199.2747529,2026-09-06T21:13:19.140000Z,lab-sensor-01,31101,5,accesslog|attack|web,web-accesslog,none,/var/log/apache2/access.log,0,0,1,0,0,0,1,0,0,0,0,0,33,14,7,1,18,0,0,79,10,21,6,1
wazuh-1788729201.2747977,2026-09-06T21:13:21.144000Z,lab-sensor-01,30305,5,access_denied|apache|web,apache-errorlog,none,/var/log/apache2/error.log,49918,0,1,0,0,0,1,0,0,0,0,0,33,4,7,1,18,0,0,79,10,21,6,1
wazuh-1788729201.2748577,2026-09-06T21:13:21.147000Z,lab-sensor-01,31516,6,appsec|attack|web,web-accesslog,T1055,/var/log/apache2/access.log,0,0,1,0,0,0,1,0,0,0,0,0,34,4,7,1,18,0,0,79,10,21,6,1
wazuh-1788729210.2749020,2026-09-06T21:13:30.473000Z,film-laptop,86601,3,ids|suricata,json,none,/var/log/suricata/eve.json,68,67,1,1,0,0,1,0,0,0,0,0,9,8,2,0,0,0,0,0,3,21,6,1
wazuh-1788729210.2751224,2026-09-06T21:13:30.473000Z,film-laptop,86601,3,ids|suricata,json,none,/var/log/suricata/eve.json,68,67,1,1,0,0,1,0,0,0,0,0,10,9,2,0,0,0,0,0,3,21,6,1
wazuh-1788729212.2753428,2026-09-06T21:13:32.164000Z,target-kali-01,5501,3,authentication_success|pam|syslog,pam,T1078,journald,0,0,0,0,0,0,0,0,0,0,1,0,16,16,1,0,34,0,0,108,3,21,6,1
wazuh-1788729215.2753871,2026-09-06T21:13:35.175000Z,lab-sensor-01,31101,5,accesslog|attack|web,web-accesslog,none,/var/log/apache2/access.log,0,0,1,0,0,0,1,0,0,0,0,0,33,15,7,1,18,0,0,80,10,21,6,1
wazuh-1788729217.2754313,2026-09-06T21:13:37.179000Z,lab-sensor-01,31101,5,accesslog|attack|web,web-accesslog,none,/var/log/apache2/access.log,0,0,1,0,0,0,1,0,0,0,0,0,34,16,7,1,18,0,0,80,10,21,6,1
wazuh-1788729219.2754755,2026-09-06T21:13:39.181000Z,lab-sensor-01,31101,5,accesslog|attack|web,web-accesslog,none,/var/log/apache2/access.log,0,0,1,0,0,0,1,0,0,0,0,0,35,17,7,1,18,0,0,80,10,21,6,1
wazuh-1788729221.2755203,2026-09-06T21:13:41.183000Z,lab-sensor-01,30305,5,access_denied|apache|web,apache-errorlog,none,/var/log/apache2/error.log,54468,0,1,0,0,0,1,0,0,0,0,0,36,5,7,1,18,0,0,80,10,21,6,1
wazuh-1788729221.2755803,2026-09-06T21:13:41.225000Z,lab-sensor-01,31516,6,appsec|attack|web,web-accesslog,T1055,/var/log/apache2/access.log,0,0,1,0,0,0,1,0,0,0,0,0,37,5,7,1,18,0,0,80,10,21,6,1
wazuh-1788729235.2756246,2026-09-06T21:13:55.094000Z,target-kali-01,5501,3,authentication_success|pam|syslog,pam,T1078,journald,0,0,0,0,0,0,0,0,0,0,1,0,16,16,1,0,35,0,0,107,3,21,6,1
wazuh-1788729255.2756689,2026-09-06T21:14:15.719000Z,target-kali-01,5501,3,authentication_success|pam|syslog,pam,T1078,journald,0,0,0,0,0,0,0,0,0,0,1,0,16,16,1,0,34,0,0,107,3,21,6,1
wazuh-1788729265.2757132,2026-09-06T21:14:25.724000Z,target-kali-01,5501,3,authentication_success|pam|syslog,pam,T1078,journald,0,0,0,0,0,0,0,0,0,0,1,0,16,16,1,0,34,0,0,107,3,21,6,1
wazuh-1788729270.2757575,2026-09-06T21:14:30.541000Z,film-laptop,86601,3,ids|suricata,json,none,/var/log/suricata/eve.json,68,67,1,1,0,0,1,0,0,0,0,0,9,8,2,0,0,0,0,0,3,21,6,1
wazuh-1788729270.2759781,2026-09-06T21:14:30.541000Z,film-laptop,86601,3,ids|suricata,json,none,/var/log/suricata/eve.json,68,67,1,1,0,0,1,0,0,0,0,0,10,9,2,0,0,0,0,0,3,21,6,1
wazuh-1788729281.2761987,2026-09-06T21:14:41.943000Z,target-kali-01,5501,3,authentication_success|pam|syslog,pam,T1078,journald,0,0,0,0,0,0,0,0,0,0,1,0,16,16,1,0,34,0,0,107,3,21,6,1
wazuh-1788729291.2762430,2026-09-06T21:14:51.387000Z,lab-sensor-01,31104,6,accesslog|attack|web,web-accesslog,T1055|T1083|T1190,/var/log/apache2/access.log,0,0,1,0,0,0,1,0,0,0,0,0,30,1,7,1,18,0,0,78,10,21,6,1
wazuh-1788729291.2762889,2026-09-06T21:14:51.954000Z,target-kali-01,5501,3,authentication_success|pam|syslog,pam,T1078,journald,0,0,0,0,0,0,0,0,0,0,1,0,17,17,1,0,34,0,0,107,3,21,6,1
wazuh-1788729295.2763332,2026-09-06T21:14:55.350000Z,lab-sensor-01,31106,6,accesslog|attack|web,web-accesslog,T1190,/var/log/apache2/access.log,0,0,1,0,0,0,1,0,0,0,0,0,31,1,7,1,18,0,0,78,10,21,6,1
wazuh-1788729309.2763817,2026-09-06T21:15:09.995000Z,target-kali-01,5501,3,authentication_success|pam|syslog,pam,T1078,journald,0,0,0,0,0,0,0,0,0,0,1,0,17,17,1,0,35,0,0,108,3,21,6,1
wazuh-1788729326.2764260,2026-09-06T21:15:26.551000Z,target-kali-01,5501,3,authentication_success|pam|syslog,pam,T1078,journald,0,0,0,0,0,0,0,0,0,0,1,0,17,17,1,0,35,0,0,108,3,21,6,1
wazuh-1788729330.2764703,2026-09-06T21:15:30.607000Z,film-laptop,86601,3,ids|suricata,json,none,/var/log/suricata/eve.json,68,67,1,1,0,0,1,0,0,0,0,0,9,8,2,0,0,0,0,0,3,21,6,1
wazuh-1788729330.2766907,2026-09-06T21:15:30.607000Z,film-laptop,86601,3,ids|suricata,json,none,/var/log/suricata/eve.json,68,67,1,1,0,0,1,0,0,0,0,0,10,9,2,0,0,0,0,0,3,21,6,1
wazuh-1788729336.2769111,2026-09-06T21:15:36.836000Z,target-kali-01,5501,3,authentication_success|pam|syslog,pam,T1078,journald,0,0,0,0,0,0,0,0,0,0,1,0,17,17,1,0,35,0,0,108,3,21,6,1
wazuh-1788729339.2769554,2026-09-06T21:15:39.437000Z,lab-sensor-01,31101,5,accesslog|attack|web,web-accesslog,none,/var/log/apache2/access.log,0,0,1,0,0,0,1,0,0,0,0,0,27,12,7,1,15,0,0,78,10,21,6,1
wazuh-1788729341.2769996,2026-09-06T21:15:41.443000Z,lab-sensor-01,31101,5,accesslog|attack|web,web-accesslog,none,/var/log/apache2/access.log,0,0,1,0,0,0,1,0,0,0,0,0,28,13,7,1,15,0,0,78,10,21,6,1
wazuh-1788729343.2770438,2026-09-06T21:15:43.445000Z,lab-sensor-01,31101,5,accesslog|attack|web,web-accesslog,none,/var/log/apache2/access.log,0,0,1,0,0,0,1,0,0,0,0,0,29,14,7,1,15,0,0,78,10,21,6,1
wazuh-1788729345.2770886,2026-09-06T21:15:45.447000Z,lab-sensor-01,30305,5,access_denied|apache|web,apache-errorlog,none,/var/log/apache2/error.log,60256,0,1,0,0,0,1,0,0,0,0,0,30,4,7,1,15,0,0,78,10,21,6,1
wazuh-1788729345.2771486,2026-09-06T21:15:45.448000Z,lab-sensor-01,31516,6,appsec|attack|web,web-accesslog,T1055,/var/log/apache2/access.log,0,0,1,0,0,0,1,0,0,0,0,0,31,4,7,1,15,0,0,78,10,21,6,1
wazuh-1788729359.2771929,2026-09-06T21:15:59.896000Z,target-kali-01,5501,3,authentication_success|pam|syslog,pam,T1078,journald,0,0,0,0,0,0,0,0,0,0,1,0,17,17,1,0,35,0,0,108,3,21,6,1
wazuh-1788729371.2772372,2026-09-06T21:16:11.548000Z,lab-sensor-01,5710,5,authentication_failed|invalid_login|sshd|syslog,sshd,T1021.004|T1110.001,journald,34110,0,1,0,0,0,1,0,0,0,1,0,32,3,7,1,15,0,0,76,10,21,6,1
wazuh-1788729371.2772921,2026-09-06T21:16:11.924000Z,target-kali-01,5501,3,authentication_success|pam|syslog,pam,T1078,journald,0,0,0,0,0,0,0,0,0,0,1,0,17,17,1,0,35,0,0,108,3,21,6,1
wazuh-1788729373.2773364,2026-09-06T21:16:13.538000Z,lab-sensor-01,5710,5,authentication_failed|invalid_login|sshd|syslog,sshd,T1021.004|T1110.001,journald,34114,0,1,0,0,0,1,0,0,0,1,0,33,4,7,1,16,0,0,77,10,21,6,1
wazuh-1788729377.2773913,2026-09-06T21:16:17.551000Z,lab-sensor-01,5710,5,authentication_failed|invalid_login|sshd|syslog,sshd,T1021.004|T1110.001,journald,34120,0,1,0,0,0,1,0,0,0,1,0,34,5,7,1,17,0,0,78,10,21,6,1
wazuh-1788729390.2774462,2026-09-06T21:16:30.756000Z,film-laptop,86601,3,ids|suricata,json,none,/var/log/suricata/eve.json,68,67,1,1,0,0,1,0,0,0,0,0,9,8,2,0,0,0,0,0,3,21,6,1
wazuh-1788729390.2776668,2026-09-06T21:16:30.758000Z,film-laptop,86601,3,ids|suricata,json,none,/var/log/suricata/eve.json,68,67,1,1,0,0,1,0,0,0,0,0,10,9,2,0,0,0,0,0,3,21,6,1
wazuh-1788729392.2778874,2026-09-06T21:16:32.415000Z,target-kali-01,5501,3,authentication_success|pam|syslog,pam,T1078,journald,0,0,0,0,0,0,0,0,0,0,1,0,17,17,1,0,35,0,0,108,3,21,6,1
wazuh-1788729400.2779317,2026-09-06T21:16:40.421000Z,target-kali-01,5501,3,authentication_success|pam|syslog,pam,T1078,journald,0,0,0,0,0,0,0,0,0,0,1,0,18,18,1,0,35,0,0,108,3,21,6,1
wazuh-1788729414.2779760,2026-09-06T21:16:54.510000Z,target-kali-01,5501,3,authentication_success|pam|syslog,pam,T1078,journald,0,0,0,0,0,0,0,0,0,0,1,0,18,18,1,0,35,0,0,108,3,21,6,1
wazuh-1788729428.2780203,2026-09-06T21:17:08.731000Z,target-kali-01,5501,3,authentication_success|pam|syslog,pam,T1078,journald,0,0,0,0,0,0,0,0,0,0,1,0,18,18,1,0,35,0,0,108,3,21,6,1
wazuh-1788729443.2780646,2026-09-06T21:17:23.859000Z,target-kali-01,5501,3,authentication_success|pam|syslog,pam,T1078,journald,0,0,0,0,0,0,0,0,0,0,1,0,18,18,1,0,35,0,0,108,3,21,6,1
wazuh-1788729445.2781089,2026-09-06T21:17:25.708000Z,lab-sensor-01,5710,5,authentication_failed|invalid_login|sshd|syslog,sshd,T1021.004|T1110.001,journald,39238,0,1,0,0,0,1,0,0,0,1,0,22,3,7,1,15,0,0,77,10,21,6,1
wazuh-1788729447.2781638,2026-09-06T21:17:27.710000Z,lab-sensor-01,5710,5,authentication_failed|invalid_login|sshd|syslog,sshd,T1021.004|T1110.001,journald,39242,0,1,0,0,0,1,0,0,0,1,0,23,4,7,1,16,0,0,78,10,21,6,1
wazuh-1788729451.2782187,2026-09-06T21:17:31.715000Z,lab-sensor-01,5710,5,authentication_failed|invalid_login|sshd|syslog,sshd,T1021.004|T1110.001,journald,54534,0,1,0,0,0,1,0,0,0,1,0,24,5,7,1,17,0,0,78,10,21,6,1
wazuh-1788729452.2782736,2026-09-06T21:17:32.744000Z,film-laptop,86601,3,ids|suricata,json,none,/var/log/suricata/eve.json,68,67,1,1,0,0,1,0,0,0,0,0,9,8,2,0,0,0,0,0,3,21,6,1
wazuh-1788729452.2784940,2026-09-06T21:17:32.744000Z,film-laptop,86601,3,ids|suricata,json,none,/var/log/suricata/eve.json,68,67,1,1,0,0,1,0,0,0,0,0,10,9,2,0,0,0,0,0,3,21,6,1
wazuh-1788729468.2787144,2026-09-06T21:17:48.289000Z,target-kali-01,5501,3,authentication_success|pam|syslog,pam,T1078,journald,0,0,0,0,0,0,0,0,0,0,1,0,18,18,1,0,35,0,0,108,3,21,6,1
wazuh-1788729477.2787587,2026-09-06T21:17:57.109000Z,film-laptop,591,3,ossec,ossec,none,logcollector,0,0,0,0,0,0,0,0,0,0,0,0,10,0,2,0,0,0,0,0,3,21,6,1
wazuh-1788729480.2787960,2026-09-06T21:18:00.468000Z,target-kali-01,5501,3,authentication_success|pam|syslog,pam,T1078,journald,0,0,0,0,0,0,0,0,0,0,1,0,18,18,1,0,35,0,0,109,3,21,6,1
wazuh-1788729498.2788403,2026-09-06T21:18:18.544000Z,target-kali-01,5501,3,authentication_success|pam|syslog,pam,T1078,journald,0,0,0,0,0,0,0,0,0,0,1,0,18,18,1,0,35,0,0,108,3,21,6,1
wazuh-1788729499.2788846,2026-09-06T21:18:19.761000Z,lab-sensor-01,31101,5,accesslog|attack|web,web-accesslog,none,/var/log/apache2/access.log,0,0,1,0,0,0,1,0,0,0,0,0,20,6,7,1,15,0,0,78,10,21,6,1
wazuh-1788729501.2789288,2026-09-06T21:18:21.770000Z,lab-sensor-01,31101,5,accesslog|attack|web,web-accesslog,none,/var/log/apache2/access.log,0,0,1,0,0,0,1,0,0,0,0,0,19,7,7,1,14,0,0,78,10,21,6,1
wazuh-1788729503.2789730,2026-09-06T21:18:23.775000Z,lab-sensor-01,31101,5,accesslog|attack|web,web-accesslog,none,/var/log/apache2/access.log,0,0,1,0,0,0,1,0,0,0,0,0,20,8,6,0,13,0,0,78,6,21,6,1
wazuh-1788729505.2790178,2026-09-06T21:18:25.777000Z,lab-sensor-01,30305,5,access_denied|apache|web,apache-errorlog,none,/var/log/apache2/error.log,58676,0,1,0,0,0,1,0,0,0,0,0,21,2,6,0,13,0,0,78,6,21,6,1
wazuh-1788729505.2790778,2026-09-06T21:18:25.777000Z,lab-sensor-01,31516,6,appsec|attack|web,web-accesslog,T1055,/var/log/apache2/access.log,0,0,1,0,0,0,1,0,0,0,0,0,22,2,6,0,13,0,0,78,6,21,6,1
wazuh-1788729512.2791221,2026-09-06T21:18:32.869000Z,film-laptop,86601,3,ids|suricata,json,none,/var/log/suricata/eve.json,68,67,1,1,0,0,1,0,0,0,0,0,9,8,2,0,0,0,0,0,3,21,6,1
wazuh-1788729512.2793425,2026-09-06T21:18:32.875000Z,film-laptop,86601,3,ids|suricata,json,none,/var/log/suricata/eve.json,68,67,1,1,0,0,1,0,0,0,0,0,10,9,2,0,0,0,0,0,3,21,6,1
wazuh-1788729518.2795629,2026-09-06T21:18:38.612000Z,target-kali-01,5501,3,authentication_success|pam|syslog,pam,T1078,journald,0,0,0,0,0,0,0,0,0,0,1,0,18,18,1,0,35,0,0,108,3,21,6,1
wazuh-1788729529.2796072,2026-09-06T21:18:49.646000Z,target-kali-01,5501,3,authentication_success|pam|syslog,pam,T1078,journald,0,0,0,0,0,0,0,0,0,0,1,0,19,19,1,0,35,0,0,108,3,21,6,1
wazuh-1788729540.2796515,2026-09-06T21:19:00.655000Z,target-kali-01,5501,3,authentication_success|pam|syslog,pam,T1078,journald,0,0,0,0,0,0,0,0,0,0,1,0,19,19,1,0,35,0,0,108,3,21,6,1
wazuh-1788729554.2796958,2026-09-06T21:19:14.719000Z,target-kali-01,5501,3,authentication_success|pam|syslog,pam,T1078,journald,0,0,0,0,0,0,0,0,0,0,1,0,20,20,1,0,36,0,0,108,3,21,6,1
wazuh-1788729572.2797401,2026-09-06T21:19:32.800000Z,target-kali-01,5501,3,authentication_success|pam|syslog,pam,T1078,journald,0,0,0,0,0,0,0,0,0,0,1,0,19,19,1,0,36,0,0,107,3,21,6,1
wazuh-1788729573.2797844,2026-09-06T21:19:33.172000Z,film-laptop,86601,3,ids|suricata,json,none,/var/log/suricata/eve.json,68,67,1,1,0,0,1,0,0,0,0,0,9,8,2,0,0,0,0,0,3,21,6,1
wazuh-1788729573.2800050,2026-09-06T21:19:33.174000Z,film-laptop,86601,3,ids|suricata,json,none,/var/log/suricata/eve.json,68,67,1,1,0,0,1,0,0,0,0,0,10,9,2,0,0,0,0,0,3,21,6,1
wazuh-1788729590.2802256,2026-09-06T21:19:50.348000Z,target-kali-01,5501,3,authentication_success|pam|syslog,pam,T1078,journald,0,0,0,0,0,0,0,0,0,0,1,0,19,19,1,0,36,0,0,107,3,21,6,1
wazuh-1788729599.2802699,2026-09-06T21:19:59.947000Z,lab-sensor-01,31104,6,accesslog|attack|web,web-accesslog,T1055|T1083|T1190,/var/log/apache2/access.log,0,0,1,0,0,0,1,0,0,0,0,0,16,0,6,0,9,0,0,79,6,21,6,1
wazuh-1788729600.2803158,2026-09-06T21:20:00.789000Z,target-kali-01,5501,3,authentication_success|pam|syslog,pam,T1078,journald,0,0,0,0,0,0,0,0,0,0,1,0,19,19,1,0,36,0,0,107,3,21,6,1
wazuh-1788729603.2803601,2026-09-06T21:20:03.951000Z,lab-sensor-01,31106,6,accesslog|attack|web,web-accesslog,T1190,/var/log/apache2/access.log,0,0,1,0,0,0,1,0,0,0,0,0,17,0,6,0,9,0,0,80,6,21,6,1
wazuh-1788729619.2804086,2026-09-06T21:20:19.655000Z,target-kali-01,5501,3,authentication_success|pam|syslog,pam,T1078,journald,0,0,0,0,0,0,0,0,0,0,1,0,19,19,1,0,36,0,0,107,3,21,6,1
wazuh-1788729620.2804529,2026-09-06T21:20:20.013000Z,lab-sensor-01,5710,5,authentication_failed|invalid_login|sshd|syslog,sshd,T1021.004|T1110.001,journald,41294,0,1,0,0,0,1,0,0,0,1,0,18,6,6,0,9,0,0,81,6,21,6,1
wazuh-1788729624.2805078,2026-09-06T21:20:24.042000Z,lab-sensor-01,5710,5,authentication_failed|invalid_login|sshd|syslog,sshd,T1021.004|T1110.001,journald,41310,0,1,0,0,0,1,0,0,0,1,0,19,7,6,0,10,0,0,82,6,21,6,1
wazuh-1788729626.2805627,2026-09-06T21:20:26.045000Z,lab-sensor-01,5710,5,authentication_failed|invalid_login|sshd|syslog,sshd,T1021.004|T1110.001,journald,41316,0,1,0,0,0,1,0,0,0,1,0,20,8,6,0,11,0,0,82,6,21,6,1
wazuh-1788729634.2806176,2026-09-06T21:20:34.951000Z,film-laptop,86601,3,ids|suricata,json,none,/var/log/suricata/eve.json,68,67,1,1,0,0,1,0,0,0,0,0,9,8,2,0,0,0,0,0,3,21,6,1
wazuh-1788729634.2808380,2026-09-06T21:20:34.951000Z,film-laptop,86601,3,ids|suricata,json,none,/var/log/suricata/eve.json,68,67,1,1,0,0,1,0,0,0,0,0,10,9,2,0,0,0,0,0,3,21,6,1
wazuh-1788729638.2810584,2026-09-06T21:20:38.125000Z,target-kali-01,5501,3,authentication_success|pam|syslog,pam,T1078,journald,0,0,0,0,0,0,0,0,0,0,1,0,18,18,1,0,36,0,0,107,3,21,6,1
wazuh-1788729652.2811027,2026-09-06T21:20:52.076000Z,lab-sensor-01,5710,5,authentication_failed|invalid_login|sshd|syslog,sshd,T1021.004|T1110.001,journald,45056,0,1,0,0,0,1,0,0,0,1,0,16,9,6,0,12,0,0,79,6,21,6,1
wazuh-1788729652.2811576,2026-09-06T21:20:52.207000Z,target-kali-01,5501,3,authentication_success|pam|syslog,pam,T1078,journald,0,0,0,0,0,0,0,0,0,0,1,0,19,19,1,0,36,0,0,107,3,21,6,1
wazuh-1788729654.2812019,2026-09-06T21:20:54.081000Z,lab-sensor-01,5710,5,authentication_failed|invalid_login|sshd|syslog,sshd,T1021.004|T1110.001,journald,45070,0,1,0,0,0,1,0,0,0,1,0,17,10,6,0,13,0,0,80,6,21,6,1
wazuh-1788729658.2812568,2026-09-06T21:20:58.085000Z,lab-sensor-01,5710,5,authentication_failed|invalid_login|sshd|syslog,sshd,T1021.004|T1110.001,journald,45082,0,1,0,0,0,1,0,0,0,1,0,18,11,6,0,14,0,0,80,6,21,6,1
wazuh-1788729675.2813117,2026-09-06T21:21:15.104000Z,target-kali-01,5501,3,authentication_success|pam|syslog,pam,T1078,journald,0,0,0,0,0,0,0,0,0,0,1,0,18,18,1,0,36,0,0,107,3,21,6,1
wazuh-1788729685.2813560,2026-09-06T21:21:25.759000Z,target-kali-01,5501,3,authentication_success|pam|syslog,pam,T1078,journald,0,0,0,0,0,0,0,0,0,0,1,0,19,19,1,0,36,0,0,107,3,21,6,1
wazuh-1788729686.2814003,2026-09-06T21:21:26.124000Z,lab-sensor-01,31104,6,accesslog|attack|web,web-accesslog,T1055|T1083|T1190,/var/log/apache2/access.log,0,0,1,0,0,0,1,0,0,0,0,0,16,1,6,0,15,0,0,80,6,21,6,1
wazuh-1788729690.2814462,2026-09-06T21:21:30.130000Z,lab-sensor-01,31106,6,accesslog|attack|web,web-accesslog,T1190,/var/log/apache2/access.log,0,0,1,0,0,0,1,0,0,0,0,0,17,1,6,0,15,0,0,80,6,21,6,1
wazuh-1788729695.2814947,2026-09-06T21:21:35.020000Z,film-laptop,86601,3,ids|suricata,json,none,/var/log/suricata/eve.json,68,67,1,1,0,0,1,0,0,0,0,0,9,8,2,0,0,0,0,0,3,21,6,1
wazuh-1788729695.2817153,2026-09-06T21:21:35.020000Z,film-laptop,86601,3,ids|suricata,json,none,/var/log/suricata/eve.json,68,67,1,1,0,0,1,0,0,0,0,0,10,9,2,0,0,0,0,0,3,21,6,1
wazuh-1788729705.2819359,2026-09-06T21:21:45.784000Z,target-kali-01,5501,3,authentication_success|pam|syslog,pam,T1078,journald,0,0,0,0,0,0,0,0,0,0,1,0,18,18,1,0,36,0,0,107,3,21,6,1
wazuh-1788729724.2819802,2026-09-06T21:22:04.760000Z,lab-sensor-01,31104,6,accesslog|attack|web,web-accesslog,T1055|T1083|T1190,/var/log/apache2/access.log,0,0,1,0,0,0,1,0,0,0,0,0,18,2,6,0,15,0,0,81,6,21,6,1
wazuh-1788729726.2820261,2026-09-06T21:22:06.033000Z,target-kali-01,5501,3,authentication_success|pam|syslog,pam,T1078,journald,0,0,0,0,0,0,0,0,0,0,1,0,18,18,1,0,36,0,0,107,3,21,6,1
wazuh-1788729728.2820704,2026-09-06T21:22:08.765000Z,lab-sensor-01,31106,6,accesslog|attack|web,web-accesslog,T1190,/var/log/apache2/access.log,0,0,1,0,0,0,1,0,0,0,0,0,19,2,6,0,15,0,0,82,6,21,6,1
wazuh-1788729744.2821189,2026-09-06T21:22:24.893000Z,target-kali-01,5501,3,authentication_success|pam|syslog,pam,T1078,journald,0,0,0,0,0,0,0,0,0,0,1,0,17,17,1,0,36,0,0,106,3,21,6,1
wazuh-1788729755.2821632,2026-09-06T21:22:35.130000Z,film-laptop,86601,3,ids|suricata,json,none,/var/log/suricata/eve.json,68,67,1,1,0,0,1,0,0,0,0,0,9,8,2,0,0,0,0,0,3,21,6,1
wazuh-1788729755.2823836,2026-09-06T21:22:35.130000Z,film-laptop,86601,3,ids|suricata,json,none,/var/log/suricata/eve.json,68,67,1,1,0,0,1,0,0,0,0,0,10,9,2,0,0,0,0,0,3,21,6,1
wazuh-1788729760.2826040,2026-09-06T21:22:40.927000Z,target-kali-01,5501,3,authentication_success|pam|syslog,pam,T1078,journald,0,0,0,0,0,0,0,0,0,0,1,0,18,18,1,0,36,0,0,107,3,21,6,1
wazuh-1788729775.2826483,2026-09-06T21:22:55.518000Z,target-kali-01,5501,3,authentication_success|pam|syslog,pam,T1078,journald,0,0,0,0,0,0,0,0,0,0,1,0,18,18,1,0,36,0,0,107,3,21,6,1
wazuh-1788729790.2826926,2026-09-06T21:23:10.912000Z,target-kali-01,5501,3,authentication_success|pam|syslog,pam,T1078,journald,0,0,0,0,0,0,0,0,0,0,1,0,18,18,1,0,37,0,0,107,3,21,6,1
wazuh-1788729797.2827369,2026-09-06T21:23:17.174000Z,film-laptop,591,3,ossec,ossec,none,logcollector,0,0,0,0,0,0,0,0,0,0,0,0,10,0,2,0,0,0,0,0,3,21,6,1
wazuh-1788729801.2827742,2026-09-06T21:23:21.504000Z,target-kali-01,5501,3,authentication_success|pam|syslog,pam,T1078,journald,0,0,0,0,0,0,0,0,0,0,1,0,18,18,1,0,37,0,0,108,3,21,6,1
wazuh-1788729802.2828185,2026-09-06T21:23:22.324000Z,lab-sensor-01,5710,5,authentication_failed|invalid_login|sshd|syslog,sshd,T1021.004|T1110.001,journald,53982,0,1,0,0,0,1,0,0,0,1,0,15,6,6,0,12,0,0,79,6,21,6,1
wazuh-1788729804.2828734,2026-09-06T21:23:24.327000Z,lab-sensor-01,5710,5,authentication_failed|invalid_login|sshd|syslog,sshd,T1021.004|T1110.001,journald,53994,0,1,0,0,0,1,0,0,0,1,0,15,7,6,0,13,0,0,80,6,21,6,1
wazuh-1788729808.2829283,2026-09-06T21:23:28.330000Z,lab-sensor-01,5710,5,authentication_failed|invalid_login|sshd|syslog,sshd,T1021.004|T1110.001,journald,54002,0,1,0,0,0,1,0,0,0,1,0,14,8,6,0,14,0,0,81,6,21,6,1
wazuh-1788729815.2829832,2026-09-06T21:23:35.154000Z,film-laptop,86601,3,ids|suricata,json,none,/var/log/suricata/eve.json,68,67,1,1,0,0,1,0,0,0,0,0,9,8,2,0,0,0,0,0,3,21,6,1
wazuh-1788729815.2832038,2026-09-06T21:23:35.154000Z,film-laptop,86601,3,ids|suricata,json,none,/var/log/suricata/eve.json,68,67,1,1,0,0,1,0,0,0,0,0,10,9,2,0,0,0,0,0,3,21,6,1
wazuh-1788729822.2834244,2026-09-06T21:23:42.121000Z,target-kali-01,5501,3,authentication_success|pam|syslog,pam,T1078,journald,0,0,0,0,0,0,0,0,0,0,1,0,18,18,1,0,37,0,0,107,3,21,6,1
wazuh-1788729834.2834687,2026-09-06T21:23:54.183000Z,target-kali-01,5501,3,authentication_success|pam|syslog,pam,T1078,journald,0,0,0,0,0,0,0,0,0,0,1,0,18,18,1,0,38,0,0,107,3,21,6,1
wazuh-1788729834.2835130,2026-09-06T21:23:54.420000Z,lab-sensor-01,5710,5,authentication_failed|invalid_login|sshd|syslog,sshd,T1021.004|T1110.001,journald,34936,0,1,0,0,0,1,0,0,0,1,0,15,9,6,0,15,0,0,80,6,21,6,1
wazuh-1788729836.2835679,2026-09-06T21:23:56.404000Z,lab-sensor-01,5710,5,authentication_failed|invalid_login|sshd|syslog,sshd,T1021.004|T1110.001,journald,34944,0,1,0,0,0,1,0,0,0,1,0,16,10,6,0,16,0,0,81,6,21,6,1
wazuh-1788729840.2836228,2026-09-06T21:24:00.449000Z,lab-sensor-01,5710,5,authentication_failed|invalid_login|sshd|syslog,sshd,T1021.004|T1110.001,journald,44704,0,1,0,0,0,1,0,0,0,1,0,17,11,6,0,17,0,0,82,6,21,6,1
wazuh-1788729856.2836777,2026-09-06T21:24:16.333000Z,target-kali-01,5501,3,authentication_success|pam|syslog,pam,T1078,journald,0,0,0,0,0,0,0,0,0,0,1,0,17,17,1,0,37,0,0,107,3,21,6,1
wazuh-1788729866.2837220,2026-09-06T21:24:26.681000Z,target-kali-01,5501,3,authentication_success|pam|syslog,pam,T1078,journald,0,0,0,0,0,0,0,0,0,0,1,0,18,18,1,0,37,0,0,107,3,21,6,1
wazuh-1788729875.2837663,2026-09-06T21:24:35.262000Z,film-laptop,86601,3,ids|suricata,json,none,/var/log/suricata/eve.json,68,67,1,1,0,0,1,0,0,0,0,0,9,8,2,0,0,0,0,0,3,21,6,1
wazuh-1788729875.2839867,2026-09-06T21:24:35.262000Z,film-laptop,86601,3,ids|suricata,json,none,/var/log/suricata/eve.json,68,67,1,1,0,0,1,0,0,0,0,0,10,9,2,0,0,0,0,0,3,21,6,1
wazuh-1788729883.2842071,2026-09-06T21:24:43.462000Z,target-kali-01,5501,3,authentication_success|pam|syslog,pam,T1078,journald,0,0,0,0,0,0,0,0,0,0,1,0,18,18,1,0,37,0,0,107,3,21,6,1
wazuh-1788729895.2842514,2026-09-06T21:24:55.350000Z,target-kali-01,5501,3,authentication_success|pam|syslog,pam,T1078,journald,0,0,0,0,0,0,0,0,0,0,1,0,18,18,1,0,37,0,0,107,3,21,6,1
wazuh-1788729896.2842957,2026-09-06T21:24:56.519000Z,lab-sensor-01,31104,6,accesslog|attack|web,web-accesslog,T1055|T1083|T1190,/var/log/apache2/access.log,0,0,1,0,0,0,1,0,0,0,0,0,18,3,6,0,18,0,0,80,6,21,6,1
wazuh-1788729900.2843416,2026-09-06T21:25:00.506000Z,lab-sensor-01,31106,6,accesslog|attack|web,web-accesslog,T1190,/var/log/apache2/access.log,0,0,1,0,0,0,1,0,0,0,0,0,18,3,6,0,18,0,0,81,6,21,6,1
wazuh-1788729915.2843901,2026-09-06T21:25:15.540000Z,target-kali-01,5501,3,authentication_success|pam|syslog,pam,T1078,journald,0,0,0,0,0,0,0,0,0,0,1,0,18,18,1,0,37,0,0,107,3,21,6,1
wazuh-1788729928.2844344,2026-09-06T21:25:28.481000Z,target-kali-01,5501,3,authentication_success|pam|syslog,pam,T1078,journald,0,0,0,0,0,0,0,0,0,0,1,0,18,18,1,0,37,0,0,108,3,21,6,1
wazuh-1788729935.2844787,2026-09-06T21:25:35.289000Z,film-laptop,86601,3,ids|suricata,json,none,/var/log/suricata/eve.json,68,67,1,1,0,0,1,0,0,0,0,0,9,8,2,0,0,0,0,0,3,21,6,1
wazuh-1788729935.2846997,2026-09-06T21:25:35.290000Z,film-laptop,86601,3,ids|suricata,json,none,/var/log/suricata/eve.json,68,67,1,1,0,0,1,0,0,0,0,0,10,9,2,0,0,0,0,0,3,21,6,1
wazuh-1788729946.2849207,2026-09-06T21:25:46.547000Z,target-kali-01,5501,3,authentication_success|pam|syslog,pam,T1078,journald,0,0,0,0,0,0,0,0,0,0,1,0,18,18,1,0,37,0,0,108,3,21,6,1
wazuh-1788729960.2849650,2026-09-06T21:26:00.618000Z,target-kali-01,5501,3,authentication_success|pam|syslog,pam,T1078,journald,0,0,0,0,0,0,0,0,0,0,1,0,18,18,1,0,37,0,0,108,3,21,6,1
wazuh-1788729972.2850093,2026-09-06T21:26:12.710000Z,lab-sensor-01,86601,3,ids|suricata,json,none,/var/log/suricata/eve.json,68,67,1,1,0,0,1,0,0,0,0,0,12,0,6,0,17,0,0,80,6,21,6,1
wazuh-1788729973.2852365,2026-09-06T21:26:13.428000Z,film-laptop,86601,3,ids|suricata,json,none,/var/log/suricata/eve.json,68,67,1,1,0,0,1,0,0,0,0,0,11,10,2,0,0,0,0,0,3,21,6,1
wazuh-1788729973.2854563,2026-09-06T21:26:13.430000Z,film-laptop,86601,3,ids|suricata,json,none,/var/log/suricata/eve.json,68,67,1,1,0,0,1,0,0,0,0,0,12,11,2,0,0,0,0,0,3,21,6,1
wazuh-1788729976.2856761,2026-09-06T21:26:16.905000Z,target-kali-01,5501,3,authentication_success|pam|syslog,pam,T1078,journald,0,0,0,0,0,0,0,0,0,0,1,0,18,18,1,0,37,0,0,108,3,21,6,1
wazuh-1788729986.2857204,2026-09-06T21:26:26.798000Z,lab-sensor-01,5710,5,authentication_failed|invalid_login|sshd|syslog,sshd,T1021.004|T1110.001,journald,51182,0,1,0,0,0,1,0,0,0,1,0,12,6,7,0,15,0,0,80,6,21,6,1
wazuh-1788729987.2857753,2026-09-06T21:26:27.025000Z,target-kali-01,5501,3,authentication_success|pam|syslog,pam,T1078,journald,0,0,0,0,0,0,0,0,0,0,1,0,18,18,1,0,38,0,0,108,3,21,6,1
wazuh-1788729990.2858196,2026-09-06T21:26:30.803000Z,lab-sensor-01,5710,5,authentication_failed|invalid_login|sshd|syslog,sshd,T1021.004|T1110.001,journald,33054,0,1,0,0,0,1,0,0,0,1,0,12,7,7,0,16,0,0,81,6,21,6,1
wazuh-1788729994.2858745,2026-09-06T21:26:34.809000Z,lab-sensor-01,5710,5,authentication_failed|invalid_login|sshd|syslog,sshd,T1021.004|T1110.001,journald,33058,0,1,0,0,0,1,0,0,0,1,0,13,8,7,0,17,0,0,82,6,21,6,1
wazuh-1788730008.2859294,2026-09-06T21:26:48.137000Z,target-kali-01,5501,3,authentication_success|pam|syslog,pam,T1078,journald,0,0,0,0,0,0,0,0,0,0,1,0,18,18,1,0,37,0,0,108,3,21,6,1
wazuh-1788730025.2859737,2026-09-06T21:27:05.020000Z,target-kali-01,5501,3,authentication_success|pam|syslog,pam,T1078,journald,0,0,0,0,0,0,0,0,0,0,1,0,19,19,1,0,37,0,0,108,3,21,6,1
wazuh-1788730037.2860180,2026-09-06T21:27:17.101000Z,target-kali-01,5501,3,authentication_success|pam|syslog,pam,T1078,journald,0,0,0,0,0,0,0,0,0,0,1,0,19,19,1,0,37,0,0,108,3,21,6,1
wazuh-1788730051.2860623,2026-09-06T21:27:31.217000Z,target-kali-01,5501,3,authentication_success|pam|syslog,pam,T1078,journald,0,0,0,0,0,0,0,0,0,0,1,0,19,19,1,0,37,0,0,108,3,21,6,1
wazuh-1788730051.2861066,2026-09-06T21:27:31.379000Z,lab-sensor-01,31101,5,accesslog|attack|web,web-accesslog,none,/var/log/apache2/access.log,0,0,1,0,0,0,1,0,0,0,0,0,12,0,7,0,16,0,0,81,6,21,6,1
wazuh-1788730053.2861508,2026-09-06T21:27:33.381000Z,lab-sensor-01,31101,5,accesslog|attack|web,web-accesslog,none,/var/log/apache2/access.log,0,0,1,0,0,0,1,0,0,0,0,0,13,1,7,0,15,0,0,81,6,21,6,1
wazuh-1788730056.2861950,2026-09-06T21:27:36.797000Z,lab-sensor-01,31101,5,accesslog|attack|web,web-accesslog,none,/var/log/apache2/access.log,0,0,1,0,0,0,1,0,0,0,0,0,14,2,7,0,15,0,0,81,6,21,6,1
wazuh-1788730058.2862398,2026-09-06T21:27:38.803000Z,lab-sensor-01,30305,5,access_denied|apache|web,apache-errorlog,none,/var/log/apache2/error.log,41224,0,1,0,0,0,1,0,0,0,0,0,15,0,7,0,15,0,0,81,6,21,6,1
wazuh-1788730058.2862998,2026-09-06T21:27:38.803000Z,lab-sensor-01,31516,6,appsec|attack|web,web-accesslog,T1055,/var/log/apache2/access.log,0,0,1,0,0,0,1,0,0,0,0,0,16,0,7,0,15,0,0,81,6,21,6,1
wazuh-1788730073.2863441,2026-09-06T21:27:53.397000Z,target-kali-01,5501,3,authentication_success|pam|syslog,pam,T1078,journald,0,0,0,0,0,0,0,0,0,0,1,0,19,19,1,0,37,0,0,108,3,21,6,1
wazuh-1788730087.2863884,2026-09-06T21:28:07.426000Z,target-kali-01,5501,3,authentication_success|pam|syslog,pam,T1078,journald,0,0,0,0,0,0,0,0,0,0,1,0,19,19,1,0,37,0,0,108,3,21,6,1
wazuh-1788730103.2864327,2026-09-06T21:28:23.785000Z,target-kali-01,5501,3,authentication_success|pam|syslog,pam,T1078,journald,0,0,0,0,0,0,0,0,0,0,1,0,18,18,1,0,37,0,0,108,3,21,6,1
wazuh-1788730119.2864770,2026-09-06T21:28:39.858000Z,target-kali-01,5501,3,authentication_success|pam|syslog,pam,T1078,journald,0,0,0,0,0,0,0,0,0,0,1,0,19,19,1,0,37,0,0,108,3,21,6,1
wazuh-1788730134.2865213,2026-09-06T21:28:54.115000Z,target-kali-01,5501,3,authentication_success|pam|syslog,pam,T1078,journald,0,0,0,0,0,0,0,0,0,0,1,0,19,19,1,0,37,0,0,108,3,21,6,1
wazuh-1788730152.2865656,2026-09-06T21:29:12.250000Z,target-kali-01,5501,3,authentication_success|pam|syslog,pam,T1078,journald,0,0,0,0,0,0,0,0,0,0,1,0,19,19,1,0,37,0,0,108,3,21,6,1
wazuh-1788730152.2866099,2026-09-06T21:29:12.988000Z,lab-sensor-01,31101,5,accesslog|attack|web,web-accesslog,none,/var/log/apache2/access.log,0,0,1,0,0,0,1,0,0,0,0,0,11,3,7,0,15,0,0,76,6,21,6,1
wazuh-1788730154.2866541,2026-09-06T21:29:14.992000Z,lab-sensor-01,31101,5,accesslog|attack|web,web-accesslog,none,/var/log/apache2/access.log,0,0,1,0,0,0,1,0,0,0,0,0,12,4,7,0,15,0,0,76,6,21,6,1
wazuh-1788730156.2866983,2026-09-06T21:29:16.994000Z,lab-sensor-01,31101,5,accesslog|attack|web,web-accesslog,none,/var/log/apache2/access.log,0,0,1,0,0,0,1,0,0,0,0,0,13,5,7,0,15,0,0,76,6,21,6,1
wazuh-1788730158.2867431,2026-09-06T21:29:18.995000Z,lab-sensor-01,30305,5,access_denied|apache|web,apache-errorlog,none,/var/log/apache2/error.log,42794,0,1,0,0,0,1,0,0,0,0,0,14,1,7,0,15,0,0,76,6,21,6,1
wazuh-1788730158.2868031,2026-09-06T21:29:18.996000Z,lab-sensor-01,31516,6,appsec|attack|web,web-accesslog,T1055,/var/log/apache2/access.log,0,0,1,0,0,0,1,0,0,0,0,0,15,1,7,0,15,0,0,76,6,21,6,1
wazuh-1788730173.2868474,2026-09-06T21:29:33.112000Z,target-kali-01,5501,3,authentication_success|pam|syslog,pam,T1078,journald,0,0,0,0,0,0,0,0,0,0,1,0,18,18,1,0,36,0,0,108,3,21,6,1
wazuh-1788730181.2868917,2026-09-06T21:29:41.182000Z,film-laptop,591,3,ossec,ossec,none,logcollector,0,0,0,0,0,0,0,0,0,0,0,0,4,0,2,0,0,0,0,0,3,21,6,1
wazuh-1788730184.2869290,2026-09-06T21:29:44.489000Z,target-kali-01,5501,3,authentication_success|pam|syslog,pam,T1078,journald,0,0,0,0,0,0,0,0,0,0,1,0,18,18,1,0,37,0,0,108,3,21,6,1
wazuh-1788730200.2869733,2026-09-06T21:30:00.557000Z,target-kali-01,5501,3,authentication_success|pam|syslog,pam,T1078,journald,0,0,0,0,0,0,0,0,0,0,1,0,18,18,1,0,37,0,0,109,3,21,6,1
wazuh-1788730201.2870176,2026-09-06T21:30:01.276000Z,lab-sensor-01,5710,5,authentication_failed|invalid_login|sshd|syslog,sshd,T1021.004|T1110.001,journald,52628,0,1,0,0,0,1,0,0,0,1,0,14,3,7,0,15,0,0,75,6,21,6,1
wazuh-1788730205.2870725,2026-09-06T21:30:05.278000Z,lab-sensor-01,5710,5,authentication_failed|invalid_login|sshd|syslog,sshd,T1021.004|T1110.001,journald,52634,0,1,0,0,0,1,0,0,0,1,0,15,4,7,0,16,0,0,75,6,21,6,1
wazuh-1788730207.2871274,2026-09-06T21:30:07.281000Z,lab-sensor-01,5710,5,authentication_failed|invalid_login|sshd|syslog,sshd,T1021.004|T1110.001,journald,52650,0,1,0,0,0,1,0,0,0,1,0,16,5,7,0,17,0,0,75,6,21,6,1
wazuh-1788730223.2871823,2026-09-06T21:30:23.398000Z,target-kali-01,5501,3,authentication_success|pam|syslog,pam,T1078,journald,0,0,0,0,0,0,0,0,0,0,1,0,18,18,1,0,36,0,0,109,3,21,6,1
wazuh-1788730223.2872266,2026-09-06T21:30:23.741000Z,lab-sensor-01,31101,5,accesslog|attack|web,web-accesslog,none,/var/log/apache2/access.log,0,0,1,0,0,0,1,0,0,0,0,0,17,6,7,0,17,0,0,75,6,21,6,1
wazuh-1788730225.2872708,2026-09-06T21:30:25.757000Z,lab-sensor-01,31101,5,accesslog|attack|web,web-accesslog,none,/var/log/apache2/access.log,0,0,1,0,0,0,1,0,0,0,0,0,18,7,7,0,16,0,0,75,6,21,6,1
wazuh-1788730227.2873150,2026-09-06T21:30:27.759000Z,lab-sensor-01,31101,5,accesslog|attack|web,web-accesslog,none,/var/log/apache2/access.log,0,0,1,0,0,0,1,0,0,0,0,0,19,8,7,0,15,0,0,75,6,21,6,1
wazuh-1788730229.2873598,2026-09-06T21:30:29.761000Z,lab-sensor-01,30305,5,access_denied|apache|web,apache-errorlog,none,/var/log/apache2/error.log,56404,0,1,0,0,0,1,0,0,0,0,0,20,2,7,0,15,0,0,75,6,21,6,1
wazuh-1788730229.2874198,2026-09-06T21:30:29.761000Z,lab-sensor-01,31516,6,appsec|attack|web,web-accesslog,T1055,/var/log/apache2/access.log,0,0,1,0,0,0,1,0,0,0,0,0,21,2,7,0,15,0,0,75,6,21,6,1
wazuh-1788730247.2874641,2026-09-06T21:30:47.459000Z,target-kali-01,5501,3,authentication_success|pam|syslog,pam,T1078,journald,0,0,0,0,0,0,0,0,0,0,1,0,17,17,1,0,36,0,0,108,3,21,6,1
wazuh-1788730263.2875084,2026-09-06T21:31:03.460000Z,target-kali-01,5501,3,authentication_success|pam|syslog,pam,T1078,journald,0,0,0,0,0,0,0,0,0,0,1,0,17,17,1,0,36,0,0,109,3,21,6,1
wazuh-1788730279.2875527,2026-09-06T21:31:19.262000Z,lab-sensor-01,31104,6,accesslog|attack|web,web-accesslog,T1055|T1083|T1190,/var/log/apache2/access.log,0,0,1,0,0,0,1,0,0,0,0,0,21,0,7,0,12,0,0,75,6,21,6,1
wazuh-1788730279.2875986,2026-09-06T21:31:19.556000Z,target-kali-01,5501,3,authentication_success|pam|syslog,pam,T1078,journald,0,0,0,0,0,0,0,0,0,0,1,0,17,17,1,0,36,0,0,108,3,21,6,1
wazuh-1788730283.2876429,2026-09-06T21:31:23.268000Z,lab-sensor-01,31106,6,accesslog|attack|web,web-accesslog,T1190,/var/log/apache2/access.log,0,0,1,0,0,0,1,0,0,0,0,0,22,0,7,0,12,0,0,76,6,21,6,1
wazuh-1788730299.2876914,2026-09-06T21:31:39.434000Z,lab-sensor-01,5710,5,authentication_failed|invalid_login|sshd|syslog,sshd,T1021.004|T1110.001,journald,59376,0,1,0,0,0,1,0,0,0,1,0,20,3,7,0,12,0,0,77,6,21,6,1
wazuh-1788730300.2877463,2026-09-06T21:31:40.160000Z,target-kali-01,5501,3,authentication_success|pam|syslog,pam,T1078,journald,0,0,0,0,0,0,0,0,0,0,1,0,17,17,1,0,36,0,0,108,3,21,6,1
wazuh-1788730301.2877906,2026-09-06T21:31:41.436000Z,lab-sensor-01,5710,5,authentication_failed|invalid_login|sshd|syslog,sshd,T1021.004|T1110.001,journald,60936,0,1,0,0,0,1,0,0,0,1,0,21,4,7,0,13,0,0,78,6,21,6,1
wazuh-1788730305.2878455,2026-09-06T21:31:45.443000Z,lab-sensor-01,5710,5,authentication_failed|invalid_login|sshd|syslog,sshd,T1021.004|T1110.001,journald,60950,0,1,0,0,0,1,0,0,0,1,0,22,5,7,0,14,0,0,78,6,21,6,1
wazuh-1788730322.2879004,2026-09-06T21:32:02.441000Z,target-kali-01,5501,3,authentication_success|pam|syslog,pam,T1078,journald,0,0,0,0,0,0,0,0,0,0,1,0,17,17,1,0,36,0,0,108,3,21,6,1
wazuh-1788730343.2879447,2026-09-06T21:32:23.792000Z,target-kali-01,5501,3,authentication_success|pam|syslog,pam,T1078,journald,0,0,0,0,0,0,0,0,0,0,1,0,16,16,1,0,36,0,0,108,3,21,6,1
wazuh-1788730357.2879890,2026-09-06T21:32:37.644000Z,lab-sensor-01,5710,5,authentication_failed|invalid_login|sshd|syslog,sshd,T1021.004|T1110.001,journald,35530,0,1,0,0,0,1,0,0,0,1,0,20,6,7,0,15,0,0,76,6,21,6,1
wazuh-1788730358.2880439,2026-09-06T21:32:38.293000Z,target-kali-01,5501,3,authentication_success|pam|syslog,pam,T1078,journald,0,0,0,0,0,0,0,0,0,0,1,0,16,16,1,0,36,0,0,108,3,21,6,1
wazuh-1788730361.2880882,2026-09-06T21:32:41.652000Z,lab-sensor-01,5710,5,authentication_failed|invalid_login|sshd|syslog,sshd,T1021.004|T1110.001,journald,39836,0,1,0,0,0,1,0,0,0,1,0,19,7,7,0,16,0,0,76,6,21,6,1
wazuh-1788730363.2881431,2026-09-06T21:32:43.658000Z,lab-sensor-01,5710,5,authentication_failed|invalid_login|sshd|syslog,sshd,T1021.004|T1110.001,journald,39842,0,1,0,0,0,1,0,0,0,1,0,20,8,7,0,17,0,0,77,6,21,6,1
wazuh-1788730381.2881980,2026-09-06T21:33:01.661000Z,target-kali-01,5501,3,authentication_success|pam|syslog,pam,T1078,journald,0,0,0,0,0,0,0,0,0,0,1,0,16,16,1,0,35,0,0,107,3,21,6,1
wazuh-1788730393.2882423,2026-09-06T21:33:13.508000Z,lab-sensor-01,31104,6,accesslog|attack|web,web-accesslog,T1055|T1083|T1190,/var/log/apache2/access.log,0,0,1,0,0,0,1,0,0,0,0,0,21,1,7,0,18,0,0,77,6,21,6,1
wazuh-1788730394.2882882,2026-09-06T21:33:14.893000Z,target-kali-01,5501,3,authentication_success|pam|syslog,pam,T1078,journald,0,0,0,0,0,0,0,0,0,0,1,0,16,16,1,0,35,0,0,108,3,21,6,1
wazuh-1788730397.2883325,2026-09-06T21:33:17.511000Z,lab-sensor-01,31106,6,accesslog|attack|web,web-accesslog,T1190,/var/log/apache2/access.log,0,0,1,0,0,0,1,0,0,0,0,0,22,1,7,0,18,0,0,78,6,21,6,1
wazuh-1788730415.2883810,2026-09-06T21:33:35.315000Z,target-kali-01,5501,3,authentication_success|pam|syslog,pam,T1078,journald,0,0,0,0,0,0,0,0,0,0,1,0,16,16,1,0,35,0,0,107,3,21,6,1
wazuh-1788730437.2884253,2026-09-06T21:33:57.988000Z,target-kali-01,5501,3,authentication_success|pam|syslog,pam,T1078,journald,0,0,0,0,0,0,0,0,0,0,1,0,15,15,1,0,34,0,0,107,3,21,6,1
wazuh-1788730454.2884696,2026-09-06T21:34:14.484000Z,target-kali-01,5501,3,authentication_success|pam|syslog,pam,T1078,journald,0,0,0,0,0,0,0,0,0,0,1,0,15,15,1,0,35,0,0,107,3,21,6,1
wazuh-1788730456.2885139,2026-09-06T21:34:16.268000Z,lab-sensor-01,31101,5,accesslog|attack|web,web-accesslog,none,/var/log/apache2/access.log,0,0,1,0,0,0,1,0,0,0,0,0,21,4,7,0,12,0,0,78,6,21,6,1
wazuh-1788730458.2885581,2026-09-06T21:34:18.269000Z,lab-sensor-01,31101,5,accesslog|attack|web,web-accesslog,none,/var/log/apache2/access.log,0,0,1,0,0,0,1,0,0,0,0,0,21,4,7,0,12,0,0,78,6,21,6,1
wazuh-1788730460.2886023,2026-09-06T21:34:20.271000Z,lab-sensor-01,31101,5,accesslog|attack|web,web-accesslog,none,/var/log/apache2/access.log,0,0,1,0,0,0,1,0,0,0,0,0,20,5,7,0,12,0,0,78,6,21,6,1
wazuh-1788730462.2886471,2026-09-06T21:34:22.274000Z,lab-sensor-01,30305,5,access_denied|apache|web,apache-errorlog,none,/var/log/apache2/error.log,48340,0,1,0,0,0,1,0,0,0,0,0,21,1,7,0,12,0,0,78,6,21,6,1
wazuh-1788730462.2887071,2026-09-06T21:34:22.315000Z,lab-sensor-01,31516,6,appsec|attack|web,web-accesslog,T1055,/var/log/apache2/access.log,0,0,1,0,0,0,1,0,0,0,0,0,22,1,7,0,12,0,0,78,6,21,6,1
wazuh-1788730476.2887514,2026-09-06T21:34:36.712000Z,target-kali-01,5501,3,authentication_success|pam|syslog,pam,T1078,journald,0,0,0,0,0,0,0,0,0,0,1,0,15,15,1,0,34,0,0,107,3,21,6,1
wazuh-1788730490.2887957,2026-09-06T21:34:50.462000Z,target-kali-01,5501,3,authentication_success|pam|syslog,pam,T1078,journald,0,0,0,0,0,0,0,0,0,0,1,0,15,15,1,0,34,0,0,107,3,21,6,1
wazuh-1788730500.2888400,2026-09-06T21:35:00.861000Z,target-kali-01,5501,3,authentication_success|pam|syslog,pam,T1078,journald,0,0,0,0,0,0,0,0,0,0,1,0,15,15,1,0,34,0,0,107,3,21,6,1
wazuh-1788730501.2888843,2026-09-06T21:35:01.214000Z,film-laptop,591,3,ossec,ossec,none,logcollector,0,0,0,0,0,0,0,0,0,0,0,0,0,0,2,0,0,0,0,0,3,21,6,1
wazuh-1788730513.2889216,2026-09-06T21:35:13.951000Z,lab-sensor-01,5710,5,authentication_failed|invalid_login|sshd|syslog,sshd,T1021.004|T1110.001,journald,36922,0,1,0,0,0,1,0,0,0,1,0,20,6,7,0,12,0,0,77,6,21,6,1
wazuh-1788730515.2889765,2026-09-06T21:35:15.087000Z,target-kali-01,5501,3,authentication_success|pam|syslog,pam,T1078,journald,0,0,0,0,0,0,0,0,0,0,1,0,16,16,1,0,35,0,0,107,3,21,6,1
wazuh-1788730517.2890208,2026-09-06T21:35:17.968000Z,lab-sensor-01,5710,5,authentication_failed|invalid_login|sshd|syslog,sshd,T1021.004|T1110.001,journald,36926,0,1,0,0,0,1,0,0,0,1,0,21,7,7,0,13,0,0,77,6,21,6,1
wazuh-1788730519.2890757,2026-09-06T21:35:19.970000Z,lab-sensor-01,5710,5,authentication_failed|invalid_login|sshd|syslog,sshd,T1021.004|T1110.001,journald,57578,0,1,0,0,0,1,0,0,0,1,0,22,8,7,0,14,0,0,77,6,21,6,1
wazuh-1788730537.2891306,2026-09-06T21:35:37.243000Z,target-kali-01,5501,3,authentication_success|pam|syslog,pam,T1078,journald,0,0,0,0,0,0,0,0,0,0,1,0,16,16,1,0,34,0,0,107,3,21,6,1
wazuh-1788730549.2891749,2026-09-06T21:35:49.282000Z,target-kali-01,5501,3,authentication_success|pam|syslog,pam,T1078,journald,0,0,0,0,0,0,0,0,0,0,1,0,16,16,1,0,34,0,0,108,3,21,6,1
wazuh-1788730562.2892192,2026-09-06T21:36:02.090000Z,target-kali-01,5501,3,authentication_success|pam|syslog,pam,T1078,journald,0,0,0,0,0,0,0,0,0,0,1,0,17,17,1,0,34,0,0,108,3,21,6,1
wazuh-1788730573.2892635,2026-09-06T21:36:13.874000Z,target-kali-01,5501,3,authentication_success|pam|syslog,pam,T1078,journald,0,0,0,0,0,0,0,0,0,0,1,0,17,17,1,0,35,0,0,108,3,21,6,1
wazuh-1788730588.2893078,2026-09-06T21:36:28.120000Z,target-kali-01,5501,3,authentication_success|pam|syslog,pam,T1078,journald,0,0,0,0,0,0,0,0,0,0,1,0,17,17,1,0,34,0,0,108,3,21,6,1
wazuh-1788730608.2893521,2026-09-06T21:36:48.002000Z,lab-sensor-01,31104,6,accesslog|attack|web,web-accesslog,T1055|T1083|T1190,/var/log/apache2/access.log,0,0,1,0,0,0,1,0,0,0,0,0,13,1,6,0,12,0,0,76,6,21,6,1
wazuh-1788730608.2893980,2026-09-06T21:36:48.736000Z,target-kali-01,5501,3,authentication_success|pam|syslog,pam,T1078,journald,0,0,0,0,0,0,0,0,0,0,1,0,17,17,1,0,34,0,0,108,3,21,6,1
wazuh-1788730611.2894423,2026-09-06T21:36:51.967000Z,lab-sensor-01,31106,6,accesslog|attack|web,web-accesslog,T1190,/var/log/apache2/access.log,0,0,1,0,0,0,1,0,0,0,0,0,14,1,6,0,12,0,0,77,6,21,6,1
wazuh-1788730630.2894908,2026-09-06T21:37:10.386000Z,target-kali-01,5501,3,authentication_success|pam|syslog,pam,T1078,journald,0,0,0,0,0,0,0,0,0,0,1,0,17,17,1,0,34,0,0,107,3,21,6,1
wazuh-1788730644.2895351,2026-09-06T21:37:24.437000Z,target-kali-01,5501,3,authentication_success|pam|syslog,pam,T1078,journald,0,0,0,0,0,0,0,0,0,0,1,0,17,17,1,0,34,0,0,107,3,21,6,1
wazuh-1788730656.2895794,2026-09-06T21:37:36.521000Z,target-kali-01,5501,3,authentication_success|pam|syslog,pam,T1078,journald,0,0,0,0,0,0,0,0,0,0,1,0,18,18,1,0,34,0,0,107,3,21,6,1
wazuh-1788730672.2896237,2026-09-06T21:37:52.580000Z,target-kali-01,5501,3,authentication_success|pam|syslog,pam,T1078,journald,0,0,0,0,0,0,0,0,0,0,1,0,18,18,1,0,35,0,0,108,3,21,6,1
wazuh-1788730674.2896680,2026-09-06T21:37:54.108000Z,lab-sensor-01,31101,5,accesslog|attack|web,web-accesslog,none,/var/log/apache2/access.log,0,0,1,0,0,0,1,0,0,0,0,0,12,3,6,0,12,0,0,72,6,21,6,1
wazuh-1788730676.2897122,2026-09-06T21:37:56.109000Z,lab-sensor-01,31101,5,accesslog|attack|web,web-accesslog,none,/var/log/apache2/access.log,0,0,1,0,0,0,1,0,0,0,0,0,13,4,6,0,12,0,0,72,6,21,6,1
wazuh-1788730678.2897564,2026-09-06T21:37:58.119000Z,lab-sensor-01,31101,5,accesslog|attack|web,web-accesslog,none,/var/log/apache2/access.log,0,0,1,0,0,0,1,0,0,0,0,0,14,5,6,0,12,0,0,72,6,21,6,1
wazuh-1788730680.2898012,2026-09-06T21:38:00.122000Z,lab-sensor-01,30305,5,access_denied|apache|web,apache-errorlog,none,/var/log/apache2/error.log,34268,0,1,0,0,0,1,0,0,0,0,0,15,1,6,0,12,0,0,72,6,21,6,1
wazuh-1788730680.2898612,2026-09-06T21:38:00.123000Z,lab-sensor-01,31516,6,appsec|attack|web,web-accesslog,T1055,/var/log/apache2/access.log,0,0,1,0,0,0,1,0,0,0,0,0,16,1,6,0,12,0,0,72,6,21,6,1
wazuh-1788730692.2899055,2026-09-06T21:38:12.657000Z,target-kali-01,5501,3,authentication_success|pam|syslog,pam,T1078,journald,0,0,0,0,0,0,0,0,0,0,1,0,18,18,1,0,34,0,0,107,3,21,6,1
wazuh-1788730708.2899498,2026-09-06T21:38:28.980000Z,target-kali-01,5501,3,authentication_success|pam|syslog,pam,T1078,journald,0,0,0,0,0,0,0,0,0,0,1,0,18,18,1,0,34,0,0,107,3,21,6,1
wazuh-1788730720.2899941,2026-09-06T21:38:40.623000Z,target-kali-01,5501,3,authentication_success|pam|syslog,pam,T1078,journald,0,0,0,0,0,0,0,0,0,0,1,0,18,18,1,0,34,0,0,107,3,21,6,1
wazuh-1788730736.2900384,2026-09-06T21:38:56.672000Z,target-kali-01,5501,3,authentication_success|pam|syslog,pam,T1078,journald,0,0,0,0,0,0,0,0,0,0,1,0,19,19,1,0,34,0,0,108,3,21,6,1
wazuh-1788730750.2900827,2026-09-06T21:39:10.886000Z,target-kali-01,5501,3,authentication_success|pam|syslog,pam,T1078,journald,0,0,0,0,0,0,0,0,0,0,1,0,19,19,1,0,35,0,0,108,3,21,6,1
wazuh-1788730763.2901270,2026-09-06T21:39:23.681000Z,target-kali-01,5501,3,authentication_success|pam|syslog,pam,T1078,journald,0,0,0,0,0,0,0,0,0,0,1,0,19,19,1,0,35,0,0,108,3,21,6,1
wazuh-1788730782.2901713,2026-09-06T21:39:42.869000Z,target-kali-01,5501,3,authentication_success|pam|syslog,pam,T1078,journald,0,0,0,0,0,0,0,0,0,0,1,0,19,19,1,0,35,0,0,108,3,21,6,1
wazuh-1788730800.2902156,2026-09-06T21:40:00.336000Z,lab-sensor-01,31104,6,accesslog|attack|web,web-accesslog,T1055|T1083|T1190,/var/log/apache2/access.log,0,0,1,0,0,0,1,0,0,0,0,0,10,1,6,0,12,0,0,66,6,21,6,1
wazuh-1788730801.2902615,2026-09-06T21:40:01.051000Z,target-kali-01,5501,3,authentication_success|pam|syslog,pam,T1078,journald,0,0,0,0,0,0,0,0,0,0,1,0,18,18,1,0,34,0,0,108,3,21,6,1
wazuh-1788730804.2903058,2026-09-06T21:40:04.354000Z,lab-sensor-01,31106,6,accesslog|attack|web,web-accesslog,T1190,/var/log/apache2/access.log,0,0,1,0,0,0,1,0,0,0,0,0,11,1,6,0,11,0,0,67,6,21,6,1
wazuh-1788730823.2903543,2026-09-06T21:40:23.150000Z,target-kali-01,5501,3,authentication_success|pam|syslog,pam,T1078,journald,0,0,0,0,0,0,0,0,0,0,1,0,18,18,1,0,35,0,0,108,3,21,6,1
wazuh-1788730824.2903986,2026-09-06T21:40:24.438000Z,lab-sensor-01,31101,5,accesslog|attack|web,web-accesslog,none,/var/log/apache2/access.log,0,0,1,0,0,0,1,0,0,0,0,0,9,3,6,0,9,0,0,67,6,21,6,1
wazuh-1788730826.2904428,2026-09-06T21:40:26.442000Z,lab-sensor-01,31101,5,accesslog|attack|web,web-accesslog,none,/var/log/apache2/access.log,0,0,1,0,0,0,1,0,0,0,0,0,10,4,6,0,9,0,0,67,6,21,6,1
wazuh-1788730828.2904870,2026-09-06T21:40:28.446000Z,lab-sensor-01,31101,5,accesslog|attack|web,web-accesslog,none,/var/log/apache2/access.log,0,0,1,0,0,0,1,0,0,0,0,0,11,5,6,0,9,0,0,67,6,21,6,1
wazuh-1788730830.2905318,2026-09-06T21:40:30.449000Z,lab-sensor-01,30305,5,access_denied|apache|web,apache-errorlog,none,/var/log/apache2/error.log,39962,0,1,0,0,0,1,0,0,0,0,0,12,1,6,0,9,0,0,67,6,21,6,1
wazuh-1788730830.2905918,2026-09-06T21:40:30.491000Z,lab-sensor-01,31516,6,appsec|attack|web,web-accesslog,T1055,/var/log/apache2/access.log,0,0,1,0,0,0,1,0,0,0,0,0,13,1,6,0,9,0,0,67,6,21,6,1
wazuh-1788730845.2906361,2026-09-06T21:40:45.937000Z,target-kali-01,5501,3,authentication_success|pam|syslog,pam,T1078,journald,0,0,0,0,0,0,0,0,0,0,1,0,18,18,1,0,35,0,0,108,3,21,6,1
wazuh-1788730858.2906804,2026-09-06T21:40:58.052000Z,target-kali-01,5501,3,authentication_success|pam|syslog,pam,T1078,journald,0,0,0,0,0,0,0,0,0,0,1,0,18,18,1,0,35,0,0,108,3,21,6,1
wazuh-1788730874.2907247,2026-09-06T21:41:14.185000Z,target-kali-01,5501,3,authentication_success|pam|syslog,pam,T1078,journald,0,0,0,0,0,0,0,0,0,0,1,0,17,17,1,0,35,0,0,108,3,21,6,1
wazuh-1788730884.2907690,2026-09-06T21:41:24.288000Z,target-kali-01,5501,3,authentication_success|pam|syslog,pam,T1078,journald,0,0,0,0,0,0,0,0,0,0,1,0,18,18,1,0,35,0,0,108,3,21,6,1
wazuh-1788730885.2908133,2026-09-06T21:41:25.253000Z,film-laptop,591,3,ossec,ossec,none,logcollector,0,0,0,0,0,0,0,0,0,0,0,0,0,0,1,0,0,0,0,0,3,21,6,1
wazuh-1788730896.2908506,2026-09-06T21:41:36.286000Z,target-kali-01,5501,3,authentication_success|pam|syslog,pam,T1078,journald,0,0,0,0,0,0,0,0,0,0,1,0,18,18,1,0,36,0,0,109,3,21,6,1
wazuh-1788730898.2908949,2026-09-06T21:41:38.541000Z,lab-sensor-01,31101,5,accesslog|attack|web,web-accesslog,none,/var/log/apache2/access.log,0,0,1,0,0,0,1,0,0,0,0,0,14,6,6,0,9,0,0,67,6,21,6,1
wazuh-1788730900.2909391,2026-09-06T21:41:40.543000Z,lab-sensor-01,31101,5,accesslog|attack|web,web-accesslog,none,/var/log/apache2/access.log,0,0,1,0,0,0,1,0,0,0,0,0,15,7,6,0,8,0,0,67,6,21,6,1
wazuh-1788730902.2909833,2026-09-06T21:41:42.544000Z,lab-sensor-01,31101,5,accesslog|attack|web,web-accesslog,none,/var/log/apache2/access.log,0,0,1,0,0,0,1,0,0,0,0,0,16,8,6,0,7,0,0,67,6,21,6,1
wazuh-1788730904.2910281,2026-09-06T21:41:44.548000Z,lab-sensor-01,30305,5,access_denied|apache|web,apache-errorlog,none,/var/log/apache2/error.log,38988,0,1,0,0,0,1,0,0,0,0,0,17,2,6,0,7,0,0,67,6,21,6,1
wazuh-1788730904.2910881,2026-09-06T21:41:44.548000Z,lab-sensor-01,31516,6,appsec|attack|web,web-accesslog,T1055,/var/log/apache2/access.log,0,0,1,0,0,0,1,0,0,0,0,0,18,2,6,0,7,0,0,67,6,21,6,1
wazuh-1788730916.2911324,2026-09-06T21:41:56.393000Z,target-kali-01,5501,3,authentication_success|pam|syslog,pam,T1078,journald,0,0,0,0,0,0,0,0,0,0,1,0,18,18,1,0,36,0,0,108,3,21,6,1
wazuh-1788730934.2911767,2026-09-06T21:42:14.415000Z,target-kali-01,5501,3,authentication_success|pam|syslog,pam,T1078,journald,0,0,0,0,0,0,0,0,0,0,1,0,18,18,1,0,36,0,0,109,3,21,6,1
wazuh-1788730936.2912210,2026-09-06T21:42:16.616000Z,lab-sensor-01,31101,5,accesslog|attack|web,web-accesslog,none,/var/log/apache2/access.log,0,0,1,0,0,0,1,0,0,0,0,0,17,9,6,0,6,0,0,67,6,21,6,1
wazuh-1788730938.2912652,2026-09-06T21:42:18.620000Z,lab-sensor-01,31101,5,accesslog|attack|web,web-accesslog,none,/var/log/apache2/access.log,0,0,1,0,0,0,1,0,0,0,0,0,18,10,6,0,6,0,0,66,6,21,6,1
wazuh-1788730940.2913094,2026-09-06T21:42:20.631000Z,lab-sensor-01,31101,5,accesslog|attack|web,web-accesslog,none,/var/log/apache2/access.log,0,0,1,0,0,0,1,0,0,0,0,0,19,11,6,0,6,0,0,66,6,21,6,1
wazuh-1788730942.2913542,2026-09-06T21:42:22.637000Z,lab-sensor-01,30305,5,access_denied|apache|web,apache-errorlog,none,/var/log/apache2/error.log,59714,0,1,0,0,0,1,0,0,0,0,0,20,3,6,0,6,0,0,65,6,21,6,1
wazuh-1788730942.2914142,2026-09-06T21:42:22.637000Z,lab-sensor-01,31516,6,appsec|attack|web,web-accesslog,T1055,/var/log/apache2/access.log,0,0,1,0,0,0,1,0,0,0,0,0,21,3,6,0,6,0,0,65,6,21,6,1
wazuh-1788730956.2914585,2026-09-06T21:42:36.519000Z,target-kali-01,5501,3,authentication_success|pam|syslog,pam,T1078,journald,0,0,0,0,0,0,0,0,0,0,1,0,18,18,1,0,36,0,0,109,3,21,6,1
wazuh-1788730968.2915028,2026-09-06T21:42:48.773000Z,target-kali-01,5501,3,authentication_success|pam|syslog,pam,T1078,journald,0,0,0,0,0,0,0,0,0,0,1,0,18,18,1,0,36,0,0,109,3,21,6,1
wazuh-1788730978.2915471,2026-09-06T21:42:58.847000Z,target-kali-01,5501,3,authentication_success|pam|syslog,pam,T1078,journald,0,0,0,0,0,0,0,0,0,0,1,0,18,18,1,0,37,0,0,109,3,21,6,1
wazuh-1788730988.2915914,2026-09-06T21:43:08.816000Z,target-kali-01,5501,3,authentication_success|pam|syslog,pam,T1078,journald,0,0,0,0,0,0,0,0,0,0,1,0,19,19,1,0,37,0,0,110,3,21,6,1
wazuh-1788730988.2916357,2026-09-06T21:43:08.955000Z,lab-sensor-01,5710,5,authentication_failed|invalid_login|sshd|syslog,sshd,T1021.004|T1110.001,journald,52168,0,1,0,0,0,1,0,0,0,1,0,17,0,6,0,3,0,0,63,6,21,6,1
wazuh-1788730990.2916906,2026-09-06T21:43:10.957000Z,lab-sensor-01,5710,5,authentication_failed|invalid_login|sshd|syslog,sshd,T1021.004|T1110.001,journald,54416,0,1,0,0,0,1,0,0,0,1,0,18,1,6,0,4,0,0,64,6,21,6,1
wazuh-1788730994.2917455,2026-09-06T21:43:14.964000Z,lab-sensor-01,5710,5,authentication_failed|invalid_login|sshd|syslog,sshd,T1021.004|T1110.001,journald,54432,0,1,0,0,0,1,0,0,0,1,0,19,2,6,0,5,0,0,65,6,21,6,1
wazuh-1788731006.2918004,2026-09-06T21:43:26.868000Z,target-kali-01,5501,3,authentication_success|pam|syslog,pam,T1078,journald,0,0,0,0,0,0,0,0,0,0,1,0,19,19,1,0,37,0,0,110,3,21,6,1
wazuh-1788731016.2918447,2026-09-06T21:43:36.998000Z,target-kali-01,5501,3,authentication_success|pam|syslog,pam,T1078,journald,0,0,0,0,0,0,0,0,0,0,1,0,19,19,1,0,37,0,0,110,3,21,6,1
wazuh-1788731017.2918890,2026-09-06T21:43:37.000000Z,lab-sensor-01,5710,5,authentication_failed|invalid_login|sshd|syslog,sshd,T1021.004|T1110.001,journald,36692,0,1,0,0,0,1,0,0,0,1,0,20,3,6,0,6,0,0,65,6,21,6,1
wazuh-1788731021.2919439,2026-09-06T21:43:41.002000Z,lab-sensor-01,5710,5,authentication_failed|invalid_login|sshd|syslog,sshd,T1021.004|T1110.001,journald,38120,0,1,0,0,0,1,0,0,0,1,0,21,4,6,0,7,0,0,66,6,21,6,1
wazuh-1788731025.2919988,2026-09-06T21:43:45.036000Z,lab-sensor-01,5710,5,authentication_failed|invalid_login|sshd|syslog,sshd,T1021.004|T1110.001,journald,38132,0,1,0,0,0,1,0,0,0,1,0,22,5,6,0,8,0,0,66,6,21,6,1
wazuh-1788731037.2920537,2026-09-06T21:43:57.247000Z,target-kali-01,5501,3,authentication_success|pam|syslog,pam,T1078,journald,0,0,0,0,0,0,0,0,0,0,1,0,18,18,1,0,38,0,0,110,3,21,6,1
wazuh-1788731047.2920980,2026-09-06T21:44:07.255000Z,target-kali-01,5501,3,authentication_success|pam|syslog,pam,T1078,journald,0,0,0,0,0,0,0,0,0,0,1,0,19,19,1,0,38,0,0,111,3,21,6,1
wazuh-1788731049.2921423,2026-09-06T21:44:09.079000Z,lab-sensor-01,5710,5,authentication_failed|invalid_login|sshd|syslog,sshd,T1021.004|T1110.001,journald,33246,0,1,0,0,0,1,0,0,0,1,0,23,6,6,0,9,0,0,67,6,21,6,1
wazuh-1788731051.2921972,2026-09-06T21:44:11.080000Z,lab-sensor-01,5712,10,authentication_failures|sshd|syslog,sshd,T1110,journald,52152,0,1,0,0,0,1,0,0,0,1,0,24,0,6,0,10,0,0,68,6,21,6,1
wazuh-1788731055.2923306,2026-09-06T21:44:15.089000Z,lab-sensor-01,5710,5,authentication_failed|invalid_login|sshd|syslog,sshd,T1021.004|T1110.001,journald,52166,0,1,0,0,0,1,0,0,0,1,0,25,7,7,1,11,0,0,69,10,21,6,1
wazuh-1788731067.2923855,2026-09-06T21:44:27.432000Z,target-kali-01,5501,3,authentication_success|pam|syslog,pam,T1078,journald,0,0,0,0,0,0,0,0,0,0,1,0,18,18,1,0,38,0,0,110,3,21,6,1
wazuh-1788731079.2924298,2026-09-06T21:44:39.391000Z,target-kali-01,5501,3,authentication_success|pam|syslog,pam,T1078,journald,0,0,0,0,0,0,0,0,0,0,1,0,19,19,1,0,38,0,0,111,3,21,6,1
wazuh-1788731091.2924741,2026-09-06T21:44:51.450000Z,target-kali-01,5501,3,authentication_success|pam|syslog,pam,T1078,journald,0,0,0,0,0,0,0,0,0,0,1,0,19,19,1,0,38,0,0,111,3,21,6,1
wazuh-1788731105.2925184,2026-09-06T21:45:05.865000Z,target-kali-01,5501,3,authentication_success|pam|syslog,pam,T1078,journald,0,0,0,0,0,0,0,0,0,0,1,0,19,19,1,0,38,0,0,111,3,21,6,1
wazuh-1788731107.2925627,2026-09-06T21:45:07.160000Z,lab-sensor-01,5710,5,authentication_failed|invalid_login|sshd|syslog,sshd,T1021.004|T1110.001,journald,51966,0,1,0,0,0,1,0,0,0,1,0,24,8,7,1,12,0,0,68,10,21,6,1
wazuh-1788731109.2926176,2026-09-06T21:45:09.164000Z,lab-sensor-01,5710,5,authentication_failed|invalid_login|sshd|syslog,sshd,T1021.004|T1110.001,journald,51968,0,1,0,0,0,1,0,0,0,1,0,25,9,7,1,13,0,0,69,10,21,6,1
wazuh-1788731113.2926725,2026-09-06T21:45:13.171000Z,lab-sensor-01,5710,5,authentication_failed|invalid_login|sshd|syslog,sshd,T1021.004|T1110.001,journald,57986,0,1,0,0,0,1,0,0,0,1,0,26,10,7,1,14,0,0,70,10,21,6,1
wazuh-1788731126.2927274,2026-09-06T21:45:26.787000Z,target-kali-01,5501,3,authentication_success|pam|syslog,pam,T1078,journald,0,0,0,0,0,0,0,0,0,0,1,0,19,19,1,0,38,0,0,110,3,21,6,1
wazuh-1788731146.2927717,2026-09-06T21:45:46.912000Z,target-kali-01,5501,3,authentication_success|pam|syslog,pam,T1078,journald,0,0,0,0,0,0,0,0,0,0,1,0,19,19,1,0,38,0,0,110,3,21,6,1
wazuh-1788731158.2928160,2026-09-06T21:45:58.264000Z,target-kali-01,5501,3,authentication_success|pam|syslog,pam,T1078,journald,0,0,0,0,0,0,0,0,0,0,1,0,19,19,1,0,38,0,0,111,3,21,6,1
wazuh-1788731175.2928603,2026-09-06T21:46:15.284000Z,lab-sensor-01,5710,5,authentication_failed|invalid_login|sshd|syslog,sshd,T1021.004|T1110.001,journald,40354,0,1,0,0,0,1,0,0,0,1,0,22,11,7,1,12,0,0,68,10,21,6,1
wazuh-1788731176.2929152,2026-09-06T21:46:16.803000Z,target-kali-01,5501,3,authentication_success|pam|syslog,pam,T1078,journald,0,0,0,0,0,0,0,0,0,0,1,0,19,19,1,0,37,0,0,110,3,21,6,1
wazuh-1788731179.2929595,2026-09-06T21:46:19.288000Z,lab-sensor-01,5710,5,authentication_failed|invalid_login|sshd|syslog,sshd,T1021.004|T1110.001,journald,40362,0,1,0,0,0,1,0,0,0,1,0,23,12,7,1,13,0,0,68,10,21,6,1
wazuh-1788731181.2930144,2026-09-06T21:46:21.290000Z,lab-sensor-01,5710,5,authentication_failed|invalid_login|sshd|syslog,sshd,T1021.004|T1110.001,journald,60732,0,1,0,0,0,1,0,0,0,1,0,24,13,7,1,14,0,0,69,10,21,6,1
wazuh-1788731196.2930693,2026-09-06T21:46:36.658000Z,target-kali-01,5501,3,authentication_success|pam|syslog,pam,T1078,journald,0,0,0,0,0,0,0,0,0,0,1,0,18,18,1,0,37,0,0,110,3,21,6,1
wazuh-1788731205.2931136,2026-09-06T21:46:45.286000Z,film-laptop,591,3,ossec,ossec,none,logcollector,0,0,0,0,0,0,0,0,0,0,0,0,0,0,1,0,0,0,0,0,3,21,6,1
wazuh-1788731209.2931509,2026-09-06T21:46:49.057000Z,target-kali-01,5501,3,authentication_success|pam|syslog,pam,T1078,journald,0,0,0,0,0,0,0,0,0,0,1,0,19,19,1,0,37,0,0,110,3,21,6,1
wazuh-1788731219.2931952,2026-09-06T21:46:59.395000Z,lab-sensor-01,5710,5,authentication_failed|invalid_login|sshd|syslog,sshd,T1021.004|T1110.001,journald,57602,0,1,0,0,0,1,0,0,0,1,0,20,14,7,1,15,0,0,70,10,21,6,1
wazuh-1788731219.2932501,2026-09-06T21:46:59.536000Z,target-kali-01,5501,3,authentication_success|pam|syslog,pam,T1078,journald,0,0,0,0,0,0,0,0,0,0,1,0,19,19,1,0,38,0,0,110,3,21,6,1
wazuh-1788731223.2932944,2026-09-06T21:47:03.402000Z,lab-sensor-01,5712,10,authentication_failures|sshd|syslog,sshd,T1110,journald,57604,0,1,0,0,0,1,0,0,0,1,0,21,1,7,1,16,0,0,71,10,21,6,1
wazuh-1788731225.2934278,2026-09-06T21:47:05.406000Z,lab-sensor-01,5710,5,authentication_failed|invalid_login|sshd|syslog,sshd,T1021.004|T1110.001,journald,57616,0,1,0,0,0,1,0,0,0,1,0,22,15,7,2,17,0,0,72,10,21,6,1
wazuh-1788731239.2934827,2026-09-06T21:47:19.579000Z,target-kali-01,5501,3,authentication_success|pam|syslog,pam,T1078,journald,0,0,0,0,0,0,0,0,0,0,1,0,19,19,1,0,38,0,0,110,3,21,6,1
wazuh-1788731253.2935270,2026-09-06T21:47:33.618000Z,target-kali-01,5501,3,authentication_success|pam|syslog,pam,T1078,journald,0,0,0,0,0,0,0,0,0,0,1,0,20,20,1,0,38,0,0,110,3,21,6,1
wazuh-1788731267.2935713,2026-09-06T21:47:47.494000Z,lab-sensor-01,5710,5,authentication_failed|invalid_login|sshd|syslog,sshd,T1021.004|T1110.001,journald,33088,0,1,0,0,0,1,0,0,0,1,0,18,16,7,2,18,0,0,70,10,21,6,1
wazuh-1788731268.2936262,2026-09-06T21:47:48.265000Z,target-kali-01,5501,3,authentication_success|pam|syslog,pam,T1078,journald,0,0,0,0,0,0,0,0,0,0,1,0,20,20,1,0,38,0,0,111,3,21,6,1
wazuh-1788731271.2936705,2026-09-06T21:47:51.478000Z,lab-sensor-01,5710,5,authentication_failed|invalid_login|sshd|syslog,sshd,T1021.004|T1110.001,journald,33198,0,1,0,0,0,1,0,0,0,1,0,19,17,7,2,19,0,0,71,10,21,6,1
wazuh-1788731275.2937254,2026-09-06T21:47:55.481000Z,lab-sensor-01,5710,5,authentication_failed|invalid_login|sshd|syslog,sshd,T1021.004|T1110.001,journald,33204,0,1,0,0,0,1,0,0,0,1,0,20,18,7,2,20,0,0,72,10,21,6,1
wazuh-1788731288.2937803,2026-09-06T21:48:08.304000Z,target-kali-01,5501,3,authentication_success|pam|syslog,pam,T1078,journald,0,0,0,0,0,0,0,0,0,0,1,0,19,19,1,0,38,0,0,110,3,21,6,1
wazuh-1788731300.2938246,2026-09-06T21:48:20.471000Z,target-kali-01,5501,3,authentication_success|pam|syslog,pam,T1078,journald,0,0,0,0,0,0,0,0,0,0,1,0,19,19,1,0,38,0,0,110,3,21,6,1
wazuh-1788731319.2938689,2026-09-06T21:48:39.513000Z,target-kali-01,5501,3,authentication_success|pam|syslog,pam,T1078,journald,0,0,0,0,0,0,0,0,0,0,1,0,18,18,1,0,38,0,0,110,3,21,6,1
wazuh-1788731331.2939132,2026-09-06T21:48:51.681000Z,target-kali-01,5501,3,authentication_success|pam|syslog,pam,T1078,journald,0,0,0,0,0,0,0,0,0,0,1,0,19,19,1,0,38,0,0,110,3,21,6,1
wazuh-1788731348.2939575,2026-09-06T21:49:08.162000Z,target-kali-01,5501,3,authentication_success|pam|syslog,pam,T1078,journald,0,0,0,0,0,0,0,0,0,0,1,0,18,18,1,0,38,0,0,110,3,21,6,1
wazuh-1788731360.2940018,2026-09-06T21:49:20.280000Z,target-kali-01,5501,3,authentication_success|pam|syslog,pam,T1078,journald,0,0,0,0,0,0,0,0,0,0,1,0,19,19,1,0,38,0,0,110,3,21,6,1
wazuh-1788731361.2940461,2026-09-06T21:49:21.994000Z,lab-sensor-01,31101,5,accesslog|attack|web,web-accesslog,none,/var/log/apache2/access.log,0,0,1,0,0,0,1,0,0,0,0,0,12,0,7,2,21,0,0,72,10,21,6,1
wazuh-1788731363.2940903,2026-09-06T21:49:23.995000Z,lab-sensor-01,31101,5,accesslog|attack|web,web-accesslog,none,/var/log/apache2/access.log,0,0,1,0,0,0,1,0,0,0,0,0,13,1,7,2,21,0,0,72,10,21,6,1
wazuh-1788731366.2941345,2026-09-06T21:49:26.004000Z,lab-sensor-01,31101,5,accesslog|attack|web,web-accesslog,none,/var/log/apache2/access.log,0,0,1,0,0,0,1,0,0,0,0,0,14,2,7,2,21,0,0,72,10,21,6,1
wazuh-1788731368.2941793,2026-09-06T21:49:28.006000Z,lab-sensor-01,30305,5,access_denied|apache|web,apache-errorlog,none,/var/log/apache2/error.log,49986,0,1,0,0,0,1,0,0,0,0,0,15,0,7,2,21,0,0,72,10,21,6,1
wazuh-1788731368.2942393,2026-09-06T21:49:28.006000Z,lab-sensor-01,31516,6,appsec|attack|web,web-accesslog,T1055,/var/log/apache2/access.log,0,0,1,0,0,0,1,0,0,0,0,0,16,0,7,2,21,0,0,72,10,21,6,1
wazuh-1788731382.2942836,2026-09-06T21:49:42.404000Z,target-kali-01,5501,3,authentication_success|pam|syslog,pam,T1078,journald,0,0,0,0,0,0,0,0,0,0,1,0,18,18,1,0,38,0,0,110,3,21,6,1
wazuh-1788731395.2943279,2026-09-06T21:49:55.044000Z,target-kali-01,5501,3,authentication_success|pam|syslog,pam,T1078,journald,0,0,0,0,0,0,0,0,0,0,1,0,18,18,1,0,38,0,0,110,3,21,6,1
wazuh-1788731414.2943722,2026-09-06T21:50:14.302000Z,target-kali-01,5501,3,authentication_success|pam|syslog,pam,T1078,journald,0,0,0,0,0,0,0,0,0,0,1,0,18,18,1,0,38,0,0,110,3,21,6,1
wazuh-1788731427.2944165,2026-09-06T21:50:27.684000Z,target-kali-01,5501,3,authentication_success|pam|syslog,pam,T1078,journald,0,0,0,0,0,0,0,0,0,0,1,0,18,18,1,0,38,0,0,110,3,21,6,1
wazuh-1788731445.2944608,2026-09-06T21:50:45.737000Z,target-kali-01,5501,3,authentication_success|pam|syslog,pam,T1078,journald,0,0,0,0,0,0,0,0,0,0,1,0,19,19,1,0,39,0,0,110,3,21,6,1
wazuh-1788731461.2945051,2026-09-06T21:51:01.786000Z,target-kali-01,5501,3,authentication_success|pam|syslog,pam,T1078,journald,0,0,0,0,0,0,0,0,0,0,1,0,18,18,1,0,38,0,0,110,3,21,6,1
wazuh-1788731461.2945494,2026-09-06T21:51:01.833000Z,lab-sensor-01,5710,5,authentication_failed|invalid_login|sshd|syslog,sshd,T1021.004|T1110.001,journald,41222,0,1,0,0,0,1,0,0,0,1,0,14,8,5,2,21,0,0,65,10,21,6,1
wazuh-1788731467.2946043,2026-09-06T21:51:07.826000Z,lab-sensor-01,5710,5,authentication_failed|invalid_login|sshd|syslog,sshd,T1021.004|T1110.001,journald,41238,0,1,0,0,0,1,0,0,0,1,0,15,9,5,2,22,0,0,66,10,21,6,1
wazuh-1788731467.2946592,2026-09-06T21:51:07.831000Z,lab-sensor-01,5710,5,authentication_failed|invalid_login|sshd|syslog,sshd,T1021.004|T1110.001,journald,41250,0,1,0,0,0,1,0,0,0,1,0,16,10,5,2,23,0,0,67,10,21,6,1
wazuh-1788731481.2947141,2026-09-06T21:51:21.844000Z,target-kali-01,5501,3,authentication_success|pam|syslog,pam,T1078,journald,0,0,0,0,0,0,0,0,0,0,1,0,18,18,1,0,38,0,0,110,3,21,6,1
wazuh-1788731495.2947584,2026-09-06T21:51:35.873000Z,lab-sensor-01,31104,6,accesslog|attack|web,web-accesslog,T1055|T1083|T1190,/var/log/apache2/access.log,0,0,1,0,0,0,1,0,0,0,0,0,14,0,5,2,24,0,0,66,10,21,6,1
wazuh-1788731495.2948043,2026-09-06T21:51:35.975000Z,target-kali-01,5501,3,authentication_success|pam|syslog,pam,T1078,journald,0,0,0,0,0,0,0,0,0,0,1,0,19,19,1,0,38,0,0,110,3,21,6,1
wazuh-1788731499.2948486,2026-09-06T21:51:39.839000Z,lab-sensor-01,31106,6,accesslog|attack|web,web-accesslog,T1190,/var/log/apache2/access.log,0,0,1,0,0,0,1,0,0,0,0,0,15,0,6,2,24,0,0,67,10,21,6,1
wazuh-1788731515.2948971,2026-09-06T21:51:55.228000Z,target-kali-01,5501,3,authentication_success|pam|syslog,pam,T1078,journald,0,0,0,0,0,0,0,0,0,0,1,0,18,18,1,0,38,0,0,110,3,21,6,1
wazuh-1788731531.2949414,2026-09-06T21:52:11.700000Z,target-kali-01,5501,3,authentication_success|pam|syslog,pam,T1078,journald,0,0,0,0,0,0,0,0,0,0,1,0,18,18,1,0,38,0,0,110,3,21,6,1
wazuh-1788731550.2949857,2026-09-06T21:52:30.992000Z,target-kali-01,5501,3,authentication_success|pam|syslog,pam,T1078,journald,0,0,0,0,0,0,0,0,0,0,1,0,18,18,1,0,38,0,0,110,3,21,6,1
wazuh-1788731572.2950300,2026-09-06T21:52:52.518000Z,target-kali-01,5501,3,authentication_success|pam|syslog,pam,T1078,journald,0,0,0,0,0,0,0,0,0,0,1,0,17,17,1,0,37,0,0,110,3,21,6,1
wazuh-1788731582.2950743,2026-09-06T21:53:02.032000Z,lab-sensor-01,5710,5,authentication_failed|invalid_login|sshd|syslog,sshd,T1021.004|T1110.001,journald,57100,0,1,0,0,0,1,0,0,0,1,0,10,3,7,2,24,0,0,66,10,21,6,1
wazuh-1788731582.2951292,2026-09-06T21:53:02.533000Z,target-kali-01,5501,3,authentication_success|pam|syslog,pam,T1078,journald,0,0,0,0,0,0,0,0,0,0,1,0,18,18,1,0,37,0,0,110,3,21,6,1
wazuh-1788731584.2951735,2026-09-06T21:53:04.036000Z,lab-sensor-01,5710,5,authentication_failed|invalid_login|sshd|syslog,sshd,T1021.004|T1110.001,journald,57104,0,1,0,0,0,1,0,0,0,1,0,11,4,7,2,25,0,0,67,10,21,6,1
wazuh-1788731588.2952284,2026-09-06T21:53:08.041000Z,lab-sensor-01,5710,5,authentication_failed|invalid_login|sshd|syslog,sshd,T1021.004|T1110.001,journald,57106,0,1,0,0,0,1,0,0,0,1,0,12,5,7,2,26,0,0,68,10,21,6,1
wazuh-1788731589.2952833,2026-09-06T21:53:09.325000Z,film-laptop,591,3,ossec,ossec,none,logcollector,0,0,0,0,0,0,0,0,0,0,0,0,0,0,1,0,0,0,0,0,3,21,6,1
wazuh-1788731603.2953206,2026-09-06T21:53:23.447000Z,target-kali-01,5501,3,authentication_success|pam|syslog,pam,T1078,journald,0,0,0,0,0,0,0,0,0,0,1,0,17,17,1,0,37,0,0,109,3,21,6,1
wazuh-1788731619.2953649,2026-09-06T21:53:39.650000Z,target-kali-01,5501,3,authentication_success|pam|syslog,pam,T1078,journald,0,0,0,0,0,0,0,0,0,0,1,0,17,17,1,0,36,0,0,110,3,21,6,1
wazuh-1788731633.2954092,2026-09-06T21:53:53.789000Z,target-kali-01,5501,3,authentication_success|pam|syslog,pam,T1078,journald,0,0,0,0,0,0,0,0,0,0,1,0,17,17,1,0,37,0,0,110,3,21,6,1
wazuh-1788731634.2954535,2026-09-06T21:53:54.177000Z,lab-sensor-01,5710,5,authentication_failed|invalid_login|sshd|syslog,sshd,T1021.004|T1110.001,journald,37004,0,1,0,0,0,1,0,0,0,1,0,13,6,7,2,21,0,0,66,10,21,6,1
wazuh-1788731638.2955084,2026-09-06T21:53:58.181000Z,lab-sensor-01,5710,5,authentication_failed|invalid_login|sshd|syslog,sshd,T1021.004|T1110.001,journald,37020,0,1,0,0,0,1,0,0,0,1,0,14,7,7,2,22,0,0,65,10,21,6,1
wazuh-1788731640.2955633,2026-09-06T21:54:00.183000Z,lab-sensor-01,5710,5,authentication_failed|invalid_login|sshd|syslog,sshd,T1021.004|T1110.001,journald,34628,0,1,0,0,0,1,0,0,0,1,0,15,8,7,2,23,0,0,66,10,21,6,1
wazuh-1788731657.2956182,2026-09-06T21:54:17.875000Z,target-kali-01,5501,3,authentication_success|pam|syslog,pam,T1078,journald,0,0,0,0,0,0,0,0,0,0,1,0,17,17,1,0,36,0,0,109,3,21,6,1
wazuh-1788731658.2956625,2026-09-06T21:54:18.232000Z,lab-sensor-01,5710,5,authentication_failed|invalid_login|sshd|syslog,sshd,T1021.004|T1110.001,journald,41428,0,1,0,0,0,1,0,0,0,1,0,16,9,7,1,21,0,0,66,10,21,6,1
wazuh-1788731660.2957174,2026-09-06T21:54:20.233000Z,lab-sensor-01,5712,10,authentication_failures|sshd|syslog,sshd,T1110,journald,35938,0,1,0,0,0,1,0,0,0,1,0,17,0,7,1,22,0,0,67,10,21,6,1
wazuh-1788731664.2958508,2026-09-06T21:54:24.216000Z,lab-sensor-01,5710,5,authentication_failed|invalid_login|sshd|syslog,sshd,T1021.004|T1110.001,journald,35948,0,1,0,0,0,1,0,0,0,1,0,16,10,7,2,23,0,0,68,10,21,6,1
wazuh-1788731677.2959057,2026-09-06T21:54:37.963000Z,target-kali-01,5501,3,authentication_success|pam|syslog,pam,T1078,journald,0,0,0,0,0,0,0,0,0,0,1,0,17,17,1,0,36,0,0,109,3,21,6,1
wazuh-1788731678.2959500,2026-09-06T21:54:38.258000Z,lab-sensor-01,31104,6,accesslog|attack|web,web-accesslog,T1055|T1083|T1190,/var/log/apache2/access.log,0,0,1,0,0,0,1,0,0,0,0,0,14,1,7,2,24,0,0,69,10,21,6,1
wazuh-1788731682.2959959,2026-09-06T21:54:42.221000Z,lab-sensor-01,31106,6,accesslog|attack|web,web-accesslog,T1190,/var/log/apache2/access.log,0,0,1,0,0,0,1,0,0,0,0,0,15,1,7,2,24,0,0,70,10,21,6,1
wazuh-1788731698.2960444,2026-09-06T21:54:58.073000Z,target-kali-01,5501,3,authentication_success|pam|syslog,pam,T1078,journald,0,0,0,0,0,0,0,0,0,0,1,0,16,16,1,0,35,0,0,108,3,21,6,1
wazuh-1788731698.2960887,2026-09-06T21:54:58.273000Z,lab-sensor-01,31104,6,accesslog|attack|web,web-accesslog,T1055|T1083|T1190,/var/log/apache2/access.log,0,0,1,0,0,0,1,0,0,0,0,0,16,2,7,2,24,0,0,70,10,21,6,1
wazuh-1788731702.2961346,2026-09-06T21:55:02.283000Z,lab-sensor-01,31106,6,accesslog|attack|web,web-accesslog,T1190,/var/log/apache2/access.log,0,0,1,0,0,0,1,0,0,0,0,0,17,2,7,2,24,0,0,70,10,21,6,1
wazuh-1788731718.2961831,2026-09-06T21:55:18.131000Z,target-kali-01,5501,3,authentication_success|pam|syslog,pam,T1078,journald,0,0,0,0,0,0,0,0,0,0,1,0,16,16,1,0,35,0,0,108,3,21,6,1
wazuh-1788731720.2962274,2026-09-06T21:55:20.313000Z,lab-sensor-01,31101,5,accesslog|attack|web,web-accesslog,none,/var/log/apache2/access.log,0,0,1,0,0,0,1,0,0,0,0,0,18,0,7,2,21,0,0,71,10,21,6,1
wazuh-1788731722.2962716,2026-09-06T21:55:22.314000Z,lab-sensor-01,31101,5,accesslog|attack|web,web-accesslog,none,/var/log/apache2/access.log,0,0,1,0,0,0,1,0,0,0,0,0,19,1,7,2,21,0,0,71,10,21,6,1
wazuh-1788731724.2963158,2026-09-06T21:55:24.317000Z,lab-sensor-01,31101,5,accesslog|attack|web,web-accesslog,none,/var/log/apache2/access.log,0,0,1,0,0,0,1,0,0,0,0,0,20,2,7,2,21,0,0,71,10,21,6,1
wazuh-1788731726.2963606,2026-09-06T21:55:26.321000Z,lab-sensor-01,30305,5,access_denied|apache|web,apache-errorlog,none,/var/log/apache2/error.log,36924,0,1,0,0,0,1,0,0,0,0,0,21,0,7,2,21,0,0,71,10,21,6,1
wazuh-1788731726.2964206,2026-09-06T21:55:26.321000Z,lab-sensor-01,31516,6,appsec|attack|web,web-accesslog,T1055,/var/log/apache2/access.log,0,0,1,0,0,0,1,0,0,0,0,0,22,0,7,2,21,0,0,71,10,21,6,1
wazuh-1788731738.2964649,2026-09-06T21:55:38.330000Z,target-kali-01,5501,3,authentication_success|pam|syslog,pam,T1078,journald,0,0,0,0,0,0,0,0,0,0,1,0,16,16,1,0,35,0,0,108,3,21,6,1
wazuh-1788731738.2965092,2026-09-06T21:55:38.340000Z,lab-sensor-01,31104,6,accesslog|attack|web,web-accesslog,T1055|T1083|T1190,/var/log/apache2/access.log,0,0,1,0,0,0,1,0,0,0,0,0,23,3,7,2,21,0,0,72,10,21,6,1
wazuh-1788731742.2965551,2026-09-06T21:55:42.344000Z,lab-sensor-01,31106,6,accesslog|attack|web,web-accesslog,T1190,/var/log/apache2/access.log,0,0,1,0,0,0,1,0,0,0,0,0,24,3,7,2,21,0,0,73,10,21,6,1
wazuh-1788731758.2966036,2026-09-06T21:55:58.432000Z,target-kali-01,5501,3,authentication_success|pam|syslog,pam,T1078,journald,0,0,0,0,0,0,0,0,0,0,1,0,16,16,1,0,34,0,0,108,3,21,6,1
wazuh-1788731770.2966479,2026-09-06T21:56:10.498000Z,target-kali-01,5501,3,authentication_success|pam|syslog,pam,T1078,journald,0,0,0,0,0,0,0,0,0,0,1,0,16,16,1,0,35,0,0,108,3,21,6,1
wazuh-1788731772.2966922,2026-09-06T21:56:12.395000Z,lab-sensor-01,31101,5,accesslog|attack|web,web-accesslog,none,/var/log/apache2/access.log,0,0,1,0,0,0,1,0,0,0,0,0,22,3,7,2,21,0,0,74,10,21,6,1
wazuh-1788731774.2967364,2026-09-06T21:56:14.401000Z,lab-sensor-01,31101,5,accesslog|attack|web,web-accesslog,none,/var/log/apache2/access.log,0,0,1,0,0,0,1,0,0,0,0,0,23,4,7,2,21,0,0,74,10,21,6,1
wazuh-1788731776.2967806,2026-09-06T21:56:16.408000Z,lab-sensor-01,31101,5,accesslog|attack|web,web-accesslog,none,/var/log/apache2/access.log,0,0,1,0,0,0,1,0,0,0,0,0,24,5,7,2,20,0,0,74,10,21,6,1
wazuh-1788731778.2968254,2026-09-06T21:56:18.410000Z,lab-sensor-01,30305,5,access_denied|apache|web,apache-errorlog,none,/var/log/apache2/error.log,41912,0,1,0,0,0,1,0,0,0,0,0,25,1,7,2,20,0,0,74,10,21,6,1
wazuh-1788731778.2968854,2026-09-06T21:56:18.410000Z,lab-sensor-01,31516,6,appsec|attack|web,web-accesslog,T1055,/var/log/apache2/access.log,0,0,1,0,0,0,1,0,0,0,0,0,26,1,7,2,20,0,0,74,10,21,6,1
wazuh-1788731792.2969297,2026-09-06T21:56:32.536000Z,target-kali-01,5501,3,authentication_success|pam|syslog,pam,T1078,journald,0,0,0,0,0,0,0,0,0,0,1,0,16,16,1,0,35,0,0,107,3,21,6,1
wazuh-1788731802.2969740,2026-09-06T21:56:42.771000Z,lab-sensor-01,31104,6,accesslog|attack|web,web-accesslog,T1055|T1083|T1190,/var/log/apache2/access.log,0,0,1,0,0,0,1,0,0,0,0,0,25,3,7,2,18,0,0,72,10,21,6,1
wazuh-1788731804.2970199,2026-09-06T21:56:44.310000Z,target-kali-01,5501,3,authentication_success|pam|syslog,pam,T1078,journald,0,0,0,0,0,0,0,0,0,0,1,0,16,16,1,0,35,0,0,108,3,21,6,1
wazuh-1788731806.2970642,2026-09-06T21:56:46.737000Z,lab-sensor-01,31106,6,accesslog|attack|web,web-accesslog,T1190,/var/log/apache2/access.log,0,0,1,0,0,0,1,0,0,0,0,0,26,3,7,2,18,0,0,73,10,21,6,1
wazuh-1788731822.2971127,2026-09-06T21:57:02.372000Z,target-kali-01,5501,3,authentication_success|pam|syslog,pam,T1078,journald,0,0,0,0,0,0,0,0,0,0,1,0,16,16,1,0,34,0,0,108,3,21,6,1
wazuh-1788731824.2971570,2026-09-06T21:57:04.517000Z,lab-sensor-01,31101,5,accesslog|attack|web,web-accesslog,none,/var/log/apache2/access.log,0,0,1,0,0,0,1,0,0,0,0,0,27,6,7,1,16,0,0,74,10,21,6,1
wazuh-1788731826.2972012,2026-09-06T21:57:06.519000Z,lab-sensor-01,31101,5,accesslog|attack|web,web-accesslog,none,/var/log/apache2/access.log,0,0,1,0,0,0,1,0,0,0,0,0,28,7,7,1,15,0,0,74,10,21,6,1
wazuh-1788731828.2972454,2026-09-06T21:57:08.522000Z,lab-sensor-01,31101,5,accesslog|attack|web,web-accesslog,none,/var/log/apache2/access.log,0,0,1,0,0,0,1,0,0,0,0,0,29,8,7,1,15,0,0,74,10,21,6,1
wazuh-1788731830.2972902,2026-09-06T21:57:10.524000Z,lab-sensor-01,30305,5,access_denied|apache|web,apache-errorlog,none,/var/log/apache2/error.log,55402,0,1,0,0,0,1,0,0,0,0,0,30,2,7,1,15,0,0,74,10,21,6,1
wazuh-1788731830.2973502,2026-09-06T21:57:10.566000Z,lab-sensor-01,31516,6,appsec|attack|web,web-accesslog,T1055,/var/log/apache2/access.log,0,0,1,0,0,0,1,0,0,0,0,0,31,2,7,1,15,0,0,74,10,21,6,1
wazuh-1788731845.2973945,2026-09-06T21:57:25.119000Z,target-kali-01,5501,3,authentication_success|pam|syslog,pam,T1078,journald,0,0,0,0,0,0,0,0,0,0,1,0,16,16,1,0,34,0,0,107,3,21,6,1
wazuh-1788731846.2974388,2026-09-06T21:57:26.572000Z,lab-sensor-01,5710,5,authentication_failed|invalid_login|sshd|syslog,sshd,T1021.004|T1110.001,journald,40172,0,1,0,0,0,1,0,0,0,1,0,32,8,7,1,15,0,0,75,10,21,6,1
wazuh-1788731848.2974937,2026-09-06T21:57:28.574000Z,lab-sensor-01,5710,5,authentication_failed|invalid_login|sshd|syslog,sshd,T1021.004|T1110.001,journald,40184,0,1,0,0,0,1,0,0,0,1,0,33,9,7,1,16,0,0,76,10,21,6,1
wazuh-1788731852.2975486,2026-09-06T21:57:32.582000Z,lab-sensor-01,5710,5,authentication_failed|invalid_login|sshd|syslog,sshd,T1021.004|T1110.001,journald,52826,0,1,0,0,0,1,0,0,0,1,0,34,10,7,1,17,0,0,77,10,21,6,1
wazuh-1788731869.2976035,2026-09-06T21:57:49.543000Z,target-kali-01,5501,3,authentication_success|pam|syslog,pam,T1078,journald,0,0,0,0,0,0,0,0,0,0,1,0,16,16,1,0,33,0,0,107,3,21,6,1
wazuh-1788731886.2976478,2026-09-06T21:58:06.099000Z,target-kali-01,5501,3,authentication_success|pam|syslog,pam,T1078,journald,0,0,0,0,0,0,0,0,0,0,1,0,15,15,1,0,34,0,0,107,3,21,6,1
wazuh-1788731886.2976921,2026-09-06T21:58:06.666000Z,lab-sensor-01,31104,6,accesslog|attack|web,web-accesslog,T1055|T1083|T1190,/var/log/apache2/access.log,0,0,1,0,0,0,1,0,0,0,0,0,33,4,7,1,15,0,0,77,10,21,6,1
wazuh-1788731890.2977380,2026-09-06T21:58:10.632000Z,lab-sensor-01,31106,6,accesslog|attack|web,web-accesslog,T1190,/var/log/apache2/access.log,0,0,1,0,0,0,1,0,0,0,0,0,33,4,7,1,15,0,0,78,10,21,6,1
wazuh-1788731904.2977865,2026-09-06T21:58:24.363000Z,target-kali-01,5501,3,authentication_success|pam|syslog,pam,T1078,journald,0,0,0,0,0,0,0,0,0,0,1,0,15,15,1,0,33,0,0,106,3,21,6,1
wazuh-1788731909.2978308,2026-09-06T21:58:29.358000Z,film-laptop,591,3,ossec,ossec,none,logcollector,0,0,0,0,0,0,0,0,0,0,0,0,0,0,1,0,0,0,0,0,3,21,6,1
wazuh-1788731920.2978681,2026-09-06T21:58:40.461000Z,target-kali-01,5501,3,authentication_success|pam|syslog,pam,T1078,journald,0,0,0,0,0,0,0,0,0,0,1,0,15,15,1,0,33,0,0,106,3,21,6,1
wazuh-1788731938.2979124,2026-09-06T21:58:58.554000Z,target-kali-01,5501,3,authentication_success|pam|syslog,pam,T1078,journald,0,0,0,0,0,0,0,0,0,0,1,0,15,15,1,0,33,0,0,106,3,21,6,1
wazuh-1788731957.2979567,2026-09-06T21:59:17.606000Z,target-kali-01,5501,3,authentication_success|pam|syslog,pam,T1078,journald,0,0,0,0,0,0,0,0,0,0,1,0,16,16,1,0,33,0,0,106,3,21,6,1
wazuh-1788731977.2980010,2026-09-06T21:59:37.695000Z,target-kali-01,5501,3,authentication_success|pam|syslog,pam,T1078,journald,0,0,0,0,0,0,0,0,0,0,1,0,16,16,1,0,33,0,0,106,3,21,6,1
wazuh-1788731993.2980453,2026-09-06T21:59:53.807000Z,target-kali-01,5501,3,authentication_success|pam|syslog,pam,T1078,journald,0,0,0,0,0,0,0,0,0,0,1,0,16,16,1,0,33,0,0,106,3,21,6,1
wazuh-1788731994.2980896,2026-09-06T21:59:54.856000Z,lab-sensor-01,5710,5,authentication_failed|invalid_login|sshd|syslog,sshd,T1021.004|T1110.001,journald,35064,0,1,0,0,0,1,0,0,0,1,0,26,3,7,1,15,0,0,78,10,21,6,1
wazuh-1788731996.2981445,2026-09-06T21:59:56.858000Z,lab-sensor-01,5710,5,authentication_failed|invalid_login|sshd|syslog,sshd,T1021.004|T1110.001,journald,35066,0,1,0,0,0,1,0,0,0,1,0,27,4,7,1,16,0,0,79,10,21,6,1
wazuh-1788732000.2981994,2026-09-06T22:00:00.864000Z,lab-sensor-01,5710,5,authentication_failed|invalid_login|sshd|syslog,sshd,T1021.004|T1110.001,journald,44926,0,1,0,0,0,1,0,0,0,1,0,27,5,7,1,17,0,0,80,10,22,6,1
wazuh-1788732013.2982543,2026-09-06T22:00:13.979000Z,target-kali-01,5501,3,authentication_success|pam|syslog,pam,T1078,journald,0,0,0,0,0,0,0,0,0,0,1,0,16,16,1,0,33,0,0,106,3,22,6,1
wazuh-1788732034.2982986,2026-09-06T22:00:34.066000Z,target-kali-01,5501,3,authentication_success|pam|syslog,pam,T1078,journald,0,0,0,0,0,0,0,0,0,0,1,0,16,16,1,0,32,0,0,106,3,22,6,1
wazuh-1788732050.2983429,2026-09-06T22:00:50.371000Z,target-kali-01,5501,3,authentication_success|pam|syslog,pam,T1078,journald,0,0,0,0,0,0,0,0,0,0,1,0,16,16,1,0,32,0,0,106,3,22,6,1
wazuh-1788732051.2983872,2026-09-06T22:00:51.023000Z,lab-sensor-01,31101,5,accesslog|attack|web,web-accesslog,none,/var/log/apache2/access.log,0,0,1,0,0,0,1,0,0,0,0,0,20,6,7,1,18,0,0,77,10,22,6,1
wazuh-1788732053.2984314,2026-09-06T22:00:53.024000Z,lab-sensor-01,31101,5,accesslog|attack|web,web-accesslog,none,/var/log/apache2/access.log,0,0,1,0,0,0,1,0,0,0,0,0,21,7,7,1,18,0,0,77,10,22,6,1
wazuh-1788732055.2984756,2026-09-06T22:00:55.035000Z,lab-sensor-01,31101,5,accesslog|attack|web,web-accesslog,none,/var/log/apache2/access.log,0,0,1,0,0,0,1,0,0,0,0,0,22,8,7,1,18,0,0,77,10,22,6,1
wazuh-1788732057.2985204,2026-09-06T22:00:57.049000Z,lab-sensor-01,30305,5,access_denied|apache|web,apache-errorlog,none,/var/log/apache2/error.log,57226,0,1,0,0,0,1,0,0,0,0,0,23,2,7,1,18,0,0,77,10,22,6,1
wazuh-1788732057.2985804,2026-09-06T22:00:57.049000Z,lab-sensor-01,31516,6,appsec|attack|web,web-accesslog,T1055,/var/log/apache2/access.log,0,0,1,0,0,0,1,0,0,0,0,0,24,2,7,1,18,0,0,77,10,22,6,1
wazuh-1788732070.2986247,2026-09-06T22:01:10.449000Z,target-kali-01,5501,3,authentication_success|pam|syslog,pam,T1078,journald,0,0,0,0,0,0,0,0,0,0,1,0,16,16,1,0,32,0,0,106,3,22,6,1
wazuh-1788732086.2986690,2026-09-06T22:01:26.494000Z,target-kali-01,5501,3,authentication_success|pam|syslog,pam,T1078,journald,0,0,0,0,0,0,0,0,0,0,1,0,16,16,1,0,32,0,0,106,3,22,6,1
wazuh-1788732100.2987133,2026-09-06T22:01:40.556000Z,target-kali-01,5501,3,authentication_success|pam|syslog,pam,T1078,journald,0,0,0,0,0,0,0,0,0,0,1,0,16,16,1,0,32,0,0,106,3,22,6,1
wazuh-1788732101.2987576,2026-09-06T22:01:41.065000Z,lab-sensor-01,5710,5,authentication_failed|invalid_login|sshd|syslog,sshd,T1021.004|T1110.001,journald,35628,0,1,0,0,0,1,0,0,0,1,0,20,6,7,1,15,0,0,75,10,22,6,1
wazuh-1788732103.2988125,2026-09-06T22:01:43.062000Z,lab-sensor-01,5710,5,authentication_failed|invalid_login|sshd|syslog,sshd,T1021.004|T1110.001,journald,35636,0,1,0,0,0,1,0,0,0,1,0,20,7,7,1,16,0,0,75,10,22,6,1
wazuh-1788732107.2988674,2026-09-06T22:01:47.075000Z,lab-sensor-01,5710,5,authentication_failed|invalid_login|sshd|syslog,sshd,T1021.004|T1110.001,journald,35644,0,1,0,0,0,1,0,0,0,1,0,20,8,7,1,17,0,0,75,10,22,6,1
wazuh-1788732121.2989223,2026-09-06T22:02:01.222000Z,lab-sensor-01,31104,6,accesslog|attack|web,web-accesslog,T1055|T1083|T1190,/var/log/apache2/access.log,0,0,1,0,0,0,1,0,0,0,0,0,21,1,7,1,18,0,0,76,10,22,6,1
wazuh-1788732122.2989682,2026-09-06T22:02:02.649000Z,target-kali-01,5501,3,authentication_success|pam|syslog,pam,T1078,journald,0,0,0,0,0,0,0,0,0,0,1,0,15,15,1,0,32,0,0,106,3,22,6,1
wazuh-1788732125.2990125,2026-09-06T22:02:05.203000Z,lab-sensor-01,31106,6,accesslog|attack|web,web-accesslog,T1190,/var/log/apache2/access.log,0,0,1,0,0,0,1,0,0,0,0,0,21,1,7,1,18,0,0,77,10,22,6,1
wazuh-1788732133.2990610,2026-09-06T22:02:13.748000Z,film-laptop,80730,3,audit|audit_selinux,auditd,none,/var/log/audit/audit.log,0,0,0,0,0,0,0,1,1,0,0,0,1,0,1,0,0,0,0,0,3,22,6,1
wazuh-1788732140.2993427,2026-09-06T22:02:20.708000Z,target-kali-01,5501,3,authentication_success|pam|syslog,pam,T1078,journald,0,0,0,0,0,0,0,0,0,0,1,0,16,16,1,0,32,0,0,107,3,22,6,1
wazuh-1788732141.2993870,2026-09-06T22:02:21.153000Z,lab-sensor-01,5710,5,authentication_failed|invalid_login|sshd|syslog,sshd,T1021.004|T1110.001,journald,57698,0,1,0,0,0,1,0,0,0,1,0,18,9,7,1,18,0,0,78,10,22,6,1
wazuh-1788732143.2994419,2026-09-06T22:02:23.154000Z,lab-sensor-01,5710,5,authentication_failed|invalid_login|sshd|syslog,sshd,T1021.004|T1110.001,journald,57704,0,1,0,0,0,1,0,0,0,1,0,19,10,7,1,19,0,0,79,10,22,6,1
wazuh-1788732147.2994968,2026-09-06T22:02:27.161000Z,lab-sensor-01,5710,5,authentication_failed|invalid_login|sshd|syslog,sshd,T1021.004|T1110.001,journald,57718,0,1,0,0,0,1,0,0,0,1,0,19,10,7,1,20,0,0,80,10,22,6,1
wazuh-1788732163.2995517,2026-09-06T22:02:43.335000Z,target-kali-01,5501,3,authentication_success|pam|syslog,pam,T1078,journald,0,0,0,0,0,0,0,0,0,0,1,0,16,16,1,0,32,0,0,106,3,22,6,1
wazuh-1788732165.2995960,2026-09-06T22:02:45.125000Z,lab-sensor-01,31101,5,accesslog|attack|web,web-accesslog,none,/var/log/apache2/access.log,0,0,1,0,0,0,1,0,0,0,0,0,18,3,7,1,21,0,0,78,10,22,6,1
wazuh-1788732167.2996402,2026-09-06T22:02:47.127000Z,lab-sensor-01,31101,5,accesslog|attack|web,web-accesslog,none,/var/log/apache2/access.log,0,0,1,0,0,0,1,0,0,0,0,0,19,4,7,1,21,0,0,78,10,22,6,1
wazuh-1788732169.2996844,2026-09-06T22:02:49.129000Z,lab-sensor-01,31101,5,accesslog|attack|web,web-accesslog,none,/var/log/apache2/access.log,0,0,1,0,0,0,1,0,0,0,0,0,20,5,7,1,21,0,0,78,10,22,6,1
wazuh-1788732171.2997292,2026-09-06T22:02:51.135000Z,lab-sensor-01,30305,5,access_denied|apache|web,apache-errorlog,none,/var/log/apache2/error.log,50860,0,1,0,0,0,1,0,0,0,0,0,21,1,7,1,21,0,0,78,10,22,6,1
wazuh-1788732171.2997892,2026-09-06T22:02:51.177000Z,lab-sensor-01,31516,6,appsec|attack|web,web-accesslog,T1055,/var/log/apache2/access.log,0,0,1,0,0,0,1,0,0,0,0,0,22,1,7,1,21,0,0,78,10,22,6,1
wazuh-1788732171.2998335,2026-09-06T22:02:51.790000Z,film-laptop,80730,3,audit|audit_selinux,auditd,none,/var/log/audit/audit.log,0,0,0,0,0,0,0,1,1,0,0,0,2,1,2,0,0,0,0,0,3,22,6,1
wazuh-1788732185.3001262,2026-09-06T22:03:05.462000Z,target-kali-01,5501,3,authentication_success|pam|syslog,pam,T1078,journald,0,0,0,0,0,0,0,0,0,0,1,0,16,16,1,0,31,0,0,106,3,22,6,1
wazuh-1788732195.3001705,2026-09-06T22:03:15.479000Z,target-kali-01,5501,3,authentication_success|pam|syslog,pam,T1078,journald,0,0,0,0,0,0,0,0,0,0,1,0,16,16,1,0,32,0,0,106,3,22,6,1
wazuh-1788732210.3002148,2026-09-06T22:03:30.912000Z,target-kali-01,5501,3,authentication_success|pam|syslog,pam,T1078,journald,0,0,0,0,0,0,0,0,0,0,1,0,16,16,1,0,32,0,0,107,3,22,6,1
wazuh-1788732222.3002591,2026-09-06T22:03:42.933000Z,target-kali-01,5501,3,authentication_success|pam|syslog,pam,T1078,journald,0,0,0,0,0,0,0,0,0,0,1,0,16,16,1,0,32,0,0,107,3,22,6,1
wazuh-1788732223.3003034,2026-09-06T22:03:43.299000Z,lab-sensor-01,5710,5,authentication_failed|invalid_login|sshd|syslog,sshd,T1021.004|T1110.001,journald,43462,0,1,0,0,0,1,0,0,0,1,0,21,9,7,1,18,0,0,77,10,22,6,1
wazuh-1788732225.3003583,2026-09-06T22:03:45.304000Z,lab-sensor-01,5710,5,authentication_failed|invalid_login|sshd|syslog,sshd,T1021.004|T1110.001,journald,43470,0,1,0,0,0,1,0,0,0,1,0,22,10,7,1,19,0,0,78,10,22,6,1
wazuh-1788732229.3004132,2026-09-06T22:03:49.309000Z,lab-sensor-01,5710,5,authentication_failed|invalid_login|sshd|syslog,sshd,T1021.004|T1110.001,journald,43472,0,1,0,0,0,1,0,0,0,1,0,23,11,7,1,20,0,0,79,10,22,6,1
wazuh-1788732229.3004681,2026-09-06T22:03:49.392000Z,film-laptop,591,3,ossec,ossec,none,logcollector,0,0,0,0,0,0,0,0,0,0,0,0,2,0,2,0,0,0,0,0,3,22,6,1
wazuh-1788732240.3005054,2026-09-06T22:04:00.958000Z,target-kali-01,5501,3,authentication_success|pam|syslog,pam,T1078,journald,0,0,0,0,0,0,0,0,0,0,1,0,16,16,1,0,32,0,0,107,3,22,6,1
wazuh-1788732257.3005497,2026-09-06T22:04:17.067000Z,target-kali-01,5501,3,authentication_success|pam|syslog,pam,T1078,journald,0,0,0,0,0,0,0,0,0,0,1,0,17,17,1,0,33,0,0,107,3,22,6,1
wazuh-1788732267.3005940,2026-09-06T22:04:27.082000Z,target-kali-01,5501,3,authentication_success|pam|syslog,pam,T1078,journald,0,0,0,0,0,0,0,0,0,0,1,0,17,17,1,0,33,0,0,108,3,22,6,1
wazuh-1788732269.3006383,2026-09-06T22:04:29.306000Z,lab-sensor-01,31101,5,accesslog|attack|web,web-accesslog,none,/var/log/apache2/access.log,0,0,1,0,0,0,1,0,0,0,0,0,24,6,6,0,15,0,0,79,6,22,6,1
wazuh-1788732271.3006825,2026-09-06T22:04:31.315000Z,lab-sensor-01,31101,5,accesslog|attack|web,web-accesslog,none,/var/log/apache2/access.log,0,0,1,0,0,0,1,0,0,0,0,0,25,7,6,0,15,0,0,79,6,22,6,1
wazuh-1788732273.3007267,2026-09-06T22:04:33.338000Z,lab-sensor-01,31101,5,accesslog|attack|web,web-accesslog,none,/var/log/apache2/access.log,0,0,1,0,0,0,1,0,0,0,0,0,26,8,6,0,15,0,0,79,6,22,6,1
wazuh-1788732275.3007715,2026-09-06T22:04:35.340000Z,lab-sensor-01,30305,5,access_denied|apache|web,apache-errorlog,none,/var/log/apache2/error.log,47402,0,1,0,0,0,1,0,0,0,0,0,27,2,6,0,15,0,0,79,6,22,6,1
wazuh-1788732275.3008315,2026-09-06T22:04:35.340000Z,lab-sensor-01,31516,6,appsec|attack|web,web-accesslog,T1055,/var/log/apache2/access.log,0,0,1,0,0,0,1,0,0,0,0,0,28,2,6,0,15,0,0,79,6,22,6,1
wazuh-1788732291.3008758,2026-09-06T22:04:51.207000Z,target-kali-01,5501,3,authentication_success|pam|syslog,pam,T1078,journald,0,0,0,0,0,0,0,0,0,0,1,0,17,17,1,0,33,0,0,107,3,22,6,1
wazuh-1788732305.3009201,2026-09-06T22:05:05.233000Z,target-kali-01,5501,3,authentication_success|pam|syslog,pam,T1078,journald,0,0,0,0,0,0,0,0,0,0,1,0,17,17,1,0,33,0,0,107,3,22,6,1
wazuh-1788732305.3009644,2026-09-06T22:05:05.389000Z,lab-sensor-01,31104,6,accesslog|attack|web,web-accesslog,T1055|T1083|T1190,/var/log/apache2/access.log,0,0,1,0,0,0,1,0,0,0,0,0,26,1,6,0,15,0,0,80,6,22,6,1
wazuh-1788732309.3010103,2026-09-06T22:05:09.404000Z,lab-sensor-01,31106,6,accesslog|attack|web,web-accesslog,T1190,/var/log/apache2/access.log,0,0,1,0,0,0,1,0,0,0,0,0,27,1,6,0,15,0,0,81,6,22,6,1
wazuh-1788732327.3010588,2026-09-06T22:05:27.705000Z,target-kali-01,5501,3,authentication_success|pam|syslog,pam,T1078,journald,0,0,0,0,0,0,0,0,0,0,1,0,17,17,1,0,33,0,0,107,3,22,6,1
wazuh-1788732337.3011031,2026-09-06T22:05:37.738000Z,target-kali-01,5501,3,authentication_success|pam|syslog,pam,T1078,journald,0,0,0,0,0,0,0,0,0,0,1,0,17,17,1,0,34,0,0,107,3,22,6,1
wazuh-1788732349.3011474,2026-09-06T22:05:49.775000Z,target-kali-01,5501,3,authentication_success|pam|syslog,pam,T1078,journald,0,0,0,0,0,0,0,0,0,0,1,0,18,18,1,0,34,0,0,107,3,22,6,1
wazuh-1788732363.3011917,2026-09-06T22:06:03.552000Z,lab-sensor-01,31104,6,accesslog|attack|web,web-accesslog,T1055|T1083|T1190,/var/log/apache2/access.log,0,0,1,0,0,0,1,0,0,0,0,0,23,2,6,0,15,0,0,79,6,22,6,1
wazuh-1788732363.3012376,2026-09-06T22:06:03.832000Z,target-kali-01,5501,3,authentication_success|pam|syslog,pam,T1078,journald,0,0,0,0,0,0,0,0,0,0,1,0,18,18,1,0,34,0,0,107,3,22,6,1
wazuh-1788732367.3012819,2026-09-06T22:06:07.507000Z,lab-sensor-01,31106,6,accesslog|attack|web,web-accesslog,T1190,/var/log/apache2/access.log,0,0,1,0,0,0,1,0,0,0,0,0,24,2,6,0,15,0,0,80,6,22,6,1
wazuh-1788732381.3013304,2026-09-06T22:06:21.141000Z,target-kali-01,5501,3,authentication_success|pam|syslog,pam,T1078,journald,0,0,0,0,0,0,0,0,0,0,1,0,18,18,1,0,34,0,0,107,3,22,6,1
wazuh-1788732391.3013747,2026-09-06T22:06:31.176000Z,target-kali-01,5501,3,authentication_success|pam|syslog,pam,T1078,journald,0,0,0,0,0,0,0,0,0,0,1,0,18,18,1,0,35,0,0,107,3,22,6,1
wazuh-1788732406.3014190,2026-09-06T22:06:46.132000Z,target-kali-01,5501,3,authentication_success|pam|syslog,pam,T1078,journald,0,0,0,0,0,0,0,0,0,0,1,0,18,18,1,0,34,0,0,108,3,22,6,1
wazuh-1788732407.3014633,2026-09-06T22:06:47.606000Z,lab-sensor-01,31104,6,accesslog|attack|web,web-accesslog,T1055|T1083|T1190,/var/log/apache2/access.log,0,0,1,0,0,0,1,0,0,0,0,0,22,3,6,0,15,0,0,81,6,22,6,1
wazuh-1788732411.3015092,2026-09-06T22:06:51.571000Z,lab-sensor-01,31106,6,accesslog|attack|web,web-accesslog,T1190,/var/log/apache2/access.log,0,0,1,0,0,0,1,0,0,0,0,0,23,3,6,0,15,0,0,81,6,22,6,1
wazuh-1788732428.3015577,2026-09-06T22:07:08.662000Z,target-kali-01,5501,3,authentication_success|pam|syslog,pam,T1078,journald,0,0,0,0,0,0,0,0,0,0,1,0,18,18,1,0,34,0,0,108,3,22,6,1
wazuh-1788732441.3016020,2026-09-06T22:07:21.649000Z,lab-sensor-01,31104,6,accesslog|attack|web,web-accesslog,T1055|T1083|T1190,/var/log/apache2/access.log,0,0,1,0,0,0,1,0,0,0,0,0,21,3,6,0,15,0,0,81,6,22,6,1
wazuh-1788732442.3016479,2026-09-06T22:07:22.731000Z,target-kali-01,5501,3,authentication_success|pam|syslog,pam,T1078,journald,0,0,0,0,0,0,0,0,0,0,1,0,18,18,1,0,35,0,0,108,3,22,6,1
wazuh-1788732445.3016922,2026-09-06T22:07:25.653000Z,lab-sensor-01,31106,6,accesslog|attack|web,web-accesslog,T1190,/var/log/apache2/access.log,0,0,1,0,0,0,1,0,0,0,0,0,21,3,6,0,15,0,0,82,6,22,6,1
wazuh-1788732462.3017407,2026-09-06T22:07:42.883000Z,target-kali-01,5501,3,authentication_success|pam|syslog,pam,T1078,journald,0,0,0,0,0,0,0,0,0,0,1,0,19,19,1,0,35,0,0,107,3,22,6,1
wazuh-1788732472.3017850,2026-09-06T22:07:52.881000Z,target-kali-01,5501,3,authentication_success|pam|syslog,pam,T1078,journald,0,0,0,0,0,0,0,0,0,0,1,0,19,19,1,0,35,0,0,107,3,22,6,1
wazuh-1788732473.3018293,2026-09-06T22:07:53.782000Z,lab-sensor-01,31104,6,accesslog|attack|web,web-accesslog,T1055|T1083|T1190,/var/log/apache2/access.log,0,0,1,0,0,0,1,0,0,0,0,0,16,4,6,0,12,0,0,83,6,22,6,1
wazuh-1788732477.3018752,2026-09-06T22:07:57.783000Z,lab-sensor-01,31106,6,accesslog|attack|web,web-accesslog,T1190,/var/log/apache2/access.log,0,0,1,0,0,0,1,0,0,0,0,0,17,4,6,0,12,0,0,84,6,22,6,1
wazuh-1788732493.3019237,2026-09-06T22:08:13.205000Z,target-kali-01,5501,3,authentication_success|pam|syslog,pam,T1078,journald,0,0,0,0,0,0,0,0,0,0,1,0,19,19,1,0,35,0,0,107,3,22,6,1
wazuh-1788732503.3019680,2026-09-06T22:08:23.698000Z,target-kali-01,5501,3,authentication_success|pam|syslog,pam,T1078,journald,0,0,0,0,0,0,0,0,0,0,1,0,19,19,1,0,36,0,0,108,3,22,6,1
wazuh-1788732523.3020123,2026-09-06T22:08:43.764000Z,target-kali-01,5501,3,authentication_success|pam|syslog,pam,T1078,journald,0,0,0,0,0,0,0,0,0,0,1,0,18,18,1,0,35,0,0,107,3,22,6,1
wazuh-1788732533.3020566,2026-09-06T22:08:53.798000Z,target-kali-01,5501,3,authentication_success|pam|syslog,pam,T1078,journald,0,0,0,0,0,0,0,0,0,0,1,0,19,19,1,0,36,0,0,108,3,22,6,1
wazuh-1788732547.3021009,2026-09-06T22:09:07.877000Z,target-kali-01,5501,3,authentication_success|pam|syslog,pam,T1078,journald,0,0,0,0,0,0,0,0,0,0,1,0,19,19,1,0,36,0,0,108,3,22,6,1
wazuh-1788732564.3021452,2026-09-06T22:09:24.459000Z,target-kali-01,5501,3,authentication_success|pam|syslog,pam,T1078,journald,0,0,0,0,0,0,0,0,0,0,1,0,19,19,1,0,36,0,0,107,3,22,6,1
wazuh-1788732579.3021895,2026-09-06T22:09:39.048000Z,target-kali-01,5501,3,authentication_success|pam|syslog,pam,T1078,journald,0,0,0,0,0,0,0,0,0,0,1,0,19,19,1,0,36,0,0,108,3,22,6,1
wazuh-1788732589.3022338,2026-09-06T22:09:49.469000Z,target-kali-01,5501,3,authentication_success|pam|syslog,pam,T1078,journald,0,0,0,0,0,0,0,0,0,0,1,0,20,20,1,0,37,0,0,108,3,22,6,1
wazuh-1788732605.3022781,2026-09-06T22:10:05.516000Z,target-kali-01,5501,3,authentication_success|pam|syslog,pam,T1078,journald,0,0,0,0,0,0,0,0,0,0,1,0,19,19,1,0,37,0,0,108,3,22,6,1
wazuh-1788732606.3023224,2026-09-06T22:10:06.111000Z,lab-sensor-01,31101,5,accesslog|attack|web,web-accesslog,none,/var/log/apache2/access.log,0,0,1,0,0,0,1,0,0,0,0,0,9,0,6,0,9,0,0,82,6,22,6,1
wazuh-1788732608.3023666,2026-09-06T22:10:08.121000Z,lab-sensor-01,31101,5,accesslog|attack|web,web-accesslog,none,/var/log/apache2/access.log,0,0,1,0,0,0,1,0,0,0,0,0,10,1,6,0,9,0,0,82,6,22,6,1
wazuh-1788732610.3024108,2026-09-06T22:10:10.123000Z,lab-sensor-01,31101,5,accesslog|attack|web,web-accesslog,none,/var/log/apache2/access.log,0,0,1,0,0,0,1,0,0,0,0,0,10,2,6,0,9,0,0,82,6,22,6,1
wazuh-1788732612.3024556,2026-09-06T22:10:12.128000Z,lab-sensor-01,30305,5,access_denied|apache|web,apache-errorlog,none,/var/log/apache2/error.log,36660,0,1,0,0,0,1,0,0,0,0,0,11,0,6,0,9,0,0,82,6,22,6,1
wazuh-1788732612.3025156,2026-09-06T22:10:12.169000Z,lab-sensor-01,31516,6,appsec|attack|web,web-accesslog,T1055,/var/log/apache2/access.log,0,0,1,0,0,0,1,0,0,0,0,0,12,0,6,0,9,0,0,82,6,22,6,1
wazuh-1788732613.3025599,2026-09-06T22:10:13.431000Z,film-laptop,591,3,ossec,ossec,none,logcollector,0,0,0,0,0,0,0,0,0,0,0,0,0,0,2,0,0,0,0,0,3,22,6,1
wazuh-1788732624.3025972,2026-09-06T22:10:24.720000Z,target-kali-01,5501,3,authentication_success|pam|syslog,pam,T1078,journald,0,0,0,0,0,0,0,0,0,0,1,0,20,20,1,0,37,0,0,108,3,22,6,1
wazuh-1788732637.3026415,2026-09-06T22:10:37.208000Z,target-kali-01,5501,3,authentication_success|pam|syslog,pam,T1078,journald,0,0,0,0,0,0,0,0,0,0,1,0,20,20,1,0,37,0,0,109,3,22,6,1
wazuh-1788732638.3026858,2026-09-06T22:10:38.229000Z,lab-sensor-01,5710,5,authentication_failed|invalid_login|sshd|syslog,sshd,T1021.004|T1110.001,journald,33898,0,1,0,0,0,1,0,0,0,1,0,13,0,6,0,9,0,0,82,6,22,6,1
wazuh-1788732640.3027407,2026-09-06T22:10:40.231000Z,lab-sensor-01,5710,5,authentication_failed|invalid_login|sshd|syslog,sshd,T1021.004|T1110.001,journald,49968,0,1,0,0,0,1,0,0,0,1,0,14,1,6,0,10,0,0,83,6,22,6,1
wazuh-1788732644.3027956,2026-09-06T22:10:44.208000Z,lab-sensor-01,5710,5,authentication_failed|invalid_login|sshd|syslog,sshd,T1021.004|T1110.001,journald,49974,0,1,0,0,0,1,0,0,0,1,0,15,2,6,0,11,0,0,84,6,22,6,1
wazuh-1788732659.3028505,2026-09-06T22:10:59.323000Z,target-kali-01,5501,3,authentication_success|pam|syslog,pam,T1078,journald,0,0,0,0,0,0,0,0,0,0,1,0,19,19,1,0,37,0,0,108,3,22,6,1
wazuh-1788732673.3028948,2026-09-06T22:11:13.476000Z,target-kali-01,5501,3,authentication_success|pam|syslog,pam,T1078,journald,0,0,0,0,0,0,0,0,0,0,1,0,19,19,1,0,37,0,0,109,3,22,6,1
wazuh-1788732693.3029391,2026-09-06T22:11:33.590000Z,target-kali-01,5501,3,authentication_success|pam|syslog,pam,T1078,journald,0,0,0,0,0,0,0,0,0,0,1,0,18,18,1,0,37,0,0,108,3,22,6,1
wazuh-1788732702.3029834,2026-09-06T22:11:42.762000Z,film-laptop,86601,3,ids|suricata,json,none,/var/log/suricata/eve.json,35162,80,1,0,0,0,1,0,0,0,0,0,1,0,2,0,0,0,0,0,3,22,6,1
wazuh-1788732702.3032385,2026-09-06T22:11:42.775000Z,film-laptop,86601,3,ids|suricata,json,none,/var/log/suricata/eve.json,59666,80,1,0,0,0,1,0,0,0,0,0,2,1,3,0,0,0,0,0,3,22,6,1
wazuh-1788732702.3034962,2026-09-06T22:11:42.781000Z,film-laptop,86601,3,ids|suricata,json,none,/var/log/suricata/eve.json,43030,80,1,0,0,0,1,0,0,0,0,0,3,2,3,0,0,0,0,0,3,22,6,1
wazuh-1788732702.3037477,2026-09-06T22:11:42.785000Z,film-laptop,86601,3,ids|suricata,json,none,/var/log/suricata/eve.json,43030,80,1,0,0,0,1,0,0,0,0,0,4,3,3,0,0,0,0,0,3,22,6,1
wazuh-1788732702.3040016,2026-09-06T22:11:42.791000Z,film-laptop,86601,3,ids|suricata,json,none,/var/log/suricata/eve.json,59666,80,1,0,0,0,1,0,0,0,0,0,5,4,3,0,0,0,0,0,3,22,6,1
wazuh-1788732702.3042615,2026-09-06T22:11:42.799000Z,film-laptop,5402,3,sudo|syslog,sudo,T1548.003,journald,0,0,0,0,0,0,0,0,0,0,0,1,6,0,3,0,0,0,0,0,3,22,6,1
wazuh-1788732702.3043158,2026-09-06T22:11:42.801000Z,film-laptop,5501,3,authentication_success|pam|syslog,pam,T1078,journald,0,0,0,0,0,0,0,0,0,0,1,0,7,0,4,0,0,0,1,1,3,22,6,1
wazuh-1788732704.3043631,2026-09-06T22:11:44.392000Z,film-laptop,86601,3,ids|suricata,json,none,/var/log/suricata/eve.json,35162,80,1,0,0,0,1,0,0,0,0,0,8,5,5,0,1,0,1,2,3,22,6,1
wazuh-1788732704.3046354,2026-09-06T22:11:44.404000Z,film-laptop,86601,3,ids|suricata,json,none,/var/log/suricata/eve.json,35162,80,1,0,0,0,1,0,0,0,0,0,9,6,5,0,1,0,1,2,3,22,6,1
wazuh-1788732704.3049089,2026-09-06T22:11:44.408000Z,film-laptop,86601,3,ids|suricata,json,none,/var/log/suricata/eve.json,43030,80,1,0,0,0,1,0,0,0,0,0,10,7,5,0,1,0,1,2,3,22,6,1
wazuh-1788732704.3051642,2026-09-06T22:11:44.418000Z,film-laptop,86601,3,ids|suricata,json,none,/var/log/suricata/eve.json,43030,80,1,0,0,0,1,0,0,0,0,0,11,8,5,0,1,0,1,2,3,22,6,1
wazuh-1788732704.3054331,2026-09-06T22:11:44.420000Z,film-laptop,86601,3,ids|suricata,json,none,/var/log/suricata/eve.json,43030,80,1,0,0,0,1,0,0,0,0,0,12,9,5,0,1,0,1,2,3,22,6,1
wazuh-1788732704.3057016,2026-09-06T22:11:44.461000Z,film-laptop,86601,3,ids|suricata,json,none,/var/log/suricata/eve.json,43030,80,1,0,0,0,1,0,0,0,0,0,13,10,5,0,1,0,1,2,3,22,6,1
wazuh-1788732704.3059729,2026-09-06T22:11:44.461000Z,film-laptop,86601,3,ids|suricata,json,none,/var/log/suricata/eve.json,43030,80,1,0,0,0,1,0,0,0,0,0,14,11,5,0,1,0,1,2,3,22,6,1
wazuh-1788732704.3062422,2026-09-06T22:11:44.461000Z,film-laptop,86601,3,ids|suricata,json,none,/var/log/suricata/eve.json,43030,80,1,0,0,0,1,0,0,0,0,0,15,12,5,0,1,0,1,2,3,22,6,1
wazuh-1788732706.3065107,2026-09-06T22:11:46.565000Z,film-laptop,5502,3,pam|syslog,pam,none,journald,0,0,0,0,0,0,0,0,0,0,1,0,16,0,5,0,1,0,1,2,3,22,6,1
wazuh-1788732711.3065519,2026-09-06T22:11:51.652000Z,target-kali-01,5501,3,authentication_success|pam|syslog,pam,T1078,journald,0,0,0,0,0,0,0,0,0,0,1,0,18,18,1,0,37,0,0,108,3,22,6,1
wazuh-1788732727.3065962,2026-09-06T22:12:07.717000Z,target-kali-01,5501,3,authentication_success|pam|syslog,pam,T1078,journald,0,0,0,0,0,0,0,0,0,0,1,0,19,19,1,0,37,0,0,108,3,22,6,1
wazuh-1788732728.3066405,2026-09-06T22:12:08.389000Z,lab-sensor-01,31104,6,accesslog|attack|web,web-accesslog,T1055|T1083|T1190,/var/log/apache2/access.log,0,0,1,0,0,0,1,0,0,0,0,0,12,2,6,0,9,0,0,84,6,22,6,1
wazuh-1788732732.3066864,2026-09-06T22:12:12.392000Z,lab-sensor-01,31106,6,accesslog|attack|web,web-accesslog,T1190,/var/log/apache2/access.log,0,0,1,0,0,0,1,0,0,0,0,0,13,2,6,0,9,0,0,85,6,22,6,1
wazuh-1788732750.3067349,2026-09-06T22:12:30.417000Z,lab-sensor-01,31104,6,accesslog|attack|web,web-accesslog,T1055|T1083|T1190,/var/log/apache2/access.log,0,0,1,0,0,0,1,0,0,0,0,0,12,2,6,0,6,0,0,85,6,22,6,1
wazuh-1788732751.3067808,2026-09-06T22:12:31.280000Z,target-kali-01,5501,3,authentication_success|pam|syslog,pam,T1078,journald,0,0,0,0,0,0,0,0,0,0,1,0,18,18,1,0,37,0,0,108,3,22,6,1
wazuh-1788732754.3068251,2026-09-06T22:12:34.422000Z,lab-sensor-01,31106,6,accesslog|attack|web,web-accesslog,T1190,/var/log/apache2/access.log,0,0,1,0,0,0,1,0,0,0,0,0,13,2,6,0,6,0,0,86,6,22,6,1
wazuh-1788732762.3068736,2026-09-06T22:12:42.788000Z,film-laptop,5501,3,authentication_success|pam|syslog,pam,T1078,journald,0,0,0,0,0,0,0,0,0,0,1,0,17,1,6,0,2,0,1,2,3,22,6,1
wazuh-1788732762.3069209,2026-09-06T22:12:42.788000Z,film-laptop,5402,3,sudo|syslog,sudo,T1548.003,journald,0,0,0,0,0,0,0,0,0,0,0,1,18,1,6,0,3,0,1,3,3,22,6,1
wazuh-1788732764.3069752,2026-09-06T22:12:44.471000Z,film-laptop,86601,3,ids|suricata,json,none,/var/log/suricata/eve.json,40838,80,1,0,0,0,1,0,0,0,0,0,19,13,6,0,3,0,2,4,3,22,6,1
wazuh-1788732764.3072327,2026-09-06T22:12:44.473000Z,film-laptop,86601,3,ids|suricata,json,none,/var/log/suricata/eve.json,45858,80,1,0,0,0,1,0,0,0,0,0,20,14,6,0,3,0,2,4,3,22,6,1
wazuh-1788732764.3074848,2026-09-06T22:12:44.480000Z,film-laptop,86601,3,ids|suricata,json,none,/var/log/suricata/eve.json,53488,80,1,0,0,0,1,0,0,0,0,0,21,15,6,0,3,0,2,4,3,22,6,1
wazuh-1788732764.3077381,2026-09-06T22:12:44.488000Z,film-laptop,86601,3,ids|suricata,json,none,/var/log/suricata/eve.json,45858,80,1,0,0,0,1,0,0,0,0,0,22,16,6,0,3,0,2,4,3,22,6,1
wazuh-1788732764.3079920,2026-09-06T22:12:44.496000Z,film-laptop,86601,3,ids|suricata,json,none,/var/log/suricata/eve.json,40838,80,1,0,0,0,1,0,0,0,0,0,23,17,6,0,3,0,2,4,3,22,6,1
wazuh-1788732764.3082517,2026-09-06T22:12:44.504000Z,film-laptop,86601,3,ids|suricata,json,none,/var/log/suricata/eve.json,45858,80,1,0,0,0,1,0,0,0,0,0,24,18,6,0,3,0,2,4,3,22,6,1
wazuh-1788732764.3085062,2026-09-06T22:12:44.524000Z,film-laptop,5502,3,pam|syslog,pam,none,journald,0,0,0,0,0,0,0,0,0,0,1,0,25,1,6,0,3,0,2,4,3,22,6,1
wazuh-1788732769.3085474,2026-09-06T22:12:49.346000Z,target-kali-01,5501,3,authentication_success|pam|syslog,pam,T1078,journald,0,0,0,0,0,0,0,0,0,0,1,0,18,18,1,0,37,0,0,107,3,22,6,1
wazuh-1788732783.3085917,2026-09-06T22:13:03.391000Z,target-kali-01,5501,3,authentication_success|pam|syslog,pam,T1078,journald,0,0,0,0,0,0,0,0,0,0,1,0,18,18,1,0,38,0,0,107,3,22,6,1
wazuh-1788732803.3086360,2026-09-06T22:13:23.655000Z,target-kali-01,5501,3,authentication_success|pam|syslog,pam,T1078,journald,0,0,0,0,0,0,0,0,0,0,1,0,18,18,1,0,37,0,0,107,3,22,6,1
wazuh-1788732804.3086803,2026-09-06T22:13:24.494000Z,lab-sensor-01,31104,6,accesslog|attack|web,web-accesslog,T1055|T1083|T1190,/var/log/apache2/access.log,0,0,1,0,0,0,1,0,0,0,0,0,12,2,6,0,6,0,0,84,6,22,6,1
wazuh-1788732808.3087262,2026-09-06T22:13:28.501000Z,lab-sensor-01,31106,6,accesslog|attack|web,web-accesslog,T1190,/var/log/apache2/access.log,0,0,1,0,0,0,1,0,0,0,0,0,13,2,6,0,6,0,0,85,6,22,6,1
wazuh-1788732821.3087747,2026-09-06T22:13:41.836000Z,target-kali-01,5501,3,authentication_success|pam|syslog,pam,T1078,journald,0,0,0,0,0,0,0,0,0,0,1,0,18,18,1,0,37,0,0,106,3,22,6,1
wazuh-1788732839.3088190,2026-09-06T22:13:59.913000Z,target-kali-01,5501,3,authentication_success|pam|syslog,pam,T1078,journald,0,0,0,0,0,0,0,0,0,0,1,0,17,17,1,0,37,0,0,106,3,22,6,1
