event_id,timestamp,agent_name,rule_id,rule_level,rule_groups,decoder_name,mitre_id,location,source_port,destination_port,source_is_private,destination_is_private,network_bytes,network_packets,has_network_evidence,has_audit_evidence,has_process_evidence,has_file_evidence,has_auth_evidence,has_privilege_evidence,host_events_previous_5m,same_rule_previous_5m,unique_rules_previous_10m,high_level_events_previous_10m,auth_events_previous_10m,file_events_previous_10m,privilege_events_previous_30m,mitre_events_previous_30m,rule_level_max_previous_10m,hour,day_of_week,is_after_hours,rule_count,rule_decision,rule_reason
wazuh-1788711336.962158,2026-09-06T16:15:36.751000Z,target-kali-01,5501,3,authentication_success|pam|syslog,pam,T1078,journald,0,0,0,0,0,0,0,0,0,0,1,0,9,9,1,0,9,0,0,9,3,16,6,0,10,aggregate,same rule repeated >= 10 times in 5 minutes
wazuh-1788711346.962600,2026-09-06T16:15:46.828000Z,target-kali-01,5501,3,authentication_success|pam|syslog,pam,T1078,journald,0,0,0,0,0,0,0,0,0,0,1,0,10,10,1,0,10,0,0,10,3,16,6,0,11,aggregate,same rule repeated >= 10 times in 5 minutes
wazuh-1788711358.963590,2026-09-06T16:15:58.929000Z,target-kali-01,5501,3,authentication_success|pam|syslog,pam,T1078,journald,0,0,0,0,0,0,0,0,0,0,1,0,11,11,1,0,11,0,0,11,3,16,6,0,12,aggregate,same rule repeated >= 10 times in 5 minutes
wazuh-1788711379.965128,2026-09-06T16:16:19.959000Z,target-kali-01,5501,3,authentication_success|pam|syslog,pam,T1078,journald,0,0,0,0,0,0,0,0,0,0,1,0,12,12,1,0,12,0,0,12,3,16,6,0,13,aggregate,same rule repeated >= 10 times in 5 minutes
wazuh-1788711394.965570,2026-09-06T16:16:34.014000Z,target-kali-01,5501,3,authentication_success|pam|syslog,pam,T1078,journald,0,0,0,0,0,0,0,0,0,0,1,0,13,13,1,0,13,0,0,13,3,16,6,0,14,aggregate,same rule repeated >= 10 times in 5 minutes
wazuh-1788711404.966012,2026-09-06T16:16:44.114000Z,target-kali-01,5501,3,authentication_success|pam|syslog,pam,T1078,journald,0,0,0,0,0,0,0,0,0,0,1,0,14,14,1,0,14,0,0,14,3,16,6,0,15,aggregate,same rule repeated >= 10 times in 5 minutes
wazuh-1788711424.966454,2026-09-06T16:17:04.150000Z,target-kali-01,5501,3,authentication_success|pam|syslog,pam,T1078,journald,0,0,0,0,0,0,0,0,0,0,1,0,15,15,1,0,15,0,0,15,3,16,6,0,16,aggregate,same rule repeated >= 10 times in 5 minutes
wazuh-1788711436.967816,2026-09-06T16:17:16.172000Z,target-kali-01,5501,3,authentication_success|pam|syslog,pam,T1078,journald,0,0,0,0,0,0,0,0,0,0,1,0,16,16,1,0,16,0,0,16,3,16,6,0,17,aggregate,same rule repeated >= 10 times in 5 minutes
wazuh-1788711456.969354,2026-09-06T16:17:36.252000Z,target-kali-01,5501,3,authentication_success|pam|syslog,pam,T1078,journald,0,0,0,0,0,0,0,0,0,0,1,0,17,17,1,0,17,0,0,17,3,16,6,0,18,aggregate,same rule repeated >= 10 times in 5 minutes
wazuh-1788711466.969796,2026-09-06T16:17:46.272000Z,target-kali-01,5501,3,authentication_success|pam|syslog,pam,T1078,journald,0,0,0,0,0,0,0,0,0,0,1,0,18,18,1,0,18,0,0,18,3,16,6,0,19,aggregate,same rule repeated >= 10 times in 5 minutes
wazuh-1788711486.973066,2026-09-06T16:18:06.350000Z,target-kali-01,5501,3,authentication_success|pam|syslog,pam,T1078,journald,0,0,0,0,0,0,0,0,0,0,1,0,19,19,1,0,19,0,0,19,3,16,6,0,20,aggregate,same rule repeated >= 10 times in 5 minutes
wazuh-1788711508.976915,2026-09-06T16:18:28.412000Z,target-kali-01,5501,3,authentication_success|pam|syslog,pam,T1078,journald,0,0,0,0,0,0,0,0,0,0,1,0,20,20,1,0,20,0,0,20,3,16,6,0,21,aggregate,same rule repeated >= 10 times in 5 minutes
wazuh-1788711527.977357,2026-09-06T16:18:47.391000Z,target-kali-01,5501,3,authentication_success|pam|syslog,pam,T1078,journald,0,0,0,0,0,0,0,0,0,0,1,0,21,21,1,0,21,0,0,21,3,16,6,0,22,aggregate,same rule repeated >= 10 times in 5 minutes
wazuh-1788711549.980169,2026-09-06T16:19:09.813000Z,lab-sensor-01,5710,5,authentication_failed|invalid_login|sshd|syslog,sshd,T1021.004|T1110.001,journald,34384,0,1,0,0,0,1,0,0,0,1,0,27,9,8,0,9,0,0,14,6,16,6,0,10,aggregate,same rule repeated >= 10 times in 5 minutes
wazuh-1788711551.980717,2026-09-06T16:19:11.556000Z,target-kali-01,5501,3,authentication_success|pam|syslog,pam,T1078,journald,0,0,0,0,0,0,0,0,0,0,1,0,22,22,1,0,22,0,0,22,3,16,6,0,23,aggregate,same rule repeated >= 10 times in 5 minutes
wazuh-1788711553.981159,2026-09-06T16:19:13.822000Z,lab-sensor-01,5710,5,authentication_failed|invalid_login|sshd|syslog,sshd,T1021.004|T1110.001,journald,35490,0,1,0,0,0,1,0,0,0,1,0,28,10,8,0,10,0,0,15,6,16,6,0,11,aggregate,same rule repeated >= 10 times in 5 minutes
wazuh-1788711557.981707,2026-09-06T16:19:17.828000Z,lab-sensor-01,5710,5,authentication_failed|invalid_login|sshd|syslog,sshd,T1021.004|T1110.001,journald,35504,0,1,0,0,0,1,0,0,0,1,0,29,11,8,0,11,0,0,16,6,16,6,0,12,aggregate,same rule repeated >= 10 times in 5 minutes
wazuh-1788711573.982713,2026-09-06T16:19:33.583000Z,target-kali-01,5501,3,authentication_success|pam|syslog,pam,T1078,journald,0,0,0,0,0,0,0,0,0,0,1,0,17,17,1,0,23,0,0,23,3,16,6,0,18,aggregate,same rule repeated >= 10 times in 5 minutes
wazuh-1788711593.983639,2026-09-06T16:19:53.613000Z,target-kali-01,5501,3,authentication_success|pam|syslog,pam,T1078,journald,0,0,0,0,0,0,0,0,0,0,1,0,17,17,1,0,24,0,0,24,3,16,6,0,18,aggregate,same rule repeated >= 10 times in 5 minutes
wazuh-1788711611.984081,2026-09-06T16:20:11.762000Z,target-kali-01,5501,3,authentication_success|pam|syslog,pam,T1078,journald,0,0,0,0,0,0,0,0,0,0,1,0,17,17,1,0,25,0,0,25,3,16,6,0,18,aggregate,same rule repeated >= 10 times in 5 minutes
wazuh-1788711623.984523,2026-09-06T16:20:23.882000Z,target-kali-01,5501,3,authentication_success|pam|syslog,pam,T1078,journald,0,0,0,0,0,0,0,0,0,0,1,0,17,17,1,0,26,0,0,26,3,16,6,0,18,aggregate,same rule repeated >= 10 times in 5 minutes
wazuh-1788711641.984965,2026-09-06T16:20:41.919000Z,target-kali-01,5501,3,authentication_success|pam|syslog,pam,T1078,journald,0,0,0,0,0,0,0,0,0,0,1,0,17,17,1,0,27,0,0,27,3,16,6,0,18,aggregate,same rule repeated >= 10 times in 5 minutes
wazuh-1788711652.985407,2026-09-06T16:20:52.236000Z,target-kali-01,5501,3,authentication_success|pam|syslog,pam,T1078,journald,0,0,0,0,0,0,0,0,0,0,1,0,17,17,1,0,28,0,0,28,3,16,6,0,18,aggregate,same rule repeated >= 10 times in 5 minutes
wazuh-1788711665.986307,2026-09-06T16:21:05.473000Z,target-kali-01,5501,3,authentication_success|pam|syslog,pam,T1078,journald,0,0,0,0,0,0,0,0,0,0,1,0,17,17,1,0,29,0,0,29,3,16,6,0,18,aggregate,same rule repeated >= 10 times in 5 minutes
wazuh-1788711683.987691,2026-09-06T16:21:23.520000Z,target-kali-01,5501,3,authentication_success|pam|syslog,pam,T1078,journald,0,0,0,0,0,0,0,0,0,0,1,0,17,17,1,0,30,0,0,30,3,16,6,0,18,aggregate,same rule repeated >= 10 times in 5 minutes
wazuh-1788711706.989165,2026-09-06T16:21:46.302000Z,target-kali-01,5501,3,authentication_success|pam|syslog,pam,T1078,journald,0,0,0,0,0,0,0,0,0,0,1,0,16,16,1,0,31,0,0,31,3,16,6,0,17,aggregate,same rule repeated >= 10 times in 5 minutes
wazuh-1788711726.990703,2026-09-06T16:22:06.913000Z,target-kali-01,5501,3,authentication_success|pam|syslog,pam,T1078,journald,0,0,0,0,0,0,0,0,0,0,1,0,16,16,1,0,32,0,0,32,3,16,6,0,17,aggregate,same rule repeated >= 10 times in 5 minutes
wazuh-1788711747.991145,2026-09-06T16:22:27.136000Z,target-kali-01,5501,3,authentication_success|pam|syslog,pam,T1078,journald,0,0,0,0,0,0,0,0,0,0,1,0,16,16,1,0,33,0,0,33,3,16,6,0,17,aggregate,same rule repeated >= 10 times in 5 minutes
wazuh-1788711765.991959,2026-09-06T16:22:45.858000Z,target-kali-01,5501,3,authentication_success|pam|syslog,pam,T1078,journald,0,0,0,0,0,0,0,0,0,0,1,0,16,16,1,0,34,0,0,34,3,16,6,0,17,aggregate,same rule repeated >= 10 times in 5 minutes
wazuh-1788711771.992401,2026-09-06T16:22:51.890000Z,target-kali-01,5501,3,authentication_success|pam|syslog,pam,T1078,journald,0,0,0,0,0,0,0,0,0,0,1,0,16,16,1,0,35,0,0,35,3,16,6,0,17,aggregate,same rule repeated >= 10 times in 5 minutes
wazuh-1788711785.992843,2026-09-06T16:23:05.970000Z,target-kali-01,5501,3,authentication_success|pam|syslog,pam,T1078,journald,0,0,0,0,0,0,0,0,0,0,1,0,17,17,1,0,36,0,0,36,3,16,6,0,18,aggregate,same rule repeated >= 10 times in 5 minutes
wazuh-1788711798.993285,2026-09-06T16:23:18.677000Z,target-kali-01,5501,3,authentication_success|pam|syslog,pam,T1078,journald,0,0,0,0,0,0,0,0,0,0,1,0,17,17,1,0,37,0,0,37,3,16,6,0,18,aggregate,same rule repeated >= 10 times in 5 minutes
wazuh-1788711819.996555,2026-09-06T16:23:39.208000Z,target-kali-01,5501,3,authentication_success|pam|syslog,pam,T1078,journald,0,0,0,0,0,0,0,0,0,0,1,0,17,17,1,0,38,0,0,38,3,16,6,0,18,aggregate,same rule repeated >= 10 times in 5 minutes
wazuh-1788711839.997481,2026-09-06T16:23:59.577000Z,target-kali-01,5501,3,authentication_success|pam|syslog,pam,T1078,journald,0,0,0,0,0,0,0,0,0,0,1,0,17,17,1,0,39,0,0,39,3,16,6,0,18,aggregate,same rule repeated >= 10 times in 5 minutes
wazuh-1788711855.997923,2026-09-06T16:24:15.980000Z,target-kali-01,5501,3,authentication_success|pam|syslog,pam,T1078,journald,0,0,0,0,0,0,0,0,0,0,1,0,17,17,1,0,35,0,0,40,3,16,6,0,18,aggregate,same rule repeated >= 10 times in 5 minutes
wazuh-1788711874.998365,2026-09-06T16:24:34.669000Z,target-kali-01,5501,3,authentication_success|pam|syslog,pam,T1078,journald,0,0,0,0,0,0,0,0,0,0,1,0,17,17,1,0,35,0,0,41,3,16,6,0,18,aggregate,same rule repeated >= 10 times in 5 minutes
wazuh-1788711886.999265,2026-09-06T16:24:46.326000Z,target-kali-01,5501,3,authentication_success|pam|syslog,pam,T1078,journald,0,0,0,0,0,0,0,0,0,0,1,0,18,18,1,0,35,0,0,42,3,16,6,0,19,aggregate,same rule repeated >= 10 times in 5 minutes
wazuh-1788711903.1000191,2026-09-06T16:25:03.879000Z,target-kali-01,5501,3,authentication_success|pam|syslog,pam,T1078,journald,0,0,0,0,0,0,0,0,0,0,1,0,18,18,1,0,35,0,0,43,3,16,6,0,19,aggregate,same rule repeated >= 10 times in 5 minutes
wazuh-1788711930.1003009,2026-09-06T16:25:30.025000Z,target-kali-01,5501,3,authentication_success|pam|syslog,pam,T1078,journald,0,0,0,0,0,0,0,0,0,0,1,0,17,17,1,0,35,0,0,44,3,16,6,0,18,aggregate,same rule repeated >= 10 times in 5 minutes
wazuh-1788711944.1003452,2026-09-06T16:25:44.050000Z,target-kali-01,5501,3,authentication_success|pam|syslog,pam,T1078,journald,0,0,0,0,0,0,0,0,0,0,1,0,17,17,1,0,35,0,0,45,3,16,6,0,18,aggregate,same rule repeated >= 10 times in 5 minutes
wazuh-1788711960.1003895,2026-09-06T16:26:00.311000Z,target-kali-01,5501,3,authentication_success|pam|syslog,pam,T1078,journald,0,0,0,0,0,0,0,0,0,0,1,0,17,17,1,0,34,0,0,46,3,16,6,0,18,aggregate,same rule repeated >= 10 times in 5 minutes
wazuh-1788711978.1004338,2026-09-06T16:26:18.753000Z,target-kali-01,5501,3,authentication_success|pam|syslog,pam,T1078,journald,0,0,0,0,0,0,0,0,0,0,1,0,17,17,1,0,35,0,0,47,3,16,6,0,18,aggregate,same rule repeated >= 10 times in 5 minutes
wazuh-1788711992.1004781,2026-09-06T16:26:32.675000Z,target-kali-01,5501,3,authentication_success|pam|syslog,pam,T1078,journald,0,0,0,0,0,0,0,0,0,0,1,0,17,17,1,0,35,0,0,48,3,16,6,0,18,aggregate,same rule repeated >= 10 times in 5 minutes
wazuh-1788712003.1005224,2026-09-06T16:26:43.165000Z,target-kali-01,5501,3,authentication_success|pam|syslog,pam,T1078,journald,0,0,0,0,0,0,0,0,0,0,1,0,18,18,1,0,35,0,0,49,3,16,6,0,19,aggregate,same rule repeated >= 10 times in 5 minutes
wazuh-1788712021.1006216,2026-09-06T16:27:01.642000Z,target-kali-01,5501,3,authentication_success|pam|syslog,pam,T1078,journald,0,0,0,0,0,0,0,0,0,0,1,0,18,18,1,0,35,0,0,50,3,16,6,0,19,aggregate,same rule repeated >= 10 times in 5 minutes
wazuh-1788712043.1007757,2026-09-06T16:27:23.855000Z,target-kali-01,5501,3,authentication_success|pam|syslog,pam,T1078,journald,0,0,0,0,0,0,0,0,0,0,1,0,18,18,1,0,34,0,0,51,3,16,6,0,19,aggregate,same rule repeated >= 10 times in 5 minutes
wazuh-1788712059.1008200,2026-09-06T16:27:39.294000Z,target-kali-01,5501,3,authentication_success|pam|syslog,pam,T1078,journald,0,0,0,0,0,0,0,0,0,0,1,0,18,18,1,0,34,0,0,52,3,16,6,0,19,aggregate,same rule repeated >= 10 times in 5 minutes
wazuh-1788712079.1008643,2026-09-06T16:27:59.344000Z,target-kali-01,5501,3,authentication_success|pam|syslog,pam,T1078,journald,0,0,0,0,0,0,0,0,0,0,1,0,17,17,1,0,34,0,0,53,3,16,6,0,18,aggregate,same rule repeated >= 10 times in 5 minutes
wazuh-1788712093.1009086,2026-09-06T16:28:13.436000Z,target-kali-01,5501,3,authentication_success|pam|syslog,pam,T1078,journald,0,0,0,0,0,0,0,0,0,0,1,0,17,17,1,0,34,0,0,54,3,16,6,0,18,aggregate,same rule repeated >= 10 times in 5 minutes
wazuh-1788712111.1009988,2026-09-06T16:28:31.521000Z,target-kali-01,5501,3,authentication_success|pam|syslog,pam,T1078,journald,0,0,0,0,0,0,0,0,0,0,1,0,17,17,1,0,34,0,0,55,3,16,6,0,18,aggregate,same rule repeated >= 10 times in 5 minutes
wazuh-1788712132.1011289,2026-09-06T16:28:52.391000Z,target-kali-01,5501,3,authentication_success|pam|syslog,pam,T1078,journald,0,0,0,0,0,0,0,0,0,0,1,0,17,17,1,0,34,0,0,56,3,16,6,0,18,aggregate,same rule repeated >= 10 times in 5 minutes
wazuh-1788712150.1011732,2026-09-06T16:29:10.089000Z,target-kali-01,5501,3,authentication_success|pam|syslog,pam,T1078,journald,0,0,0,0,0,0,0,0,0,0,1,0,17,17,1,0,35,0,0,57,3,16,6,0,18,aggregate,same rule repeated >= 10 times in 5 minutes
wazuh-1788712160.1012175,2026-09-06T16:29:20.115000Z,target-kali-01,5501,3,authentication_success|pam|syslog,pam,T1078,journald,0,0,0,0,0,0,0,0,0,0,1,0,17,17,1,0,35,0,0,58,3,16,6,0,18,aggregate,same rule repeated >= 10 times in 5 minutes
wazuh-1788712178.1012618,2026-09-06T16:29:38.595000Z,target-kali-01,5501,3,authentication_success|pam|syslog,pam,T1078,journald,0,0,0,0,0,0,0,0,0,0,1,0,17,17,1,0,35,0,0,59,3,16,6,0,18,aggregate,same rule repeated >= 10 times in 5 minutes
wazuh-1788712188.1013061,2026-09-06T16:29:48.983000Z,target-kali-01,5501,3,authentication_success|pam|syslog,pam,T1078,journald,0,0,0,0,0,0,0,0,0,0,1,0,17,17,1,0,36,0,0,60,3,16,6,0,18,aggregate,same rule repeated >= 10 times in 5 minutes
wazuh-1788712213.1015151,2026-09-06T16:30:13.033000Z,target-kali-01,5501,3,authentication_success|pam|syslog,pam,T1078,journald,0,0,0,0,0,0,0,0,0,0,1,0,17,17,1,0,35,0,0,61,3,16,6,0,18,aggregate,same rule repeated >= 10 times in 5 minutes
wazuh-1788712225.1015594,2026-09-06T16:30:25.632000Z,target-kali-01,5501,3,authentication_success|pam|syslog,pam,T1078,journald,0,0,0,0,0,0,0,0,0,0,1,0,18,18,1,0,35,0,0,62,3,16,6,0,19,aggregate,same rule repeated >= 10 times in 5 minutes
wazuh-1788712237.1016037,2026-09-06T16:30:37.978000Z,target-kali-01,5501,3,authentication_success|pam|syslog,pam,T1078,journald,0,0,0,0,0,0,0,0,0,0,1,0,18,18,1,0,36,0,0,63,3,16,6,0,19,aggregate,same rule repeated >= 10 times in 5 minutes
wazuh-1788712256.1016480,2026-09-06T16:30:56.029000Z,target-kali-01,5501,3,authentication_success|pam|syslog,pam,T1078,journald,0,0,0,0,0,0,0,0,0,0,1,0,18,18,1,0,35,0,0,64,3,16,6,0,19,aggregate,same rule repeated >= 10 times in 5 minutes
wazuh-1788712278.1017867,2026-09-06T16:31:18.106000Z,target-kali-01,5501,3,authentication_success|pam|syslog,pam,T1078,journald,0,0,0,0,0,0,0,0,0,0,1,0,18,18,1,0,35,0,0,65,3,16,6,0,19,aggregate,same rule repeated >= 10 times in 5 minutes
wazuh-1788712290.1018310,2026-09-06T16:31:30.244000Z,target-kali-01,5501,3,authentication_success|pam|syslog,pam,T1078,journald,0,0,0,0,0,0,0,0,0,0,1,0,18,18,1,0,35,0,0,66,3,16,6,0,19,aggregate,same rule repeated >= 10 times in 5 minutes
wazuh-1788712304.1019212,2026-09-06T16:31:44.535000Z,target-kali-01,5501,3,authentication_success|pam|syslog,pam,T1078,journald,0,0,0,0,0,0,0,0,0,0,1,0,17,17,1,0,36,0,0,67,3,16,6,0,18,aggregate,same rule repeated >= 10 times in 5 minutes
wazuh-1788712322.1020140,2026-09-06T16:32:02.638000Z,target-kali-01,5501,3,authentication_success|pam|syslog,pam,T1078,journald,0,0,0,0,0,0,0,0,0,0,1,0,17,17,1,0,36,0,0,68,3,16,6,0,18,aggregate,same rule repeated >= 10 times in 5 minutes
wazuh-1788712342.1021042,2026-09-06T16:32:22.200000Z,target-kali-01,5501,3,authentication_success|pam|syslog,pam,T1078,journald,0,0,0,0,0,0,0,0,0,0,1,0,18,18,1,0,36,0,0,69,3,16,6,0,19,aggregate,same rule repeated >= 10 times in 5 minutes
wazuh-1788712361.1022429,2026-09-06T16:32:41.798000Z,target-kali-01,5501,3,authentication_success|pam|syslog,pam,T1078,journald,0,0,0,0,0,0,0,0,0,0,1,0,17,17,1,0,36,0,0,70,3,16,6,0,18,aggregate,same rule repeated >= 10 times in 5 minutes
wazuh-1788712378.1023357,2026-09-06T16:32:58.667000Z,target-kali-01,5501,3,authentication_success|pam|syslog,pam,T1078,journald,0,0,0,0,0,0,0,0,0,0,1,0,18,18,1,0,35,0,0,71,3,16,6,0,19,aggregate,same rule repeated >= 10 times in 5 minutes
wazuh-1788712398.1024744,2026-09-06T16:33:18.818000Z,target-kali-01,5501,3,authentication_success|pam|syslog,pam,T1078,journald,0,0,0,0,0,0,0,0,0,0,1,0,17,17,1,0,34,0,0,72,3,16,6,0,18,aggregate,same rule repeated >= 10 times in 5 minutes
wazuh-1788712414.1027886,2026-09-06T16:33:34.936000Z,target-kali-01,5501,3,authentication_success|pam|syslog,pam,T1078,journald,0,0,0,0,0,0,0,0,0,0,1,0,17,17,1,0,35,0,0,73,3,16,6,0,18,aggregate,same rule repeated >= 10 times in 5 minutes
wazuh-1788712430.1028329,2026-09-06T16:33:50.995000Z,target-kali-01,5501,3,authentication_success|pam|syslog,pam,T1078,journald,0,0,0,0,0,0,0,0,0,0,1,0,18,18,1,0,35,0,0,74,3,16,6,0,19,aggregate,same rule repeated >= 10 times in 5 minutes
wazuh-1788712451.1032642,2026-09-06T16:34:11.646000Z,target-kali-01,5501,3,authentication_success|pam|syslog,pam,T1078,journald,0,0,0,0,0,0,0,0,0,0,1,0,17,17,1,0,35,0,0,75,3,16,6,0,18,aggregate,same rule repeated >= 10 times in 5 minutes
wazuh-1788712471.1033544,2026-09-06T16:34:31.817000Z,target-kali-01,5501,3,authentication_success|pam|syslog,pam,T1078,journald,0,0,0,0,0,0,0,0,0,0,1,0,17,17,1,0,35,0,0,76,3,16,6,0,18,aggregate,same rule repeated >= 10 times in 5 minutes
wazuh-1788712489.1034472,2026-09-06T16:34:49.878000Z,target-kali-01,5501,3,authentication_success|pam|syslog,pam,T1078,journald,0,0,0,0,0,0,0,0,0,0,1,0,16,16,1,0,34,0,0,77,3,16,6,0,17,aggregate,same rule repeated >= 10 times in 5 minutes
wazuh-1788712507.1035374,2026-09-06T16:35:07.175000Z,target-kali-01,5501,3,authentication_success|pam|syslog,pam,T1078,journald,0,0,0,0,0,0,0,0,0,0,1,0,17,17,1,0,34,0,0,78,3,16,6,0,18,aggregate,same rule repeated >= 10 times in 5 minutes
wazuh-1788712525.1036761,2026-09-06T16:35:25.241000Z,target-kali-01,5501,3,authentication_success|pam|syslog,pam,T1078,journald,0,0,0,0,0,0,0,0,0,0,1,0,17,17,1,0,35,0,0,79,3,16,6,0,18,aggregate,same rule repeated >= 10 times in 5 minutes
wazuh-1788712544.1038148,2026-09-06T16:35:44.033000Z,target-kali-01,5501,3,authentication_success|pam|syslog,pam,T1078,journald,0,0,0,0,0,0,0,0,0,0,1,0,16,16,1,0,35,0,0,80,3,16,6,0,17,aggregate,same rule repeated >= 10 times in 5 minutes
wazuh-1788712564.1039076,2026-09-06T16:36:04.316000Z,target-kali-01,5501,3,authentication_success|pam|syslog,pam,T1078,journald,0,0,0,0,0,0,0,0,0,0,1,0,16,16,1,0,34,0,0,81,3,16,6,0,17,aggregate,same rule repeated >= 10 times in 5 minutes
wazuh-1788712578.1039519,2026-09-06T16:36:18.580000Z,target-kali-01,5501,3,authentication_success|pam|syslog,pam,T1078,journald,0,0,0,0,0,0,0,0,0,0,1,0,16,16,1,0,35,0,0,82,3,16,6,0,17,aggregate,same rule repeated >= 10 times in 5 minutes
wazuh-1788712589.1039962,2026-09-06T16:36:29.799000Z,target-kali-01,5501,3,authentication_success|pam|syslog,pam,T1078,journald,0,0,0,0,0,0,0,0,0,0,1,0,17,17,1,0,35,0,0,83,3,16,6,0,18,aggregate,same rule repeated >= 10 times in 5 minutes
wazuh-1788712609.1042780,2026-09-06T16:36:49.860000Z,target-kali-01,5501,3,authentication_success|pam|syslog,pam,T1078,journald,0,0,0,0,0,0,0,0,0,0,1,0,16,16,1,0,34,0,0,84,3,16,6,0,17,aggregate,same rule repeated >= 10 times in 5 minutes
wazuh-1788712622.1043223,2026-09-06T16:37:02.915000Z,target-kali-01,5501,3,authentication_success|pam|syslog,pam,T1078,journald,0,0,0,0,0,0,0,0,0,0,1,0,16,16,1,0,34,0,0,85,3,16,6,0,17,aggregate,same rule repeated >= 10 times in 5 minutes
wazuh-1788712633.1043666,2026-09-06T16:37:13.042000Z,target-kali-01,5501,3,authentication_success|pam|syslog,pam,T1078,journald,0,0,0,0,0,0,0,0,0,0,1,0,17,17,1,0,35,0,0,86,3,16,6,0,18,aggregate,same rule repeated >= 10 times in 5 minutes
wazuh-1788712645.1044109,2026-09-06T16:37:25.126000Z,target-kali-01,5501,3,authentication_success|pam|syslog,pam,T1078,journald,0,0,0,0,0,0,0,0,0,0,1,0,17,17,1,0,35,0,0,87,3,16,6,0,18,aggregate,same rule repeated >= 10 times in 5 minutes
wazuh-1788712655.1044552,2026-09-06T16:37:35.132000Z,target-kali-01,5501,3,authentication_success|pam|syslog,pam,T1078,journald,0,0,0,0,0,0,0,0,0,0,1,0,18,18,1,0,36,0,0,88,3,16,6,0,19,aggregate,same rule repeated >= 10 times in 5 minutes
wazuh-1788712671.1044995,2026-09-06T16:37:51.729000Z,target-kali-01,5501,3,authentication_success|pam|syslog,pam,T1078,journald,0,0,0,0,0,0,0,0,0,0,1,0,18,18,1,0,36,0,0,89,3,16,6,0,19,aggregate,same rule repeated >= 10 times in 5 minutes
wazuh-1788712686.1045438,2026-09-06T16:38:06.937000Z,target-kali-01,5501,3,authentication_success|pam|syslog,pam,T1078,journald,0,0,0,0,0,0,0,0,0,0,1,0,18,18,1,0,36,0,0,90,3,16,6,0,19,aggregate,same rule repeated >= 10 times in 5 minutes
wazuh-1788712707.1047528,2026-09-06T16:38:27.380000Z,target-kali-01,5501,3,authentication_success|pam|syslog,pam,T1078,journald,0,0,0,0,0,0,0,0,0,0,1,0,18,18,1,0,36,0,0,91,3,16,6,0,19,aggregate,same rule repeated >= 10 times in 5 minutes
wazuh-1788712719.1047971,2026-09-06T16:38:39.416000Z,target-kali-01,5501,3,authentication_success|pam|syslog,pam,T1078,journald,0,0,0,0,0,0,0,0,0,0,1,0,18,18,1,0,36,0,0,92,3,16,6,0,19,aggregate,same rule repeated >= 10 times in 5 minutes
wazuh-1788712734.1048414,2026-09-06T16:38:54.314000Z,target-kali-01,5501,3,authentication_success|pam|syslog,pam,T1078,journald,0,0,0,0,0,0,0,0,0,0,1,0,18,18,1,0,36,0,0,93,3,16,6,0,19,aggregate,same rule repeated >= 10 times in 5 minutes
wazuh-1788712744.1048857,2026-09-06T16:39:04.682000Z,target-kali-01,5501,3,authentication_success|pam|syslog,pam,T1078,journald,0,0,0,0,0,0,0,0,0,0,1,0,19,19,1,0,37,0,0,94,3,16,6,0,20,aggregate,same rule repeated >= 10 times in 5 minutes
wazuh-1788712754.1049759,2026-09-06T16:39:14.581000Z,target-kali-01,5501,3,authentication_success|pam|syslog,pam,T1078,journald,0,0,0,0,0,0,0,0,0,0,1,0,19,19,1,0,37,0,0,95,3,16,6,0,20,aggregate,same rule repeated >= 10 times in 5 minutes
wazuh-1788712776.1050687,2026-09-06T16:39:36.673000Z,target-kali-01,5501,3,authentication_success|pam|syslog,pam,T1078,journald,0,0,0,0,0,0,0,0,0,0,1,0,19,19,1,0,37,0,0,96,3,16,6,0,20,aggregate,same rule repeated >= 10 times in 5 minutes
wazuh-1788712786.1051130,2026-09-06T16:39:46.701000Z,target-kali-01,5501,3,authentication_success|pam|syslog,pam,T1078,journald,0,0,0,0,0,0,0,0,0,0,1,0,20,20,1,0,37,0,0,97,3,16,6,0,21,aggregate,same rule repeated >= 10 times in 5 minutes
wazuh-1788712810.1053948,2026-09-06T16:40:10.877000Z,target-kali-01,5501,3,authentication_success|pam|syslog,pam,T1078,journald,0,0,0,0,0,0,0,0,0,0,1,0,19,19,1,0,37,0,0,98,3,16,6,0,20,aggregate,same rule repeated >= 10 times in 5 minutes
wazuh-1788712827.1054391,2026-09-06T16:40:27.280000Z,target-kali-01,5501,3,authentication_success|pam|syslog,pam,T1078,journald,0,0,0,0,0,0,0,0,0,0,1,0,19,19,1,0,36,0,0,99,3,16,6,0,20,aggregate,same rule repeated >= 10 times in 5 minutes
wazuh-1788712840.1055207,2026-09-06T16:40:40.434000Z,target-kali-01,5501,3,authentication_success|pam|syslog,pam,T1078,journald,0,0,0,0,0,0,0,0,0,0,1,0,20,20,1,0,36,0,0,100,3,16,6,0,21,aggregate,same rule repeated >= 10 times in 5 minutes
wazuh-1788712852.1055650,2026-09-06T16:40:52.518000Z,target-kali-01,5501,3,authentication_success|pam|syslog,pam,T1078,journald,0,0,0,0,0,0,0,0,0,0,1,0,20,20,1,0,37,0,0,101,3,16,6,0,21,aggregate,same rule repeated >= 10 times in 5 minutes
wazuh-1788712870.1057496,2026-09-06T16:41:10.643000Z,target-kali-01,5501,3,authentication_success|pam|syslog,pam,T1078,journald,0,0,0,0,0,0,0,0,0,0,1,0,20,20,1,0,37,0,0,102,3,16,6,0,21,aggregate,same rule repeated >= 10 times in 5 minutes
wazuh-1788712891.1058424,2026-09-06T16:41:31.879000Z,target-kali-01,5501,3,authentication_success|pam|syslog,pam,T1078,journald,0,0,0,0,0,0,0,0,0,0,1,0,19,19,1,0,36,0,0,103,3,16,6,0,20,aggregate,same rule repeated >= 10 times in 5 minutes
wazuh-1788712907.1058867,2026-09-06T16:41:47.951000Z,target-kali-01,5501,3,authentication_success|pam|syslog,pam,T1078,journald,0,0,0,0,0,0,0,0,0,0,1,0,20,20,1,0,36,0,0,104,3,16,6,0,21,aggregate,same rule repeated >= 10 times in 5 minutes
wazuh-1788712921.1059310,2026-09-06T16:42:01.695000Z,target-kali-01,5501,3,authentication_success|pam|syslog,pam,T1078,journald,0,0,0,0,0,0,0,0,0,0,1,0,20,20,1,0,37,0,0,105,3,16,6,0,21,aggregate,same rule repeated >= 10 times in 5 minutes
wazuh-1788712932.1059753,2026-09-06T16:42:12.786000Z,target-kali-01,5501,3,authentication_success|pam|syslog,pam,T1078,journald,0,0,0,0,0,0,0,0,0,0,1,0,20,20,1,0,37,0,0,106,3,16,6,0,21,aggregate,same rule repeated >= 10 times in 5 minutes
wazuh-1788712941.1060196,2026-09-06T16:42:21.801000Z,target-kali-01,5501,3,authentication_success|pam|syslog,pam,T1078,journald,0,0,0,0,0,0,0,0,0,0,1,0,20,20,1,0,38,0,0,107,3,16,6,0,21,aggregate,same rule repeated >= 10 times in 5 minutes
wazuh-1788712952.1060639,2026-09-06T16:42:32.168000Z,target-kali-01,5501,3,authentication_success|pam|syslog,pam,T1078,journald,0,0,0,0,0,0,0,0,0,0,1,0,20,20,1,0,38,0,0,108,3,16,6,0,21,aggregate,same rule repeated >= 10 times in 5 minutes
wazuh-1788712972.1061082,2026-09-06T16:42:52.227000Z,target-kali-01,5501,3,authentication_success|pam|syslog,pam,T1078,journald,0,0,0,0,0,0,0,0,0,0,1,0,19,19,1,0,38,0,0,109,3,16,6,0,20,aggregate,same rule repeated >= 10 times in 5 minutes
wazuh-1788712988.1061525,2026-09-06T16:43:08.849000Z,target-kali-01,5501,3,authentication_success|pam|syslog,pam,T1078,journald,0,0,0,0,0,0,0,0,0,0,1,0,19,19,1,0,38,0,0,110,3,16,6,0,20,aggregate,same rule repeated >= 10 times in 5 minutes
wazuh-1788713002.1061968,2026-09-06T16:43:22.904000Z,target-kali-01,5501,3,authentication_success|pam|syslog,pam,T1078,journald,0,0,0,0,0,0,0,0,0,0,1,0,20,20,1,0,38,0,0,111,3,16,6,0,21,aggregate,same rule repeated >= 10 times in 5 minutes
wazuh-1788713014.1062411,2026-09-06T16:43:34.392000Z,target-kali-01,5501,3,authentication_success|pam|syslog,pam,T1078,journald,0,0,0,0,0,0,0,0,0,0,1,0,20,20,1,0,39,0,0,112,3,16,6,0,21,aggregate,same rule repeated >= 10 times in 5 minutes
wazuh-1788713024.1062854,2026-09-06T16:43:44.470000Z,target-kali-01,5501,3,authentication_success|pam|syslog,pam,T1078,journald,0,0,0,0,0,0,0,0,0,0,1,0,20,20,1,0,39,0,0,113,3,16,6,0,21,aggregate,same rule repeated >= 10 times in 5 minutes
wazuh-1788713040.1063297,2026-09-06T16:44:00.548000Z,target-kali-01,5501,3,authentication_success|pam|syslog,pam,T1078,journald,0,0,0,0,0,0,0,0,0,0,1,0,20,20,1,0,39,0,0,114,3,16,6,0,21,aggregate,same rule repeated >= 10 times in 5 minutes
wazuh-1788713060.1063740,2026-09-06T16:44:20.627000Z,target-kali-01,5501,3,authentication_success|pam|syslog,pam,T1078,journald,0,0,0,0,0,0,0,0,0,0,1,0,19,19,1,0,39,0,0,110,3,16,6,0,20,aggregate,same rule repeated >= 10 times in 5 minutes
wazuh-1788713082.1065830,2026-09-06T16:44:42.733000Z,target-kali-01,5501,3,authentication_success|pam|syslog,pam,T1078,journald,0,0,0,0,0,0,0,0,0,0,1,0,19,19,1,0,39,0,0,109,3,16,6,0,20,aggregate,same rule repeated >= 10 times in 5 minutes
wazuh-1788713102.1067920,2026-09-06T16:45:02.806000Z,target-kali-01,5501,3,authentication_success|pam|syslog,pam,T1078,journald,0,0,0,0,0,0,0,0,0,0,1,0,19,19,1,0,39,0,0,109,3,16,6,0,20,aggregate,same rule repeated >= 10 times in 5 minutes
wazuh-1788713125.1070795,2026-09-06T16:45:25.345000Z,target-kali-01,5501,3,authentication_success|pam|syslog,pam,T1078,journald,0,0,0,0,0,0,0,0,0,0,1,0,19,19,1,0,38,0,0,109,3,16,6,0,20,aggregate,same rule repeated >= 10 times in 5 minutes
wazuh-1788713139.1071238,2026-09-06T16:45:39.800000Z,target-kali-01,5501,3,authentication_success|pam|syslog,pam,T1078,journald,0,0,0,0,0,0,0,0,0,0,1,0,19,19,1,0,39,0,0,109,3,16,6,0,20,aggregate,same rule repeated >= 10 times in 5 minutes
wazuh-1788713149.1072230,2026-09-06T16:45:49.917000Z,target-kali-01,5501,3,authentication_success|pam|syslog,pam,T1078,journald,0,0,0,0,0,0,0,0,0,0,1,0,19,19,1,0,39,0,0,109,3,16,6,0,20,aggregate,same rule repeated >= 10 times in 5 minutes
wazuh-1788713153.1072673,2026-09-06T16:45:53.066000Z,lab-sensor-01,5710,5,authentication_failed|invalid_login|sshd|syslog,sshd,T1021.004|T1110.001,journald,47092,0,1,0,0,0,1,0,0,0,1,0,13,9,7,1,13,0,0,77,10,16,6,0,10,aggregate,same rule repeated >= 10 times in 5 minutes
wazuh-1788713155.1073222,2026-09-06T16:45:55.067000Z,lab-sensor-01,5710,5,authentication_failed|invalid_login|sshd|syslog,sshd,T1021.004|T1110.001,journald,45124,0,1,0,0,0,1,0,0,0,1,0,14,10,7,1,14,0,0,78,10,16,6,0,11,aggregate,same rule repeated >= 10 times in 5 minutes
wazuh-1788713168.1074144,2026-09-06T16:46:08.844000Z,target-kali-01,5501,3,authentication_success|pam|syslog,pam,T1078,journald,0,0,0,0,0,0,0,0,0,0,1,0,19,19,1,0,39,0,0,109,3,16,6,0,20,aggregate,same rule repeated >= 10 times in 5 minutes
wazuh-1788713187.1074587,2026-09-06T16:46:27.651000Z,target-kali-01,5501,3,authentication_success|pam|syslog,pam,T1078,journald,0,0,0,0,0,0,0,0,0,0,1,0,19,19,1,0,39,0,0,109,3,16,6,0,20,aggregate,same rule repeated >= 10 times in 5 minutes
wazuh-1788713201.1075030,2026-09-06T16:46:41.830000Z,target-kali-01,5501,3,authentication_success|pam|syslog,pam,T1078,journald,0,0,0,0,0,0,0,0,0,0,1,0,19,19,1,0,39,0,0,109,3,16,6,0,20,aggregate,same rule repeated >= 10 times in 5 minutes
wazuh-1788713223.1077848,2026-09-06T16:47:03.878000Z,target-kali-01,5501,3,authentication_success|pam|syslog,pam,T1078,journald,0,0,0,0,0,0,0,0,0,0,1,0,18,18,1,0,38,0,0,109,3,16,6,0,19,aggregate,same rule repeated >= 10 times in 5 minutes
wazuh-1788713225.1078291,2026-09-06T16:47:05.206000Z,lab-sensor-01,5710,5,authentication_failed|invalid_login|sshd|syslog,sshd,T1021.004|T1110.001,journald,49868,0,1,0,0,0,1,0,0,0,1,0,17,11,7,1,15,0,0,77,10,16,6,0,12,aggregate,same rule repeated >= 10 times in 5 minutes
wazuh-1788713227.1078840,2026-09-06T16:47:07.208000Z,lab-sensor-01,5710,5,authentication_failed|invalid_login|sshd|syslog,sshd,T1021.004|T1110.001,journald,49876,0,1,0,0,0,1,0,0,0,1,0,18,12,7,1,16,0,0,78,10,16,6,0,13,aggregate,same rule repeated >= 10 times in 5 minutes
wazuh-1788713231.1079389,2026-09-06T16:47:11.214000Z,lab-sensor-01,5710,5,authentication_failed|invalid_login|sshd|syslog,sshd,T1021.004|T1110.001,journald,49880,0,1,0,0,0,1,0,0,0,1,0,19,13,7,1,17,0,0,79,10,16,6,0,14,aggregate,same rule repeated >= 10 times in 5 minutes
wazuh-1788713243.1079938,2026-09-06T16:47:23.948000Z,target-kali-01,5501,3,authentication_success|pam|syslog,pam,T1078,journald,0,0,0,0,0,0,0,0,0,0,1,0,17,17,1,0,38,0,0,108,3,16,6,0,18,aggregate,same rule repeated >= 10 times in 5 minutes
wazuh-1788713245.1080381,2026-09-06T16:47:25.235000Z,lab-sensor-01,5710,5,authentication_failed|invalid_login|sshd|syslog,sshd,T1021.004|T1110.001,journald,52296,0,1,0,0,0,1,0,0,0,1,0,20,14,7,1,18,0,0,77,10,16,6,0,15,aggregate,same rule repeated >= 10 times in 5 minutes
wazuh-1788713251.1082264,2026-09-06T16:47:31.241000Z,lab-sensor-01,5710,5,authentication_failed|invalid_login|sshd|syslog,sshd,T1021.004|T1110.001,journald,52312,0,1,0,0,0,1,0,0,0,1,0,22,15,7,2,20,0,0,79,10,16,6,0,16,aggregate,same rule repeated >= 10 times in 5 minutes
wazuh-1788713266.1082813,2026-09-06T16:47:46.493000Z,target-kali-01,5501,3,authentication_success|pam|syslog,pam,T1078,journald,0,0,0,0,0,0,0,0,0,0,1,0,17,17,1,0,37,0,0,107,3,16,6,0,18,aggregate,same rule repeated >= 10 times in 5 minutes
wazuh-1788713282.1083256,2026-09-06T16:48:02.582000Z,target-kali-01,5501,3,authentication_success|pam|syslog,pam,T1078,journald,0,0,0,0,0,0,0,0,0,0,1,0,17,17,1,0,37,0,0,108,3,16,6,0,18,aggregate,same rule repeated >= 10 times in 5 minutes
wazuh-1788713296.1083699,2026-09-06T16:48:16.605000Z,target-kali-01,5501,3,authentication_success|pam|syslog,pam,T1078,journald,0,0,0,0,0,0,0,0,0,0,1,0,17,17,1,0,37,0,0,108,3,16,6,0,18,aggregate,same rule repeated >= 10 times in 5 minutes
wazuh-1788713310.1084142,2026-09-06T16:48:30.624000Z,target-kali-01,5501,3,authentication_success|pam|syslog,pam,T1078,journald,0,0,0,0,0,0,0,0,0,0,1,0,17,17,1,0,37,0,0,108,3,16,6,0,18,aggregate,same rule repeated >= 10 times in 5 minutes
wazuh-1788713326.1084585,2026-09-06T16:48:46.747000Z,target-kali-01,5501,3,authentication_success|pam|syslog,pam,T1078,journald,0,0,0,0,0,0,0,0,0,0,1,0,16,16,1,0,37,0,0,109,3,16,6,0,17,aggregate,same rule repeated >= 10 times in 5 minutes
wazuh-1788713343.1085028,2026-09-06T16:49:03.731000Z,target-kali-01,5501,3,authentication_success|pam|syslog,pam,T1078,journald,0,0,0,0,0,0,0,0,0,0,1,0,16,16,1,0,37,0,0,109,3,16,6,0,17,aggregate,same rule repeated >= 10 times in 5 minutes
wazuh-1788713355.1085471,2026-09-06T16:49:15.459000Z,lab-sensor-01,5710,5,authentication_failed|invalid_login|sshd|syslog,sshd,T1021.004|T1110.001,journald,38324,0,1,0,0,0,1,0,0,0,1,0,23,16,7,2,18,0,0,74,10,16,6,0,17,aggregate,same rule repeated >= 10 times in 5 minutes
wazuh-1788713356.1086020,2026-09-06T16:49:16.038000Z,target-kali-01,5501,3,authentication_success|pam|syslog,pam,T1078,journald,0,0,0,0,0,0,0,0,0,0,1,0,17,17,1,0,36,0,0,109,3,16,6,0,18,aggregate,same rule repeated >= 10 times in 5 minutes
wazuh-1788713359.1086463,2026-09-06T16:49:19.464000Z,lab-sensor-01,5710,5,authentication_failed|invalid_login|sshd|syslog,sshd,T1021.004|T1110.001,journald,38340,0,1,0,0,0,1,0,0,0,1,0,24,17,7,2,19,0,0,74,10,16,6,0,18,aggregate,same rule repeated >= 10 times in 5 minutes
wazuh-1788713361.1087012,2026-09-06T16:49:21.469000Z,lab-sensor-01,5710,5,authentication_failed|invalid_login|sshd|syslog,sshd,T1021.004|T1110.001,journald,38352,0,1,0,0,0,1,0,0,0,1,0,24,17,7,2,20,0,0,75,10,16,6,0,18,aggregate,same rule repeated >= 10 times in 5 minutes
wazuh-1788713376.1087561,2026-09-06T16:49:36.075000Z,target-kali-01,5501,3,authentication_success|pam|syslog,pam,T1078,journald,0,0,0,0,0,0,0,0,0,0,1,0,17,17,1,0,37,0,0,109,3,16,6,0,18,aggregate,same rule repeated >= 10 times in 5 minutes
wazuh-1788713393.1088004,2026-09-06T16:49:53.513000Z,lab-sensor-01,5710,5,authentication_failed|invalid_login|sshd|syslog,sshd,T1021.004|T1110.001,journald,52080,0,1,0,0,0,1,0,0,0,1,0,20,13,7,2,21,0,0,74,10,16,6,0,14,aggregate,same rule repeated >= 10 times in 5 minutes
wazuh-1788713393.1088553,2026-09-06T16:49:53.516000Z,target-kali-01,5501,3,authentication_success|pam|syslog,pam,T1078,journald,0,0,0,0,0,0,0,0,0,0,1,0,17,17,1,0,36,0,0,110,3,16,6,0,18,aggregate,same rule repeated >= 10 times in 5 minutes
wazuh-1788713397.1088996,2026-09-06T16:49:57.521000Z,lab-sensor-01,5710,5,authentication_failed|invalid_login|sshd|syslog,sshd,T1021.004|T1110.001,journald,52084,0,1,0,0,0,1,0,0,0,1,0,21,14,7,2,22,0,0,75,10,16,6,0,15,aggregate,same rule repeated >= 10 times in 5 minutes
wazuh-1788713399.1089545,2026-09-06T16:49:59.525000Z,lab-sensor-01,5710,5,authentication_failed|invalid_login|sshd|syslog,sshd,T1021.004|T1110.001,journald,52090,0,1,0,0,0,1,0,0,0,1,0,22,15,7,2,23,0,0,76,10,16,6,0,16,aggregate,same rule repeated >= 10 times in 5 minutes
wazuh-1788713413.1090553,2026-09-06T16:50:13.701000Z,target-kali-01,5501,3,authentication_success|pam|syslog,pam,T1078,journald,0,0,0,0,0,0,0,0,0,0,1,0,17,17,1,0,36,0,0,109,3,16,6,0,18,aggregate,same rule repeated >= 10 times in 5 minutes
wazuh-1788713433.1091481,2026-09-06T16:50:33.785000Z,target-kali-01,5501,3,authentication_success|pam|syslog,pam,T1078,journald,0,0,0,0,0,0,0,0,0,0,1,0,17,17,1,0,36,0,0,109,3,16,6,0,18,aggregate,same rule repeated >= 10 times in 5 minutes
wazuh-1788713445.1091924,2026-09-06T16:50:45.803000Z,target-kali-01,5501,3,authentication_success|pam|syslog,pam,T1078,journald,0,0,0,0,0,0,0,0,0,0,1,0,17,17,1,0,36,0,0,109,3,16,6,0,18,aggregate,same rule repeated >= 10 times in 5 minutes
wazuh-1788713459.1092367,2026-09-06T16:50:59.846000Z,target-kali-01,5501,3,authentication_success|pam|syslog,pam,T1078,journald,0,0,0,0,0,0,0,0,0,0,1,0,17,17,1,0,36,0,0,109,3,16,6,0,18,aggregate,same rule repeated >= 10 times in 5 minutes
wazuh-1788713474.1092810,2026-09-06T16:51:14.018000Z,target-kali-01,5501,3,authentication_success|pam|syslog,pam,T1078,journald,0,0,0,0,0,0,0,0,0,0,1,0,17,17,1,0,36,0,0,109,3,16,6,0,18,aggregate,same rule repeated >= 10 times in 5 minutes
wazuh-1788713490.1093253,2026-09-06T16:51:30.091000Z,target-kali-01,5501,3,authentication_success|pam|syslog,pam,T1078,journald,0,0,0,0,0,0,0,0,0,0,1,0,17,17,1,0,37,0,0,109,3,16,6,0,18,aggregate,same rule repeated >= 10 times in 5 minutes
wazuh-1788713507.1096183,2026-09-06T16:51:47.738000Z,lab-sensor-01,5710,5,authentication_failed|invalid_login|sshd|syslog,sshd,T1021.004|T1110.001,journald,38956,0,1,0,0,0,1,0,0,0,1,0,16,11,7,2,24,0,0,74,10,16,6,0,12,aggregate,same rule repeated >= 10 times in 5 minutes
wazuh-1788713508.1096732,2026-09-06T16:51:48.768000Z,target-kali-01,5501,3,authentication_success|pam|syslog,pam,T1078,journald,0,0,0,0,0,0,0,0,0,0,1,0,17,17,1,0,36,0,0,109,3,16,6,0,18,aggregate,same rule repeated >= 10 times in 5 minutes
wazuh-1788713511.1097175,2026-09-06T16:51:51.745000Z,lab-sensor-01,5710,5,authentication_failed|invalid_login|sshd|syslog,sshd,T1021.004|T1110.001,journald,38968,0,1,0,0,0,1,0,0,0,1,0,15,12,7,2,25,0,0,74,10,16,6,0,13,aggregate,same rule repeated >= 10 times in 5 minutes
wazuh-1788713515.1097724,2026-09-06T16:51:55.757000Z,lab-sensor-01,5710,5,authentication_failed|invalid_login|sshd|syslog,sshd,T1021.004|T1110.001,journald,36510,0,1,0,0,0,1,0,0,0,1,0,16,13,7,2,26,0,0,74,10,16,6,0,14,aggregate,same rule repeated >= 10 times in 5 minutes
wazuh-1788713531.1098273,2026-09-06T16:52:11.436000Z,target-kali-01,5501,3,authentication_success|pam|syslog,pam,T1078,journald,0,0,0,0,0,0,0,0,0,0,1,0,17,17,1,0,36,0,0,109,3,16,6,0,18,aggregate,same rule repeated >= 10 times in 5 minutes
wazuh-1788713541.1099089,2026-09-06T16:52:21.472000Z,target-kali-01,5501,3,authentication_success|pam|syslog,pam,T1078,journald,0,0,0,0,0,0,0,0,0,0,1,0,18,18,1,0,36,0,0,110,3,16,6,0,19,aggregate,same rule repeated >= 10 times in 5 minutes
wazuh-1788713565.1101907,2026-09-06T16:52:45.633000Z,target-kali-01,5501,3,authentication_success|pam|syslog,pam,T1078,journald,0,0,0,0,0,0,0,0,0,0,1,0,18,18,1,0,35,0,0,110,3,16,6,0,19,aggregate,same rule repeated >= 10 times in 5 minutes
wazuh-1788713585.1104725,2026-09-06T16:53:05.675000Z,target-kali-01,5501,3,authentication_success|pam|syslog,pam,T1078,journald,0,0,0,0,0,0,0,0,0,0,1,0,17,17,1,0,35,0,0,109,3,16,6,0,18,aggregate,same rule repeated >= 10 times in 5 minutes
wazuh-1788713601.1105168,2026-09-06T16:53:21.758000Z,target-kali-01,5501,3,authentication_success|pam|syslog,pam,T1078,journald,0,0,0,0,0,0,0,0,0,0,1,0,17,17,1,0,35,0,0,108,3,16,6,0,18,aggregate,same rule repeated >= 10 times in 5 minutes
wazuh-1788713614.1105611,2026-09-06T16:53:34.210000Z,target-kali-01,5501,3,authentication_success|pam|syslog,pam,T1078,journald,0,0,0,0,0,0,0,0,0,0,1,0,17,17,1,0,35,0,0,109,3,16,6,0,18,aggregate,same rule repeated >= 10 times in 5 minutes
wazuh-1788713636.1108429,2026-09-06T16:53:56.641000Z,target-kali-01,5501,3,authentication_success|pam|syslog,pam,T1078,journald,0,0,0,0,0,0,0,0,0,0,1,0,17,17,1,0,34,0,0,109,3,16,6,0,18,aggregate,same rule repeated >= 10 times in 5 minutes
wazuh-1788713649.1108872,2026-09-06T16:54:09.021000Z,target-kali-01,5501,3,authentication_success|pam|syslog,pam,T1078,journald,0,0,0,0,0,0,0,0,0,0,1,0,17,17,1,0,34,0,0,109,3,16,6,0,18,aggregate,same rule repeated >= 10 times in 5 minutes
wazuh-1788713661.1109774,2026-09-06T16:54:21.037000Z,target-kali-01,5501,3,authentication_success|pam|syslog,pam,T1078,journald,0,0,0,0,0,0,0,0,0,0,1,0,17,17,1,0,34,0,0,109,3,16,6,0,18,aggregate,same rule repeated >= 10 times in 5 minutes
wazuh-1788713681.1110702,2026-09-06T16:54:41.323000Z,target-kali-01,5501,3,authentication_success|pam|syslog,pam,T1078,journald,0,0,0,0,0,0,0,0,0,0,1,0,17,17,1,0,35,0,0,109,3,16,6,0,18,aggregate,same rule repeated >= 10 times in 5 minutes
wazuh-1788713691.1111145,2026-09-06T16:54:51.571000Z,target-kali-01,5501,3,authentication_success|pam|syslog,pam,T1078,journald,0,0,0,0,0,0,0,0,0,0,1,0,18,18,1,0,35,0,0,109,3,16,6,0,19,aggregate,same rule repeated >= 10 times in 5 minutes
wazuh-1788713701.1111588,2026-09-06T16:55:01.624000Z,target-kali-01,5501,3,authentication_success|pam|syslog,pam,T1078,journald,0,0,0,0,0,0,0,0,0,0,1,0,18,18,1,0,36,0,0,110,3,16,6,0,19,aggregate,same rule repeated >= 10 times in 5 minutes
wazuh-1788713711.1112490,2026-09-06T16:55:11.610000Z,target-kali-01,5501,3,authentication_success|pam|syslog,pam,T1078,journald,0,0,0,0,0,0,0,0,0,0,1,0,19,19,1,0,36,0,0,110,3,16,6,0,20,aggregate,same rule repeated >= 10 times in 5 minutes
wazuh-1788713727.1113418,2026-09-06T16:55:27.843000Z,target-kali-01,5501,3,authentication_success|pam|syslog,pam,T1078,journald,0,0,0,0,0,0,0,0,0,0,1,0,19,19,1,0,36,0,0,111,3,16,6,0,20,aggregate,same rule repeated >= 10 times in 5 minutes
wazuh-1788713748.1113861,2026-09-06T16:55:48.167000Z,target-kali-01,5501,3,authentication_success|pam|syslog,pam,T1078,journald,0,0,0,0,0,0,0,0,0,0,1,0,18,18,1,0,36,0,0,110,3,16,6,0,19,aggregate,same rule repeated >= 10 times in 5 minutes
wazuh-1788713762.1114304,2026-09-06T16:56:02.196000Z,target-kali-01,5501,3,authentication_success|pam|syslog,pam,T1078,journald,0,0,0,0,0,0,0,0,0,0,1,0,18,18,1,0,36,0,0,110,3,16,6,0,19,aggregate,same rule repeated >= 10 times in 5 minutes
wazuh-1788713772.1114747,2026-09-06T16:56:12.248000Z,target-kali-01,5501,3,authentication_success|pam|syslog,pam,T1078,journald,0,0,0,0,0,0,0,0,0,0,1,0,19,19,1,0,36,0,0,111,3,16,6,0,20,aggregate,same rule repeated >= 10 times in 5 minutes
wazuh-1788713792.1115190,2026-09-06T16:56:32.051000Z,target-kali-01,5501,3,authentication_success|pam|syslog,pam,T1078,journald,0,0,0,0,0,0,0,0,0,0,1,0,18,18,1,0,36,0,0,111,3,16,6,0,19,aggregate,same rule repeated >= 10 times in 5 minutes
wazuh-1788713805.1116182,2026-09-06T16:56:45.038000Z,target-kali-01,5501,3,authentication_success|pam|syslog,pam,T1078,journald,0,0,0,0,0,0,0,0,0,0,1,0,19,19,1,0,36,0,0,110,3,16,6,0,20,aggregate,same rule repeated >= 10 times in 5 minutes
wazuh-1788713824.1117723,2026-09-06T16:57:04.105000Z,target-kali-01,5501,3,authentication_success|pam|syslog,pam,T1078,journald,0,0,0,0,0,0,0,0,0,0,1,0,19,19,1,0,36,0,0,110,3,16,6,0,20,aggregate,same rule repeated >= 10 times in 5 minutes
wazuh-1788713836.1118166,2026-09-06T16:57:16.998000Z,target-kali-01,5501,3,authentication_success|pam|syslog,pam,T1078,journald,0,0,0,0,0,0,0,0,0,0,1,0,19,19,1,0,37,0,0,111,3,16,6,0,20,aggregate,same rule repeated >= 10 times in 5 minutes
wazuh-1788713851.1118609,2026-09-06T16:57:31.272000Z,target-kali-01,5501,3,authentication_success|pam|syslog,pam,T1078,journald,0,0,0,0,0,0,0,0,0,0,1,0,19,19,1,0,37,0,0,111,3,16,6,0,20,aggregate,same rule repeated >= 10 times in 5 minutes
wazuh-1788713871.1119974,2026-09-06T16:57:51.388000Z,target-kali-01,5501,3,authentication_success|pam|syslog,pam,T1078,journald,0,0,0,0,0,0,0,0,0,0,1,0,19,19,1,0,37,0,0,111,3,16,6,0,20,aggregate,same rule repeated >= 10 times in 5 minutes
wazuh-1788713890.1121515,2026-09-06T16:58:10.317000Z,target-kali-01,5501,3,authentication_success|pam|syslog,pam,T1078,journald,0,0,0,0,0,0,0,0,0,0,1,0,19,19,1,0,37,0,0,111,3,16,6,0,20,aggregate,same rule repeated >= 10 times in 5 minutes
wazuh-1788713912.1124390,2026-09-06T16:58:32.682000Z,target-kali-01,5501,3,authentication_success|pam|syslog,pam,T1078,journald,0,0,0,0,0,0,0,0,0,0,1,0,19,19,1,0,36,0,0,110,3,16,6,0,20,aggregate,same rule repeated >= 10 times in 5 minutes
wazuh-1788713922.1125382,2026-09-06T16:58:42.701000Z,target-kali-01,5501,3,authentication_success|pam|syslog,pam,T1078,journald,0,0,0,0,0,0,0,0,0,0,1,0,19,19,1,0,37,0,0,111,3,16,6,0,20,aggregate,same rule repeated >= 10 times in 5 minutes
wazuh-1788713926.1125825,2026-09-06T16:58:46.559000Z,lab-sensor-01,5710,5,authentication_failed|invalid_login|sshd|syslog,sshd,T1021.004|T1110.001,journald,51996,0,1,0,0,0,1,0,0,0,1,0,14,9,7,1,19,0,0,81,10,16,6,0,10,aggregate,same rule repeated >= 10 times in 5 minutes
wazuh-1788713928.1126374,2026-09-06T16:58:48.563000Z,lab-sensor-01,5710,5,authentication_failed|invalid_login|sshd|syslog,sshd,T1021.004|T1110.001,journald,52000,0,1,0,0,0,1,0,0,0,1,0,15,10,7,1,20,0,0,82,10,16,6,0,11,aggregate,same rule repeated >= 10 times in 5 minutes
wazuh-1788713942.1126923,2026-09-06T16:59:02.948000Z,target-kali-01,5501,3,authentication_success|pam|syslog,pam,T1078,journald,0,0,0,0,0,0,0,0,0,0,1,0,19,19,1,0,37,0,0,111,3,16,6,0,20,aggregate,same rule repeated >= 10 times in 5 minutes
wazuh-1788713952.1127366,2026-09-06T16:59:12.925000Z,target-kali-01,5501,3,authentication_success|pam|syslog,pam,T1078,journald,0,0,0,0,0,0,0,0,0,0,1,0,19,19,1,0,37,0,0,111,3,16,6,0,20,aggregate,same rule repeated >= 10 times in 5 minutes
wazuh-1788713966.1127809,2026-09-06T16:59:26.960000Z,target-kali-01,5501,3,authentication_success|pam|syslog,pam,T1078,journald,0,0,0,0,0,0,0,0,0,0,1,0,19,19,1,0,37,0,0,111,3,16,6,0,20,aggregate,same rule repeated >= 10 times in 5 minutes
wazuh-1788713986.1130627,2026-09-06T16:59:46.956000Z,target-kali-01,5501,3,authentication_success|pam|syslog,pam,T1078,journald,0,0,0,0,0,0,0,0,0,0,1,0,19,19,1,0,37,0,0,111,3,16,6,0,20,aggregate,same rule repeated >= 10 times in 5 minutes
wazuh-1788714002.1147006,2026-09-06T17:00:02.232000Z,lab-sensor-01,80730,3,audit|audit_selinux,auditd,none,/var/log/audit/audit.log,0,0,0,0,0,0,0,1,1,0,0,0,28,9,8,1,15,0,0,81,10,17,6,0,10,aggregate,same rule repeated >= 10 times in 5 minutes
wazuh-1788714007.1151695,2026-09-06T17:00:07.088000Z,target-kali-01,5501,3,authentication_success|pam|syslog,pam,T1078,journald,0,0,0,0,0,0,0,0,0,0,1,0,18,18,1,0,37,0,0,111,3,17,6,0,19,aggregate,same rule repeated >= 10 times in 5 minutes
wazuh-1788714008.1152138,2026-09-06T17:00:08.687000Z,lab-sensor-01,5710,5,authentication_failed|invalid_login|sshd|syslog,sshd,T1021.004|T1110.001,journald,34272,0,1,0,0,0,1,0,0,0,1,0,34,11,9,1,15,0,0,81,10,17,6,0,12,aggregate,same rule repeated >= 10 times in 5 minutes
wazuh-1788714010.1152687,2026-09-06T17:00:10.689000Z,lab-sensor-01,5710,5,authentication_failed|invalid_login|sshd|syslog,sshd,T1021.004|T1110.001,journald,34274,0,1,0,0,0,1,0,0,0,1,0,34,12,9,1,16,0,0,82,10,17,6,0,13,aggregate,same rule repeated >= 10 times in 5 minutes
wazuh-1788714014.1153236,2026-09-06T17:00:14.694000Z,lab-sensor-01,5710,5,authentication_failed|invalid_login|sshd|syslog,sshd,T1021.004|T1110.001,journald,36134,0,1,0,0,0,1,0,0,0,1,0,34,13,9,1,17,0,0,83,10,17,6,0,14,aggregate,same rule repeated >= 10 times in 5 minutes
wazuh-1788714029.1153785,2026-09-06T17:00:29.209000Z,target-kali-01,5501,3,authentication_success|pam|syslog,pam,T1078,journald,0,0,0,0,0,0,0,0,0,0,1,0,17,17,1,0,37,0,0,110,3,17,6,0,18,aggregate,same rule repeated >= 10 times in 5 minutes
wazuh-1788714042.1154228,2026-09-06T17:00:42.801000Z,target-kali-01,5501,3,authentication_success|pam|syslog,pam,T1078,journald,0,0,0,0,0,0,0,0,0,0,1,0,18,18,1,0,37,0,0,110,3,17,6,0,19,aggregate,same rule repeated >= 10 times in 5 minutes
wazuh-1788714056.1154671,2026-09-06T17:00:56.891000Z,target-kali-01,5501,3,authentication_success|pam|syslog,pam,T1078,journald,0,0,0,0,0,0,0,0,0,0,1,0,18,18,1,0,37,0,0,110,3,17,6,0,19,aggregate,same rule repeated >= 10 times in 5 minutes
wazuh-1788714068.1155114,2026-09-06T17:01:08.996000Z,target-kali-01,5501,3,authentication_success|pam|syslog,pam,T1078,journald,0,0,0,0,0,0,0,0,0,0,1,0,18,18,1,0,37,0,0,111,3,17,6,0,19,aggregate,same rule repeated >= 10 times in 5 minutes
wazuh-1788714081.1159612,2026-09-06T17:01:21.057000Z,target-kali-01,5501,3,authentication_success|pam|syslog,pam,T1078,journald,0,0,0,0,0,0,0,0,0,0,1,0,18,18,1,0,37,0,0,111,3,17,6,0,19,aggregate,same rule repeated >= 10 times in 5 minutes
wazuh-1788714094.1160055,2026-09-06T17:01:34.427000Z,target-kali-01,5501,3,authentication_success|pam|syslog,pam,T1078,journald,0,0,0,0,0,0,0,0,0,0,1,0,18,18,1,0,37,0,0,111,3,17,6,0,19,aggregate,same rule repeated >= 10 times in 5 minutes
wazuh-1788714110.1160498,2026-09-06T17:01:50.878000Z,lab-sensor-01,5710,5,authentication_failed|invalid_login|sshd|syslog,sshd,T1021.004|T1110.001,journald,59542,0,1,0,0,0,1,0,0,0,1,0,32,11,9,1,17,0,0,80,10,17,6,0,12,aggregate,same rule repeated >= 10 times in 5 minutes
wazuh-1788714111.1161047,2026-09-06T17:01:51.534000Z,target-kali-01,5501,3,authentication_success|pam|syslog,pam,T1078,journald,0,0,0,0,0,0,0,0,0,0,1,0,18,18,1,0,37,0,0,111,3,17,6,0,19,aggregate,same rule repeated >= 10 times in 5 minutes
wazuh-1788714114.1161490,2026-09-06T17:01:54.883000Z,lab-sensor-01,5710,5,authentication_failed|invalid_login|sshd|syslog,sshd,T1021.004|T1110.001,journald,59504,0,1,0,0,0,1,0,0,0,1,0,33,12,9,1,17,0,0,81,10,17,6,0,13,aggregate,same rule repeated >= 10 times in 5 minutes
wazuh-1788714116.1162039,2026-09-06T17:01:56.888000Z,lab-sensor-01,5710,5,authentication_failed|invalid_login|sshd|syslog,sshd,T1021.004|T1110.001,journald,59512,0,1,0,0,0,1,0,0,0,1,0,34,13,9,1,17,0,0,82,10,17,6,0,14,aggregate,same rule repeated >= 10 times in 5 minutes
wazuh-1788714134.1162588,2026-09-06T17:02:14.633000Z,target-kali-01,5501,3,authentication_success|pam|syslog,pam,T1078,journald,0,0,0,0,0,0,0,0,0,0,1,0,18,18,1,0,37,0,0,111,3,17,6,0,19,aggregate,same rule repeated >= 10 times in 5 minutes
wazuh-1788714154.1163031,2026-09-06T17:02:34.963000Z,target-kali-01,5501,3,authentication_success|pam|syslog,pam,T1078,journald,0,0,0,0,0,0,0,0,0,0,1,0,17,17,1,0,37,0,0,111,3,17,6,0,18,aggregate,same rule repeated >= 10 times in 5 minutes
wazuh-1788714167.1163474,2026-09-06T17:02:47.681000Z,target-kali-01,5501,3,authentication_success|pam|syslog,pam,T1078,journald,0,0,0,0,0,0,0,0,0,0,1,0,18,18,1,0,37,0,0,111,3,17,6,0,19,aggregate,same rule repeated >= 10 times in 5 minutes
wazuh-1788714189.1166292,2026-09-06T17:03:09.049000Z,lab-sensor-01,5710,5,authentication_failed|invalid_login|sshd|syslog,sshd,T1021.004|T1110.001,journald,52194,0,1,0,0,0,1,0,0,0,1,0,37,11,9,1,18,0,0,78,10,17,6,0,12,aggregate,same rule repeated >= 10 times in 5 minutes
wazuh-1788714190.1166841,2026-09-06T17:03:10.255000Z,target-kali-01,5501,3,authentication_success|pam|syslog,pam,T1078,journald,0,0,0,0,0,0,0,0,0,0,1,0,18,18,1,0,37,0,0,111,3,17,6,0,19,aggregate,same rule repeated >= 10 times in 5 minutes
wazuh-1788714193.1167284,2026-09-06T17:03:13.057000Z,lab-sensor-01,5710,5,authentication_failed|invalid_login|sshd|syslog,sshd,T1021.004|T1110.001,journald,52200,0,1,0,0,0,1,0,0,0,1,0,36,11,9,1,19,0,0,79,10,17,6,0,12,aggregate,same rule repeated >= 10 times in 5 minutes
wazuh-1788714195.1167833,2026-09-06T17:03:15.081000Z,lab-sensor-01,5710,5,authentication_failed|invalid_login|sshd|syslog,sshd,T1021.004|T1110.001,journald,60706,0,1,0,0,0,1,0,0,0,1,0,37,12,9,1,20,0,0,80,10,17,6,0,13,aggregate,same rule repeated >= 10 times in 5 minutes
wazuh-1788714211.1168382,2026-09-06T17:03:31.161000Z,target-kali-01,5501,3,authentication_success|pam|syslog,pam,T1078,journald,0,0,0,0,0,0,0,0,0,0,1,0,18,18,1,0,37,0,0,111,3,17,6,0,19,aggregate,same rule repeated >= 10 times in 5 minutes
wazuh-1788714229.1168825,2026-09-06T17:03:49.629000Z,target-kali-01,5501,3,authentication_success|pam|syslog,pam,T1078,journald,0,0,0,0,0,0,0,0,0,0,1,0,17,17,1,0,37,0,0,111,3,17,6,0,18,aggregate,same rule repeated >= 10 times in 5 minutes
wazuh-1788714242.1169268,2026-09-06T17:04:02.119000Z,target-kali-01,5501,3,authentication_success|pam|syslog,pam,T1078,journald,0,0,0,0,0,0,0,0,0,0,1,0,18,18,1,0,37,0,0,111,3,17,6,0,19,aggregate,same rule repeated >= 10 times in 5 minutes
wazuh-1788714261.1172459,2026-09-06T17:04:21.639000Z,target-kali-01,5501,3,authentication_success|pam|syslog,pam,T1078,journald,0,0,0,0,0,0,0,0,0,0,1,0,17,17,1,0,36,0,0,111,3,17,6,0,18,aggregate,same rule repeated >= 10 times in 5 minutes
wazuh-1788714283.1172902,2026-09-06T17:04:43.925000Z,target-kali-01,5501,3,authentication_success|pam|syslog,pam,T1078,journald,0,0,0,0,0,0,0,0,0,0,1,0,17,17,1,0,36,0,0,111,3,17,6,0,18,aggregate,same rule repeated >= 10 times in 5 minutes
wazuh-1788714306.1175720,2026-09-06T17:05:06.228000Z,target-kali-01,5501,3,authentication_success|pam|syslog,pam,T1078,journald,0,0,0,0,0,0,0,0,0,0,1,0,17,17,1,0,35,0,0,111,3,17,6,0,18,aggregate,same rule repeated >= 10 times in 5 minutes
wazuh-1788714319.1176163,2026-09-06T17:05:19.139000Z,target-kali-01,5501,3,authentication_success|pam|syslog,pam,T1078,journald,0,0,0,0,0,0,0,0,0,0,1,0,17,17,1,0,35,0,0,111,3,17,6,0,18,aggregate,same rule repeated >= 10 times in 5 minutes
wazuh-1788714336.1176606,2026-09-06T17:05:36.402000Z,target-kali-01,5501,3,authentication_success|pam|syslog,pam,T1078,journald,0,0,0,0,0,0,0,0,0,0,1,0,17,17,1,0,35,0,0,111,3,17,6,0,18,aggregate,same rule repeated >= 10 times in 5 minutes
wazuh-1788714347.1177049,2026-09-06T17:05:47.049000Z,target-kali-01,5501,3,authentication_success|pam|syslog,pam,T1078,journald,0,0,0,0,0,0,0,0,0,0,1,0,17,17,1,0,36,0,0,111,3,17,6,0,18,aggregate,same rule repeated >= 10 times in 5 minutes
wazuh-1788714358.1177492,2026-09-06T17:05:58.687000Z,target-kali-01,5501,3,authentication_success|pam|syslog,pam,T1078,journald,0,0,0,0,0,0,0,0,0,0,1,0,17,17,1,0,36,0,0,112,3,17,6,0,18,aggregate,same rule repeated >= 10 times in 5 minutes
wazuh-1788714369.1177935,2026-09-06T17:06:09.996000Z,target-kali-01,5501,3,authentication_success|pam|syslog,pam,T1078,journald,0,0,0,0,0,0,0,0,0,0,1,0,17,17,1,0,36,0,0,112,3,17,6,0,18,aggregate,same rule repeated >= 10 times in 5 minutes
wazuh-1788714382.1178378,2026-09-06T17:06:22.080000Z,target-kali-01,5501,3,authentication_success|pam|syslog,pam,T1078,journald,0,0,0,0,0,0,0,0,0,0,1,0,17,17,1,0,36,0,0,112,3,17,6,0,18,aggregate,same rule repeated >= 10 times in 5 minutes
wazuh-1788714404.1180468,2026-09-06T17:06:44.136000Z,target-kali-01,5501,3,authentication_success|pam|syslog,pam,T1078,journald,0,0,0,0,0,0,0,0,0,0,1,0,17,17,1,0,36,0,0,112,3,17,6,0,18,aggregate,same rule repeated >= 10 times in 5 minutes
wazuh-1788714405.1180911,2026-09-06T17:06:45.425000Z,lab-sensor-01,31101,5,accesslog|attack|web,web-accesslog,none,/var/log/apache2/access.log,0,0,1,0,0,0,1,0,0,0,0,0,24,9,7,1,23,0,0,75,10,17,6,0,10,aggregate,same rule repeated >= 10 times in 5 minutes
wazuh-1788714407.1181353,2026-09-06T17:06:47.426000Z,lab-sensor-01,31101,5,accesslog|attack|web,web-accesslog,none,/var/log/apache2/access.log,0,0,1,0,0,0,1,0,0,0,0,0,25,10,7,1,23,0,0,75,10,17,6,0,11,aggregate,same rule repeated >= 10 times in 5 minutes
wazuh-1788714409.1181795,2026-09-06T17:06:49.429000Z,lab-sensor-01,31101,5,accesslog|attack|web,web-accesslog,none,/var/log/apache2/access.log,0,0,1,0,0,0,1,0,0,0,0,0,26,11,7,1,22,0,0,75,10,17,6,0,12,aggregate,same rule repeated >= 10 times in 5 minutes
wazuh-1788714426.1183286,2026-09-06T17:07:06.489000Z,target-kali-01,5501,3,authentication_success|pam|syslog,pam,T1078,journald,0,0,0,0,0,0,0,0,0,0,1,0,17,17,1,0,35,0,0,111,3,17,6,0,18,aggregate,same rule repeated >= 10 times in 5 minutes
wazuh-1788714438.1183729,2026-09-06T17:07:18.665000Z,target-kali-01,5501,3,authentication_success|pam|syslog,pam,T1078,journald,0,0,0,0,0,0,0,0,0,0,1,0,17,17,1,0,35,0,0,111,3,17,6,0,18,aggregate,same rule repeated >= 10 times in 5 minutes
wazuh-1788714455.1184172,2026-09-06T17:07:35.678000Z,target-kali-01,5501,3,authentication_success|pam|syslog,pam,T1078,journald,0,0,0,0,0,0,0,0,0,0,1,0,17,17,1,0,35,0,0,110,3,17,6,0,18,aggregate,same rule repeated >= 10 times in 5 minutes
wazuh-1788714470.1184615,2026-09-06T17:07:50.279000Z,target-kali-01,5501,3,authentication_success|pam|syslog,pam,T1078,journald,0,0,0,0,0,0,0,0,0,0,1,0,17,17,1,0,36,0,0,111,3,17,6,0,18,aggregate,same rule repeated >= 10 times in 5 minutes
wazuh-1788714481.1185058,2026-09-06T17:08:01.920000Z,target-kali-01,5501,3,authentication_success|pam|syslog,pam,T1078,journald,0,0,0,0,0,0,0,0,0,0,1,0,18,18,1,0,36,0,0,111,3,17,6,0,19,aggregate,same rule repeated >= 10 times in 5 minutes
wazuh-1788714494.1185501,2026-09-06T17:08:14.874000Z,target-kali-01,5501,3,authentication_success|pam|syslog,pam,T1078,journald,0,0,0,0,0,0,0,0,0,0,1,0,18,18,1,0,36,0,0,111,3,17,6,0,19,aggregate,same rule repeated >= 10 times in 5 minutes
wazuh-1788714508.1185944,2026-09-06T17:08:28.724000Z,target-kali-01,5501,3,authentication_success|pam|syslog,pam,T1078,journald,0,0,0,0,0,0,0,0,0,0,1,0,19,19,1,0,37,0,0,111,3,17,6,0,20,aggregate,same rule repeated >= 10 times in 5 minutes
wazuh-1788714524.1186387,2026-09-06T17:08:44.843000Z,target-kali-01,5501,3,authentication_success|pam|syslog,pam,T1078,journald,0,0,0,0,0,0,0,0,0,0,1,0,19,19,1,0,36,0,0,111,3,17,6,0,20,aggregate,same rule repeated >= 10 times in 5 minutes
wazuh-1788714540.1186830,2026-09-06T17:09:00.245000Z,target-kali-01,5501,3,authentication_success|pam|syslog,pam,T1078,journald,0,0,0,0,0,0,0,0,0,0,1,0,19,19,1,0,37,0,0,111,3,17,6,0,20,aggregate,same rule repeated >= 10 times in 5 minutes
wazuh-1788714552.1187273,2026-09-06T17:09:12.284000Z,target-kali-01,5501,3,authentication_success|pam|syslog,pam,T1078,journald,0,0,0,0,0,0,0,0,0,0,1,0,19,19,1,0,37,0,0,111,3,17,6,0,20,aggregate,same rule repeated >= 10 times in 5 minutes
wazuh-1788714564.1188089,2026-09-06T17:09:24.418000Z,target-kali-01,5501,3,authentication_success|pam|syslog,pam,T1078,journald,0,0,0,0,0,0,0,0,0,0,1,0,19,19,1,0,37,0,0,111,3,17,6,0,20,aggregate,same rule repeated >= 10 times in 5 minutes
wazuh-1788714577.1188532,2026-09-06T17:09:37.161000Z,target-kali-01,5501,3,authentication_success|pam|syslog,pam,T1078,journald,0,0,0,0,0,0,0,0,0,0,1,0,20,20,1,0,37,0,0,111,3,17,6,0,21,aggregate,same rule repeated >= 10 times in 5 minutes
wazuh-1788714595.1188975,2026-09-06T17:09:55.308000Z,target-kali-01,5501,3,authentication_success|pam|syslog,pam,T1078,journald,0,0,0,0,0,0,0,0,0,0,1,0,20,20,1,0,37,0,0,111,3,17,6,0,21,aggregate,same rule repeated >= 10 times in 5 minutes
wazuh-1788714607.1189418,2026-09-06T17:10:07.388000Z,target-kali-01,5501,3,authentication_success|pam|syslog,pam,T1078,journald,0,0,0,0,0,0,0,0,0,0,1,0,20,20,1,0,37,0,0,112,3,17,6,0,21,aggregate,same rule repeated >= 10 times in 5 minutes
wazuh-1788714619.1189861,2026-09-06T17:10:19.538000Z,target-kali-01,5501,3,authentication_success|pam|syslog,pam,T1078,journald,0,0,0,0,0,0,0,0,0,0,1,0,20,20,1,0,38,0,0,112,3,17,6,0,21,aggregate,same rule repeated >= 10 times in 5 minutes
wazuh-1788714627.1190304,2026-09-06T17:10:27.608000Z,target-kali-01,5501,3,authentication_success|pam|syslog,pam,T1078,journald,0,0,0,0,0,0,0,0,0,0,1,0,21,21,1,0,39,0,0,112,3,17,6,0,22,aggregate,same rule repeated >= 10 times in 5 minutes
wazuh-1788714645.1190747,2026-09-06T17:10:45.808000Z,target-kali-01,5501,3,authentication_success|pam|syslog,pam,T1078,journald,0,0,0,0,0,0,0,0,0,0,1,0,21,21,1,0,38,0,0,112,3,17,6,0,22,aggregate,same rule repeated >= 10 times in 5 minutes
wazuh-1788714668.1197973,2026-09-06T17:11:08.181000Z,target-kali-01,5501,3,authentication_success|pam|syslog,pam,T1078,journald,0,0,0,0,0,0,0,0,0,0,1,0,20,20,1,0,38,0,0,112,3,17,6,0,21,aggregate,same rule repeated >= 10 times in 5 minutes
wazuh-1788714682.1198416,2026-09-06T17:11:22.716000Z,target-kali-01,5501,3,authentication_success|pam|syslog,pam,T1078,journald,0,0,0,0,0,0,0,0,0,0,1,0,19,19,1,0,37,0,0,112,3,17,6,0,20,aggregate,same rule repeated >= 10 times in 5 minutes
wazuh-1788714705.1201234,2026-09-06T17:11:45.298000Z,target-kali-01,5501,3,authentication_success|pam|syslog,pam,T1078,journald,0,0,0,0,0,0,0,0,0,0,1,0,19,19,1,0,37,0,0,112,3,17,6,0,20,aggregate,same rule repeated >= 10 times in 5 minutes
wazuh-1788714722.1201677,2026-09-06T17:12:02.254000Z,target-kali-01,5501,3,authentication_success|pam|syslog,pam,T1078,journald,0,0,0,0,0,0,0,0,0,0,1,0,20,20,1,0,37,0,0,111,3,17,6,0,21,aggregate,same rule repeated >= 10 times in 5 minutes
wazuh-1788714738.1206532,2026-09-06T17:12:18.503000Z,target-kali-01,5501,3,authentication_success|pam|syslog,pam,T1078,journald,0,0,0,0,0,0,0,0,0,0,1,0,20,20,1,0,37,0,0,111,3,17,6,0,21,aggregate,same rule repeated >= 10 times in 5 minutes
wazuh-1788714754.1206975,2026-09-06T17:12:34.634000Z,target-kali-01,5501,3,authentication_success|pam|syslog,pam,T1078,journald,0,0,0,0,0,0,0,0,0,0,1,0,20,20,1,0,38,0,0,110,3,17,6,0,21,aggregate,same rule repeated >= 10 times in 5 minutes
wazuh-1788714767.1207967,2026-09-06T17:12:47.715000Z,target-kali-01,5501,3,authentication_success|pam|syslog,pam,T1078,journald,0,0,0,0,0,0,0,0,0,0,1,0,20,20,1,0,37,0,0,111,3,17,6,0,21,aggregate,same rule repeated >= 10 times in 5 minutes
wazuh-1788714787.1209508,2026-09-06T17:13:07.337000Z,target-kali-01,5501,3,authentication_success|pam|syslog,pam,T1078,journald,0,0,0,0,0,0,0,0,0,0,1,0,19,19,1,0,38,0,0,111,3,17,6,0,20,aggregate,same rule repeated >= 10 times in 5 minutes
wazuh-1788714809.1216734,2026-09-06T17:13:29.431000Z,target-kali-01,5501,3,authentication_success|pam|syslog,pam,T1078,journald,0,0,0,0,0,0,0,0,0,0,1,0,18,18,1,0,38,0,0,110,3,17,6,0,19,aggregate,same rule repeated >= 10 times in 5 minutes
wazuh-1788714824.1217177,2026-09-06T17:13:44.678000Z,target-kali-01,5501,3,authentication_success|pam|syslog,pam,T1078,journald,0,0,0,0,0,0,0,0,0,0,1,0,19,19,1,0,38,0,0,109,3,17,6,0,20,aggregate,same rule repeated >= 10 times in 5 minutes
wazuh-1788714834.1217879,2026-09-06T17:13:54.645000Z,target-kali-01,5501,3,authentication_success|pam|syslog,pam,T1078,journald,0,0,0,0,0,0,0,0,0,0,1,0,19,19,1,0,38,0,0,110,3,17,6,0,20,aggregate,same rule repeated >= 10 times in 5 minutes
wazuh-1788714847.1218322,2026-09-06T17:14:07.017000Z,target-kali-01,5501,3,authentication_success|pam|syslog,pam,T1078,journald,0,0,0,0,0,0,0,0,0,0,1,0,19,19,1,0,38,0,0,110,3,17,6,0,20,aggregate,same rule repeated >= 10 times in 5 minutes
wazuh-1788714847.1218765,2026-09-06T17:14:07.873000Z,lab-sensor-01,31101,5,accesslog|attack|web,web-accesslog,none,/var/log/apache2/access.log,0,0,1,0,0,0,1,0,0,0,0,0,18,9,4,0,6,0,0,72,6,17,6,0,10,aggregate,same rule repeated >= 10 times in 5 minutes
wazuh-1788714849.1223619,2026-09-06T17:14:09.875000Z,lab-sensor-01,31101,5,accesslog|attack|web,web-accesslog,none,/var/log/apache2/access.log,0,0,1,0,0,0,1,0,0,0,0,0,19,10,4,0,6,0,0,72,6,17,6,0,11,aggregate,same rule repeated >= 10 times in 5 minutes
wazuh-1788714851.1224061,2026-09-06T17:14:11.906000Z,lab-sensor-01,31101,5,accesslog|attack|web,web-accesslog,none,/var/log/apache2/access.log,0,0,1,0,0,0,1,0,0,0,0,0,20,11,4,0,6,0,0,72,6,17,6,0,12,aggregate,same rule repeated >= 10 times in 5 minutes
wazuh-1788714867.1225552,2026-09-06T17:14:27.841000Z,target-kali-01,5501,3,authentication_success|pam|syslog,pam,T1078,journald,0,0,0,0,0,0,0,0,0,0,1,0,18,18,1,0,38,0,0,110,3,17,6,0,19,aggregate,same rule repeated >= 10 times in 5 minutes
wazuh-1788714880.1225995,2026-09-06T17:14:40.222000Z,target-kali-01,5501,3,authentication_success|pam|syslog,pam,T1078,journald,0,0,0,0,0,0,0,0,0,0,1,0,18,18,1,0,39,0,0,111,3,17,6,0,19,aggregate,same rule repeated >= 10 times in 5 minutes
wazuh-1788714898.1226811,2026-09-06T17:14:58.330000Z,target-kali-01,5501,3,authentication_success|pam|syslog,pam,T1078,journald,0,0,0,0,0,0,0,0,0,0,1,0,18,18,1,0,39,0,0,111,3,17,6,0,19,aggregate,same rule repeated >= 10 times in 5 minutes
wazuh-1788714899.1227254,2026-09-06T17:14:59.984000Z,lab-sensor-01,31101,5,accesslog|attack|web,web-accesslog,none,/var/log/apache2/access.log,0,0,1,0,0,0,1,0,0,0,0,0,23,12,4,0,6,0,0,67,6,17,6,0,13,aggregate,same rule repeated >= 10 times in 5 minutes
wazuh-1788714901.1227696,2026-09-06T17:15:01.987000Z,lab-sensor-01,31101,5,accesslog|attack|web,web-accesslog,none,/var/log/apache2/access.log,0,0,1,0,0,0,1,0,0,0,0,0,24,13,4,0,6,0,0,67,6,17,6,0,14,aggregate,same rule repeated >= 10 times in 5 minutes
wazuh-1788714903.1228138,2026-09-06T17:15:03.990000Z,lab-sensor-01,31101,5,accesslog|attack|web,web-accesslog,none,/var/log/apache2/access.log,0,0,1,0,0,0,1,0,0,0,0,0,25,14,4,0,6,0,0,66,6,17,6,0,15,aggregate,same rule repeated >= 10 times in 5 minutes
wazuh-1788714908.1231835,2026-09-06T17:15:08.508000Z,film-laptop,86601,3,ids|suricata,json,none,/var/log/suricata/eve.json,68,67,1,1,0,0,1,0,0,0,0,0,11,9,3,0,0,0,0,0,4,17,6,0,10,aggregate,same rule repeated >= 10 times in 5 minutes
wazuh-1788714920.1234041,2026-09-06T17:15:20.402000Z,target-kali-01,5501,3,authentication_success|pam|syslog,pam,T1078,journald,0,0,0,0,0,0,0,0,0,0,1,0,17,17,1,0,38,0,0,111,3,17,6,0,18,aggregate,same rule repeated >= 10 times in 5 minutes
wazuh-1788714930.1234484,2026-09-06T17:15:30.435000Z,target-kali-01,5501,3,authentication_success|pam|syslog,pam,T1078,journald,0,0,0,0,0,0,0,0,0,0,1,0,17,17,1,0,39,0,0,111,3,17,6,0,18,aggregate,same rule repeated >= 10 times in 5 minutes
wazuh-1788714950.1235871,2026-09-06T17:15:50.581000Z,target-kali-01,5501,3,authentication_success|pam|syslog,pam,T1078,journald,0,0,0,0,0,0,0,0,0,0,1,0,17,17,1,0,38,0,0,110,3,17,6,0,18,aggregate,same rule repeated >= 10 times in 5 minutes
wazuh-1788714964.1236863,2026-09-06T17:16:04.618000Z,target-kali-01,5501,3,authentication_success|pam|syslog,pam,T1078,journald,0,0,0,0,0,0,0,0,0,0,1,0,18,18,1,0,38,0,0,111,3,17,6,0,19,aggregate,same rule repeated >= 10 times in 5 minutes
wazuh-1788714968.1240061,2026-09-06T17:16:08.536000Z,film-laptop,86601,3,ids|suricata,json,none,/var/log/suricata/eve.json,68,67,1,1,0,0,1,0,0,0,0,0,11,9,3,0,0,0,0,0,4,17,6,0,10,aggregate,same rule repeated >= 10 times in 5 minutes
wazuh-1788714984.1243365,2026-09-06T17:16:24.715000Z,target-kali-01,5501,3,authentication_success|pam|syslog,pam,T1078,journald,0,0,0,0,0,0,0,0,0,0,1,0,17,17,1,0,37,0,0,111,3,17,6,0,18,aggregate,same rule repeated >= 10 times in 5 minutes
wazuh-1788715004.1244906,2026-09-06T17:16:44.824000Z,target-kali-01,5501,3,authentication_success|pam|syslog,pam,T1078,journald,0,0,0,0,0,0,0,0,0,0,1,0,18,18,1,0,37,0,0,110,3,17,6,0,19,aggregate,same rule repeated >= 10 times in 5 minutes
wazuh-1788715015.1245349,2026-09-06T17:16:55.036000Z,target-kali-01,5501,3,authentication_success|pam|syslog,pam,T1078,journald,0,0,0,0,0,0,0,0,0,0,1,0,18,18,1,0,38,0,0,111,3,17,6,0,19,aggregate,same rule repeated >= 10 times in 5 minutes
wazuh-1788715029.1245792,2026-09-06T17:17:09.554000Z,target-kali-01,5501,3,authentication_success|pam|syslog,pam,T1078,journald,0,0,0,0,0,0,0,0,0,0,1,0,18,18,1,0,38,0,0,111,3,17,6,0,19,aggregate,same rule repeated >= 10 times in 5 minutes
wazuh-1788715030.1248441,2026-09-06T17:17:10.656000Z,film-laptop,86601,3,ids|suricata,json,none,/var/log/suricata/eve.json,68,67,1,1,0,0,1,0,0,0,0,0,11,9,3,0,0,0,0,0,4,17,6,0,10,aggregate,same rule repeated >= 10 times in 5 minutes
wazuh-1788715032.1250647,2026-09-06T17:17:12.221000Z,lab-sensor-01,31101,5,accesslog|attack|web,web-accesslog,none,/var/log/apache2/access.log,0,0,1,0,0,0,1,0,0,0,0,0,26,9,6,0,9,0,0,66,6,17,6,0,10,aggregate,same rule repeated >= 10 times in 5 minutes
wazuh-1788715034.1251089,2026-09-06T17:17:14.225000Z,lab-sensor-01,31101,5,accesslog|attack|web,web-accesslog,none,/var/log/apache2/access.log,0,0,1,0,0,0,1,0,0,0,0,0,27,10,6,0,9,0,0,66,6,17,6,0,11,aggregate,same rule repeated >= 10 times in 5 minutes
wazuh-1788715036.1251531,2026-09-06T17:17:16.227000Z,lab-sensor-01,31101,5,accesslog|attack|web,web-accesslog,none,/var/log/apache2/access.log,0,0,1,0,0,0,1,0,0,0,0,0,28,11,6,0,9,0,0,66,6,17,6,0,12,aggregate,same rule repeated >= 10 times in 5 minutes
wazuh-1788715051.1253022,2026-09-06T17:17:31.722000Z,target-kali-01,5501,3,authentication_success|pam|syslog,pam,T1078,journald,0,0,0,0,0,0,0,0,0,0,1,0,18,18,1,0,38,0,0,111,3,17,6,0,19,aggregate,same rule repeated >= 10 times in 5 minutes
wazuh-1788715063.1253465,2026-09-06T17:17:43.762000Z,target-kali-01,5501,3,authentication_success|pam|syslog,pam,T1078,journald,0,0,0,0,0,0,0,0,0,0,1,0,18,18,1,0,38,0,0,112,3,17,6,0,19,aggregate,same rule repeated >= 10 times in 5 minutes
wazuh-1788715064.1253908,2026-09-06T17:17:44.703000Z,lab-sensor-01,31101,5,accesslog|attack|web,web-accesslog,none,/var/log/apache2/access.log,0,0,1,0,0,0,1,0,0,0,0,0,31,12,6,0,9,0,0,64,6,17,6,0,13,aggregate,same rule repeated >= 10 times in 5 minutes
wazuh-1788715066.1254350,2026-09-06T17:17:46.705000Z,lab-sensor-01,31101,5,accesslog|attack|web,web-accesslog,none,/var/log/apache2/access.log,0,0,1,0,0,0,1,0,0,0,0,0,31,13,6,0,9,0,0,64,6,17,6,0,14,aggregate,same rule repeated >= 10 times in 5 minutes
wazuh-1788715068.1254792,2026-09-06T17:17:48.713000Z,lab-sensor-01,31101,5,accesslog|attack|web,web-accesslog,none,/var/log/apache2/access.log,0,0,1,0,0,0,1,0,0,0,0,0,32,14,6,0,9,0,0,64,6,17,6,0,15,aggregate,same rule repeated >= 10 times in 5 minutes
wazuh-1788715081.1256283,2026-09-06T17:18:01.854000Z,target-kali-01,5501,3,authentication_success|pam|syslog,pam,T1078,journald,0,0,0,0,0,0,0,0,0,0,1,0,18,18,1,0,38,0,0,112,3,17,6,0,19,aggregate,same rule repeated >= 10 times in 5 minutes
wazuh-1788715090.1258930,2026-09-06T17:18:10.658000Z,film-laptop,86601,3,ids|suricata,json,none,/var/log/suricata/eve.json,68,67,1,1,0,0,1,0,0,0,0,0,11,9,3,0,0,0,0,0,4,17,6,0,10,aggregate,same rule repeated >= 10 times in 5 minutes
wazuh-1788715104.1261134,2026-09-06T17:18:24.794000Z,target-kali-01,5501,3,authentication_success|pam|syslog,pam,T1078,journald,0,0,0,0,0,0,0,0,0,0,1,0,18,18,1,0,37,0,0,111,3,17,6,0,19,aggregate,same rule repeated >= 10 times in 5 minutes
wazuh-1788715115.1262036,2026-09-06T17:18:35.591000Z,target-kali-01,5501,3,authentication_success|pam|syslog,pam,T1078,journald,0,0,0,0,0,0,0,0,0,0,1,0,18,18,1,0,37,0,0,111,3,17,6,0,19,aggregate,same rule repeated >= 10 times in 5 minutes
wazuh-1788715136.1262964,2026-09-06T17:18:56.245000Z,target-kali-01,5501,3,authentication_success|pam|syslog,pam,T1078,journald,0,0,0,0,0,0,0,0,0,0,1,0,17,17,1,0,37,0,0,111,3,17,6,0,18,aggregate,same rule repeated >= 10 times in 5 minutes
wazuh-1788715150.1263866,2026-09-06T17:19:10.713000Z,target-kali-01,5501,3,authentication_success|pam|syslog,pam,T1078,journald,0,0,0,0,0,0,0,0,0,0,1,0,17,17,1,0,37,0,0,111,3,17,6,0,18,aggregate,same rule repeated >= 10 times in 5 minutes
wazuh-1788715150.1266515,2026-09-06T17:19:10.802000Z,film-laptop,86601,3,ids|suricata,json,none,/var/log/suricata/eve.json,68,67,1,1,0,0,1,0,0,0,0,0,10,9,3,0,0,0,0,0,4,17,6,0,10,aggregate,same rule repeated >= 10 times in 5 minutes
wazuh-1788715171.1269206,2026-09-06T17:19:31.431000Z,target-kali-01,5501,3,authentication_success|pam|syslog,pam,T1078,journald,0,0,0,0,0,0,0,0,0,0,1,0,17,17,1,0,36,0,0,111,3,17,6,0,18,aggregate,same rule repeated >= 10 times in 5 minutes
wazuh-1788715184.1270108,2026-09-06T17:19:44.935000Z,target-kali-01,5501,3,authentication_success|pam|syslog,pam,T1078,journald,0,0,0,0,0,0,0,0,0,0,1,0,17,17,1,0,36,0,0,111,3,17,6,0,18,aggregate,same rule repeated >= 10 times in 5 minutes
wazuh-1788715202.1271036,2026-09-06T17:20:02.578000Z,target-kali-01,5501,3,authentication_success|pam|syslog,pam,T1078,journald,0,0,0,0,0,0,0,0,0,0,1,0,17,17,1,0,36,0,0,111,3,17,6,0,18,aggregate,same rule repeated >= 10 times in 5 minutes
wazuh-1788715212.1271479,2026-09-06T17:20:12.647000Z,target-kali-01,5501,3,authentication_success|pam|syslog,pam,T1078,journald,0,0,0,0,0,0,0,0,0,0,1,0,18,18,1,0,36,0,0,112,3,17,6,0,19,aggregate,same rule repeated >= 10 times in 5 minutes
wazuh-1788715213.1274128,2026-09-06T17:20:13.043000Z,film-laptop,86601,3,ids|suricata,json,none,/var/log/suricata/eve.json,68,67,1,1,0,0,1,0,0,0,0,0,9,9,3,0,0,0,0,0,4,17,6,0,10,aggregate,same rule repeated >= 10 times in 5 minutes
wazuh-1788715224.1276334,2026-09-06T17:20:24.705000Z,target-kali-01,5501,3,authentication_success|pam|syslog,pam,T1078,journald,0,0,0,0,0,0,0,0,0,0,1,0,18,18,1,0,36,0,0,112,3,17,6,0,19,aggregate,same rule repeated >= 10 times in 5 minutes
wazuh-1788715234.1276777,2026-09-06T17:20:34.770000Z,target-kali-01,5501,3,authentication_success|pam|syslog,pam,T1078,journald,0,0,0,0,0,0,0,0,0,0,1,0,18,18,1,0,36,0,0,112,3,17,6,0,19,aggregate,same rule repeated >= 10 times in 5 minutes
wazuh-1788715247.1277220,2026-09-06T17:20:47.018000Z,target-kali-01,5501,3,authentication_success|pam|syslog,pam,T1078,journald,0,0,0,0,0,0,0,0,0,0,1,0,19,19,1,0,36,0,0,112,3,17,6,0,20,aggregate,same rule repeated >= 10 times in 5 minutes
wazuh-1788715263.1278122,2026-09-06T17:21:03.266000Z,target-kali-01,5501,3,authentication_success|pam|syslog,pam,T1078,journald,0,0,0,0,0,0,0,0,0,0,1,0,19,19,1,0,37,0,0,112,3,17,6,0,20,aggregate,same rule repeated >= 10 times in 5 minutes
wazuh-1788715273.1281625,2026-09-06T17:21:13.124000Z,film-laptop,86601,3,ids|suricata,json,none,/var/log/suricata/eve.json,68,67,1,1,0,0,1,0,0,0,0,0,10,9,3,0,0,0,0,0,4,17,6,0,10,aggregate,same rule repeated >= 10 times in 5 minutes
wazuh-1788715285.1284376,2026-09-06T17:21:25.324000Z,target-kali-01,5501,3,authentication_success|pam|syslog,pam,T1078,journald,0,0,0,0,0,0,0,0,0,0,1,0,18,18,1,0,36,0,0,112,3,17,6,0,19,aggregate,same rule repeated >= 10 times in 5 minutes
wazuh-1788715305.1285917,2026-09-06T17:21:45.513000Z,target-kali-01,5501,3,authentication_success|pam|syslog,pam,T1078,journald,0,0,0,0,0,0,0,0,0,0,1,0,18,18,1,0,36,0,0,112,3,17,6,0,19,aggregate,same rule repeated >= 10 times in 5 minutes
wazuh-1788715321.1286360,2026-09-06T17:22:01.579000Z,target-kali-01,5501,3,authentication_success|pam|syslog,pam,T1078,journald,0,0,0,0,0,0,0,0,0,0,1,0,18,18,1,0,37,0,0,112,3,17,6,0,19,aggregate,same rule repeated >= 10 times in 5 minutes
wazuh-1788715335.1289009,2026-09-06T17:22:15.048000Z,film-laptop,86601,3,ids|suricata,json,none,/var/log/suricata/eve.json,68,67,1,1,0,0,1,0,0,0,0,0,10,9,3,0,0,0,0,0,4,17,6,0,10,aggregate,same rule repeated >= 10 times in 5 minutes
wazuh-1788715335.1291215,2026-09-06T17:22:15.641000Z,target-kali-01,5501,3,authentication_success|pam|syslog,pam,T1078,journald,0,0,0,0,0,0,0,0,0,0,1,0,18,18,1,0,37,0,0,112,3,17,6,0,19,aggregate,same rule repeated >= 10 times in 5 minutes
wazuh-1788715347.1291658,2026-09-06T17:22:27.885000Z,target-kali-01,5501,3,authentication_success|pam|syslog,pam,T1078,journald,0,0,0,0,0,0,0,0,0,0,1,0,19,19,1,0,37,0,0,112,3,17,6,0,20,aggregate,same rule repeated >= 10 times in 5 minutes
wazuh-1788715362.1292101,2026-09-06T17:22:42.130000Z,target-kali-01,5501,3,authentication_success|pam|syslog,pam,T1078,journald,0,0,0,0,0,0,0,0,0,0,1,0,19,19,1,0,37,0,0,113,3,17,6,0,20,aggregate,same rule repeated >= 10 times in 5 minutes
wazuh-1788715374.1293003,2026-09-06T17:22:54.015000Z,target-kali-01,5501,3,authentication_success|pam|syslog,pam,T1078,journald,0,0,0,0,0,0,0,0,0,0,1,0,19,19,1,0,37,0,0,113,3,17,6,0,20,aggregate,same rule repeated >= 10 times in 5 minutes
wazuh-1788715394.1293931,2026-09-06T17:23:14.453000Z,target-kali-01,5501,3,authentication_success|pam|syslog,pam,T1078,journald,0,0,0,0,0,0,0,0,0,0,1,0,19,19,1,0,37,0,0,113,3,17,6,0,20,aggregate,same rule repeated >= 10 times in 5 minutes
wazuh-1788715395.1296578,2026-09-06T17:23:15.064000Z,film-laptop,86601,3,ids|suricata,json,none,/var/log/suricata/eve.json,68,67,1,1,0,0,1,0,0,0,0,0,10,9,3,0,0,0,0,0,4,17,6,0,10,aggregate,same rule repeated >= 10 times in 5 minutes
wazuh-1788715416.1300429,2026-09-06T17:23:36.534000Z,target-kali-01,5501,3,authentication_success|pam|syslog,pam,T1078,journald,0,0,0,0,0,0,0,0,0,0,1,0,18,18,1,0,37,0,0,112,3,17,6,0,19,aggregate,same rule repeated >= 10 times in 5 minutes
wazuh-1788715428.1300872,2026-09-06T17:23:48.639000Z,target-kali-01,5501,3,authentication_success|pam|syslog,pam,T1078,journald,0,0,0,0,0,0,0,0,0,0,1,0,19,19,1,0,37,0,0,113,3,17,6,0,20,aggregate,same rule repeated >= 10 times in 5 minutes
wazuh-1788715446.1302259,2026-09-06T17:24:06.730000Z,target-kali-01,5501,3,authentication_success|pam|syslog,pam,T1078,journald,0,0,0,0,0,0,0,0,0,0,1,0,19,19,1,0,37,0,0,113,3,17,6,0,20,aggregate,same rule repeated >= 10 times in 5 minutes
wazuh-1788715457.1304908,2026-09-06T17:24:17.112000Z,film-laptop,86601,3,ids|suricata,json,none,/var/log/suricata/eve.json,68,67,1,1,0,0,1,0,0,0,0,0,10,9,2,0,0,0,0,0,3,17,6,0,10,aggregate,same rule repeated >= 10 times in 5 minutes
wazuh-1788715465.1307114,2026-09-06T17:24:25.959000Z,target-kali-01,5501,3,authentication_success|pam|syslog,pam,T1078,journald,0,0,0,0,0,0,0,0,0,0,1,0,19,19,1,0,37,0,0,112,3,17,6,0,20,aggregate,same rule repeated >= 10 times in 5 minutes
wazuh-1788715480.1308106,2026-09-06T17:24:40.132000Z,target-kali-01,5501,3,authentication_success|pam|syslog,pam,T1078,journald,0,0,0,0,0,0,0,0,0,0,1,0,19,19,1,0,37,0,0,113,3,17,6,0,20,aggregate,same rule repeated >= 10 times in 5 minutes
wazuh-1788715500.1309647,2026-09-06T17:25:00.242000Z,target-kali-01,5501,3,authentication_success|pam|syslog,pam,T1078,journald,0,0,0,0,0,0,0,0,0,0,1,0,19,19,1,0,36,0,0,112,3,17,6,0,20,aggregate,same rule repeated >= 10 times in 5 minutes
wazuh-1788715514.1310090,2026-09-06T17:25:14.279000Z,target-kali-01,5501,3,authentication_success|pam|syslog,pam,T1078,journald,0,0,0,0,0,0,0,0,0,0,1,0,18,18,1,0,37,0,0,111,3,17,6,0,19,aggregate,same rule repeated >= 10 times in 5 minutes
wazuh-1788715515.1310533,2026-09-06T17:25:15.703000Z,lab-sensor-01,5710,5,authentication_failed|invalid_login|sshd|syslog,sshd,T1021.004|T1110.001,journald,55168,0,1,0,0,0,1,0,0,0,1,0,15,9,6,0,15,0,0,68,6,17,6,0,10,aggregate,same rule repeated >= 10 times in 5 minutes
wazuh-1788715517.1313286,2026-09-06T17:25:17.384000Z,film-laptop,86601,3,ids|suricata,json,none,/var/log/suricata/eve.json,68,67,1,1,0,0,1,0,0,0,0,0,10,9,2,0,0,0,0,0,3,17,6,0,10,aggregate,same rule repeated >= 10 times in 5 minutes
wazuh-1788715517.1315490,2026-09-06T17:25:17.708000Z,lab-sensor-01,5710,5,authentication_failed|invalid_login|sshd|syslog,sshd,T1021.004|T1110.001,journald,55178,0,1,0,0,0,1,0,0,0,1,0,16,10,6,0,16,0,0,69,6,17,6,0,11,aggregate,same rule repeated >= 10 times in 5 minutes
wazuh-1788715521.1316039,2026-09-06T17:25:21.715000Z,lab-sensor-01,5710,5,authentication_failed|invalid_login|sshd|syslog,sshd,T1021.004|T1110.001,journald,55192,0,1,0,0,0,1,0,0,0,1,0,17,11,6,0,17,0,0,70,6,17,6,0,12,aggregate,same rule repeated >= 10 times in 5 minutes
wazuh-1788715534.1316588,2026-09-06T17:25:34.345000Z,target-kali-01,5501,3,authentication_success|pam|syslog,pam,T1078,journald,0,0,0,0,0,0,0,0,0,0,1,0,18,18,1,0,36,0,0,111,3,17,6,0,19,aggregate,same rule repeated >= 10 times in 5 minutes
wazuh-1788715549.1317031,2026-09-06T17:25:49.071000Z,target-kali-01,5501,3,authentication_success|pam|syslog,pam,T1078,journald,0,0,0,0,0,0,0,0,0,0,1,0,17,17,1,0,37,0,0,111,3,17,6,0,18,aggregate,same rule repeated >= 10 times in 5 minutes
wazuh-1788715560.1317474,2026-09-06T17:26:00.315000Z,target-kali-01,5501,3,authentication_success|pam|syslog,pam,T1078,journald,0,0,0,0,0,0,0,0,0,0,1,0,18,18,1,0,37,0,0,112,3,17,6,0,19,aggregate,same rule repeated >= 10 times in 5 minutes
wazuh-1788715573.1317917,2026-09-06T17:26:13.580000Z,target-kali-01,5501,3,authentication_success|pam|syslog,pam,T1078,journald,0,0,0,0,0,0,0,0,0,0,1,0,18,18,1,0,37,0,0,111,3,17,6,0,19,aggregate,same rule repeated >= 10 times in 5 minutes
wazuh-1788715573.1318360,2026-09-06T17:26:13.813000Z,lab-sensor-01,5710,5,authentication_failed|invalid_login|sshd|syslog,sshd,T1021.004|T1110.001,journald,52110,0,1,0,0,0,1,0,0,0,1,0,16,12,6,0,15,0,0,71,6,17,6,0,13,aggregate,same rule repeated >= 10 times in 5 minutes
wazuh-1788715577.1321111,2026-09-06T17:26:17.250000Z,film-laptop,86601,3,ids|suricata,json,none,/var/log/suricata/eve.json,68,67,1,1,0,0,1,0,0,0,0,0,9,9,2,0,0,0,0,0,3,17,6,0,10,aggregate,same rule repeated >= 10 times in 5 minutes
wazuh-1788715579.1324647,2026-09-06T17:26:19.824000Z,lab-sensor-01,5710,5,authentication_failed|invalid_login|sshd|syslog,sshd,T1021.004|T1110.001,journald,52120,0,1,0,0,0,1,0,0,0,1,0,18,13,7,1,17,0,0,73,10,17,6,0,14,aggregate,same rule repeated >= 10 times in 5 minutes
wazuh-1788715593.1325569,2026-09-06T17:26:33.673000Z,target-kali-01,5501,3,authentication_success|pam|syslog,pam,T1078,journald,0,0,0,0,0,0,0,0,0,0,1,0,18,18,1,0,37,0,0,111,3,17,6,0,19,aggregate,same rule repeated >= 10 times in 5 minutes
wazuh-1788715609.1326012,2026-09-06T17:26:49.772000Z,target-kali-01,5501,3,authentication_success|pam|syslog,pam,T1078,journald,0,0,0,0,0,0,0,0,0,0,1,0,18,18,1,0,37,0,0,111,3,17,6,0,19,aggregate,same rule repeated >= 10 times in 5 minutes
wazuh-1788715619.1326455,2026-09-06T17:26:59.816000Z,target-kali-01,5501,3,authentication_success|pam|syslog,pam,T1078,journald,0,0,0,0,0,0,0,0,0,0,1,0,19,19,1,0,37,0,0,112,3,17,6,0,20,aggregate,same rule repeated >= 10 times in 5 minutes
wazuh-1788715637.1329104,2026-09-06T17:27:17.546000Z,film-laptop,86601,3,ids|suricata,json,none,/var/log/suricata/eve.json,68,67,1,1,0,0,1,0,0,0,0,0,10,9,2,0,0,0,0,0,3,17,6,0,10,aggregate,same rule repeated >= 10 times in 5 minutes
wazuh-1788715640.1331310,2026-09-06T17:27:20.070000Z,target-kali-01,5501,3,authentication_success|pam|syslog,pam,T1078,journald,0,0,0,0,0,0,0,0,0,0,1,0,18,18,1,0,37,0,0,111,3,17,6,0,19,aggregate,same rule repeated >= 10 times in 5 minutes
wazuh-1788715654.1332212,2026-09-06T17:27:34.150000Z,target-kali-01,5501,3,authentication_success|pam|syslog,pam,T1078,journald,0,0,0,0,0,0,0,0,0,0,1,0,18,18,1,0,37,0,0,111,3,17,6,0,19,aggregate,same rule repeated >= 10 times in 5 minutes
wazuh-1788715670.1333140,2026-09-06T17:27:50.460000Z,target-kali-01,5501,3,authentication_success|pam|syslog,pam,T1078,journald,0,0,0,0,0,0,0,0,0,0,1,0,18,18,1,0,37,0,0,112,3,17,6,0,19,aggregate,same rule repeated >= 10 times in 5 minutes
wazuh-1788715687.1333583,2026-09-06T17:28:07.793000Z,target-kali-01,5501,3,authentication_success|pam|syslog,pam,T1078,journald,0,0,0,0,0,0,0,0,0,0,1,0,18,18,1,0,37,0,0,112,3,17,6,0,19,aggregate,same rule repeated >= 10 times in 5 minutes
wazuh-1788715697.1336230,2026-09-06T17:28:17.420000Z,film-laptop,86601,3,ids|suricata,json,none,/var/log/suricata/eve.json,68,67,1,1,0,0,1,0,0,0,0,0,10,9,2,0,0,0,0,0,3,17,6,0,10,aggregate,same rule repeated >= 10 times in 5 minutes
wazuh-1788715702.1338434,2026-09-06T17:28:22.865000Z,target-kali-01,5501,3,authentication_success|pam|syslog,pam,T1078,journald,0,0,0,0,0,0,0,0,0,0,1,0,18,18,1,0,38,0,0,112,3,17,6,0,19,aggregate,same rule repeated >= 10 times in 5 minutes
wazuh-1788715716.1338877,2026-09-06T17:28:36.938000Z,target-kali-01,5501,3,authentication_success|pam|syslog,pam,T1078,journald,0,0,0,0,0,0,0,0,0,0,1,0,18,18,1,0,37,0,0,112,3,17,6,0,19,aggregate,same rule repeated >= 10 times in 5 minutes
wazuh-1788715735.1339869,2026-09-06T17:28:55.019000Z,target-kali-01,5501,3,authentication_success|pam|syslog,pam,T1078,journald,0,0,0,0,0,0,0,0,0,0,1,0,18,18,1,0,38,0,0,112,3,17,6,0,19,aggregate,same rule repeated >= 10 times in 5 minutes
wazuh-1788715738.1340312,2026-09-06T17:28:58.194000Z,lab-sensor-01,5710,5,authentication_failed|invalid_login|sshd|syslog,sshd,T1021.004|T1110.001,journald,43474,0,1,0,0,0,1,0,0,0,1,0,12,9,4,1,16,0,0,65,10,17,6,0,10,aggregate,same rule repeated >= 10 times in 5 minutes
wazuh-1788715740.1340861,2026-09-06T17:29:00.199000Z,lab-sensor-01,5710,5,authentication_failed|invalid_login|sshd|syslog,sshd,T1021.004|T1110.001,journald,43476,0,1,0,0,0,1,0,0,0,1,0,13,10,4,1,17,0,0,66,10,17,6,0,11,aggregate,same rule repeated >= 10 times in 5 minutes
wazuh-1788715753.1341410,2026-09-06T17:29:13.091000Z,target-kali-01,5501,3,authentication_success|pam|syslog,pam,T1078,journald,0,0,0,0,0,0,0,0,0,0,1,0,18,18,1,0,37,0,0,111,3,17,6,0,19,aggregate,same rule repeated >= 10 times in 5 minutes
wazuh-1788715757.1344063,2026-09-06T17:29:17.631000Z,film-laptop,86601,3,ids|suricata,json,none,/var/log/suricata/eve.json,68,67,1,1,0,0,1,0,0,0,0,0,10,9,2,0,0,0,0,0,3,17,6,0,10,aggregate,same rule repeated >= 10 times in 5 minutes
wazuh-1788715765.1346732,2026-09-06T17:29:25.429000Z,target-kali-01,5501,3,authentication_success|pam|syslog,pam,T1078,journald,0,0,0,0,0,0,0,0,0,0,1,0,19,19,1,0,38,0,0,112,3,17,6,0,20,aggregate,same rule repeated >= 10 times in 5 minutes
wazuh-1788715785.1347660,2026-09-06T17:29:45.507000Z,target-kali-01,5501,3,authentication_success|pam|syslog,pam,T1078,journald,0,0,0,0,0,0,0,0,0,0,1,0,18,18,1,0,37,0,0,112,3,17,6,0,19,aggregate,same rule repeated >= 10 times in 5 minutes
wazuh-1788715800.1348103,2026-09-06T17:30:00.306000Z,target-kali-01,5501,3,authentication_success|pam|syslog,pam,T1078,journald,0,0,0,0,0,0,0,0,0,0,1,0,18,18,1,0,38,0,0,112,3,17,6,0,19,aggregate,same rule repeated >= 10 times in 5 minutes
wazuh-1788715818.1348546,2026-09-06T17:30:18.361000Z,target-kali-01,5501,3,authentication_success|pam|syslog,pam,T1078,journald,0,0,0,0,0,0,0,0,0,0,1,0,18,18,1,0,37,0,0,112,3,17,6,0,19,aggregate,same rule repeated >= 10 times in 5 minutes
wazuh-1788715819.1351193,2026-09-06T17:30:19.480000Z,film-laptop,86601,3,ids|suricata,json,none,/var/log/suricata/eve.json,68,67,1,1,0,0,1,0,0,0,0,0,10,9,2,0,0,0,0,0,3,17,6,0,10,aggregate,same rule repeated >= 10 times in 5 minutes
wazuh-1788715836.1353856,2026-09-06T17:30:36.839000Z,target-kali-01,5501,3,authentication_success|pam|syslog,pam,T1078,journald,0,0,0,0,0,0,0,0,0,0,1,0,18,18,1,0,36,0,0,112,3,17,6,0,19,aggregate,same rule repeated >= 10 times in 5 minutes
wazuh-1788715855.1354784,2026-09-06T17:30:55.177000Z,target-kali-01,5501,3,authentication_success|pam|syslog,pam,T1078,journald,0,0,0,0,0,0,0,0,0,0,1,0,18,18,1,0,36,0,0,112,3,17,6,0,19,aggregate,same rule repeated >= 10 times in 5 minutes
wazuh-1788715876.1356874,2026-09-06T17:31:16.901000Z,target-kali-01,5501,3,authentication_success|pam|syslog,pam,T1078,journald,0,0,0,0,0,0,0,0,0,0,1,0,17,17,1,0,36,0,0,111,3,17,6,0,18,aggregate,same rule repeated >= 10 times in 5 minutes
wazuh-1788715879.1359523,2026-09-06T17:31:19.550000Z,film-laptop,86601,3,ids|suricata,json,none,/var/log/suricata/eve.json,68,67,1,1,0,0,1,0,0,0,0,0,10,9,2,0,0,0,0,0,3,17,6,0,10,aggregate,same rule repeated >= 10 times in 5 minutes
wazuh-1788715897.1361729,2026-09-06T17:31:37.743000Z,target-kali-01,5501,3,authentication_success|pam|syslog,pam,T1078,journald,0,0,0,0,0,0,0,0,0,0,1,0,17,17,1,0,36,0,0,110,3,17,6,0,18,aggregate,same rule repeated >= 10 times in 5 minutes
wazuh-1788715916.1363116,2026-09-06T17:31:56.408000Z,target-kali-01,5501,3,authentication_success|pam|syslog,pam,T1078,journald,0,0,0,0,0,0,0,0,0,0,1,0,17,17,1,0,36,0,0,110,3,17,6,0,18,aggregate,same rule repeated >= 10 times in 5 minutes
wazuh-1788715935.1363559,2026-09-06T17:32:15.436000Z,target-kali-01,5501,3,authentication_success|pam|syslog,pam,T1078,journald,0,0,0,0,0,0,0,0,0,0,1,0,17,17,1,0,36,0,0,110,3,17,6,0,18,aggregate,same rule repeated >= 10 times in 5 minutes
wazuh-1788715939.1366206,2026-09-06T17:32:19.614000Z,film-laptop,86601,3,ids|suricata,json,none,/var/log/suricata/eve.json,68,67,1,1,0,0,1,0,0,0,0,0,9,9,2,0,0,0,0,0,3,17,6,0,10,aggregate,same rule repeated >= 10 times in 5 minutes
wazuh-1788715950.1368410,2026-09-06T17:32:30.139000Z,target-kali-01,5501,3,authentication_success|pam|syslog,pam,T1078,journald,0,0,0,0,0,0,0,0,0,0,1,0,17,17,1,0,35,0,0,111,3,17,6,0,18,aggregate,same rule repeated >= 10 times in 5 minutes
wazuh-1788715970.1370500,2026-09-06T17:32:50.993000Z,target-kali-01,5501,3,authentication_success|pam|syslog,pam,T1078,journald,0,0,0,0,0,0,0,0,0,0,1,0,16,16,1,0,35,0,0,110,3,17,6,0,17,aggregate,same rule repeated >= 10 times in 5 minutes
wazuh-1788715989.1372260,2026-09-06T17:33:09.388000Z,target-kali-01,5501,3,authentication_success|pam|syslog,pam,T1078,journald,0,0,0,0,0,0,0,0,0,0,1,0,16,16,1,0,35,0,0,111,3,17,6,0,17,aggregate,same rule repeated >= 10 times in 5 minutes
wazuh-1788715999.1375853,2026-09-06T17:33:19.677000Z,film-laptop,86601,3,ids|suricata,json,none,/var/log/suricata/eve.json,68,67,1,1,0,0,1,0,0,0,0,0,10,9,2,0,0,0,0,0,3,17,6,0,10,aggregate,same rule repeated >= 10 times in 5 minutes
wazuh-1788716010.1378059,2026-09-06T17:33:30.326000Z,target-kali-01,5501,3,authentication_success|pam|syslog,pam,T1078,journald,0,0,0,0,0,0,0,0,0,0,1,0,16,16,1,0,35,0,0,111,3,17,6,0,17,aggregate,same rule repeated >= 10 times in 5 minutes
wazuh-1788716032.1378502,2026-09-06T17:33:52.474000Z,target-kali-01,5501,3,authentication_success|pam|syslog,pam,T1078,journald,0,0,0,0,0,0,0,0,0,0,1,0,16,16,1,0,34,0,0,110,3,17,6,0,17,aggregate,same rule repeated >= 10 times in 5 minutes
wazuh-1788716044.1378945,2026-09-06T17:34:04.488000Z,target-kali-01,5501,3,authentication_success|pam|syslog,pam,T1078,journald,0,0,0,0,0,0,0,0,0,0,1,0,16,16,1,0,35,0,0,110,3,17,6,0,17,aggregate,same rule repeated >= 10 times in 5 minutes
wazuh-1788716059.1381594,2026-09-06T17:34:19.818000Z,film-laptop,86601,3,ids|suricata,json,none,/var/log/suricata/eve.json,68,67,1,1,0,0,1,0,0,0,0,0,10,9,2,0,0,0,0,0,3,17,6,0,10,aggregate,same rule repeated >= 10 times in 5 minutes
wazuh-1788716059.1383800,2026-09-06T17:34:19.907000Z,target-kali-01,5501,3,authentication_success|pam|syslog,pam,T1078,journald,0,0,0,0,0,0,0,0,0,0,1,0,16,16,1,0,35,0,0,111,3,17,6,0,17,aggregate,same rule repeated >= 10 times in 5 minutes
wazuh-1788716069.1384243,2026-09-06T17:34:29.898000Z,target-kali-01,5501,3,authentication_success|pam|syslog,pam,T1078,journald,0,0,0,0,0,0,0,0,0,0,1,0,16,16,1,0,35,0,0,111,3,17,6,0,17,aggregate,same rule repeated >= 10 times in 5 minutes
wazuh-1788716083.1384686,2026-09-06T17:34:43.934000Z,target-kali-01,5501,3,authentication_success|pam|syslog,pam,T1078,journald,0,0,0,0,0,0,0,0,0,0,1,0,17,17,1,0,35,0,0,111,3,17,6,0,18,aggregate,same rule repeated >= 10 times in 5 minutes
wazuh-1788716098.1385129,2026-09-06T17:34:58.001000Z,target-kali-01,5501,3,authentication_success|pam|syslog,pam,T1078,journald,0,0,0,0,0,0,0,0,0,0,1,0,17,17,1,0,36,0,0,112,3,17,6,0,18,aggregate,same rule repeated >= 10 times in 5 minutes
wazuh-1788716114.1385572,2026-09-06T17:35:14.701000Z,target-kali-01,5501,3,authentication_success|pam|syslog,pam,T1078,journald,0,0,0,0,0,0,0,0,0,0,1,0,17,17,1,0,35,0,0,112,3,17,6,0,18,aggregate,same rule repeated >= 10 times in 5 minutes
wazuh-1788716122.1389866,2026-09-06T17:35:22.040000Z,film-laptop,86601,3,ids|suricata,json,none,/var/log/suricata/eve.json,68,67,1,1,0,0,1,0,0,0,0,0,10,9,2,0,0,0,0,0,3,17,6,0,10,aggregate,same rule repeated >= 10 times in 5 minutes
wazuh-1788716135.1392070,2026-09-06T17:35:35.237000Z,target-kali-01,5501,3,authentication_success|pam|syslog,pam,T1078,journald,0,0,0,0,0,0,0,0,0,0,1,0,17,17,1,0,35,0,0,112,3,17,6,0,18,aggregate,same rule repeated >= 10 times in 5 minutes
wazuh-1788716150.1392513,2026-09-06T17:35:50.129000Z,target-kali-01,5501,3,authentication_success|pam|syslog,pam,T1078,journald,0,0,0,0,0,0,0,0,0,0,1,0,17,17,1,0,35,0,0,111,3,17,6,0,18,aggregate,same rule repeated >= 10 times in 5 minutes
wazuh-1788716160.1392956,2026-09-06T17:36:00.920000Z,target-kali-01,5501,3,authentication_success|pam|syslog,pam,T1078,journald,0,0,0,0,0,0,0,0,0,0,1,0,17,17,1,0,35,0,0,111,3,17,6,0,18,aggregate,same rule repeated >= 10 times in 5 minutes
wazuh-1788716175.1393399,2026-09-06T17:36:15.021000Z,target-kali-01,5501,3,authentication_success|pam|syslog,pam,T1078,journald,0,0,0,0,0,0,0,0,0,0,1,0,18,18,1,0,35,0,0,111,3,17,6,0,19,aggregate,same rule repeated >= 10 times in 5 minutes
wazuh-1788716181.1397695,2026-09-06T17:36:21.969000Z,film-laptop,86601,3,ids|suricata,json,none,/var/log/suricata/eve.json,68,67,1,1,0,0,1,0,0,0,0,0,10,9,2,0,0,0,0,0,3,17,6,0,10,aggregate,same rule repeated >= 10 times in 5 minutes
wazuh-1788716195.1399901,2026-09-06T17:36:35.147000Z,target-kali-01,5501,3,authentication_success|pam|syslog,pam,T1078,journald,0,0,0,0,0,0,0,0,0,0,1,0,18,18,1,0,35,0,0,111,3,17,6,0,19,aggregate,same rule repeated >= 10 times in 5 minutes
wazuh-1788716217.1402719,2026-09-06T17:36:57.294000Z,target-kali-01,5501,3,authentication_success|pam|syslog,pam,T1078,journald,0,0,0,0,0,0,0,0,0,0,1,0,17,17,1,0,35,0,0,111,3,17,6,0,18,aggregate,same rule repeated >= 10 times in 5 minutes
wazuh-1788716228.1403162,2026-09-06T17:37:08.177000Z,target-kali-01,5501,3,authentication_success|pam|syslog,pam,T1078,journald,0,0,0,0,0,0,0,0,0,0,1,0,18,18,1,0,35,0,0,111,3,17,6,0,19,aggregate,same rule repeated >= 10 times in 5 minutes
wazuh-1788716238.1403605,2026-09-06T17:37:18.205000Z,target-kali-01,5501,3,authentication_success|pam|syslog,pam,T1078,journald,0,0,0,0,0,0,0,0,0,0,1,0,18,18,1,0,36,0,0,112,3,17,6,0,19,aggregate,same rule repeated >= 10 times in 5 minutes
wazuh-1788716243.1406252,2026-09-06T17:37:23.958000Z,film-laptop,86601,3,ids|suricata,json,none,/var/log/suricata/eve.json,68,67,1,1,0,0,1,0,0,0,0,0,10,9,2,0,0,0,0,0,3,17,6,0,10,aggregate,same rule repeated >= 10 times in 5 minutes
wazuh-1788716252.1408456,2026-09-06T17:37:32.299000Z,target-kali-01,5501,3,authentication_success|pam|syslog,pam,T1078,journald,0,0,0,0,0,0,0,0,0,0,1,0,18,18,1,0,36,0,0,112,3,17,6,0,19,aggregate,same rule repeated >= 10 times in 5 minutes
wazuh-1788716266.1408899,2026-09-06T17:37:46.847000Z,target-kali-01,5501,3,authentication_success|pam|syslog,pam,T1078,journald,0,0,0,0,0,0,0,0,0,0,1,0,19,19,1,0,36,0,0,112,3,17,6,0,20,aggregate,same rule repeated >= 10 times in 5 minutes
wazuh-1788716281.1409342,2026-09-06T17:38:01.000000Z,target-kali-01,5501,3,authentication_success|pam|syslog,pam,T1078,journald,0,0,0,0,0,0,0,0,0,0,1,0,19,19,1,0,36,0,0,112,3,17,6,0,20,aggregate,same rule repeated >= 10 times in 5 minutes
wazuh-1788716303.1412992,2026-09-06T17:38:23.521000Z,target-kali-01,5501,3,authentication_success|pam|syslog,pam,T1078,journald,0,0,0,0,0,0,0,0,0,0,1,0,19,19,1,0,35,0,0,111,3,17,6,0,20,aggregate,same rule repeated >= 10 times in 5 minutes
wazuh-1788716304.1415641,2026-09-06T17:38:24.068000Z,film-laptop,86601,3,ids|suricata,json,none,/var/log/suricata/eve.json,68,67,1,1,0,0,1,0,0,0,0,0,10,9,2,0,0,0,0,0,3,17,6,0,10,aggregate,same rule repeated >= 10 times in 5 minutes
wazuh-1788716323.1418332,2026-09-06T17:38:43.613000Z,target-kali-01,5501,3,authentication_success|pam|syslog,pam,T1078,journald,0,0,0,0,0,0,0,0,0,0,1,0,19,19,1,0,35,0,0,111,3,17,6,0,20,aggregate,same rule repeated >= 10 times in 5 minutes
wazuh-1788716337.1418775,2026-09-06T17:38:57.646000Z,target-kali-01,5501,3,authentication_success|pam|syslog,pam,T1078,journald,0,0,0,0,0,0,0,0,0,0,1,0,19,19,1,0,35,0,0,111,3,17,6,0,20,aggregate,same rule repeated >= 10 times in 5 minutes
wazuh-1788716347.1419218,2026-09-06T17:39:07.705000Z,target-kali-01,5501,3,authentication_success|pam|syslog,pam,T1078,journald,0,0,0,0,0,0,0,0,0,0,1,0,19,19,1,0,36,0,0,111,3,17,6,0,20,aggregate,same rule repeated >= 10 times in 5 minutes
wazuh-1788716366.1420210,2026-09-06T17:39:26.075000Z,target-kali-01,5501,3,authentication_success|pam|syslog,pam,T1078,journald,0,0,0,0,0,0,0,0,0,0,1,0,19,19,1,0,35,0,0,110,3,17,6,0,20,aggregate,same rule repeated >= 10 times in 5 minutes
wazuh-1788716366.1422859,2026-09-06T17:39:26.145000Z,film-laptop,86601,3,ids|suricata,json,none,/var/log/suricata/eve.json,68,67,1,1,0,0,1,0,0,0,0,0,10,9,2,0,0,0,0,0,3,17,6,0,10,aggregate,same rule repeated >= 10 times in 5 minutes
wazuh-1788716388.1426163,2026-09-06T17:39:48.607000Z,target-kali-01,5501,3,authentication_success|pam|syslog,pam,T1078,journald,0,0,0,0,0,0,0,0,0,0,1,0,18,18,1,0,35,0,0,110,3,17,6,0,19,aggregate,same rule repeated >= 10 times in 5 minutes
wazuh-1788716403.1426606,2026-09-06T17:40:03.937000Z,target-kali-01,5501,3,authentication_success|pam|syslog,pam,T1078,journald,0,0,0,0,0,0,0,0,0,0,1,0,18,18,1,0,35,0,0,110,3,17,6,0,19,aggregate,same rule repeated >= 10 times in 5 minutes
wazuh-1788716414.1427049,2026-09-06T17:40:14.465000Z,target-kali-01,5501,3,authentication_success|pam|syslog,pam,T1078,journald,0,0,0,0,0,0,0,0,0,0,1,0,19,19,1,0,36,0,0,110,3,17,6,0,20,aggregate,same rule repeated >= 10 times in 5 minutes
wazuh-1788716426.1429694,2026-09-06T17:40:26.200000Z,film-laptop,86601,3,ids|suricata,json,none,/var/log/suricata/eve.json,68,67,1,1,0,0,1,0,0,0,0,0,10,9,2,0,0,0,0,0,3,17,6,0,10,aggregate,same rule repeated >= 10 times in 5 minutes
wazuh-1788716428.1432445,2026-09-06T17:40:28.983000Z,target-kali-01,5501,3,authentication_success|pam|syslog,pam,T1078,journald,0,0,0,0,0,0,0,0,0,0,1,0,19,19,1,0,36,0,0,109,3,17,6,0,20,aggregate,same rule repeated >= 10 times in 5 minutes
wazuh-1788716449.1433986,2026-09-06T17:40:49.649000Z,target-kali-01,5501,3,authentication_success|pam|syslog,pam,T1078,journald,0,0,0,0,0,0,0,0,0,0,1,0,19,19,1,0,36,0,0,109,3,17,6,0,20,aggregate,same rule repeated >= 10 times in 5 minutes
wazuh-1788716461.1434429,2026-09-06T17:41:01.707000Z,target-kali-01,5501,3,authentication_success|pam|syslog,pam,T1078,journald,0,0,0,0,0,0,0,0,0,0,1,0,18,18,1,0,36,0,0,110,3,17,6,0,19,aggregate,same rule repeated >= 10 times in 5 minutes
wazuh-1788716471.1434872,2026-09-06T17:41:11.951000Z,target-kali-01,5501,3,authentication_success|pam|syslog,pam,T1078,journald,0,0,0,0,0,0,0,0,0,0,1,0,19,19,1,0,37,0,0,110,3,17,6,0,20,aggregate,same rule repeated >= 10 times in 5 minutes
wazuh-1788716484.1435315,2026-09-06T17:41:24.015000Z,target-kali-01,5501,3,authentication_success|pam|syslog,pam,T1078,journald,0,0,0,0,0,0,0,0,0,0,1,0,19,19,1,0,37,0,0,110,3,17,6,0,20,aggregate,same rule repeated >= 10 times in 5 minutes
wazuh-1788716486.1437968,2026-09-06T17:41:26.259000Z,film-laptop,86601,3,ids|suricata,json,none,/var/log/suricata/eve.json,68,67,1,1,0,0,1,0,0,0,0,0,10,9,2,0,0,0,0,0,3,17,6,0,10,aggregate,same rule repeated >= 10 times in 5 minutes
wazuh-1788716497.1440178,2026-09-06T17:41:37.438000Z,target-kali-01,5501,3,authentication_success|pam|syslog,pam,T1078,journald,0,0,0,0,0,0,0,0,0,0,1,0,19,19,1,0,38,0,0,111,3,17,6,0,20,aggregate,same rule repeated >= 10 times in 5 minutes
wazuh-1788716518.1442996,2026-09-06T17:41:58.011000Z,target-kali-01,5501,3,authentication_success|pam|syslog,pam,T1078,journald,0,0,0,0,0,0,0,0,0,0,1,0,19,19,1,0,37,0,0,111,3,17,6,0,20,aggregate,same rule repeated >= 10 times in 5 minutes
wazuh-1788716537.1443439,2026-09-06T17:42:17.976000Z,target-kali-01,5501,3,authentication_success|pam|syslog,pam,T1078,journald,0,0,0,0,0,0,0,0,0,0,1,0,19,19,1,0,37,0,0,111,3,17,6,0,20,aggregate,same rule repeated >= 10 times in 5 minutes
wazuh-1788716546.1446086,2026-09-06T17:42:26.345000Z,film-laptop,86601,3,ids|suricata,json,none,/var/log/suricata/eve.json,68,67,1,1,0,0,1,0,0,0,0,0,10,9,2,0,0,0,0,0,3,17,6,0,10,aggregate,same rule repeated >= 10 times in 5 minutes
wazuh-1788716549.1448290,2026-09-06T17:42:29.951000Z,target-kali-01,5501,3,authentication_success|pam|syslog,pam,T1078,journald,0,0,0,0,0,0,0,0,0,0,1,0,19,19,1,0,38,0,0,111,3,17,6,0,20,aggregate,same rule repeated >= 10 times in 5 minutes
wazuh-1788716560.1448733,2026-09-06T17:42:40.676000Z,target-kali-01,5501,3,authentication_success|pam|syslog,pam,T1078,journald,0,0,0,0,0,0,0,0,0,0,1,0,19,19,1,0,38,0,0,111,3,17,6,0,20,aggregate,same rule repeated >= 10 times in 5 minutes
wazuh-1788716575.1449176,2026-09-06T17:42:55.321000Z,target-kali-01,5501,3,authentication_success|pam|syslog,pam,T1078,journald,0,0,0,0,0,0,0,0,0,0,1,0,19,19,1,0,38,0,0,111,3,17,6,0,20,aggregate,same rule repeated >= 10 times in 5 minutes
wazuh-1788716585.1449619,2026-09-06T17:43:05.413000Z,target-kali-01,5501,3,authentication_success|pam|syslog,pam,T1078,journald,0,0,0,0,0,0,0,0,0,0,1,0,19,19,1,0,39,0,0,112,3,17,6,0,20,aggregate,same rule repeated >= 10 times in 5 minutes
wazuh-1788716603.1450062,2026-09-06T17:43:23.555000Z,target-kali-01,5501,3,authentication_success|pam|syslog,pam,T1078,journald,0,0,0,0,0,0,0,0,0,0,1,0,19,19,1,0,39,0,0,112,3,17,6,0,20,aggregate,same rule repeated >= 10 times in 5 minutes
wazuh-1788716606.1452711,2026-09-06T17:43:26.390000Z,film-laptop,86601,3,ids|suricata,json,none,/var/log/suricata/eve.json,68,67,1,1,0,0,1,0,0,0,0,0,9,9,2,0,0,0,0,0,3,17,6,0,10,aggregate,same rule repeated >= 10 times in 5 minutes
wazuh-1788716616.1455290,2026-09-06T17:43:36.458000Z,target-kali-01,5501,3,authentication_success|pam|syslog,pam,T1078,journald,0,0,0,0,0,0,0,0,0,0,1,0,20,20,1,0,39,0,0,112,3,17,6,0,21,aggregate,same rule repeated >= 10 times in 5 minutes
wazuh-1788716626.1455733,2026-09-06T17:43:46.631000Z,target-kali-01,5501,3,authentication_success|pam|syslog,pam,T1078,journald,0,0,0,0,0,0,0,0,0,0,1,0,20,20,1,0,40,0,0,112,3,17,6,0,21,aggregate,same rule repeated >= 10 times in 5 minutes
wazuh-1788716638.1456176,2026-09-06T17:43:58.534000Z,target-kali-01,5501,3,authentication_success|pam|syslog,pam,T1078,journald,0,0,0,0,0,0,0,0,0,0,1,0,20,20,1,0,40,0,0,112,3,17,6,0,21,aggregate,same rule repeated >= 10 times in 5 minutes
wazuh-1788716661.1458994,2026-09-06T17:44:21.487000Z,target-kali-01,5501,3,authentication_success|pam|syslog,pam,T1078,journald,0,0,0,0,0,0,0,0,0,0,1,0,20,20,1,0,39,0,0,112,3,17,6,0,21,aggregate,same rule repeated >= 10 times in 5 minutes
wazuh-1788716666.1461641,2026-09-06T17:44:26.557000Z,film-laptop,86601,3,ids|suricata,json,none,/var/log/suricata/eve.json,68,67,1,1,0,0,1,0,0,0,0,0,10,9,2,0,0,0,0,0,3,17,6,0,10,aggregate,same rule repeated >= 10 times in 5 minutes
wazuh-1788716679.1463845,2026-09-06T17:44:39.555000Z,target-kali-01,5501,3,authentication_success|pam|syslog,pam,T1078,journald,0,0,0,0,0,0,0,0,0,0,1,0,20,20,1,0,39,0,0,112,3,17,6,0,21,aggregate,same rule repeated >= 10 times in 5 minutes
wazuh-1788716699.1467122,2026-09-06T17:44:59.735000Z,target-kali-01,5501,3,authentication_success|pam|syslog,pam,T1078,journald,0,0,0,0,0,0,0,0,0,0,1,0,20,20,1,0,38,0,0,111,3,17,6,0,21,aggregate,same rule repeated >= 10 times in 5 minutes
wazuh-1788716719.1468050,2026-09-06T17:45:19.804000Z,target-kali-01,5501,3,authentication_success|pam|syslog,pam,T1078,journald,0,0,0,0,0,0,0,0,0,0,1,0,19,19,1,0,38,0,0,112,3,17,6,0,20,aggregate,same rule repeated >= 10 times in 5 minutes
wazuh-1788716726.1470703,2026-09-06T17:45:26.645000Z,film-laptop,86601,3,ids|suricata,json,none,/var/log/suricata/eve.json,68,67,1,1,0,0,1,0,0,0,0,0,10,9,2,0,0,0,0,0,3,17,6,0,10,aggregate,same rule repeated >= 10 times in 5 minutes
wazuh-1788716733.1472913,2026-09-06T17:45:33.876000Z,target-kali-01,5501,3,authentication_success|pam|syslog,pam,T1078,journald,0,0,0,0,0,0,0,0,0,0,1,0,19,19,1,0,39,0,0,111,3,17,6,0,20,aggregate,same rule repeated >= 10 times in 5 minutes
wazuh-1788716743.1473356,2026-09-06T17:45:43.911000Z,target-kali-01,5501,3,authentication_success|pam|syslog,pam,T1078,journald,0,0,0,0,0,0,0,0,0,0,1,0,20,20,1,0,39,0,0,112,3,17,6,0,21,aggregate,same rule repeated >= 10 times in 5 minutes
wazuh-1788716758.1473799,2026-09-06T17:45:58.034000Z,target-kali-01,5501,3,authentication_success|pam|syslog,pam,T1078,journald,0,0,0,0,0,0,0,0,0,0,1,0,20,20,1,0,39,0,0,112,3,17,6,0,21,aggregate,same rule repeated >= 10 times in 5 minutes
wazuh-1788716780.1475889,2026-09-06T17:46:20.176000Z,target-kali-01,5501,3,authentication_success|pam|syslog,pam,T1078,journald,0,0,0,0,0,0,0,0,0,0,1,0,19,19,1,0,38,0,0,112,3,17,6,0,20,aggregate,same rule repeated >= 10 times in 5 minutes
wazuh-1788716788.1478536,2026-09-06T17:46:28.577000Z,film-laptop,86601,3,ids|suricata,json,none,/var/log/suricata/eve.json,68,67,1,1,0,0,1,0,0,0,0,0,10,9,2,0,0,0,0,0,3,17,6,0,10,aggregate,same rule repeated >= 10 times in 5 minutes
wazuh-1788716790.1480740,2026-09-06T17:46:30.231000Z,target-kali-01,5501,3,authentication_success|pam|syslog,pam,T1078,journald,0,0,0,0,0,0,0,0,0,0,1,0,19,19,1,0,39,0,0,112,3,17,6,0,20,aggregate,same rule repeated >= 10 times in 5 minutes
wazuh-1788716804.1481183,2026-09-06T17:46:44.299000Z,target-kali-01,5501,3,authentication_success|pam|syslog,pam,T1078,journald,0,0,0,0,0,0,0,0,0,0,1,0,19,19,1,0,39,0,0,113,3,17,6,0,20,aggregate,same rule repeated >= 10 times in 5 minutes
wazuh-1788716818.1482085,2026-09-06T17:46:58.389000Z,target-kali-01,5501,3,authentication_success|pam|syslog,pam,T1078,journald,0,0,0,0,0,0,0,0,0,0,1,0,19,19,1,0,39,0,0,112,3,17,6,0,20,aggregate,same rule repeated >= 10 times in 5 minutes
wazuh-1788716836.1483013,2026-09-06T17:47:16.454000Z,target-kali-01,5501,3,authentication_success|pam|syslog,pam,T1078,journald,0,0,0,0,0,0,0,0,0,0,1,0,20,20,1,0,39,0,0,112,3,17,6,0,21,aggregate,same rule repeated >= 10 times in 5 minutes
wazuh-1788716848.1485662,2026-09-06T17:47:28.634000Z,film-laptop,86601,3,ids|suricata,json,none,/var/log/suricata/eve.json,68,67,1,1,0,0,1,0,0,0,0,0,10,9,2,0,0,0,0,0,3,17,6,0,10,aggregate,same rule repeated >= 10 times in 5 minutes
wazuh-1788716850.1487868,2026-09-06T17:47:30.468000Z,target-kali-01,5501,3,authentication_success|pam|syslog,pam,T1078,journald,0,0,0,0,0,0,0,0,0,0,1,0,19,19,1,0,39,0,0,113,3,17,6,0,20,aggregate,same rule repeated >= 10 times in 5 minutes
wazuh-1788716864.1488311,2026-09-06T17:47:44.588000Z,target-kali-01,5501,3,authentication_success|pam|syslog,pam,T1078,journald,0,0,0,0,0,0,0,0,0,0,1,0,19,19,1,0,39,0,0,112,3,17,6,0,20,aggregate,same rule repeated >= 10 times in 5 minutes
wazuh-1788716878.1488754,2026-09-06T17:47:58.673000Z,target-kali-01,5501,3,authentication_success|pam|syslog,pam,T1078,journald,0,0,0,0,0,0,0,0,0,0,1,0,19,19,1,0,39,0,0,113,3,17,6,0,20,aggregate,same rule repeated >= 10 times in 5 minutes
wazuh-1788716896.1491906,2026-09-06T17:48:16.748000Z,target-kali-01,5501,3,authentication_success|pam|syslog,pam,T1078,journald,0,0,0,0,0,0,0,0,0,0,1,0,19,19,1,0,39,0,0,113,3,17,6,0,20,aggregate,same rule repeated >= 10 times in 5 minutes
wazuh-1788716908.1494555,2026-09-06T17:48:28.702000Z,film-laptop,86601,3,ids|suricata,json,none,/var/log/suricata/eve.json,68,67,1,1,0,0,1,0,0,0,0,0,10,9,2,0,0,0,0,0,3,17,6,0,10,aggregate,same rule repeated >= 10 times in 5 minutes
wazuh-1788716921.1496761,2026-09-06T17:48:41.357000Z,target-kali-01,5501,3,authentication_success|pam|syslog,pam,T1078,journald,0,0,0,0,0,0,0,0,0,0,1,0,18,18,1,0,39,0,0,112,3,17,6,0,19,aggregate,same rule repeated >= 10 times in 5 minutes
wazuh-1788716933.1497204,2026-09-06T17:48:53.971000Z,target-kali-01,5501,3,authentication_success|pam|syslog,pam,T1078,journald,0,0,0,0,0,0,0,0,0,0,1,0,18,18,1,0,39,0,0,113,3,17,6,0,19,aggregate,same rule repeated >= 10 times in 5 minutes
wazuh-1788716955.1500777,2026-09-06T17:49:15.577000Z,target-kali-01,5501,3,authentication_success|pam|syslog,pam,T1078,journald,0,0,0,0,0,0,0,0,0,0,1,0,18,18,1,0,38,0,0,112,3,17,6,0,19,aggregate,same rule repeated >= 10 times in 5 minutes
wazuh-1788716968.1503422,2026-09-06T17:49:28.775000Z,film-laptop,86601,3,ids|suricata,json,none,/var/log/suricata/eve.json,68,67,1,1,0,0,1,0,0,0,0,0,9,9,2,0,0,0,0,0,3,17,6,0,10,aggregate,same rule repeated >= 10 times in 5 minutes
wazuh-1788716969.1505624,2026-09-06T17:49:29.191000Z,target-kali-01,5501,3,authentication_success|pam|syslog,pam,T1078,journald,0,0,0,0,0,0,0,0,0,0,1,0,18,18,1,0,38,0,0,113,3,17,6,0,19,aggregate,same rule repeated >= 10 times in 5 minutes
wazuh-1788716983.1506067,2026-09-06T17:49:43.302000Z,target-kali-01,5501,3,authentication_success|pam|syslog,pam,T1078,journald,0,0,0,0,0,0,0,0,0,0,1,0,18,18,1,0,39,0,0,113,3,17,6,0,19,aggregate,same rule repeated >= 10 times in 5 minutes
wazuh-1788716993.1506510,2026-09-06T17:49:53.303000Z,target-kali-01,5501,3,authentication_success|pam|syslog,pam,T1078,journald,0,0,0,0,0,0,0,0,0,0,1,0,19,19,1,0,39,0,0,113,3,17,6,0,20,aggregate,same rule repeated >= 10 times in 5 minutes
wazuh-1788717011.1507326,2026-09-06T17:50:11.486000Z,target-kali-01,5501,3,authentication_success|pam|syslog,pam,T1078,journald,0,0,0,0,0,0,0,0,0,0,1,0,19,19,1,0,39,0,0,113,3,17,6,0,20,aggregate,same rule repeated >= 10 times in 5 minutes
wazuh-1788717023.1507769,2026-09-06T17:50:23.469000Z,target-kali-01,5501,3,authentication_success|pam|syslog,pam,T1078,journald,0,0,0,0,0,0,0,0,0,0,1,0,19,19,1,0,39,0,0,113,3,17,6,0,20,aggregate,same rule repeated >= 10 times in 5 minutes
wazuh-1788717028.1510418,2026-09-06T17:50:28.837000Z,film-laptop,86601,3,ids|suricata,json,none,/var/log/suricata/eve.json,68,67,1,1,0,0,1,0,0,0,0,0,10,9,2,0,0,0,0,0,3,17,6,0,10,aggregate,same rule repeated >= 10 times in 5 minutes
wazuh-1788717033.1512624,2026-09-06T17:50:33.138000Z,target-kali-01,5501,3,authentication_success|pam|syslog,pam,T1078,journald,0,0,0,0,0,0,0,0,0,0,1,0,20,20,1,0,39,0,0,113,3,17,6,0,21,aggregate,same rule repeated >= 10 times in 5 minutes
wazuh-1788717045.1513067,2026-09-06T17:50:45.442000Z,target-kali-01,5501,3,authentication_success|pam|syslog,pam,T1078,journald,0,0,0,0,0,0,0,0,0,0,1,0,19,19,1,0,40,0,0,113,3,17,6,0,20,aggregate,same rule repeated >= 10 times in 5 minutes
wazuh-1788717058.1513510,2026-09-06T17:50:58.431000Z,target-kali-01,5501,3,authentication_success|pam|syslog,pam,T1078,journald,0,0,0,0,0,0,0,0,0,0,1,0,19,19,1,0,40,0,0,113,3,17,6,0,20,aggregate,same rule repeated >= 10 times in 5 minutes
wazuh-1788717068.1513953,2026-09-06T17:51:08.794000Z,target-kali-01,5501,3,authentication_success|pam|syslog,pam,T1078,journald,0,0,0,0,0,0,0,0,0,0,1,0,20,20,1,0,40,0,0,113,3,17,6,0,21,aggregate,same rule repeated >= 10 times in 5 minutes
wazuh-1788717090.1516600,2026-09-06T17:51:30.924000Z,film-laptop,86601,3,ids|suricata,json,none,/var/log/suricata/eve.json,68,67,1,1,0,0,1,0,0,0,0,0,10,9,2,0,0,0,0,0,3,17,6,0,10,aggregate,same rule repeated >= 10 times in 5 minutes
wazuh-1788717091.1519353,2026-09-06T17:51:31.148000Z,target-kali-01,5501,3,authentication_success|pam|syslog,pam,T1078,journald,0,0,0,0,0,0,0,0,0,0,1,0,19,19,1,0,39,0,0,113,3,17,6,0,20,aggregate,same rule repeated >= 10 times in 5 minutes
wazuh-1788717113.1520894,2026-09-06T17:51:53.619000Z,target-kali-01,5501,3,authentication_success|pam|syslog,pam,T1078,journald,0,0,0,0,0,0,0,0,0,0,1,0,19,19,1,0,39,0,0,113,3,17,6,0,20,aggregate,same rule repeated >= 10 times in 5 minutes
wazuh-1788717126.1521337,2026-09-06T17:52:06.657000Z,target-kali-01,5501,3,authentication_success|pam|syslog,pam,T1078,journald,0,0,0,0,0,0,0,0,0,0,1,0,19,19,1,0,39,0,0,113,3,17,6,0,20,aggregate,same rule repeated >= 10 times in 5 minutes
wazuh-1788717135.1521780,2026-09-06T17:52:15.177000Z,target-kali-01,5501,3,authentication_success|pam|syslog,pam,T1078,journald,0,0,0,0,0,0,0,0,0,0,1,0,20,20,1,0,40,0,0,114,3,17,6,0,21,aggregate,same rule repeated >= 10 times in 5 minutes
wazuh-1788717150.1526804,2026-09-06T17:52:30.974000Z,film-laptop,86601,3,ids|suricata,json,none,/var/log/suricata/eve.json,68,67,1,1,0,0,1,0,0,0,0,0,10,9,2,0,0,0,0,0,3,17,6,0,10,aggregate,same rule repeated >= 10 times in 5 minutes
wazuh-1788717157.1529010,2026-09-06T17:52:37.310000Z,target-kali-01,5501,3,authentication_success|pam|syslog,pam,T1078,journald,0,0,0,0,0,0,0,0,0,0,1,0,19,19,1,0,39,0,0,113,3,17,6,0,20,aggregate,same rule repeated >= 10 times in 5 minutes
wazuh-1788717169.1529453,2026-09-06T17:52:49.466000Z,target-kali-01,5501,3,authentication_success|pam|syslog,pam,T1078,journald,0,0,0,0,0,0,0,0,0,0,1,0,19,19,1,0,39,0,0,113,3,17,6,0,20,aggregate,same rule repeated >= 10 times in 5 minutes
wazuh-1788717185.1529896,2026-09-06T17:53:05.485000Z,target-kali-01,5501,3,authentication_success|pam|syslog,pam,T1078,journald,0,0,0,0,0,0,0,0,0,0,1,0,19,19,1,0,38,0,0,113,3,17,6,0,20,aggregate,same rule repeated >= 10 times in 5 minutes
wazuh-1788717206.1532714,2026-09-06T17:53:26.081000Z,target-kali-01,5501,3,authentication_success|pam|syslog,pam,T1078,journald,0,0,0,0,0,0,0,0,0,0,1,0,19,19,1,0,38,0,0,113,3,17,6,0,20,aggregate,same rule repeated >= 10 times in 5 minutes
wazuh-1788717211.1535361,2026-09-06T17:53:31.040000Z,film-laptop,86601,3,ids|suricata,json,none,/var/log/suricata/eve.json,68,67,1,1,0,0,1,0,0,0,0,0,10,9,2,0,0,0,0,0,3,17,6,0,10,aggregate,same rule repeated >= 10 times in 5 minutes
wazuh-1788717226.1537565,2026-09-06T17:53:46.507000Z,target-kali-01,5501,3,authentication_success|pam|syslog,pam,T1078,journald,0,0,0,0,0,0,0,0,0,0,1,0,19,19,1,0,38,0,0,113,3,17,6,0,20,aggregate,same rule repeated >= 10 times in 5 minutes
wazuh-1788717245.1538952,2026-09-06T17:54:05.789000Z,target-kali-01,5501,3,authentication_success|pam|syslog,pam,T1078,journald,0,0,0,0,0,0,0,0,0,0,1,0,19,19,1,0,37,0,0,113,3,17,6,0,20,aggregate,same rule repeated >= 10 times in 5 minutes
wazuh-1788717264.1539395,2026-09-06T17:54:24.203000Z,target-kali-01,5501,3,authentication_success|pam|syslog,pam,T1078,journald,0,0,0,0,0,0,0,0,0,0,1,0,19,19,1,0,37,0,0,113,3,17,6,0,20,aggregate,same rule repeated >= 10 times in 5 minutes
wazuh-1788717273.1542044,2026-09-06T17:54:33.355000Z,film-laptop,86601,3,ids|suricata,json,none,/var/log/suricata/eve.json,68,67,1,1,0,0,1,0,0,0,0,0,10,9,2,0,0,0,0,0,3,17,6,0,10,aggregate,same rule repeated >= 10 times in 5 minutes
wazuh-1788717277.1544250,2026-09-06T17:54:37.892000Z,target-kali-01,5501,3,authentication_success|pam|syslog,pam,T1078,journald,0,0,0,0,0,0,0,0,0,0,1,0,19,19,1,0,38,0,0,113,3,17,6,0,20,aggregate,same rule repeated >= 10 times in 5 minutes
wazuh-1788717288.1544693,2026-09-06T17:54:48.195000Z,target-kali-01,5501,3,authentication_success|pam|syslog,pam,T1078,journald,0,0,0,0,0,0,0,0,0,0,1,0,19,19,1,0,38,0,0,113,3,17,6,0,20,aggregate,same rule repeated >= 10 times in 5 minutes
wazuh-1788717302.1545136,2026-09-06T17:55:02.572000Z,target-kali-01,5501,3,authentication_success|pam|syslog,pam,T1078,journald,0,0,0,0,0,0,0,0,0,0,1,0,19,19,1,0,38,0,0,113,3,17,6,0,20,aggregate,same rule repeated >= 10 times in 5 minutes
wazuh-1788717320.1545952,2026-09-06T17:55:20.654000Z,target-kali-01,5501,3,authentication_success|pam|syslog,pam,T1078,journald,0,0,0,0,0,0,0,0,0,0,1,0,19,19,1,0,38,0,0,113,3,17,6,0,20,aggregate,same rule repeated >= 10 times in 5 minutes
wazuh-1788717333.1548601,2026-09-06T17:55:33.458000Z,film-laptop,86601,3,ids|suricata,json,none,/var/log/suricata/eve.json,68,67,1,1,0,0,1,0,0,0,0,0,10,9,2,0,0,0,0,0,3,17,6,0,10,aggregate,same rule repeated >= 10 times in 5 minutes
wazuh-1788717334.1550807,2026-09-06T17:55:34.656000Z,target-kali-01,5501,3,authentication_success|pam|syslog,pam,T1078,journald,0,0,0,0,0,0,0,0,0,0,1,0,18,18,1,0,38,0,0,113,3,17,6,0,19,aggregate,same rule repeated >= 10 times in 5 minutes
wazuh-1788717348.1551250,2026-09-06T17:55:48.724000Z,target-kali-01,5501,3,authentication_success|pam|syslog,pam,T1078,journald,0,0,0,0,0,0,0,0,0,0,1,0,18,18,1,0,38,0,0,114,3,17,6,0,19,aggregate,same rule repeated >= 10 times in 5 minutes
wazuh-1788717367.1556336,2026-09-06T17:56:07.236000Z,film-laptop,86601,3,ids|suricata,json,none,/var/log/suricata/eve.json,68,67,1,1,0,0,1,0,0,0,0,0,11,10,2,0,0,0,0,0,3,17,6,0,11,aggregate,same rule repeated >= 10 times in 5 minutes
wazuh-1788717367.1558538,2026-09-06T17:56:07.240000Z,film-laptop,86601,3,ids|suricata,json,none,/var/log/suricata/eve.json,68,67,1,1,0,0,1,0,0,0,0,0,12,11,2,0,0,0,0,0,3,17,6,0,12,aggregate,same rule repeated >= 10 times in 5 minutes
wazuh-1788717367.1560740,2026-09-06T17:56:07.955000Z,target-kali-01,5501,3,authentication_success|pam|syslog,pam,T1078,journald,0,0,0,0,0,0,0,0,0,0,1,0,18,18,1,0,38,0,0,113,3,17,6,0,19,aggregate,same rule repeated >= 10 times in 5 minutes
wazuh-1788717388.1562127,2026-09-06T17:56:28.745000Z,target-kali-01,5501,3,authentication_success|pam|syslog,pam,T1078,journald,0,0,0,0,0,0,0,0,0,0,1,0,18,18,1,0,38,0,0,113,3,17,6,0,19,aggregate,same rule repeated >= 10 times in 5 minutes
wazuh-1788717400.1562570,2026-09-06T17:56:40.031000Z,target-kali-01,5501,3,authentication_success|pam|syslog,pam,T1078,journald,0,0,0,0,0,0,0,0,0,0,1,0,18,18,1,0,38,0,0,113,3,17,6,0,19,aggregate,same rule repeated >= 10 times in 5 minutes
wazuh-1788717418.1563562,2026-09-06T17:56:58.711000Z,target-kali-01,5501,3,authentication_success|pam|syslog,pam,T1078,journald,0,0,0,0,0,0,0,0,0,0,1,0,18,18,1,0,37,0,0,113,3,17,6,0,19,aggregate,same rule repeated >= 10 times in 5 minutes
wazuh-1788717439.1565103,2026-09-06T17:57:19.703000Z,target-kali-01,5501,3,authentication_success|pam|syslog,pam,T1078,journald,0,0,0,0,0,0,0,0,0,0,1,0,17,17,1,0,37,0,0,113,3,17,6,0,18,aggregate,same rule repeated >= 10 times in 5 minutes
wazuh-1788717451.1565546,2026-09-06T17:57:31.027000Z,target-kali-01,5501,3,authentication_success|pam|syslog,pam,T1078,journald,0,0,0,0,0,0,0,0,0,0,1,0,18,18,1,0,37,0,0,113,3,17,6,0,19,aggregate,same rule repeated >= 10 times in 5 minutes
wazuh-1788717473.1566933,2026-09-06T17:57:53.827000Z,target-kali-01,5501,3,authentication_success|pam|syslog,pam,T1078,journald,0,0,0,0,0,0,0,0,0,0,1,0,17,17,1,0,37,0,0,112,3,17,6,0,18,aggregate,same rule repeated >= 10 times in 5 minutes
wazuh-1788717493.1567376,2026-09-06T17:58:13.061000Z,target-kali-01,5501,3,authentication_success|pam|syslog,pam,T1078,journald,0,0,0,0,0,0,0,0,0,0,1,0,17,17,1,0,37,0,0,112,3,17,6,0,18,aggregate,same rule repeated >= 10 times in 5 minutes
wazuh-1788717503.1567819,2026-09-06T17:58:23.172000Z,target-kali-01,5501,3,authentication_success|pam|syslog,pam,T1078,journald,0,0,0,0,0,0,0,0,0,0,1,0,18,18,1,0,37,0,0,112,3,17,6,0,19,aggregate,same rule repeated >= 10 times in 5 minutes
wazuh-1788717523.1568262,2026-09-06T17:58:43.309000Z,target-kali-01,5501,3,authentication_success|pam|syslog,pam,T1078,journald,0,0,0,0,0,0,0,0,0,0,1,0,18,18,1,0,37,0,0,112,3,17,6,0,19,aggregate,same rule repeated >= 10 times in 5 minutes
wazuh-1788717537.1568705,2026-09-06T17:58:57.411000Z,target-kali-01,5501,3,authentication_success|pam|syslog,pam,T1078,journald,0,0,0,0,0,0,0,0,0,0,1,0,18,18,1,0,37,0,0,112,3,17,6,0,19,aggregate,same rule repeated >= 10 times in 5 minutes
wazuh-1788717545.1569148,2026-09-06T17:59:05.418000Z,target-kali-01,5501,3,authentication_success|pam|syslog,pam,T1078,journald,0,0,0,0,0,0,0,0,0,0,1,0,19,19,1,0,38,0,0,113,3,17,6,0,20,aggregate,same rule repeated >= 10 times in 5 minutes
wazuh-1788717561.1569591,2026-09-06T17:59:21.484000Z,target-kali-01,5501,3,authentication_success|pam|syslog,pam,T1078,journald,0,0,0,0,0,0,0,0,0,0,1,0,19,19,1,0,38,0,0,113,3,17,6,0,20,aggregate,same rule repeated >= 10 times in 5 minutes
wazuh-1788717583.1572409,2026-09-06T17:59:43.600000Z,target-kali-01,5501,3,authentication_success|pam|syslog,pam,T1078,journald,0,0,0,0,0,0,0,0,0,0,1,0,18,18,1,0,37,0,0,113,3,17,6,0,19,aggregate,same rule repeated >= 10 times in 5 minutes
wazuh-1788717593.1572852,2026-09-06T17:59:53.644000Z,target-kali-01,5501,3,authentication_success|pam|syslog,pam,T1078,journald,0,0,0,0,0,0,0,0,0,0,1,0,18,18,1,0,37,0,0,113,3,17,6,0,19,aggregate,same rule repeated >= 10 times in 5 minutes
wazuh-1788717605.1573295,2026-09-06T18:00:05.696000Z,target-kali-01,5501,3,authentication_success|pam|syslog,pam,T1078,journald,0,0,0,0,0,0,0,0,0,0,1,0,18,18,1,0,38,0,0,113,3,18,6,1,19,aggregate,same rule repeated >= 10 times in 5 minutes
wazuh-1788717621.1573738,2026-09-06T18:00:21.328000Z,target-kali-01,5501,3,authentication_success|pam|syslog,pam,T1078,journald,0,0,0,0,0,0,0,0,0,0,1,0,18,18,1,0,38,0,0,113,3,18,6,1,19,aggregate,same rule repeated >= 10 times in 5 minutes
wazuh-1788717636.1574181,2026-09-06T18:00:36.059000Z,target-kali-01,5501,3,authentication_success|pam|syslog,pam,T1078,journald,0,0,0,0,0,0,0,0,0,0,1,0,18,18,1,0,37,0,0,114,3,18,6,1,19,aggregate,same rule repeated >= 10 times in 5 minutes
wazuh-1788717656.1576271,2026-09-06T18:00:56.072000Z,target-kali-01,5501,3,authentication_success|pam|syslog,pam,T1078,journald,0,0,0,0,0,0,0,0,0,0,1,0,18,18,1,0,37,0,0,113,3,18,6,1,19,aggregate,same rule repeated >= 10 times in 5 minutes
wazuh-1788717678.1579089,2026-09-06T18:01:18.130000Z,target-kali-01,5501,3,authentication_success|pam|syslog,pam,T1078,journald,0,0,0,0,0,0,0,0,0,0,1,0,18,18,1,0,36,0,0,113,3,18,6,1,19,aggregate,same rule repeated >= 10 times in 5 minutes
wazuh-1788717694.1579532,2026-09-06T18:01:34.177000Z,target-kali-01,5501,3,authentication_success|pam|syslog,pam,T1078,journald,0,0,0,0,0,0,0,0,0,0,1,0,18,18,1,0,36,0,0,114,3,18,6,1,19,aggregate,same rule repeated >= 10 times in 5 minutes
wazuh-1788717708.1580348,2026-09-06T18:01:48.938000Z,target-kali-01,5501,3,authentication_success|pam|syslog,pam,T1078,journald,0,0,0,0,0,0,0,0,0,0,1,0,18,18,1,0,37,0,0,114,3,18,6,1,19,aggregate,same rule repeated >= 10 times in 5 minutes
wazuh-1788717731.1583166,2026-09-06T18:02:11.215000Z,target-kali-01,5501,3,authentication_success|pam|syslog,pam,T1078,journald,0,0,0,0,0,0,0,0,0,0,1,0,18,18,1,0,36,0,0,114,3,18,6,1,19,aggregate,same rule repeated >= 10 times in 5 minutes
wazuh-1788717747.1586426,2026-09-06T18:02:27.585000Z,target-kali-01,5501,3,authentication_success|pam|syslog,pam,T1078,journald,0,0,0,0,0,0,0,0,0,0,1,0,18,18,1,0,36,0,0,114,3,18,6,1,19,aggregate,same rule repeated >= 10 times in 5 minutes
wazuh-1788717748.1586869,2026-09-06T18:02:28.426000Z,lab-sensor-01,31101,5,accesslog|attack|web,web-accesslog,none,/var/log/apache2/access.log,0,0,1,0,0,0,1,0,0,0,0,0,20,9,7,0,6,0,0,55,6,18,6,1,10,aggregate,same rule repeated >= 10 times in 5 minutes
wazuh-1788717750.1587311,2026-09-06T18:02:30.438000Z,lab-sensor-01,31101,5,accesslog|attack|web,web-accesslog,none,/var/log/apache2/access.log,0,0,1,0,0,0,1,0,0,0,0,0,21,10,7,0,6,0,0,55,6,18,6,1,11,aggregate,same rule repeated >= 10 times in 5 minutes
wazuh-1788717752.1587753,2026-09-06T18:02:32.453000Z,lab-sensor-01,31101,5,accesslog|attack|web,web-accesslog,none,/var/log/apache2/access.log,0,0,1,0,0,0,1,0,0,0,0,0,21,11,7,0,6,0,0,54,6,18,6,1,12,aggregate,same rule repeated >= 10 times in 5 minutes
wazuh-1788717771.1589244,2026-09-06T18:02:51.252000Z,target-kali-01,5501,3,authentication_success|pam|syslog,pam,T1078,journald,0,0,0,0,0,0,0,0,0,0,1,0,18,18,1,0,35,0,0,113,3,18,6,1,19,aggregate,same rule repeated >= 10 times in 5 minutes
wazuh-1788717789.1589687,2026-09-06T18:03:09.651000Z,target-kali-01,5501,3,authentication_success|pam|syslog,pam,T1078,journald,0,0,0,0,0,0,0,0,0,0,1,0,18,18,1,0,35,0,0,113,3,18,6,1,19,aggregate,same rule repeated >= 10 times in 5 minutes
wazuh-1788717812.1592236,2026-09-06T18:03:32.180000Z,target-kali-01,5501,3,authentication_success|pam|syslog,pam,T1078,journald,0,0,0,0,0,0,0,0,0,0,1,0,17,17,1,0,35,0,0,113,3,18,6,1,18,aggregate,same rule repeated >= 10 times in 5 minutes
wazuh-1788717833.1593623,2026-09-06T18:03:53.054000Z,target-kali-01,5501,3,authentication_success|pam|syslog,pam,T1078,journald,0,0,0,0,0,0,0,0,0,0,1,0,17,17,1,0,35,0,0,113,3,18,6,1,18,aggregate,same rule repeated >= 10 times in 5 minutes
wazuh-1788717851.1594551,2026-09-06T18:04:11.093000Z,target-kali-01,5501,3,authentication_success|pam|syslog,pam,T1078,journald,0,0,0,0,0,0,0,0,0,0,1,0,16,16,1,0,35,0,0,113,3,18,6,1,17,aggregate,same rule repeated >= 10 times in 5 minutes
wazuh-1788717869.1594994,2026-09-06T18:04:29.162000Z,target-kali-01,5501,3,authentication_success|pam|syslog,pam,T1078,journald,0,0,0,0,0,0,0,0,0,0,1,0,16,16,1,0,35,0,0,113,3,18,6,1,17,aggregate,same rule repeated >= 10 times in 5 minutes
wazuh-1788717885.1595437,2026-09-06T18:04:45.294000Z,target-kali-01,5501,3,authentication_success|pam|syslog,pam,T1078,journald,0,0,0,0,0,0,0,0,0,0,1,0,16,16,1,0,35,0,0,112,3,18,6,1,17,aggregate,same rule repeated >= 10 times in 5 minutes
wazuh-1788717895.1595880,2026-09-06T18:04:55.302000Z,target-kali-01,5501,3,authentication_success|pam|syslog,pam,T1078,journald,0,0,0,0,0,0,0,0,0,0,1,0,16,16,1,0,35,0,0,113,3,18,6,1,17,aggregate,same rule repeated >= 10 times in 5 minutes
wazuh-1788717914.1596323,2026-09-06T18:05:14.146000Z,target-kali-01,5501,3,authentication_success|pam|syslog,pam,T1078,journald,0,0,0,0,0,0,0,0,0,0,1,0,16,16,1,0,35,0,0,113,3,18,6,1,17,aggregate,same rule repeated >= 10 times in 5 minutes
wazuh-1788717916.1596766,2026-09-06T18:05:16.235000Z,lab-sensor-01,31101,5,accesslog|attack|web,web-accesslog,none,/var/log/apache2/access.log,0,0,1,0,0,0,1,0,0,0,0,0,25,9,7,0,9,0,0,55,6,18,6,1,10,aggregate,same rule repeated >= 10 times in 5 minutes
wazuh-1788717918.1597208,2026-09-06T18:05:18.237000Z,lab-sensor-01,31101,5,accesslog|attack|web,web-accesslog,none,/var/log/apache2/access.log,0,0,1,0,0,0,1,0,0,0,0,0,26,10,7,0,9,0,0,54,6,18,6,1,11,aggregate,same rule repeated >= 10 times in 5 minutes
wazuh-1788717920.1597650,2026-09-06T18:05:20.240000Z,lab-sensor-01,31101,5,accesslog|attack|web,web-accesslog,none,/var/log/apache2/access.log,0,0,1,0,0,0,1,0,0,0,0,0,27,11,7,0,9,0,0,54,6,18,6,1,12,aggregate,same rule repeated >= 10 times in 5 minutes
wazuh-1788717938.1599817,2026-09-06T18:05:38.230000Z,target-kali-01,5501,3,authentication_success|pam|syslog,pam,T1078,journald,0,0,0,0,0,0,0,0,0,0,1,0,15,15,1,0,34,0,0,112,3,18,6,1,16,aggregate,same rule repeated >= 10 times in 5 minutes
wazuh-1788717958.1600260,2026-09-06T18:05:58.359000Z,target-kali-01,5501,3,authentication_success|pam|syslog,pam,T1078,journald,0,0,0,0,0,0,0,0,0,0,1,0,15,15,1,0,34,0,0,112,3,18,6,1,16,aggregate,same rule repeated >= 10 times in 5 minutes
wazuh-1788717968.1600703,2026-09-06T18:06:08.464000Z,target-kali-01,5501,3,authentication_success|pam|syslog,pam,T1078,journald,0,0,0,0,0,0,0,0,0,0,1,0,16,16,1,0,34,0,0,112,3,18,6,1,17,aggregate,same rule repeated >= 10 times in 5 minutes
wazuh-1788717988.1601146,2026-09-06T18:06:28.483000Z,target-kali-01,5501,3,authentication_success|pam|syslog,pam,T1078,journald,0,0,0,0,0,0,0,0,0,0,1,0,16,16,1,0,35,0,0,112,3,18,6,1,17,aggregate,same rule repeated >= 10 times in 5 minutes
wazuh-1788718002.1602138,2026-09-06T18:06:42.523000Z,target-kali-01,5501,3,authentication_success|pam|syslog,pam,T1078,journald,0,0,0,0,0,0,0,0,0,0,1,0,16,16,1,0,34,0,0,112,3,18,6,1,17,aggregate,same rule repeated >= 10 times in 5 minutes
wazuh-1788718022.1604052,2026-09-06T18:07:02.756000Z,target-kali-01,5501,3,authentication_success|pam|syslog,pam,T1078,journald,0,0,0,0,0,0,0,0,0,0,1,0,16,16,1,0,34,0,0,112,3,18,6,1,17,aggregate,same rule repeated >= 10 times in 5 minutes
wazuh-1788718034.1604495,2026-09-06T18:07:14.864000Z,target-kali-01,5501,3,authentication_success|pam|syslog,pam,T1078,journald,0,0,0,0,0,0,0,0,0,0,1,0,16,16,1,0,35,0,0,112,3,18,6,1,17,aggregate,same rule repeated >= 10 times in 5 minutes
wazuh-1788718057.1607313,2026-09-06T18:07:37.247000Z,target-kali-01,5501,3,authentication_success|pam|syslog,pam,T1078,journald,0,0,0,0,0,0,0,0,0,0,1,0,16,16,1,0,34,0,0,111,3,18,6,1,17,aggregate,same rule repeated >= 10 times in 5 minutes
wazuh-1788718075.1608305,2026-09-06T18:07:55.282000Z,target-kali-01,5501,3,authentication_success|pam|syslog,pam,T1078,journald,0,0,0,0,0,0,0,0,0,0,1,0,16,16,1,0,34,0,0,111,3,18,6,1,17,aggregate,same rule repeated >= 10 times in 5 minutes
wazuh-1788718097.1609846,2026-09-06T18:08:17.374000Z,target-kali-01,5501,3,authentication_success|pam|syslog,pam,T1078,journald,0,0,0,0,0,0,0,0,0,0,1,0,16,16,1,0,34,0,0,111,3,18,6,1,17,aggregate,same rule repeated >= 10 times in 5 minutes
wazuh-1788718109.1610289,2026-09-06T18:08:29.500000Z,target-kali-01,5501,3,authentication_success|pam|syslog,pam,T1078,journald,0,0,0,0,0,0,0,0,0,0,1,0,17,17,1,0,34,0,0,111,3,18,6,1,18,aggregate,same rule repeated >= 10 times in 5 minutes
wazuh-1788718123.1610732,2026-09-06T18:08:43.719000Z,target-kali-01,5501,3,authentication_success|pam|syslog,pam,T1078,journald,0,0,0,0,0,0,0,0,0,0,1,0,17,17,1,0,34,0,0,111,3,18,6,1,18,aggregate,same rule repeated >= 10 times in 5 minutes
wazuh-1788718138.1611175,2026-09-06T18:08:58.178000Z,target-kali-01,5501,3,authentication_success|pam|syslog,pam,T1078,journald,0,0,0,0,0,0,0,0,0,0,1,0,17,17,1,0,34,0,0,111,3,18,6,1,18,aggregate,same rule repeated >= 10 times in 5 minutes
wazuh-1788718149.1611618,2026-09-06T18:09:09.153000Z,target-kali-01,5501,3,authentication_success|pam|syslog,pam,T1078,journald,0,0,0,0,0,0,0,0,0,0,1,0,18,18,1,0,34,0,0,111,3,18,6,1,19,aggregate,same rule repeated >= 10 times in 5 minutes
wazuh-1788718170.1613708,2026-09-06T18:09:30.146000Z,target-kali-01,5501,3,authentication_success|pam|syslog,pam,T1078,journald,0,0,0,0,0,0,0,0,0,0,1,0,17,17,1,0,34,0,0,111,3,18,6,1,18,aggregate,same rule repeated >= 10 times in 5 minutes
wazuh-1788718186.1614151,2026-09-06T18:09:46.225000Z,target-kali-01,5501,3,authentication_success|pam|syslog,pam,T1078,journald,0,0,0,0,0,0,0,0,0,0,1,0,17,17,1,0,34,0,0,112,3,18,6,1,18,aggregate,same rule repeated >= 10 times in 5 minutes
wazuh-1788718202.1614594,2026-09-06T18:10:02.317000Z,target-kali-01,5501,3,authentication_success|pam|syslog,pam,T1078,journald,0,0,0,0,0,0,0,0,0,0,1,0,17,17,1,0,34,0,0,112,3,18,6,1,18,aggregate,same rule repeated >= 10 times in 5 minutes
wazuh-1788718214.1615037,2026-09-06T18:10:14.318000Z,target-kali-01,5501,3,authentication_success|pam|syslog,pam,T1078,journald,0,0,0,0,0,0,0,0,0,0,1,0,17,17,1,0,34,0,0,112,3,18,6,1,18,aggregate,same rule repeated >= 10 times in 5 minutes
wazuh-1788718227.1615480,2026-09-06T18:10:27.126000Z,target-kali-01,5501,3,authentication_success|pam|syslog,pam,T1078,journald,0,0,0,0,0,0,0,0,0,0,1,0,18,18,1,0,34,0,0,112,3,18,6,1,19,aggregate,same rule repeated >= 10 times in 5 minutes
wazuh-1788718239.1616382,2026-09-06T18:10:39.219000Z,target-kali-01,5501,3,authentication_success|pam|syslog,pam,T1078,journald,0,0,0,0,0,0,0,0,0,0,1,0,18,18,1,0,34,0,0,112,3,18,6,1,19,aggregate,same rule repeated >= 10 times in 5 minutes
wazuh-1788718259.1617310,2026-09-06T18:10:59.279000Z,target-kali-01,5501,3,authentication_success|pam|syslog,pam,T1078,journald,0,0,0,0,0,0,0,0,0,0,1,0,18,18,1,0,34,0,0,112,3,18,6,1,19,aggregate,same rule repeated >= 10 times in 5 minutes
wazuh-1788718269.1618212,2026-09-06T18:11:09.374000Z,target-kali-01,5501,3,authentication_success|pam|syslog,pam,T1078,journald,0,0,0,0,0,0,0,0,0,0,1,0,18,18,1,0,35,0,0,112,3,18,6,1,19,aggregate,same rule repeated >= 10 times in 5 minutes
wazuh-1788718287.1619140,2026-09-06T18:11:27.397000Z,target-kali-01,5501,3,authentication_success|pam|syslog,pam,T1078,journald,0,0,0,0,0,0,0,0,0,0,1,0,19,19,1,0,35,0,0,111,3,18,6,1,20,aggregate,same rule repeated >= 10 times in 5 minutes
wazuh-1788718287.1619583,2026-09-06T18:11:27.460000Z,lab-sensor-01,5710,5,authentication_failed|invalid_login|sshd|syslog,sshd,T1021.004|T1110.001,journald,47348,0,1,0,0,0,1,0,0,0,1,0,18,9,6,0,12,0,0,55,6,18,6,1,10,aggregate,same rule repeated >= 10 times in 5 minutes
wazuh-1788718289.1620132,2026-09-06T18:11:29.466000Z,lab-sensor-01,5710,5,authentication_failed|invalid_login|sshd|syslog,sshd,T1021.004|T1110.001,journald,47362,0,1,0,0,0,1,0,0,0,1,0,19,10,6,0,13,0,0,56,6,18,6,1,11,aggregate,same rule repeated >= 10 times in 5 minutes
wazuh-1788718293.1620681,2026-09-06T18:11:33.470000Z,lab-sensor-01,5710,5,authentication_failed|invalid_login|sshd|syslog,sshd,T1021.004|T1110.001,journald,47368,0,1,0,0,0,1,0,0,0,1,0,20,11,6,0,14,0,0,57,6,18,6,1,12,aggregate,same rule repeated >= 10 times in 5 minutes
wazuh-1788718309.1637964,2026-09-06T18:11:49.749000Z,target-kali-01,5501,3,authentication_success|pam|syslog,pam,T1078,journald,0,0,0,0,0,0,0,0,0,0,1,0,18,18,1,0,34,0,0,111,3,18,6,1,19,aggregate,same rule repeated >= 10 times in 5 minutes
wazuh-1788718319.1638407,2026-09-06T18:11:59.515000Z,target-kali-01,5501,3,authentication_success|pam|syslog,pam,T1078,journald,0,0,0,0,0,0,0,0,0,0,1,0,19,19,1,0,35,0,0,111,3,18,6,1,20,aggregate,same rule repeated >= 10 times in 5 minutes
wazuh-1788718338.1638850,2026-09-06T18:12:18.015000Z,target-kali-01,5501,3,authentication_success|pam|syslog,pam,T1078,journald,0,0,0,0,0,0,0,0,0,0,1,0,18,18,1,0,35,0,0,111,3,18,6,1,19,aggregate,same rule repeated >= 10 times in 5 minutes
wazuh-1788718348.1639293,2026-09-06T18:12:28.042000Z,target-kali-01,5501,3,authentication_success|pam|syslog,pam,T1078,journald,0,0,0,0,0,0,0,0,0,0,1,0,19,19,1,0,35,0,0,112,3,18,6,1,20,aggregate,same rule repeated >= 10 times in 5 minutes
wazuh-1788718362.1647357,2026-09-06T18:12:42.427000Z,film-laptop,86601,3,ids|suricata,json,none,/var/log/suricata/eve.json,45052,80,1,0,0,0,1,0,0,0,0,0,12,9,6,0,2,0,1,2,4,18,6,1,10,aggregate,same rule repeated >= 10 times in 5 minutes
wazuh-1788718362.1650904,2026-09-06T18:12:42.448000Z,film-laptop,86601,3,ids|suricata,json,none,/var/log/suricata/eve.json,46224,80,1,0,0,0,1,0,0,0,0,0,15,10,6,0,3,0,2,4,4,18,6,1,11,aggregate,same rule repeated >= 10 times in 5 minutes
wazuh-1788718364.1653501,2026-09-06T18:12:44.320000Z,film-laptop,86601,3,ids|suricata,json,none,/var/log/suricata/eve.json,45052,80,1,0,0,0,1,0,0,0,0,0,16,11,6,0,3,0,2,4,4,18,6,1,12,aggregate,same rule repeated >= 10 times in 5 minutes
wazuh-1788718366.1656450,2026-09-06T18:12:46.138000Z,target-kali-01,5501,3,authentication_success|pam|syslog,pam,T1078,journald,0,0,0,0,0,0,0,0,0,0,1,0,19,19,1,0,36,0,0,111,3,18,6,1,20,aggregate,same rule repeated >= 10 times in 5 minutes
wazuh-1788718381.1656893,2026-09-06T18:13:01.549000Z,target-kali-01,5501,3,authentication_success|pam|syslog,pam,T1078,journald,0,0,0,0,0,0,0,0,0,0,1,0,19,19,1,0,36,0,0,111,3,18,6,1,20,aggregate,same rule repeated >= 10 times in 5 minutes
wazuh-1788718392.1657336,2026-09-06T18:13:12.119000Z,target-kali-01,5501,3,authentication_success|pam|syslog,pam,T1078,journald,0,0,0,0,0,0,0,0,0,0,1,0,20,20,1,0,36,0,0,111,3,18,6,1,21,aggregate,same rule repeated >= 10 times in 5 minutes
wazuh-1788718404.1658152,2026-09-06T18:13:24.854000Z,target-kali-01,5501,3,authentication_success|pam|syslog,pam,T1078,journald,0,0,0,0,0,0,0,0,0,0,1,0,20,20,1,0,37,0,0,111,3,18,6,1,21,aggregate,same rule repeated >= 10 times in 5 minutes
wazuh-1788718424.1659539,2026-09-06T18:13:44.926000Z,target-kali-01,5501,3,authentication_success|pam|syslog,pam,T1078,journald,0,0,0,0,0,0,0,0,0,0,1,0,19,19,1,0,37,0,0,111,3,18,6,1,20,aggregate,same rule repeated >= 10 times in 5 minutes
wazuh-1788718439.1659982,2026-09-06T18:13:59.007000Z,target-kali-01,5501,3,authentication_success|pam|syslog,pam,T1078,journald,0,0,0,0,0,0,0,0,0,0,1,0,19,19,1,0,37,0,0,110,3,18,6,1,20,aggregate,same rule repeated >= 10 times in 5 minutes
wazuh-1788718451.1660425,2026-09-06T18:14:11.021000Z,target-kali-01,5501,3,authentication_success|pam|syslog,pam,T1078,journald,0,0,0,0,0,0,0,0,0,0,1,0,19,19,1,0,38,0,0,111,3,18,6,1,20,aggregate,same rule repeated >= 10 times in 5 minutes
wazuh-1788718469.1660868,2026-09-06T18:14:29.240000Z,target-kali-01,5501,3,authentication_success|pam|syslog,pam,T1078,journald,0,0,0,0,0,0,0,0,0,0,1,0,20,20,1,0,37,0,0,111,3,18,6,1,21,aggregate,same rule repeated >= 10 times in 5 minutes
wazuh-1788718487.1661311,2026-09-06T18:14:47.374000Z,target-kali-01,5501,3,authentication_success|pam|syslog,pam,T1078,journald,0,0,0,0,0,0,0,0,0,0,1,0,19,19,1,0,37,0,0,111,3,18,6,1,20,aggregate,same rule repeated >= 10 times in 5 minutes
wazuh-1788718504.1661754,2026-09-06T18:15:04.110000Z,target-kali-01,5501,3,authentication_success|pam|syslog,pam,T1078,journald,0,0,0,0,0,0,0,0,0,0,1,0,19,19,1,0,37,0,0,111,3,18,6,1,20,aggregate,same rule repeated >= 10 times in 5 minutes
wazuh-1788718514.1662197,2026-09-06T18:15:14.286000Z,target-kali-01,5501,3,authentication_success|pam|syslog,pam,T1078,journald,0,0,0,0,0,0,0,0,0,0,1,0,20,20,1,0,37,0,0,112,3,18,6,1,21,aggregate,same rule repeated >= 10 times in 5 minutes
wazuh-1788718526.1662640,2026-09-06T18:15:26.394000Z,target-kali-01,5501,3,authentication_success|pam|syslog,pam,T1078,journald,0,0,0,0,0,0,0,0,0,0,1,0,20,20,1,0,38,0,0,112,3,18,6,1,21,aggregate,same rule repeated >= 10 times in 5 minutes
wazuh-1788718536.1663083,2026-09-06T18:15:36.461000Z,target-kali-01,5501,3,authentication_success|pam|syslog,pam,T1078,journald,0,0,0,0,0,0,0,0,0,0,1,0,20,20,1,0,39,0,0,112,3,18,6,1,21,aggregate,same rule repeated >= 10 times in 5 minutes
wazuh-1788718550.1663526,2026-09-06T18:15:50.515000Z,target-kali-01,5501,3,authentication_success|pam|syslog,pam,T1078,journald,0,0,0,0,0,0,0,0,0,0,1,0,20,20,1,0,39,0,0,112,3,18,6,1,21,aggregate,same rule repeated >= 10 times in 5 minutes
wazuh-1788718566.1663969,2026-09-06T18:16:06.605000Z,target-kali-01,5501,3,authentication_success|pam|syslog,pam,T1078,journald,0,0,0,0,0,0,0,0,0,0,1,0,20,20,1,0,39,0,0,112,3,18,6,1,21,aggregate,same rule repeated >= 10 times in 5 minutes
wazuh-1788718581.1664412,2026-09-06T18:16:21.135000Z,target-kali-01,5501,3,authentication_success|pam|syslog,pam,T1078,journald,0,0,0,0,0,0,0,0,0,0,1,0,20,20,1,0,39,0,0,112,3,18,6,1,21,aggregate,same rule repeated >= 10 times in 5 minutes
wazuh-1788718593.1664855,2026-09-06T18:16:33.172000Z,target-kali-01,5501,3,authentication_success|pam|syslog,pam,T1078,journald,0,0,0,0,0,0,0,0,0,0,1,0,20,20,1,0,39,0,0,112,3,18,6,1,21,aggregate,same rule repeated >= 10 times in 5 minutes
wazuh-1788718603.1665298,2026-09-06T18:16:43.218000Z,target-kali-01,5501,3,authentication_success|pam|syslog,pam,T1078,journald,0,0,0,0,0,0,0,0,0,0,1,0,21,21,1,0,39,0,0,113,3,18,6,1,22,aggregate,same rule repeated >= 10 times in 5 minutes
wazuh-1788718621.1665741,2026-09-06T18:17:01.431000Z,target-kali-01,5501,3,authentication_success|pam|syslog,pam,T1078,journald,0,0,0,0,0,0,0,0,0,0,1,0,20,20,1,0,40,0,0,112,3,18,6,1,21,aggregate,same rule repeated >= 10 times in 5 minutes
wazuh-1788718639.1667128,2026-09-06T18:17:19.481000Z,target-kali-01,5501,3,authentication_success|pam|syslog,pam,T1078,journald,0,0,0,0,0,0,0,0,0,0,1,0,20,20,1,0,39,0,0,112,3,18,6,1,21,aggregate,same rule repeated >= 10 times in 5 minutes
wazuh-1788718654.1667571,2026-09-06T18:17:34.734000Z,target-kali-01,5501,3,authentication_success|pam|syslog,pam,T1078,journald,0,0,0,0,0,0,0,0,0,0,1,0,20,20,1,0,40,0,0,112,3,18,6,1,21,aggregate,same rule repeated >= 10 times in 5 minutes
wazuh-1788718672.1668563,2026-09-06T18:17:52.866000Z,target-kali-01,5501,3,authentication_success|pam|syslog,pam,T1078,journald,0,0,0,0,0,0,0,0,0,0,1,0,20,20,1,0,40,0,0,112,3,18,6,1,21,aggregate,same rule repeated >= 10 times in 5 minutes
wazuh-1788718693.1670104,2026-09-06T18:18:13.622000Z,target-kali-01,5501,3,authentication_success|pam|syslog,pam,T1078,journald,0,0,0,0,0,0,0,0,0,0,1,0,19,19,1,0,40,0,0,112,3,18,6,1,20,aggregate,same rule repeated >= 10 times in 5 minutes
wazuh-1788718703.1670547,2026-09-06T18:18:23.878000Z,target-kali-01,5501,3,authentication_success|pam|syslog,pam,T1078,journald,0,0,0,0,0,0,0,0,0,0,1,0,20,20,1,0,40,0,0,112,3,18,6,1,21,aggregate,same rule repeated >= 10 times in 5 minutes
wazuh-1788718725.1671363,2026-09-06T18:18:45.968000Z,target-kali-01,5501,3,authentication_success|pam|syslog,pam,T1078,journald,0,0,0,0,0,0,0,0,0,0,1,0,19,19,1,0,39,0,0,112,3,18,6,1,20,aggregate,same rule repeated >= 10 times in 5 minutes
wazuh-1788718742.1671806,2026-09-06T18:19:02.183000Z,target-kali-01,5501,3,authentication_success|pam|syslog,pam,T1078,journald,0,0,0,0,0,0,0,0,0,0,1,0,19,19,1,0,39,0,0,112,3,18,6,1,20,aggregate,same rule repeated >= 10 times in 5 minutes
wazuh-1788718762.1674624,2026-09-06T18:19:22.958000Z,target-kali-01,5501,3,authentication_success|pam|syslog,pam,T1078,journald,0,0,0,0,0,0,0,0,0,0,1,0,19,19,1,0,39,0,0,112,3,18,6,1,20,aggregate,same rule repeated >= 10 times in 5 minutes
wazuh-1788718783.1677442,2026-09-06T18:19:43.164000Z,target-kali-01,5501,3,authentication_success|pam|syslog,pam,T1078,journald,0,0,0,0,0,0,0,0,0,0,1,0,19,19,1,0,39,0,0,112,3,18,6,1,20,aggregate,same rule repeated >= 10 times in 5 minutes
wazuh-1788718794.1677885,2026-09-06T18:19:54.259000Z,target-kali-01,5501,3,authentication_success|pam|syslog,pam,T1078,journald,0,0,0,0,0,0,0,0,0,0,1,0,19,19,1,0,39,0,0,111,3,18,6,1,20,aggregate,same rule repeated >= 10 times in 5 minutes
wazuh-1788718816.1679975,2026-09-06T18:20:16.091000Z,target-kali-01,5501,3,authentication_success|pam|syslog,pam,T1078,journald,0,0,0,0,0,0,0,0,0,0,1,0,18,18,1,0,38,0,0,111,3,18,6,1,19,aggregate,same rule repeated >= 10 times in 5 minutes
wazuh-1788718823.1680418,2026-09-06T18:20:23.095000Z,target-kali-01,5501,3,authentication_success|pam|syslog,pam,T1078,journald,0,0,0,0,0,0,0,0,0,0,1,0,19,19,1,0,39,0,0,112,3,18,6,1,20,aggregate,same rule repeated >= 10 times in 5 minutes
wazuh-1788718839.1680861,2026-09-06T18:20:39.812000Z,target-kali-01,5501,3,authentication_success|pam|syslog,pam,T1078,journald,0,0,0,0,0,0,0,0,0,0,1,0,18,18,1,0,38,0,0,111,3,18,6,1,19,aggregate,same rule repeated >= 10 times in 5 minutes
wazuh-1788718857.1681763,2026-09-06T18:20:57.012000Z,target-kali-01,5501,3,authentication_success|pam|syslog,pam,T1078,journald,0,0,0,0,0,0,0,0,0,0,1,0,18,18,1,0,39,0,0,111,3,18,6,1,19,aggregate,same rule repeated >= 10 times in 5 minutes
wazuh-1788718877.1682691,2026-09-06T18:21:17.120000Z,target-kali-01,5501,3,authentication_success|pam|syslog,pam,T1078,journald,0,0,0,0,0,0,0,0,0,0,1,0,18,18,1,0,38,0,0,110,3,18,6,1,19,aggregate,same rule repeated >= 10 times in 5 minutes
wazuh-1788718891.1683134,2026-09-06T18:21:31.448000Z,target-kali-01,5501,3,authentication_success|pam|syslog,pam,T1078,journald,0,0,0,0,0,0,0,0,0,0,1,0,18,18,1,0,38,0,0,110,3,18,6,1,19,aggregate,same rule repeated >= 10 times in 5 minutes
wazuh-1788718904.1683577,2026-09-06T18:21:44.033000Z,target-kali-01,5501,3,authentication_success|pam|syslog,pam,T1078,journald,0,0,0,0,0,0,0,0,0,0,1,0,17,17,1,0,39,0,0,111,3,18,6,1,18,aggregate,same rule repeated >= 10 times in 5 minutes
wazuh-1788718924.1685667,2026-09-06T18:22:04.142000Z,target-kali-01,5501,3,authentication_success|pam|syslog,pam,T1078,journald,0,0,0,0,0,0,0,0,0,0,1,0,17,17,1,0,38,0,0,111,3,18,6,1,18,aggregate,same rule repeated >= 10 times in 5 minutes
wazuh-1788718936.1686110,2026-09-06T18:22:16.413000Z,target-kali-01,5501,3,authentication_success|pam|syslog,pam,T1078,journald,0,0,0,0,0,0,0,0,0,0,1,0,18,18,1,0,39,0,0,110,3,18,6,1,19,aggregate,same rule repeated >= 10 times in 5 minutes
wazuh-1788718949.1686553,2026-09-06T18:22:29.657000Z,target-kali-01,5501,3,authentication_success|pam|syslog,pam,T1078,journald,0,0,0,0,0,0,0,0,0,0,1,0,18,18,1,0,38,0,0,111,3,18,6,1,19,aggregate,same rule repeated >= 10 times in 5 minutes
wazuh-1788718963.1686996,2026-09-06T18:22:43.657000Z,target-kali-01,5501,3,authentication_success|pam|syslog,pam,T1078,journald,0,0,0,0,0,0,0,0,0,0,1,0,18,18,1,0,39,0,0,111,3,18,6,1,19,aggregate,same rule repeated >= 10 times in 5 minutes
wazuh-1788718978.1687898,2026-09-06T18:22:58.127000Z,target-kali-01,5501,3,authentication_success|pam|syslog,pam,T1078,journald,0,0,0,0,0,0,0,0,0,0,1,0,18,18,1,0,39,0,0,111,3,18,6,1,19,aggregate,same rule repeated >= 10 times in 5 minutes
wazuh-1788718998.1688826,2026-09-06T18:23:18.188000Z,target-kali-01,5501,3,authentication_success|pam|syslog,pam,T1078,journald,0,0,0,0,0,0,0,0,0,0,1,0,18,18,1,0,38,0,0,111,3,18,6,1,19,aggregate,same rule repeated >= 10 times in 5 minutes
wazuh-1788719020.1690213,2026-09-06T18:23:40.424000Z,target-kali-01,5501,3,authentication_success|pam|syslog,pam,T1078,journald,0,0,0,0,0,0,0,0,0,0,1,0,18,18,1,0,38,0,0,111,3,18,6,1,19,aggregate,same rule repeated >= 10 times in 5 minutes
wazuh-1788719034.1690656,2026-09-06T18:23:54.526000Z,target-kali-01,5501,3,authentication_success|pam|syslog,pam,T1078,journald,0,0,0,0,0,0,0,0,0,0,1,0,18,18,1,0,38,0,0,111,3,18,6,1,19,aggregate,same rule repeated >= 10 times in 5 minutes
wazuh-1788719048.1691472,2026-09-06T18:24:08.621000Z,target-kali-01,5501,3,authentication_success|pam|syslog,pam,T1078,journald,0,0,0,0,0,0,0,0,0,0,1,0,18,18,1,0,38,0,0,111,3,18,6,1,19,aggregate,same rule repeated >= 10 times in 5 minutes
wazuh-1788719061.1692374,2026-09-06T18:24:21.634000Z,target-kali-01,5501,3,authentication_success|pam|syslog,pam,T1078,journald,0,0,0,0,0,0,0,0,0,0,1,0,19,19,1,0,38,0,0,112,3,18,6,1,20,aggregate,same rule repeated >= 10 times in 5 minutes
wazuh-1788719079.1693302,2026-09-06T18:24:39.780000Z,target-kali-01,5501,3,authentication_success|pam|syslog,pam,T1078,journald,0,0,0,0,0,0,0,0,0,0,1,0,19,19,1,0,38,0,0,111,3,18,6,1,20,aggregate,same rule repeated >= 10 times in 5 minutes
wazuh-1788719096.1693745,2026-09-06T18:24:56.345000Z,target-kali-01,5501,3,authentication_success|pam|syslog,pam,T1078,journald,0,0,0,0,0,0,0,0,0,0,1,0,18,18,1,0,38,0,0,111,3,18,6,1,19,aggregate,same rule repeated >= 10 times in 5 minutes
wazuh-1788719116.1695835,2026-09-06T18:25:16.593000Z,target-kali-01,5501,3,authentication_success|pam|syslog,pam,T1078,journald,0,0,0,0,0,0,0,0,0,0,1,0,18,18,1,0,37,0,0,111,3,18,6,1,19,aggregate,same rule repeated >= 10 times in 5 minutes
wazuh-1788719139.1698653,2026-09-06T18:25:39.282000Z,target-kali-01,5501,3,authentication_success|pam|syslog,pam,T1078,journald,0,0,0,0,0,0,0,0,0,0,1,0,18,18,1,0,36,0,0,110,3,18,6,1,19,aggregate,same rule repeated >= 10 times in 5 minutes
wazuh-1788719161.1701471,2026-09-06T18:26:01.654000Z,target-kali-01,5501,3,authentication_success|pam|syslog,pam,T1078,journald,0,0,0,0,0,0,0,0,0,0,1,0,17,17,1,0,36,0,0,110,3,18,6,1,18,aggregate,same rule repeated >= 10 times in 5 minutes
wazuh-1788719177.1701914,2026-09-06T18:26:17.729000Z,target-kali-01,5501,3,authentication_success|pam|syslog,pam,T1078,journald,0,0,0,0,0,0,0,0,0,0,1,0,17,17,1,0,36,0,0,110,3,18,6,1,18,aggregate,same rule repeated >= 10 times in 5 minutes
wazuh-1788719191.1702906,2026-09-06T18:26:31.826000Z,target-kali-01,5501,3,authentication_success|pam|syslog,pam,T1078,journald,0,0,0,0,0,0,0,0,0,0,1,0,17,17,1,0,36,0,0,110,3,18,6,1,18,aggregate,same rule repeated >= 10 times in 5 minutes
wazuh-1788719211.1704447,2026-09-06T18:26:51.871000Z,target-kali-01,5501,3,authentication_success|pam|syslog,pam,T1078,journald,0,0,0,0,0,0,0,0,0,0,1,0,17,17,1,0,35,0,0,110,3,18,6,1,18,aggregate,same rule repeated >= 10 times in 5 minutes
wazuh-1788719225.1704890,2026-09-06T18:27:05.915000Z,target-kali-01,5501,3,authentication_success|pam|syslog,pam,T1078,journald,0,0,0,0,0,0,0,0,0,0,1,0,17,17,1,0,35,0,0,110,3,18,6,1,18,aggregate,same rule repeated >= 10 times in 5 minutes
wazuh-1788719243.1705882,2026-09-06T18:27:23.996000Z,target-kali-01,5501,3,authentication_success|pam|syslog,pam,T1078,journald,0,0,0,0,0,0,0,0,0,0,1,0,17,17,1,0,35,0,0,110,3,18,6,1,18,aggregate,same rule repeated >= 10 times in 5 minutes
wazuh-1788719266.1707423,2026-09-06T18:27:46.362000Z,target-kali-01,5501,3,authentication_success|pam|syslog,pam,T1078,journald,0,0,0,0,0,0,0,0,0,0,1,0,16,16,1,0,35,0,0,110,3,18,6,1,17,aggregate,same rule repeated >= 10 times in 5 minutes
wazuh-1788719289.1710241,2026-09-06T18:28:09.137000Z,target-kali-01,5501,3,authentication_success|pam|syslog,pam,T1078,journald,0,0,0,0,0,0,0,0,0,0,1,0,16,16,1,0,35,0,0,110,3,18,6,1,17,aggregate,same rule repeated >= 10 times in 5 minutes
wazuh-1788719307.1710684,2026-09-06T18:28:27.175000Z,target-kali-01,5501,3,authentication_success|pam|syslog,pam,T1078,journald,0,0,0,0,0,0,0,0,0,0,1,0,16,16,1,0,34,0,0,109,3,18,6,1,17,aggregate,same rule repeated >= 10 times in 5 minutes
wazuh-1788719321.1711127,2026-09-06T18:28:41.679000Z,target-kali-01,5501,3,authentication_success|pam|syslog,pam,T1078,journald,0,0,0,0,0,0,0,0,0,0,1,0,16,16,1,0,35,0,0,110,3,18,6,1,17,aggregate,same rule repeated >= 10 times in 5 minutes
wazuh-1788719321.1711570,2026-09-06T18:28:41.762000Z,lab-sensor-01,5710,5,authentication_failed|invalid_login|sshd|syslog,sshd,T1021.004|T1110.001,journald,56484,0,1,0,0,0,1,0,0,0,1,0,26,9,6,0,15,0,0,67,6,18,6,1,10,aggregate,same rule repeated >= 10 times in 5 minutes
wazuh-1788719323.1712119,2026-09-06T18:28:43.764000Z,lab-sensor-01,5710,5,authentication_failed|invalid_login|sshd|syslog,sshd,T1021.004|T1110.001,journald,56486,0,1,0,0,0,1,0,0,0,1,0,27,10,6,0,16,0,0,68,6,18,6,1,11,aggregate,same rule repeated >= 10 times in 5 minutes
wazuh-1788719327.1712668,2026-09-06T18:28:47.768000Z,lab-sensor-01,5710,5,authentication_failed|invalid_login|sshd|syslog,sshd,T1021.004|T1110.001,journald,49482,0,1,0,0,0,1,0,0,0,1,0,28,11,6,0,17,0,0,69,6,18,6,1,12,aggregate,same rule repeated >= 10 times in 5 minutes
wazuh-1788719344.1713217,2026-09-06T18:29:04.309000Z,target-kali-01,5501,3,authentication_success|pam|syslog,pam,T1078,journald,0,0,0,0,0,0,0,0,0,0,1,0,16,16,1,0,34,0,0,109,3,18,6,1,17,aggregate,same rule repeated >= 10 times in 5 minutes
wazuh-1788719359.1713660,2026-09-06T18:29:19.817000Z,lab-sensor-01,5710,5,authentication_failed|invalid_login|sshd|syslog,sshd,T1021.004|T1110.001,journald,43688,0,1,0,0,0,1,0,0,0,1,0,29,12,6,0,18,0,0,70,6,18,6,1,13,aggregate,same rule repeated >= 10 times in 5 minutes
wazuh-1788719360.1714209,2026-09-06T18:29:20.440000Z,target-kali-01,5501,3,authentication_success|pam|syslog,pam,T1078,journald,0,0,0,0,0,0,0,0,0,0,1,0,16,16,1,0,35,0,0,109,3,18,6,1,17,aggregate,same rule repeated >= 10 times in 5 minutes
wazuh-1788719365.1715986,2026-09-06T18:29:25.845000Z,lab-sensor-01,5710,5,authentication_failed|invalid_login|sshd|syslog,sshd,T1021.004|T1110.001,journald,33258,0,1,0,0,0,1,0,0,0,1,0,29,13,7,1,20,0,0,72,10,18,6,1,14,aggregate,same rule repeated >= 10 times in 5 minutes
wazuh-1788719379.1716535,2026-09-06T18:29:39.927000Z,target-kali-01,5501,3,authentication_success|pam|syslog,pam,T1078,journald,0,0,0,0,0,0,0,0,0,0,1,0,15,15,1,0,35,0,0,109,3,18,6,1,16,aggregate,same rule repeated >= 10 times in 5 minutes
wazuh-1788719392.1716978,2026-09-06T18:29:52.791000Z,target-kali-01,5501,3,authentication_success|pam|syslog,pam,T1078,journald,0,0,0,0,0,0,0,0,0,0,1,0,16,16,1,0,35,0,0,109,3,18,6,1,17,aggregate,same rule repeated >= 10 times in 5 minutes
wazuh-1788719402.1717421,2026-09-06T18:30:02.381000Z,target-kali-01,5501,3,authentication_success|pam|syslog,pam,T1078,journald,0,0,0,0,0,0,0,0,0,0,1,0,16,16,1,0,35,0,0,109,3,18,6,1,17,aggregate,same rule repeated >= 10 times in 5 minutes
wazuh-1788719403.1717864,2026-09-06T18:30:03.161000Z,lab-sensor-01,31101,5,accesslog|attack|web,web-accesslog,none,/var/log/apache2/access.log,0,0,1,0,0,0,1,0,0,0,0,0,28,9,7,1,18,0,0,72,10,18,6,1,10,aggregate,same rule repeated >= 10 times in 5 minutes
wazuh-1788719405.1718306,2026-09-06T18:30:05.165000Z,lab-sensor-01,31101,5,accesslog|attack|web,web-accesslog,none,/var/log/apache2/access.log,0,0,1,0,0,0,1,0,0,0,0,0,28,10,7,1,18,0,0,72,10,18,6,1,11,aggregate,same rule repeated >= 10 times in 5 minutes
wazuh-1788719407.1718748,2026-09-06T18:30:07.169000Z,lab-sensor-01,31101,5,accesslog|attack|web,web-accesslog,none,/var/log/apache2/access.log,0,0,1,0,0,0,1,0,0,0,0,0,29,11,7,1,18,0,0,72,10,18,6,1,12,aggregate,same rule repeated >= 10 times in 5 minutes
wazuh-1788719422.1720239,2026-09-06T18:30:22.491000Z,target-kali-01,5501,3,authentication_success|pam|syslog,pam,T1078,journald,0,0,0,0,0,0,0,0,0,0,1,0,16,16,1,0,35,0,0,108,3,18,6,1,17,aggregate,same rule repeated >= 10 times in 5 minutes
wazuh-1788719442.1722458,2026-09-06T18:30:42.602000Z,target-kali-01,5501,3,authentication_success|pam|syslog,pam,T1078,journald,0,0,0,0,0,0,0,0,0,0,1,0,16,16,1,0,34,0,0,108,3,18,6,1,17,aggregate,same rule repeated >= 10 times in 5 minutes
wazuh-1788719464.1723386,2026-09-06T18:31:04.723000Z,target-kali-01,5501,3,authentication_success|pam|syslog,pam,T1078,journald,0,0,0,0,0,0,0,0,0,0,1,0,16,16,1,0,34,0,0,108,3,18,6,1,17,aggregate,same rule repeated >= 10 times in 5 minutes
wazuh-1788719476.1723829,2026-09-06T18:31:16.746000Z,target-kali-01,5501,3,authentication_success|pam|syslog,pam,T1078,journald,0,0,0,0,0,0,0,0,0,0,1,0,17,17,1,0,35,0,0,109,3,18,6,1,18,aggregate,same rule repeated >= 10 times in 5 minutes
wazuh-1788719478.1724272,2026-09-06T18:31:18.060000Z,lab-sensor-01,5710,5,authentication_failed|invalid_login|sshd|syslog,sshd,T1021.004|T1110.001,journald,37064,0,1,0,0,0,1,0,0,0,1,0,26,11,7,1,18,0,0,73,10,18,6,1,12,aggregate,same rule repeated >= 10 times in 5 minutes
wazuh-1788719480.1724821,2026-09-06T18:31:20.063000Z,lab-sensor-01,5710,5,authentication_failed|invalid_login|sshd|syslog,sshd,T1021.004|T1110.001,journald,37076,0,1,0,0,0,1,0,0,0,1,0,27,12,7,1,19,0,0,74,10,18,6,1,13,aggregate,same rule repeated >= 10 times in 5 minutes
wazuh-1788719484.1725370,2026-09-06T18:31:24.069000Z,lab-sensor-01,5710,5,authentication_failed|invalid_login|sshd|syslog,sshd,T1021.004|T1110.001,journald,37082,0,1,0,0,0,1,0,0,0,1,0,28,13,7,1,20,0,0,75,10,18,6,1,14,aggregate,same rule repeated >= 10 times in 5 minutes
wazuh-1788719499.1725919,2026-09-06T18:31:39.223000Z,target-kali-01,5501,3,authentication_success|pam|syslog,pam,T1078,journald,0,0,0,0,0,0,0,0,0,0,1,0,16,16,1,0,34,0,0,108,3,18,6,1,17,aggregate,same rule repeated >= 10 times in 5 minutes
wazuh-1788719518.1727306,2026-09-06T18:31:58.269000Z,target-kali-01,5501,3,authentication_success|pam|syslog,pam,T1078,journald,0,0,0,0,0,0,0,0,0,0,1,0,16,16,1,0,34,0,0,108,3,18,6,1,17,aggregate,same rule repeated >= 10 times in 5 minutes
wazuh-1788719536.1727749,2026-09-06T18:32:16.731000Z,target-kali-01,5501,3,authentication_success|pam|syslog,pam,T1078,journald,0,0,0,0,0,0,0,0,0,0,1,0,16,16,1,0,33,0,0,108,3,18,6,1,17,aggregate,same rule repeated >= 10 times in 5 minutes
wazuh-1788719549.1728192,2026-09-06T18:32:29.624000Z,target-kali-01,5501,3,authentication_success|pam|syslog,pam,T1078,journald,0,0,0,0,0,0,0,0,0,0,1,0,16,16,1,0,34,0,0,108,3,18,6,1,17,aggregate,same rule repeated >= 10 times in 5 minutes
wazuh-1788719561.1728635,2026-09-06T18:32:41.764000Z,target-kali-01,5501,3,authentication_success|pam|syslog,pam,T1078,journald,0,0,0,0,0,0,0,0,0,0,1,0,17,17,1,0,34,0,0,109,3,18,6,1,18,aggregate,same rule repeated >= 10 times in 5 minutes
wazuh-1788719564.1729627,2026-09-06T18:32:44.222000Z,lab-sensor-01,5710,5,authentication_failed|invalid_login|sshd|syslog,sshd,T1021.004|T1110.001,journald,41192,0,1,0,0,0,1,0,0,0,1,0,26,9,7,1,19,0,0,77,10,18,6,1,10,aggregate,same rule repeated >= 10 times in 5 minutes
wazuh-1788719568.1730176,2026-09-06T18:32:48.228000Z,lab-sensor-01,5710,5,authentication_failed|invalid_login|sshd|syslog,sshd,T1021.004|T1110.001,journald,40342,0,1,0,0,0,1,0,0,0,1,0,26,10,7,1,20,0,0,78,10,18,6,1,11,aggregate,same rule repeated >= 10 times in 5 minutes
wazuh-1788719580.1731184,2026-09-06T18:33:00.047000Z,target-kali-01,5501,3,authentication_success|pam|syslog,pam,T1078,journald,0,0,0,0,0,0,0,0,0,0,1,0,17,17,1,0,33,0,0,109,3,18,6,1,18,aggregate,same rule repeated >= 10 times in 5 minutes
wazuh-1788719600.1732112,2026-09-06T18:33:20.193000Z,target-kali-01,5501,3,authentication_success|pam|syslog,pam,T1078,journald,0,0,0,0,0,0,0,0,0,0,1,0,17,17,1,0,33,0,0,109,3,18,6,1,18,aggregate,same rule repeated >= 10 times in 5 minutes
wazuh-1788719618.1732555,2026-09-06T18:33:38.996000Z,target-kali-01,5501,3,authentication_success|pam|syslog,pam,T1078,journald,0,0,0,0,0,0,0,0,0,0,1,0,17,17,1,0,34,0,0,109,3,18,6,1,18,aggregate,same rule repeated >= 10 times in 5 minutes
wazuh-1788719638.1732998,2026-09-06T18:33:58.327000Z,target-kali-01,5501,3,authentication_success|pam|syslog,pam,T1078,journald,0,0,0,0,0,0,0,0,0,0,1,0,17,17,1,0,33,0,0,109,3,18,6,1,18,aggregate,same rule repeated >= 10 times in 5 minutes
wazuh-1788719658.1734385,2026-09-06T18:34:18.610000Z,target-kali-01,5501,3,authentication_success|pam|syslog,pam,T1078,journald,0,0,0,0,0,0,0,0,0,0,1,0,17,17,1,0,33,0,0,109,3,18,6,1,18,aggregate,same rule repeated >= 10 times in 5 minutes
wazuh-1788719676.1737203,2026-09-06T18:34:36.669000Z,target-kali-01,5501,3,authentication_success|pam|syslog,pam,T1078,journald,0,0,0,0,0,0,0,0,0,0,1,0,17,17,1,0,33,0,0,109,3,18,6,1,18,aggregate,same rule repeated >= 10 times in 5 minutes
wazuh-1788719688.1737646,2026-09-06T18:34:48.818000Z,target-kali-01,5501,3,authentication_success|pam|syslog,pam,T1078,journald,0,0,0,0,0,0,0,0,0,0,1,0,17,17,1,0,33,0,0,109,3,18,6,1,18,aggregate,same rule repeated >= 10 times in 5 minutes
wazuh-1788719698.1738089,2026-09-06T18:34:58.889000Z,target-kali-01,5501,3,authentication_success|pam|syslog,pam,T1078,journald,0,0,0,0,0,0,0,0,0,0,1,0,17,17,1,0,33,0,0,109,3,18,6,1,18,aggregate,same rule repeated >= 10 times in 5 minutes
wazuh-1788719711.1738532,2026-09-06T18:35:11.474000Z,target-kali-01,5501,3,authentication_success|pam|syslog,pam,T1078,journald,0,0,0,0,0,0,0,0,0,0,1,0,17,17,1,0,34,0,0,110,3,18,6,1,18,aggregate,same rule repeated >= 10 times in 5 minutes
wazuh-1788719731.1739919,2026-09-06T18:35:31.792000Z,target-kali-01,5501,3,authentication_success|pam|syslog,pam,T1078,journald,0,0,0,0,0,0,0,0,0,0,1,0,17,17,1,0,34,0,0,110,3,18,6,1,18,aggregate,same rule repeated >= 10 times in 5 minutes
wazuh-1788719752.1741194,2026-09-06T18:35:52.036000Z,target-kali-01,5501,3,authentication_success|pam|syslog,pam,T1078,journald,0,0,0,0,0,0,0,0,0,0,1,0,17,17,1,0,34,0,0,110,3,18,6,1,18,aggregate,same rule repeated >= 10 times in 5 minutes
wazuh-1788719774.1742122,2026-09-06T18:36:14.517000Z,target-kali-01,5501,3,authentication_success|pam|syslog,pam,T1078,journald,0,0,0,0,0,0,0,0,0,0,1,0,17,17,1,0,34,0,0,109,3,18,6,1,18,aggregate,same rule repeated >= 10 times in 5 minutes
wazuh-1788719790.1742565,2026-09-06T18:36:30.562000Z,target-kali-01,5501,3,authentication_success|pam|syslog,pam,T1078,journald,0,0,0,0,0,0,0,0,0,0,1,0,17,17,1,0,34,0,0,109,3,18,6,1,18,aggregate,same rule repeated >= 10 times in 5 minutes
wazuh-1788719808.1743008,2026-09-06T18:36:48.635000Z,target-kali-01,5501,3,authentication_success|pam|syslog,pam,T1078,journald,0,0,0,0,0,0,0,0,0,0,1,0,17,17,1,0,34,0,0,109,3,18,6,1,18,aggregate,same rule repeated >= 10 times in 5 minutes
wazuh-1788719820.1743910,2026-09-06T18:37:00.674000Z,target-kali-01,5501,3,authentication_success|pam|syslog,pam,T1078,journald,0,0,0,0,0,0,0,0,0,0,1,0,17,17,1,0,34,0,0,110,3,18,6,1,18,aggregate,same rule repeated >= 10 times in 5 minutes
wazuh-1788719838.1744838,2026-09-06T18:37:18.713000Z,target-kali-01,5501,3,authentication_success|pam|syslog,pam,T1078,journald,0,0,0,0,0,0,0,0,0,0,1,0,17,17,1,0,34,0,0,109,3,18,6,1,18,aggregate,same rule repeated >= 10 times in 5 minutes
wazuh-1788719853.1745281,2026-09-06T18:37:33.272000Z,target-kali-01,5501,3,authentication_success|pam|syslog,pam,T1078,journald,0,0,0,0,0,0,0,0,0,0,1,0,17,17,1,0,34,0,0,110,3,18,6,1,18,aggregate,same rule repeated >= 10 times in 5 minutes
wazuh-1788719869.1745724,2026-09-06T18:37:49.323000Z,target-kali-01,5501,3,authentication_success|pam|syslog,pam,T1078,journald,0,0,0,0,0,0,0,0,0,0,1,0,17,17,1,0,34,0,0,110,3,18,6,1,18,aggregate,same rule repeated >= 10 times in 5 minutes
wazuh-1788719879.1746167,2026-09-06T18:37:59.501000Z,target-kali-01,5501,3,authentication_success|pam|syslog,pam,T1078,journald,0,0,0,0,0,0,0,0,0,0,1,0,18,18,1,0,35,0,0,110,3,18,6,1,19,aggregate,same rule repeated >= 10 times in 5 minutes
wazuh-1788719888.1746610,2026-09-06T18:38:08.212000Z,target-kali-01,5501,3,authentication_success|pam|syslog,pam,T1078,journald,0,0,0,0,0,0,0,0,0,0,1,0,18,18,1,0,36,0,0,111,3,18,6,1,19,aggregate,same rule repeated >= 10 times in 5 minutes
wazuh-1788719902.1747053,2026-09-06T18:38:22.264000Z,target-kali-01,5501,3,authentication_success|pam|syslog,pam,T1078,journald,0,0,0,0,0,0,0,0,0,0,1,0,18,18,1,0,36,0,0,111,3,18,6,1,19,aggregate,same rule repeated >= 10 times in 5 minutes
wazuh-1788719920.1747955,2026-09-06T18:38:40.875000Z,target-kali-01,5501,3,authentication_success|pam|syslog,pam,T1078,journald,0,0,0,0,0,0,0,0,0,0,1,0,18,18,1,0,36,0,0,111,3,18,6,1,19,aggregate,same rule repeated >= 10 times in 5 minutes
wazuh-1788719938.1748883,2026-09-06T18:38:58.938000Z,target-kali-01,5501,3,authentication_success|pam|syslog,pam,T1078,journald,0,0,0,0,0,0,0,0,0,0,1,0,18,18,1,0,36,0,0,110,3,18,6,1,19,aggregate,same rule repeated >= 10 times in 5 minutes
wazuh-1788719957.1749326,2026-09-06T18:39:17.023000Z,target-kali-01,5501,3,authentication_success|pam|syslog,pam,T1078,journald,0,0,0,0,0,0,0,0,0,0,1,0,19,19,1,0,36,0,0,110,3,18,6,1,20,aggregate,same rule repeated >= 10 times in 5 minutes
wazuh-1788719975.1750228,2026-09-06T18:39:35.108000Z,target-kali-01,5501,3,authentication_success|pam|syslog,pam,T1078,journald,0,0,0,0,0,0,0,0,0,0,1,0,19,19,1,0,36,0,0,110,3,18,6,1,20,aggregate,same rule repeated >= 10 times in 5 minutes
wazuh-1788719995.1751156,2026-09-06T18:39:55.427000Z,target-kali-01,5501,3,authentication_success|pam|syslog,pam,T1078,journald,0,0,0,0,0,0,0,0,0,0,1,0,18,18,1,0,35,0,0,110,3,18,6,1,19,aggregate,same rule repeated >= 10 times in 5 minutes
wazuh-1788720017.1753974,2026-09-06T18:40:17.481000Z,target-kali-01,5501,3,authentication_success|pam|syslog,pam,T1078,journald,0,0,0,0,0,0,0,0,0,0,1,0,17,17,1,0,35,0,0,109,3,18,6,1,18,aggregate,same rule repeated >= 10 times in 5 minutes
wazuh-1788720031.1754417,2026-09-06T18:40:31.692000Z,target-kali-01,5501,3,authentication_success|pam|syslog,pam,T1078,journald,0,0,0,0,0,0,0,0,0,0,1,0,18,18,1,0,35,0,0,109,3,18,6,1,19,aggregate,same rule repeated >= 10 times in 5 minutes
wazuh-1788720043.1754860,2026-09-06T18:40:43.739000Z,target-kali-01,5501,3,authentication_success|pam|syslog,pam,T1078,journald,0,0,0,0,0,0,0,0,0,0,1,0,18,18,1,0,35,0,0,109,3,18,6,1,19,aggregate,same rule repeated >= 10 times in 5 minutes
wazuh-1788720065.1757678,2026-09-06T18:41:05.775000Z,target-kali-01,5501,3,authentication_success|pam|syslog,pam,T1078,journald,0,0,0,0,0,0,0,0,0,0,1,0,18,18,1,0,35,0,0,109,3,18,6,1,19,aggregate,same rule repeated >= 10 times in 5 minutes
wazuh-1788720086.1760496,2026-09-06T18:41:26.011000Z,target-kali-01,5501,3,authentication_success|pam|syslog,pam,T1078,journald,0,0,0,0,0,0,0,0,0,0,1,0,18,18,1,0,35,0,0,109,3,18,6,1,19,aggregate,same rule repeated >= 10 times in 5 minutes
wazuh-1788720098.1760939,2026-09-06T18:41:38.985000Z,target-kali-01,5501,3,authentication_success|pam|syslog,pam,T1078,journald,0,0,0,0,0,0,0,0,0,0,1,0,18,18,1,0,36,0,0,109,3,18,6,1,19,aggregate,same rule repeated >= 10 times in 5 minutes
wazuh-1788720118.1761382,2026-09-06T18:41:58.253000Z,target-kali-01,5501,3,authentication_success|pam|syslog,pam,T1078,journald,0,0,0,0,0,0,0,0,0,0,1,0,18,18,1,0,36,0,0,109,3,18,6,1,19,aggregate,same rule repeated >= 10 times in 5 minutes
wazuh-1788720133.1762198,2026-09-06T18:42:13.227000Z,target-kali-01,5501,3,authentication_success|pam|syslog,pam,T1078,journald,0,0,0,0,0,0,0,0,0,0,1,0,18,18,1,0,36,0,0,109,3,18,6,1,19,aggregate,same rule repeated >= 10 times in 5 minutes
wazuh-1788720141.1762641,2026-09-06T18:42:21.835000Z,target-kali-01,5501,3,authentication_success|pam|syslog,pam,T1078,journald,0,0,0,0,0,0,0,0,0,0,1,0,18,18,1,0,36,0,0,109,3,18,6,1,19,aggregate,same rule repeated >= 10 times in 5 minutes
wazuh-1788720155.1763084,2026-09-06T18:42:35.904000Z,target-kali-01,5501,3,authentication_success|pam|syslog,pam,T1078,journald,0,0,0,0,0,0,0,0,0,0,1,0,18,18,1,0,36,0,0,109,3,18,6,1,19,aggregate,same rule repeated >= 10 times in 5 minutes
wazuh-1788720180.1765174,2026-09-06T18:43:00.486000Z,target-kali-01,5501,3,authentication_success|pam|syslog,pam,T1078,journald,0,0,0,0,0,0,0,0,0,0,1,0,17,17,1,0,35,0,0,109,3,18,6,1,18,aggregate,same rule repeated >= 10 times in 5 minutes
wazuh-1788720190.1765617,2026-09-06T18:43:10.211000Z,target-kali-01,5501,3,authentication_success|pam|syslog,pam,T1078,journald,0,0,0,0,0,0,0,0,0,0,1,0,17,17,1,0,36,0,0,109,3,18,6,1,18,aggregate,same rule repeated >= 10 times in 5 minutes
wazuh-1788720210.1767707,2026-09-06T18:43:30.264000Z,target-kali-01,5501,3,authentication_success|pam|syslog,pam,T1078,journald,0,0,0,0,0,0,0,0,0,0,1,0,17,17,1,0,36,0,0,108,3,18,6,1,18,aggregate,same rule repeated >= 10 times in 5 minutes
wazuh-1788720223.1768609,2026-09-06T18:43:43.738000Z,target-kali-01,5501,3,authentication_success|pam|syslog,pam,T1078,journald,0,0,0,0,0,0,0,0,0,0,1,0,17,17,1,0,36,0,0,109,3,18,6,1,18,aggregate,same rule repeated >= 10 times in 5 minutes
wazuh-1788720243.1769996,2026-09-06T18:44:03.742000Z,target-kali-01,5501,3,authentication_success|pam|syslog,pam,T1078,journald,0,0,0,0,0,0,0,0,0,0,1,0,17,17,1,0,36,0,0,108,3,18,6,1,18,aggregate,same rule repeated >= 10 times in 5 minutes
wazuh-1788720263.1770924,2026-09-06T18:44:23.259000Z,target-kali-01,5501,3,authentication_success|pam|syslog,pam,T1078,journald,0,0,0,0,0,0,0,0,0,0,1,0,17,17,1,0,36,0,0,108,3,18,6,1,18,aggregate,same rule repeated >= 10 times in 5 minutes
wazuh-1788720275.1771367,2026-09-06T18:44:35.492000Z,target-kali-01,5501,3,authentication_success|pam|syslog,pam,T1078,journald,0,0,0,0,0,0,0,0,0,0,1,0,17,17,1,0,37,0,0,108,3,18,6,1,18,aggregate,same rule repeated >= 10 times in 5 minutes
wazuh-1788720289.1771810,2026-09-06T18:44:49.539000Z,target-kali-01,5501,3,authentication_success|pam|syslog,pam,T1078,journald,0,0,0,0,0,0,0,0,0,0,1,0,18,18,1,0,36,0,0,108,3,18,6,1,19,aggregate,same rule repeated >= 10 times in 5 minutes
wazuh-1788720300.1772253,2026-09-06T18:45:00.607000Z,target-kali-01,5501,3,authentication_success|pam|syslog,pam,T1078,journald,0,0,0,0,0,0,0,0,0,0,1,0,18,18,1,0,36,0,0,109,3,18,6,1,19,aggregate,same rule repeated >= 10 times in 5 minutes
wazuh-1788720312.1772696,2026-09-06T18:45:12.079000Z,target-kali-01,5501,3,authentication_success|pam|syslog,pam,T1078,journald,0,0,0,0,0,0,0,0,0,0,1,0,19,19,1,0,36,0,0,109,3,18,6,1,20,aggregate,same rule repeated >= 10 times in 5 minutes
wazuh-1788720324.1773139,2026-09-06T18:45:24.241000Z,target-kali-01,5501,3,authentication_success|pam|syslog,pam,T1078,journald,0,0,0,0,0,0,0,0,0,0,1,0,19,19,1,0,37,0,0,109,3,18,6,1,20,aggregate,same rule repeated >= 10 times in 5 minutes
wazuh-1788720340.1773582,2026-09-06T18:45:40.427000Z,target-kali-01,5501,3,authentication_success|pam|syslog,pam,T1078,journald,0,0,0,0,0,0,0,0,0,0,1,0,19,19,1,0,37,0,0,108,3,18,6,1,20,aggregate,same rule repeated >= 10 times in 5 minutes
wazuh-1788720350.1774025,2026-09-06T18:45:50.373000Z,target-kali-01,5501,3,authentication_success|pam|syslog,pam,T1078,journald,0,0,0,0,0,0,0,0,0,0,1,0,19,19,1,0,38,0,0,109,3,18,6,1,20,aggregate,same rule repeated >= 10 times in 5 minutes
wazuh-1788720360.1774468,2026-09-06T18:46:00.384000Z,target-kali-01,5501,3,authentication_success|pam|syslog,pam,T1078,journald,0,0,0,0,0,0,0,0,0,0,1,0,20,20,1,0,38,0,0,109,3,18,6,1,21,aggregate,same rule repeated >= 10 times in 5 minutes
wazuh-1788720376.1774911,2026-09-06T18:46:16.411000Z,target-kali-01,5501,3,authentication_success|pam|syslog,pam,T1078,journald,0,0,0,0,0,0,0,0,0,0,1,0,20,20,1,0,38,0,0,109,3,18,6,1,21,aggregate,same rule repeated >= 10 times in 5 minutes
wazuh-1788720394.1775354,2026-09-06T18:46:34.602000Z,target-kali-01,5501,3,authentication_success|pam|syslog,pam,T1078,journald,0,0,0,0,0,0,0,0,0,0,1,0,20,20,1,0,38,0,0,108,3,18,6,1,21,aggregate,same rule repeated >= 10 times in 5 minutes
wazuh-1788720414.1778172,2026-09-06T18:46:54.667000Z,target-kali-01,5501,3,authentication_success|pam|syslog,pam,T1078,journald,0,0,0,0,0,0,0,0,0,0,1,0,20,20,1,0,38,0,0,108,3,18,6,1,21,aggregate,same rule repeated >= 10 times in 5 minutes
wazuh-1788720426.1778615,2026-09-06T18:47:06.838000Z,target-kali-01,5501,3,authentication_success|pam|syslog,pam,T1078,journald,0,0,0,0,0,0,0,0,0,0,1,0,20,20,1,0,38,0,0,108,3,18,6,1,21,aggregate,same rule repeated >= 10 times in 5 minutes
wazuh-1788720448.1781433,2026-09-06T18:47:28.947000Z,target-kali-01,5501,3,authentication_success|pam|syslog,pam,T1078,journald,0,0,0,0,0,0,0,0,0,0,1,0,19,19,1,0,38,0,0,108,3,18,6,1,20,aggregate,same rule repeated >= 10 times in 5 minutes
wazuh-1788720461.1782249,2026-09-06T18:47:41.096000Z,target-kali-01,5501,3,authentication_success|pam|syslog,pam,T1078,journald,0,0,0,0,0,0,0,0,0,0,1,0,19,19,1,0,38,0,0,108,3,18,6,1,20,aggregate,same rule repeated >= 10 times in 5 minutes
wazuh-1788720473.1782692,2026-09-06T18:47:53.112000Z,target-kali-01,5501,3,authentication_success|pam|syslog,pam,T1078,journald,0,0,0,0,0,0,0,0,0,0,1,0,20,20,1,0,38,0,0,108,3,18,6,1,21,aggregate,same rule repeated >= 10 times in 5 minutes
wazuh-1788720491.1784079,2026-09-06T18:48:11.273000Z,target-kali-01,5501,3,authentication_success|pam|syslog,pam,T1078,journald,0,0,0,0,0,0,0,0,0,0,1,0,19,19,1,0,37,0,0,109,3,18,6,1,20,aggregate,same rule repeated >= 10 times in 5 minutes
wazuh-1788720502.1784522,2026-09-06T18:48:22.509000Z,target-kali-01,5501,3,authentication_success|pam|syslog,pam,T1078,journald,0,0,0,0,0,0,0,0,0,0,1,0,20,20,1,0,37,0,0,109,3,18,6,1,21,aggregate,same rule repeated >= 10 times in 5 minutes
wazuh-1788720514.1785424,2026-09-06T18:48:34.578000Z,target-kali-01,5501,3,authentication_success|pam|syslog,pam,T1078,journald,0,0,0,0,0,0,0,0,0,0,1,0,20,20,1,0,38,0,0,109,3,18,6,1,21,aggregate,same rule repeated >= 10 times in 5 minutes
wazuh-1788720534.1786352,2026-09-06T18:48:54.975000Z,target-kali-01,5501,3,authentication_success|pam|syslog,pam,T1078,journald,0,0,0,0,0,0,0,0,0,0,1,0,20,20,1,0,38,0,0,109,3,18,6,1,21,aggregate,same rule repeated >= 10 times in 5 minutes
wazuh-1788720547.1786795,2026-09-06T18:49:07.104000Z,target-kali-01,5501,3,authentication_success|pam|syslog,pam,T1078,journald,0,0,0,0,0,0,0,0,0,0,1,0,20,20,1,0,38,0,0,109,3,18,6,1,21,aggregate,same rule repeated >= 10 times in 5 minutes
wazuh-1788720565.1789613,2026-09-06T18:49:25.918000Z,target-kali-01,5501,3,authentication_success|pam|syslog,pam,T1078,journald,0,0,0,0,0,0,0,0,0,0,1,0,20,20,1,0,38,0,0,109,3,18,6,1,21,aggregate,same rule repeated >= 10 times in 5 minutes
wazuh-1788720578.1790056,2026-09-06T18:49:38.130000Z,target-kali-01,5501,3,authentication_success|pam|syslog,pam,T1078,journald,0,0,0,0,0,0,0,0,0,0,1,0,20,20,1,0,38,0,0,110,3,18,6,1,21,aggregate,same rule repeated >= 10 times in 5 minutes
wazuh-1788720597.1792146,2026-09-06T18:49:57.319000Z,target-kali-01,5501,3,authentication_success|pam|syslog,pam,T1078,journald,0,0,0,0,0,0,0,0,0,0,1,0,20,20,1,0,38,0,0,109,3,18,6,1,21,aggregate,same rule repeated >= 10 times in 5 minutes
wazuh-1788720612.1792589,2026-09-06T18:50:12.079000Z,target-kali-01,5501,3,authentication_success|pam|syslog,pam,T1078,journald,0,0,0,0,0,0,0,0,0,0,1,0,20,20,1,0,39,0,0,110,3,18,6,1,21,aggregate,same rule repeated >= 10 times in 5 minutes
wazuh-1788720622.1793491,2026-09-06T18:50:22.099000Z,target-kali-01,5501,3,authentication_success|pam|syslog,pam,T1078,journald,0,0,0,0,0,0,0,0,0,0,1,0,20,20,1,0,39,0,0,110,3,18,6,1,21,aggregate,same rule repeated >= 10 times in 5 minutes
wazuh-1788720640.1794419,2026-09-06T18:50:40.161000Z,target-kali-01,5501,3,authentication_success|pam|syslog,pam,T1078,journald,0,0,0,0,0,0,0,0,0,0,1,0,20,20,1,0,39,0,0,109,3,18,6,1,21,aggregate,same rule repeated >= 10 times in 5 minutes
wazuh-1788720654.1794862,2026-09-06T18:50:54.517000Z,target-kali-01,5501,3,authentication_success|pam|syslog,pam,T1078,journald,0,0,0,0,0,0,0,0,0,0,1,0,19,19,1,0,39,0,0,110,3,18,6,1,20,aggregate,same rule repeated >= 10 times in 5 minutes
wazuh-1788720672.1795305,2026-09-06T18:51:12.579000Z,target-kali-01,5501,3,authentication_success|pam|syslog,pam,T1078,journald,0,0,0,0,0,0,0,0,0,0,1,0,19,19,1,0,39,0,0,110,3,18,6,1,20,aggregate,same rule repeated >= 10 times in 5 minutes
wazuh-1788720686.1795748,2026-09-06T18:51:26.211000Z,target-kali-01,5501,3,authentication_success|pam|syslog,pam,T1078,journald,0,0,0,0,0,0,0,0,0,0,1,0,19,19,1,0,39,0,0,110,3,18,6,1,20,aggregate,same rule repeated >= 10 times in 5 minutes
wazuh-1788720701.1796191,2026-09-06T18:51:41.290000Z,target-kali-01,5501,3,authentication_success|pam|syslog,pam,T1078,journald,0,0,0,0,0,0,0,0,0,0,1,0,19,19,1,0,39,0,0,110,3,18,6,1,20,aggregate,same rule repeated >= 10 times in 5 minutes
wazuh-1788720723.1796634,2026-09-06T18:52:03.396000Z,target-kali-01,5501,3,authentication_success|pam|syslog,pam,T1078,journald,0,0,0,0,0,0,0,0,0,0,1,0,19,19,1,0,39,0,0,110,3,18,6,1,20,aggregate,same rule repeated >= 10 times in 5 minutes
wazuh-1788720740.1797077,2026-09-06T18:52:20.647000Z,target-kali-01,5501,3,authentication_success|pam|syslog,pam,T1078,journald,0,0,0,0,0,0,0,0,0,0,1,0,19,19,1,0,39,0,0,109,3,18,6,1,20,aggregate,same rule repeated >= 10 times in 5 minutes
wazuh-1788720760.1799895,2026-09-06T18:52:40.172000Z,target-kali-01,5501,3,authentication_success|pam|syslog,pam,T1078,journald,0,0,0,0,0,0,0,0,0,0,1,0,19,19,1,0,38,0,0,109,3,18,6,1,20,aggregate,same rule repeated >= 10 times in 5 minutes
wazuh-1788720784.1803086,2026-09-06T18:53:04.643000Z,target-kali-01,5501,3,authentication_success|pam|syslog,pam,T1078,journald,0,0,0,0,0,0,0,0,0,0,1,0,18,18,1,0,38,0,0,108,3,18,6,1,19,aggregate,same rule repeated >= 10 times in 5 minutes
wazuh-1788720786.1803529,2026-09-06T18:53:06.157000Z,lab-sensor-01,31101,5,accesslog|attack|web,web-accesslog,none,/var/log/apache2/access.log,0,0,1,0,0,0,1,0,0,0,0,0,22,9,6,0,6,0,0,77,6,18,6,1,10,aggregate,same rule repeated >= 10 times in 5 minutes
wazuh-1788720788.1803971,2026-09-06T18:53:08.160000Z,lab-sensor-01,31101,5,accesslog|attack|web,web-accesslog,none,/var/log/apache2/access.log,0,0,1,0,0,0,1,0,0,0,0,0,23,10,6,0,6,0,0,77,6,18,6,1,11,aggregate,same rule repeated >= 10 times in 5 minutes
wazuh-1788720790.1804413,2026-09-06T18:53:10.163000Z,lab-sensor-01,31101,5,accesslog|attack|web,web-accesslog,none,/var/log/apache2/access.log,0,0,1,0,0,0,1,0,0,0,0,0,24,11,6,0,6,0,0,77,6,18,6,1,12,aggregate,same rule repeated >= 10 times in 5 minutes
wazuh-1788720806.1806363,2026-09-06T18:53:26.710000Z,target-kali-01,5501,3,authentication_success|pam|syslog,pam,T1078,journald,0,0,0,0,0,0,0,0,0,0,1,0,17,17,1,0,38,0,0,108,3,18,6,1,18,aggregate,same rule repeated >= 10 times in 5 minutes
wazuh-1788720826.1807291,2026-09-06T18:53:46.977000Z,target-kali-01,5501,3,authentication_success|pam|syslog,pam,T1078,journald,0,0,0,0,0,0,0,0,0,0,1,0,17,17,1,0,37,0,0,108,3,18,6,1,18,aggregate,same rule repeated >= 10 times in 5 minutes
wazuh-1788720847.1807734,2026-09-06T18:54:07.255000Z,target-kali-01,5501,3,authentication_success|pam|syslog,pam,T1078,journald,0,0,0,0,0,0,0,0,0,0,1,0,16,16,1,0,37,0,0,108,3,18,6,1,17,aggregate,same rule repeated >= 10 times in 5 minutes
wazuh-1788720857.1808726,2026-09-06T18:54:17.267000Z,target-kali-01,5501,3,authentication_success|pam|syslog,pam,T1078,journald,0,0,0,0,0,0,0,0,0,0,1,0,17,17,1,0,38,0,0,108,3,18,6,1,18,aggregate,same rule repeated >= 10 times in 5 minutes
wazuh-1788720875.1810267,2026-09-06T18:54:35.376000Z,target-kali-01,5501,3,authentication_success|pam|syslog,pam,T1078,journald,0,0,0,0,0,0,0,0,0,0,1,0,17,17,1,0,38,0,0,108,3,18,6,1,18,aggregate,same rule repeated >= 10 times in 5 minutes
wazuh-1788720893.1812357,2026-09-06T18:54:53.701000Z,target-kali-01,5501,3,authentication_success|pam|syslog,pam,T1078,journald,0,0,0,0,0,0,0,0,0,0,1,0,17,17,1,0,37,0,0,108,3,18,6,1,18,aggregate,same rule repeated >= 10 times in 5 minutes
wazuh-1788720905.1812800,2026-09-06T18:55:05.796000Z,target-kali-01,5501,3,authentication_success|pam|syslog,pam,T1078,journald,0,0,0,0,0,0,0,0,0,0,1,0,17,17,1,0,37,0,0,108,3,18,6,1,18,aggregate,same rule repeated >= 10 times in 5 minutes
wazuh-1788720921.1813243,2026-09-06T18:55:21.987000Z,target-kali-01,5501,3,authentication_success|pam|syslog,pam,T1078,journald,0,0,0,0,0,0,0,0,0,0,1,0,17,17,1,0,37,0,0,108,3,18,6,1,18,aggregate,same rule repeated >= 10 times in 5 minutes
wazuh-1788720936.1813686,2026-09-06T18:55:36.614000Z,target-kali-01,5501,3,authentication_success|pam|syslog,pam,T1078,journald,0,0,0,0,0,0,0,0,0,0,1,0,17,17,1,0,37,0,0,109,3,18,6,1,18,aggregate,same rule repeated >= 10 times in 5 minutes
wazuh-1788720956.1816561,2026-09-06T18:55:56.968000Z,target-kali-01,5501,3,authentication_success|pam|syslog,pam,T1078,journald,0,0,0,0,0,0,0,0,0,0,1,0,16,16,1,0,36,0,0,109,3,18,6,1,17,aggregate,same rule repeated >= 10 times in 5 minutes
wazuh-1788720967.1817004,2026-09-06T18:56:07.209000Z,target-kali-01,5501,3,authentication_success|pam|syslog,pam,T1078,journald,0,0,0,0,0,0,0,0,0,0,1,0,17,17,1,0,36,0,0,109,3,18,6,1,18,aggregate,same rule repeated >= 10 times in 5 minutes
wazuh-1788720981.1821855,2026-09-06T18:56:21.280000Z,target-kali-01,5501,3,authentication_success|pam|syslog,pam,T1078,journald,0,0,0,0,0,0,0,0,0,0,1,0,17,17,1,0,36,0,0,109,3,18,6,1,18,aggregate,same rule repeated >= 10 times in 5 minutes
wazuh-1788720995.1822757,2026-09-06T18:56:35.411000Z,target-kali-01,5501,3,authentication_success|pam|syslog,pam,T1078,journald,0,0,0,0,0,0,0,0,0,0,1,0,17,17,1,0,36,0,0,109,3,18,6,1,18,aggregate,same rule repeated >= 10 times in 5 minutes
wazuh-1788721015.1823685,2026-09-06T18:56:55.532000Z,target-kali-01,5501,3,authentication_success|pam|syslog,pam,T1078,journald,0,0,0,0,0,0,0,0,0,0,1,0,17,17,1,0,36,0,0,109,3,18,6,1,18,aggregate,same rule repeated >= 10 times in 5 minutes
wazuh-1788721031.1828999,2026-09-06T18:57:11.707000Z,target-kali-01,5501,3,authentication_success|pam|syslog,pam,T1078,journald,0,0,0,0,0,0,0,0,0,0,1,0,17,17,1,0,36,0,0,109,3,18,6,1,18,aggregate,same rule repeated >= 10 times in 5 minutes
wazuh-1788721051.1829927,2026-09-06T18:57:31.800000Z,target-kali-01,5501,3,authentication_success|pam|syslog,pam,T1078,journald,0,0,0,0,0,0,0,0,0,0,1,0,17,17,1,0,36,0,0,109,3,18,6,1,18,aggregate,same rule repeated >= 10 times in 5 minutes
wazuh-1788721063.1830370,2026-09-06T18:57:43.914000Z,target-kali-01,5501,3,authentication_success|pam|syslog,pam,T1078,journald,0,0,0,0,0,0,0,0,0,0,1,0,17,17,1,0,36,0,0,110,3,18,6,1,18,aggregate,same rule repeated >= 10 times in 5 minutes
wazuh-1788721086.1831757,2026-09-06T18:58:06.025000Z,target-kali-01,5501,3,authentication_success|pam|syslog,pam,T1078,journald,0,0,0,0,0,0,0,0,0,0,1,0,17,17,1,0,36,0,0,110,3,18,6,1,18,aggregate,same rule repeated >= 10 times in 5 minutes
wazuh-1788721100.1836608,2026-09-06T18:58:20.042000Z,target-kali-01,5501,3,authentication_success|pam|syslog,pam,T1078,journald,0,0,0,0,0,0,0,0,0,0,1,0,18,18,1,0,36,0,0,110,3,18,6,1,19,aggregate,same rule repeated >= 10 times in 5 minutes
wazuh-1788721112.1837051,2026-09-06T18:58:32.084000Z,target-kali-01,5501,3,authentication_success|pam|syslog,pam,T1078,journald,0,0,0,0,0,0,0,0,0,0,1,0,18,18,1,0,36,0,0,110,3,18,6,1,19,aggregate,same rule repeated >= 10 times in 5 minutes
wazuh-1788721126.1837494,2026-09-06T18:58:46.459000Z,target-kali-01,5501,3,authentication_success|pam|syslog,pam,T1078,journald,0,0,0,0,0,0,0,0,0,0,1,0,19,19,1,0,36,0,0,110,3,18,6,1,20,aggregate,same rule repeated >= 10 times in 5 minutes
wazuh-1788721137.1837937,2026-09-06T18:58:57.462000Z,target-kali-01,5501,3,authentication_success|pam|syslog,pam,T1078,journald,0,0,0,0,0,0,0,0,0,0,1,0,19,19,1,0,36,0,0,111,3,18,6,1,20,aggregate,same rule repeated >= 10 times in 5 minutes
wazuh-1788721155.1842792,2026-09-06T18:59:15.935000Z,target-kali-01,5501,3,authentication_success|pam|syslog,pam,T1078,journald,0,0,0,0,0,0,0,0,0,0,1,0,19,19,1,0,36,0,0,111,3,18,6,1,20,aggregate,same rule repeated >= 10 times in 5 minutes
wazuh-1788721174.1843608,2026-09-06T18:59:34.481000Z,target-kali-01,5501,3,authentication_success|pam|syslog,pam,T1078,journald,0,0,0,0,0,0,0,0,0,0,1,0,19,19,1,0,36,0,0,111,3,18,6,1,20,aggregate,same rule repeated >= 10 times in 5 minutes
wazuh-1788721194.1844995,2026-09-06T18:59:54.595000Z,target-kali-01,5501,3,authentication_success|pam|syslog,pam,T1078,journald,0,0,0,0,0,0,0,0,0,0,1,0,18,18,1,0,36,0,0,110,3,18,6,1,19,aggregate,same rule repeated >= 10 times in 5 minutes
wazuh-1788721213.1850017,2026-09-06T19:00:13.612000Z,film-laptop,86601,3,ids|suricata,json,none,/var/log/suricata/eve.json,68,67,1,1,0,0,1,0,0,0,0,0,10,9,2,0,0,0,0,0,3,19,6,1,10,aggregate,same rule repeated >= 10 times in 5 minutes
wazuh-1788721214.1852221,2026-09-06T19:00:14.657000Z,target-kali-01,5501,3,authentication_success|pam|syslog,pam,T1078,journald,0,0,0,0,0,0,0,0,0,0,1,0,18,18,1,0,35,0,0,110,3,19,6,1,19,aggregate,same rule repeated >= 10 times in 5 minutes
wazuh-1788721234.1852664,2026-09-06T19:00:34.763000Z,target-kali-01,5501,3,authentication_success|pam|syslog,pam,T1078,journald,0,0,0,0,0,0,0,0,0,0,1,0,18,18,1,0,35,0,0,110,3,19,6,1,19,aggregate,same rule repeated >= 10 times in 5 minutes
wazuh-1788721246.1853107,2026-09-06T19:00:46.754000Z,target-kali-01,5501,3,authentication_success|pam|syslog,pam,T1078,journald,0,0,0,0,0,0,0,0,0,0,1,0,18,18,1,0,35,0,0,110,3,19,6,1,19,aggregate,same rule repeated >= 10 times in 5 minutes
wazuh-1788721263.1853550,2026-09-06T19:01:03.168000Z,target-kali-01,5501,3,authentication_success|pam|syslog,pam,T1078,journald,0,0,0,0,0,0,0,0,0,0,1,0,18,18,1,0,35,0,0,111,3,19,6,1,19,aggregate,same rule repeated >= 10 times in 5 minutes
wazuh-1788721273.1856197,2026-09-06T19:01:13.597000Z,film-laptop,86601,3,ids|suricata,json,none,/var/log/suricata/eve.json,68,67,1,1,0,0,1,0,0,0,0,0,10,9,2,0,0,0,0,0,3,19,6,1,10,aggregate,same rule repeated >= 10 times in 5 minutes
wazuh-1788721277.1858401,2026-09-06T19:01:17.223000Z,target-kali-01,5501,3,authentication_success|pam|syslog,pam,T1078,journald,0,0,0,0,0,0,0,0,0,0,1,0,18,18,1,0,35,0,0,110,3,19,6,1,19,aggregate,same rule repeated >= 10 times in 5 minutes
wazuh-1788721297.1859788,2026-09-06T19:01:37.321000Z,target-kali-01,5501,3,authentication_success|pam|syslog,pam,T1078,journald,0,0,0,0,0,0,0,0,0,0,1,0,17,17,1,0,35,0,0,111,3,19,6,1,18,aggregate,same rule repeated >= 10 times in 5 minutes
wazuh-1788721321.1862606,2026-09-06T19:02:01.613000Z,target-kali-01,5501,3,authentication_success|pam|syslog,pam,T1078,journald,0,0,0,0,0,0,0,0,0,0,1,0,17,17,1,0,35,0,0,110,3,19,6,1,18,aggregate,same rule repeated >= 10 times in 5 minutes
wazuh-1788721333.1865255,2026-09-06T19:02:13.682000Z,film-laptop,86601,3,ids|suricata,json,none,/var/log/suricata/eve.json,68,67,1,1,0,0,1,0,0,0,0,0,10,9,2,0,0,0,0,0,3,19,6,1,10,aggregate,same rule repeated >= 10 times in 5 minutes
wazuh-1788721334.1867461,2026-09-06T19:02:14.118000Z,target-kali-01,5501,3,authentication_success|pam|syslog,pam,T1078,journald,0,0,0,0,0,0,0,0,0,0,1,0,17,17,1,0,35,0,0,111,3,19,6,1,18,aggregate,same rule repeated >= 10 times in 5 minutes
wazuh-1788721347.1867904,2026-09-06T19:02:27.859000Z,target-kali-01,5501,3,authentication_success|pam|syslog,pam,T1078,journald,0,0,0,0,0,0,0,0,0,0,1,0,18,18,1,0,35,0,0,111,3,19,6,1,19,aggregate,same rule repeated >= 10 times in 5 minutes
wazuh-1788721370.1870722,2026-09-06T19:02:50.640000Z,target-kali-01,5501,3,authentication_success|pam|syslog,pam,T1078,journald,0,0,0,0,0,0,0,0,0,0,1,0,17,17,1,0,35,0,0,110,3,19,6,1,18,aggregate,same rule repeated >= 10 times in 5 minutes
wazuh-1788721384.1871165,2026-09-06T19:03:04.743000Z,target-kali-01,5501,3,authentication_success|pam|syslog,pam,T1078,journald,0,0,0,0,0,0,0,0,0,0,1,0,18,18,1,0,35,0,0,110,3,19,6,1,19,aggregate,same rule repeated >= 10 times in 5 minutes
wazuh-1788721393.1873812,2026-09-06T19:03:13.738000Z,film-laptop,86601,3,ids|suricata,json,none,/var/log/suricata/eve.json,68,67,1,1,0,0,1,0,0,0,0,0,10,9,2,0,0,0,0,0,3,19,6,1,10,aggregate,same rule repeated >= 10 times in 5 minutes
wazuh-1788721398.1876565,2026-09-06T19:03:18.773000Z,target-kali-01,5501,3,authentication_success|pam|syslog,pam,T1078,journald,0,0,0,0,0,0,0,0,0,0,1,0,18,18,1,0,36,0,0,111,3,19,6,1,19,aggregate,same rule repeated >= 10 times in 5 minutes
wazuh-1788721419.1878106,2026-09-06T19:03:39.106000Z,target-kali-01,5501,3,authentication_success|pam|syslog,pam,T1078,journald,0,0,0,0,0,0,0,0,0,0,1,0,17,17,1,0,36,0,0,110,3,19,6,1,18,aggregate,same rule repeated >= 10 times in 5 minutes
wazuh-1788721437.1878549,2026-09-06T19:03:57.505000Z,target-kali-01,5501,3,authentication_success|pam|syslog,pam,T1078,journald,0,0,0,0,0,0,0,0,0,0,1,0,16,16,1,0,36,0,0,111,3,19,6,1,17,aggregate,same rule repeated >= 10 times in 5 minutes
wazuh-1788721449.1878992,2026-09-06T19:04:09.549000Z,target-kali-01,5501,3,authentication_success|pam|syslog,pam,T1078,journald,0,0,0,0,0,0,0,0,0,0,1,0,17,17,1,0,36,0,0,111,3,19,6,1,18,aggregate,same rule repeated >= 10 times in 5 minutes
wazuh-1788721455.1881641,2026-09-06T19:04:15.805000Z,film-laptop,86601,3,ids|suricata,json,none,/var/log/suricata/eve.json,68,67,1,1,0,0,1,0,0,0,0,0,10,9,2,0,0,0,0,0,3,19,6,1,10,aggregate,same rule repeated >= 10 times in 5 minutes
wazuh-1788721461.1883847,2026-09-06T19:04:21.694000Z,target-kali-01,5501,3,authentication_success|pam|syslog,pam,T1078,journald,0,0,0,0,0,0,0,0,0,0,1,0,17,17,1,0,36,0,0,111,3,19,6,1,18,aggregate,same rule repeated >= 10 times in 5 minutes
wazuh-1788721484.1886859,2026-09-06T19:04:44.592000Z,target-kali-01,5501,3,authentication_success|pam|syslog,pam,T1078,journald,0,0,0,0,0,0,0,0,0,0,1,0,17,17,1,0,36,0,0,111,3,19,6,1,18,aggregate,same rule repeated >= 10 times in 5 minutes
wazuh-1788721504.1889185,2026-09-06T19:05:04.702000Z,target-kali-01,5501,3,authentication_success|pam|syslog,pam,T1078,journald,0,0,0,0,0,0,0,0,0,0,1,0,17,17,1,0,36,0,0,110,3,19,6,1,18,aggregate,same rule repeated >= 10 times in 5 minutes
wazuh-1788721515.1894207,2026-09-06T19:05:15.872000Z,film-laptop,86601,3,ids|suricata,json,none,/var/log/suricata/eve.json,68,67,1,1,0,0,1,0,0,0,0,0,10,9,2,0,0,0,0,0,3,19,6,1,10,aggregate,same rule repeated >= 10 times in 5 minutes
wazuh-1788721524.1896960,2026-09-06T19:05:24.778000Z,target-kali-01,5501,3,authentication_success|pam|syslog,pam,T1078,journald,0,0,0,0,0,0,0,0,0,0,1,0,17,17,1,0,35,0,0,110,3,19,6,1,18,aggregate,same rule repeated >= 10 times in 5 minutes
wazuh-1788721527.1897403,2026-09-06T19:05:27.997000Z,lab-sensor-01,5710,5,authentication_failed|invalid_login|sshd|syslog,sshd,T1021.004|T1110.001,journald,34674,0,1,0,0,0,1,0,0,0,1,0,27,9,7,2,13,0,0,71,10,19,6,1,10,aggregate,same rule repeated >= 10 times in 5 minutes
wazuh-1788721529.1897952,2026-09-06T19:05:29.999000Z,lab-sensor-01,5710,5,authentication_failed|invalid_login|sshd|syslog,sshd,T1021.004|T1110.001,journald,34688,0,1,0,0,0,1,0,0,0,1,0,28,10,7,2,14,0,0,72,10,19,6,1,11,aggregate,same rule repeated >= 10 times in 5 minutes
wazuh-1788721545.1898501,2026-09-06T19:05:45.642000Z,target-kali-01,5501,3,authentication_success|pam|syslog,pam,T1078,journald,0,0,0,0,0,0,0,0,0,0,1,0,17,17,1,0,35,0,0,110,3,19,6,1,18,aggregate,same rule repeated >= 10 times in 5 minutes
wazuh-1788721559.1898944,2026-09-06T19:05:59.708000Z,target-kali-01,5501,3,authentication_success|pam|syslog,pam,T1078,journald,0,0,0,0,0,0,0,0,0,0,1,0,17,17,1,0,35,0,0,110,3,19,6,1,18,aggregate,same rule repeated >= 10 times in 5 minutes
wazuh-1788721575.1901593,2026-09-06T19:06:15.997000Z,film-laptop,86601,3,ids|suricata,json,none,/var/log/suricata/eve.json,68,67,1,1,0,0,1,0,0,0,0,0,10,9,2,0,0,0,0,0,3,19,6,1,10,aggregate,same rule repeated >= 10 times in 5 minutes
wazuh-1788721577.1903799,2026-09-06T19:06:17.964000Z,target-kali-01,5501,3,authentication_success|pam|syslog,pam,T1078,journald,0,0,0,0,0,0,0,0,0,0,1,0,16,16,1,0,35,0,0,110,3,19,6,1,17,aggregate,same rule repeated >= 10 times in 5 minutes
wazuh-1788721594.1904242,2026-09-06T19:06:34.841000Z,target-kali-01,5501,3,authentication_success|pam|syslog,pam,T1078,journald,0,0,0,0,0,0,0,0,0,0,1,0,17,17,1,0,35,0,0,110,3,19,6,1,18,aggregate,same rule repeated >= 10 times in 5 minutes
wazuh-1788721597.1904685,2026-09-06T19:06:37.846000Z,lab-sensor-01,31101,5,accesslog|attack|web,web-accesslog,none,/var/log/apache2/access.log,0,0,1,0,0,0,1,0,0,0,0,0,27,9,7,1,12,0,0,71,10,19,6,1,10,aggregate,same rule repeated >= 10 times in 5 minutes
wazuh-1788721599.1905127,2026-09-06T19:06:39.849000Z,lab-sensor-01,31101,5,accesslog|attack|web,web-accesslog,none,/var/log/apache2/access.log,0,0,1,0,0,0,1,0,0,0,0,0,27,9,7,1,12,0,0,71,10,19,6,1,10,aggregate,same rule repeated >= 10 times in 5 minutes
wazuh-1788721601.1905569,2026-09-06T19:06:41.851000Z,lab-sensor-01,31101,5,accesslog|attack|web,web-accesslog,none,/var/log/apache2/access.log,0,0,1,0,0,0,1,0,0,0,0,0,27,9,7,1,12,0,0,71,10,19,6,1,10,aggregate,same rule repeated >= 10 times in 5 minutes
wazuh-1788721615.1907060,2026-09-06T19:06:55.044000Z,target-kali-01,5501,3,authentication_success|pam|syslog,pam,T1078,journald,0,0,0,0,0,0,0,0,0,0,1,0,17,17,1,0,35,0,0,110,3,19,6,1,18,aggregate,same rule repeated >= 10 times in 5 minutes
wazuh-1788721633.1908447,2026-09-06T19:07:13.331000Z,target-kali-01,5501,3,authentication_success|pam|syslog,pam,T1078,journald,0,0,0,0,0,0,0,0,0,0,1,0,17,17,1,0,34,0,0,110,3,19,6,1,18,aggregate,same rule repeated >= 10 times in 5 minutes
wazuh-1788721636.1911094,2026-09-06T19:07:16.046000Z,film-laptop,86601,3,ids|suricata,json,none,/var/log/suricata/eve.json,68,67,1,1,0,0,1,0,0,0,0,0,10,9,2,0,0,0,0,0,3,19,6,1,10,aggregate,same rule repeated >= 10 times in 5 minutes
wazuh-1788721647.1913298,2026-09-06T19:07:27.398000Z,target-kali-01,5501,3,authentication_success|pam|syslog,pam,T1078,journald,0,0,0,0,0,0,0,0,0,0,1,0,17,17,1,0,35,0,0,110,3,19,6,1,18,aggregate,same rule repeated >= 10 times in 5 minutes
wazuh-1788721648.1913741,2026-09-06T19:07:28.223000Z,lab-sensor-01,31101,5,accesslog|attack|web,web-accesslog,none,/var/log/apache2/access.log,0,0,1,0,0,0,1,0,0,0,0,0,29,9,7,1,12,0,0,72,10,19,6,1,10,aggregate,same rule repeated >= 10 times in 5 minutes
wazuh-1788721650.1914183,2026-09-06T19:07:30.241000Z,lab-sensor-01,31101,5,accesslog|attack|web,web-accesslog,none,/var/log/apache2/access.log,0,0,1,0,0,0,1,0,0,0,0,0,29,9,7,1,12,0,0,72,10,19,6,1,10,aggregate,same rule repeated >= 10 times in 5 minutes
wazuh-1788721652.1914625,2026-09-06T19:07:32.243000Z,lab-sensor-01,31101,5,accesslog|attack|web,web-accesslog,none,/var/log/apache2/access.log,0,0,1,0,0,0,1,0,0,0,0,0,29,9,7,1,12,0,0,72,10,19,6,1,10,aggregate,same rule repeated >= 10 times in 5 minutes
wazuh-1788721668.1916116,2026-09-06T19:07:48.048000Z,target-kali-01,5501,3,authentication_success|pam|syslog,pam,T1078,journald,0,0,0,0,0,0,0,0,0,0,1,0,17,17,1,0,34,0,0,110,3,19,6,1,18,aggregate,same rule repeated >= 10 times in 5 minutes
wazuh-1788721670.1916559,2026-09-06T19:07:50.005000Z,lab-sensor-01,31101,5,accesslog|attack|web,web-accesslog,none,/var/log/apache2/access.log,0,0,1,0,0,0,1,0,0,0,0,0,29,9,7,1,12,0,0,73,10,19,6,1,10,aggregate,same rule repeated >= 10 times in 5 minutes
wazuh-1788721672.1917001,2026-09-06T19:07:52.008000Z,lab-sensor-01,31101,5,accesslog|attack|web,web-accesslog,none,/var/log/apache2/access.log,0,0,1,0,0,0,1,0,0,0,0,0,30,10,7,1,12,0,0,73,10,19,6,1,11,aggregate,same rule repeated >= 10 times in 5 minutes
wazuh-1788721674.1917443,2026-09-06T19:07:54.010000Z,lab-sensor-01,31101,5,accesslog|attack|web,web-accesslog,none,/var/log/apache2/access.log,0,0,1,0,0,0,1,0,0,0,0,0,31,11,7,1,12,0,0,73,10,19,6,1,12,aggregate,same rule repeated >= 10 times in 5 minutes
wazuh-1788721689.1918934,2026-09-06T19:08:09.081000Z,target-kali-01,5501,3,authentication_success|pam|syslog,pam,T1078,journald,0,0,0,0,0,0,0,0,0,0,1,0,16,16,1,0,34,0,0,108,3,19,6,1,17,aggregate,same rule repeated >= 10 times in 5 minutes
wazuh-1788721696.1921583,2026-09-06T19:08:16.118000Z,film-laptop,86601,3,ids|suricata,json,none,/var/log/suricata/eve.json,68,67,1,1,0,0,1,0,0,0,0,0,10,9,2,0,0,0,0,0,3,19,6,1,10,aggregate,same rule repeated >= 10 times in 5 minutes
wazuh-1788721697.1923789,2026-09-06T19:08:17.095000Z,target-kali-01,5501,3,authentication_success|pam|syslog,pam,T1078,journald,0,0,0,0,0,0,0,0,0,0,1,0,17,17,1,0,35,0,0,109,3,19,6,1,18,aggregate,same rule repeated >= 10 times in 5 minutes
wazuh-1788721698.1924232,2026-09-06T19:08:18.345000Z,lab-sensor-01,5710,5,authentication_failed|invalid_login|sshd|syslog,sshd,T1021.004|T1110.001,journald,54946,0,1,0,0,0,1,0,0,0,1,0,33,10,7,1,12,0,0,74,10,19,6,1,11,aggregate,same rule repeated >= 10 times in 5 minutes
wazuh-1788721700.1924781,2026-09-06T19:08:20.348000Z,lab-sensor-01,5710,5,authentication_failed|invalid_login|sshd|syslog,sshd,T1021.004|T1110.001,journald,54950,0,1,0,0,0,1,0,0,0,1,0,34,11,7,1,13,0,0,75,10,19,6,1,12,aggregate,same rule repeated >= 10 times in 5 minutes
wazuh-1788721704.1925330,2026-09-06T19:08:24.352000Z,lab-sensor-01,5710,5,authentication_failed|invalid_login|sshd|syslog,sshd,T1021.004|T1110.001,journald,54962,0,1,0,0,0,1,0,0,0,1,0,33,10,7,1,14,0,0,76,10,19,6,1,11,aggregate,same rule repeated >= 10 times in 5 minutes
wazuh-1788721719.1925879,2026-09-06T19:08:39.163000Z,target-kali-01,5501,3,authentication_success|pam|syslog,pam,T1078,journald,0,0,0,0,0,0,0,0,0,0,1,0,16,16,1,0,34,0,0,109,3,19,6,1,17,aggregate,same rule repeated >= 10 times in 5 minutes
wazuh-1788721735.1926322,2026-09-06T19:08:55.300000Z,target-kali-01,5501,3,authentication_success|pam|syslog,pam,T1078,journald,0,0,0,0,0,0,0,0,0,0,1,0,17,17,1,0,34,0,0,109,3,19,6,1,18,aggregate,same rule repeated >= 10 times in 5 minutes
wazuh-1788721749.1927224,2026-09-06T19:09:09.917000Z,target-kali-01,5501,3,authentication_success|pam|syslog,pam,T1078,journald,0,0,0,0,0,0,0,0,0,0,1,0,16,16,1,0,34,0,0,109,3,19,6,1,17,aggregate,same rule repeated >= 10 times in 5 minutes
wazuh-1788721756.1930358,2026-09-06T19:09:16.186000Z,film-laptop,86601,3,ids|suricata,json,none,/var/log/suricata/eve.json,68,67,1,1,0,0,1,0,0,0,0,0,10,9,2,0,0,0,0,0,3,19,6,1,10,aggregate,same rule repeated >= 10 times in 5 minutes
wazuh-1788721770.1932564,2026-09-06T19:09:30.200000Z,target-kali-01,5501,3,authentication_success|pam|syslog,pam,T1078,journald,0,0,0,0,0,0,0,0,0,0,1,0,16,16,1,0,34,0,0,109,3,19,6,1,17,aggregate,same rule repeated >= 10 times in 5 minutes
wazuh-1788721792.1933007,2026-09-06T19:09:52.298000Z,target-kali-01,5501,3,authentication_success|pam|syslog,pam,T1078,journald,0,0,0,0,0,0,0,0,0,0,1,0,16,16,1,0,34,0,0,109,3,19,6,1,17,aggregate,same rule repeated >= 10 times in 5 minutes
wazuh-1788721804.1933450,2026-09-06T19:10:04.315000Z,target-kali-01,5501,3,authentication_success|pam|syslog,pam,T1078,journald,0,0,0,0,0,0,0,0,0,0,1,0,17,17,1,0,34,0,0,109,3,19,6,1,18,aggregate,same rule repeated >= 10 times in 5 minutes
wazuh-1788721818.1936097,2026-09-06T19:10:18.211000Z,film-laptop,86601,3,ids|suricata,json,none,/var/log/suricata/eve.json,68,67,1,1,0,0,1,0,0,0,0,0,9,9,2,0,0,0,0,0,3,19,6,1,10,aggregate,same rule repeated >= 10 times in 5 minutes
wazuh-1788721822.1938760,2026-09-06T19:10:22.849000Z,target-kali-01,5501,3,authentication_success|pam|syslog,pam,T1078,journald,0,0,0,0,0,0,0,0,0,0,1,0,17,17,1,0,34,0,0,109,3,19,6,1,18,aggregate,same rule repeated >= 10 times in 5 minutes
wazuh-1788721840.1940237,2026-09-06T19:10:40.878000Z,target-kali-01,5501,3,authentication_success|pam|syslog,pam,T1078,journald,0,0,0,0,0,0,0,0,0,0,1,0,17,17,1,0,34,0,0,109,3,19,6,1,18,aggregate,same rule repeated >= 10 times in 5 minutes
wazuh-1788721860.1942151,2026-09-06T19:11:00.932000Z,target-kali-01,5501,3,authentication_success|pam|syslog,pam,T1078,journald,0,0,0,0,0,0,0,0,0,0,1,0,16,16,1,0,34,0,0,109,3,19,6,1,17,aggregate,same rule repeated >= 10 times in 5 minutes
wazuh-1788721871.1942594,2026-09-06T19:11:11.883000Z,target-kali-01,5501,3,authentication_success|pam|syslog,pam,T1078,journald,0,0,0,0,0,0,0,0,0,0,1,0,17,17,1,0,34,0,0,109,3,19,6,1,18,aggregate,same rule repeated >= 10 times in 5 minutes
wazuh-1788721878.1945243,2026-09-06T19:11:18.457000Z,film-laptop,86601,3,ids|suricata,json,none,/var/log/suricata/eve.json,68,67,1,1,0,0,1,0,0,0,0,0,10,9,2,0,0,0,0,0,3,19,6,1,10,aggregate,same rule repeated >= 10 times in 5 minutes
wazuh-1788721884.1947449,2026-09-06T19:11:24.708000Z,target-kali-01,5501,3,authentication_success|pam|syslog,pam,T1078,journald,0,0,0,0,0,0,0,0,0,0,1,0,17,17,1,0,34,0,0,110,3,19,6,1,18,aggregate,same rule repeated >= 10 times in 5 minutes
wazuh-1788721904.1947892,2026-09-06T19:11:44.498000Z,target-kali-01,5501,3,authentication_success|pam|syslog,pam,T1078,journald,0,0,0,0,0,0,0,0,0,0,1,0,17,17,1,0,34,0,0,109,3,19,6,1,18,aggregate,same rule repeated >= 10 times in 5 minutes
wazuh-1788721918.1948335,2026-09-06T19:11:58.693000Z,target-kali-01,5501,3,authentication_success|pam|syslog,pam,T1078,journald,0,0,0,0,0,0,0,0,0,0,1,0,17,17,1,0,35,0,0,109,3,19,6,1,18,aggregate,same rule repeated >= 10 times in 5 minutes
wazuh-1788721932.1948778,2026-09-06T19:12:12.768000Z,target-kali-01,5501,3,authentication_success|pam|syslog,pam,T1078,journald,0,0,0,0,0,0,0,0,0,0,1,0,18,18,1,0,35,0,0,110,3,19,6,1,19,aggregate,same rule repeated >= 10 times in 5 minutes
wazuh-1788721938.1951425,2026-09-06T19:12:18.376000Z,film-laptop,86601,3,ids|suricata,json,none,/var/log/suricata/eve.json,68,67,1,1,0,0,1,0,0,0,0,0,10,9,2,0,0,0,0,0,3,19,6,1,10,aggregate,same rule repeated >= 10 times in 5 minutes
wazuh-1788721947.1954178,2026-09-06T19:12:27.394000Z,target-kali-01,5501,3,authentication_success|pam|syslog,pam,T1078,journald,0,0,0,0,0,0,0,0,0,0,1,0,18,18,1,0,35,0,0,109,3,19,6,1,19,aggregate,same rule repeated >= 10 times in 5 minutes
wazuh-1788721967.1955719,2026-09-06T19:12:47.602000Z,target-kali-01,5501,3,authentication_success|pam|syslog,pam,T1078,journald,0,0,0,0,0,0,0,0,0,0,1,0,18,18,1,0,35,0,0,109,3,19,6,1,19,aggregate,same rule repeated >= 10 times in 5 minutes
wazuh-1788721985.1958537,2026-09-06T19:13:05.833000Z,target-kali-01,5501,3,authentication_success|pam|syslog,pam,T1078,journald,0,0,0,0,0,0,0,0,0,0,1,0,18,18,1,0,34,0,0,109,3,19,6,1,19,aggregate,same rule repeated >= 10 times in 5 minutes
wazuh-1788721996.1958980,2026-09-06T19:13:16.031000Z,target-kali-01,5501,3,authentication_success|pam|syslog,pam,T1078,journald,0,0,0,0,0,0,0,0,0,0,1,0,18,18,1,0,35,0,0,109,3,19,6,1,19,aggregate,same rule repeated >= 10 times in 5 minutes
wazuh-1788721998.1961629,2026-09-06T19:13:18.533000Z,film-laptop,86601,3,ids|suricata,json,none,/var/log/suricata/eve.json,68,67,1,1,0,0,1,0,0,0,0,0,10,9,2,0,0,0,0,0,3,19,6,1,10,aggregate,same rule repeated >= 10 times in 5 minutes
wazuh-1788722010.1963835,2026-09-06T19:13:30.431000Z,target-kali-01,5501,3,authentication_success|pam|syslog,pam,T1078,journald,0,0,0,0,0,0,0,0,0,0,1,0,18,18,1,0,35,0,0,109,3,19,6,1,19,aggregate,same rule repeated >= 10 times in 5 minutes
wazuh-1788722030.1964278,2026-09-06T19:13:50.165000Z,target-kali-01,5501,3,authentication_success|pam|syslog,pam,T1078,journald,0,0,0,0,0,0,0,0,0,0,1,0,18,18,1,0,35,0,0,109,3,19,6,1,19,aggregate,same rule repeated >= 10 times in 5 minutes
wazuh-1788722038.1964721,2026-09-06T19:13:58.640000Z,target-kali-01,5501,3,authentication_success|pam|syslog,pam,T1078,journald,0,0,0,0,0,0,0,0,0,0,1,0,18,18,1,0,35,0,0,110,3,19,6,1,19,aggregate,same rule repeated >= 10 times in 5 minutes
wazuh-1788722060.1966108,2026-09-06T19:14:20.351000Z,target-kali-01,5501,3,authentication_success|pam|syslog,pam,T1078,journald,0,0,0,0,0,0,0,0,0,0,1,0,18,18,1,0,35,0,0,110,3,19,6,1,19,aggregate,same rule repeated >= 10 times in 5 minutes
wazuh-1788722060.1968755,2026-09-06T19:14:20.498000Z,film-laptop,86601,3,ids|suricata,json,none,/var/log/suricata/eve.json,68,67,1,1,0,0,1,0,0,0,0,0,10,9,2,0,0,0,0,0,3,19,6,1,10,aggregate,same rule repeated >= 10 times in 5 minutes
wazuh-1788722074.1970959,2026-09-06T19:14:34.512000Z,target-kali-01,5501,3,authentication_success|pam|syslog,pam,T1078,journald,0,0,0,0,0,0,0,0,0,0,1,0,18,18,1,0,35,0,0,110,3,19,6,1,19,aggregate,same rule repeated >= 10 times in 5 minutes
wazuh-1788722093.1971402,2026-09-06T19:14:53.045000Z,target-kali-01,5501,3,authentication_success|pam|syslog,pam,T1078,journald,0,0,0,0,0,0,0,0,0,0,1,0,18,18,1,0,35,0,0,109,3,19,6,1,19,aggregate,same rule repeated >= 10 times in 5 minutes
wazuh-1788722107.1971845,2026-09-06T19:15:07.653000Z,target-kali-01,5501,3,authentication_success|pam|syslog,pam,T1078,journald,0,0,0,0,0,0,0,0,0,0,1,0,18,18,1,0,35,0,0,109,3,19,6,1,19,aggregate,same rule repeated >= 10 times in 5 minutes
wazuh-1788722117.1972837,2026-09-06T19:15:17.725000Z,target-kali-01,5501,3,authentication_success|pam|syslog,pam,T1078,journald,0,0,0,0,0,0,0,0,0,0,1,0,19,19,1,0,36,0,0,109,3,19,6,1,20,aggregate,same rule repeated >= 10 times in 5 minutes
wazuh-1788722120.1975486,2026-09-06T19:15:20.552000Z,film-laptop,86601,3,ids|suricata,json,none,/var/log/suricata/eve.json,68,67,1,1,0,0,1,0,0,0,0,0,10,9,2,0,0,0,0,0,3,19,6,1,10,aggregate,same rule repeated >= 10 times in 5 minutes
wazuh-1788722140.1978790,2026-09-06T19:15:40.026000Z,target-kali-01,5501,3,authentication_success|pam|syslog,pam,T1078,journald,0,0,0,0,0,0,0,0,0,0,1,0,19,19,1,0,36,0,0,109,3,19,6,1,20,aggregate,same rule repeated >= 10 times in 5 minutes
wazuh-1788722159.1980177,2026-09-06T19:15:59.356000Z,target-kali-01,5501,3,authentication_success|pam|syslog,pam,T1078,journald,0,0,0,0,0,0,0,0,0,0,1,0,19,19,1,0,36,0,0,108,3,19,6,1,20,aggregate,same rule repeated >= 10 times in 5 minutes
wazuh-1788722179.1982267,2026-09-06T19:16:19.597000Z,target-kali-01,5501,3,authentication_success|pam|syslog,pam,T1078,journald,0,0,0,0,0,0,0,0,0,0,1,0,18,18,1,0,35,0,0,107,3,19,6,1,19,aggregate,same rule repeated >= 10 times in 5 minutes
wazuh-1788722180.1985289,2026-09-06T19:16:20.931000Z,film-laptop,86601,3,ids|suricata,json,none,/var/log/suricata/eve.json,68,67,1,1,0,0,1,0,0,0,0,0,10,9,2,0,0,0,0,0,3,19,6,1,10,aggregate,same rule repeated >= 10 times in 5 minutes
wazuh-1788722197.1987495,2026-09-06T19:16:37.700000Z,target-kali-01,5501,3,authentication_success|pam|syslog,pam,T1078,journald,0,0,0,0,0,0,0,0,0,0,1,0,18,18,1,0,35,0,0,107,3,19,6,1,19,aggregate,same rule repeated >= 10 times in 5 minutes
wazuh-1788722217.1987938,2026-09-06T19:16:57.959000Z,target-kali-01,5501,3,authentication_success|pam|syslog,pam,T1078,journald,0,0,0,0,0,0,0,0,0,0,1,0,18,18,1,0,35,0,0,107,3,19,6,1,19,aggregate,same rule repeated >= 10 times in 5 minutes
wazuh-1788722238.1990756,2026-09-06T19:17:18.095000Z,target-kali-01,5501,3,authentication_success|pam|syslog,pam,T1078,journald,0,0,0,0,0,0,0,0,0,0,1,0,17,17,1,0,35,0,0,107,3,19,6,1,18,aggregate,same rule repeated >= 10 times in 5 minutes
wazuh-1788722242.1993401,2026-09-06T19:17:22.857000Z,film-laptop,86601,3,ids|suricata,json,none,/var/log/suricata/eve.json,68,67,1,1,0,0,1,0,0,0,0,0,10,9,2,0,0,0,0,0,3,19,6,1,10,aggregate,same rule repeated >= 10 times in 5 minutes
wazuh-1788722252.1995603,2026-09-06T19:17:32.743000Z,target-kali-01,5501,3,authentication_success|pam|syslog,pam,T1078,journald,0,0,0,0,0,0,0,0,0,0,1,0,17,17,1,0,35,0,0,107,3,19,6,1,18,aggregate,same rule repeated >= 10 times in 5 minutes
wazuh-1788722271.1997693,2026-09-06T19:17:51.235000Z,target-kali-01,5501,3,authentication_success|pam|syslog,pam,T1078,journald,0,0,0,0,0,0,0,0,0,0,1,0,17,17,1,0,35,0,0,107,3,19,6,1,18,aggregate,same rule repeated >= 10 times in 5 minutes
wazuh-1788722287.1998595,2026-09-06T19:18:07.372000Z,target-kali-01,5501,3,authentication_success|pam|syslog,pam,T1078,journald,0,0,0,0,0,0,0,0,0,0,1,0,17,17,1,0,36,0,0,107,3,19,6,1,18,aggregate,same rule repeated >= 10 times in 5 minutes
wazuh-1788722303.2001729,2026-09-06T19:18:23.002000Z,film-laptop,86601,3,ids|suricata,json,none,/var/log/suricata/eve.json,68,67,1,1,0,0,1,0,0,0,0,0,10,9,2,0,0,0,0,0,3,19,6,1,10,aggregate,same rule repeated >= 10 times in 5 minutes
wazuh-1788722308.2003935,2026-09-06T19:18:28.071000Z,target-kali-01,5501,3,authentication_success|pam|syslog,pam,T1078,journald,0,0,0,0,0,0,0,0,0,0,1,0,17,17,1,0,35,0,0,106,3,19,6,1,18,aggregate,same rule repeated >= 10 times in 5 minutes
wazuh-1788722318.2004378,2026-09-06T19:18:38.790000Z,target-kali-01,5501,3,authentication_success|pam|syslog,pam,T1078,journald,0,0,0,0,0,0,0,0,0,0,1,0,17,17,1,0,36,0,0,106,3,19,6,1,18,aggregate,same rule repeated >= 10 times in 5 minutes
wazuh-1788722329.2004821,2026-09-06T19:18:49.506000Z,target-kali-01,5501,3,authentication_success|pam|syslog,pam,T1078,journald,0,0,0,0,0,0,0,0,0,0,1,0,18,18,1,0,36,0,0,107,3,19,6,1,19,aggregate,same rule repeated >= 10 times in 5 minutes
wazuh-1788722329.2005264,2026-09-06T19:18:49.625000Z,lab-sensor-01,5710,5,authentication_failed|invalid_login|sshd|syslog,sshd,T1021.004|T1110.001,journald,54780,0,1,0,0,0,1,0,0,0,1,0,20,9,6,0,15,0,0,81,6,19,6,1,10,aggregate,same rule repeated >= 10 times in 5 minutes
wazuh-1788722331.2005813,2026-09-06T19:18:51.628000Z,lab-sensor-01,5710,5,authentication_failed|invalid_login|sshd|syslog,sshd,T1021.004|T1110.001,journald,54792,0,1,0,0,0,1,0,0,0,1,0,21,10,6,0,16,0,0,82,6,19,6,1,11,aggregate,same rule repeated >= 10 times in 5 minutes
wazuh-1788722335.2006362,2026-09-06T19:18:55.633000Z,lab-sensor-01,5710,5,authentication_failed|invalid_login|sshd|syslog,sshd,T1021.004|T1110.001,journald,54806,0,1,0,0,0,1,0,0,0,1,0,22,11,6,0,17,0,0,83,6,19,6,1,12,aggregate,same rule repeated >= 10 times in 5 minutes
wazuh-1788722349.2006911,2026-09-06T19:19:09.631000Z,target-kali-01,5501,3,authentication_success|pam|syslog,pam,T1078,journald,0,0,0,0,0,0,0,0,0,0,1,0,17,17,1,0,36,0,0,106,3,19,6,1,18,aggregate,same rule repeated >= 10 times in 5 minutes
wazuh-1788722361.2007354,2026-09-06T19:19:21.666000Z,target-kali-01,5501,3,authentication_success|pam|syslog,pam,T1078,journald,0,0,0,0,0,0,0,0,0,0,1,0,17,17,1,0,36,0,0,107,3,19,6,1,18,aggregate,same rule repeated >= 10 times in 5 minutes
wazuh-1788722363.2010001,2026-09-06T19:19:23.038000Z,film-laptop,86601,3,ids|suricata,json,none,/var/log/suricata/eve.json,68,67,1,1,0,0,1,0,0,0,0,0,10,9,2,0,0,0,0,0,3,19,6,1,10,aggregate,same rule repeated >= 10 times in 5 minutes
wazuh-1788722377.2012205,2026-09-06T19:19:37.758000Z,target-kali-01,5501,3,authentication_success|pam|syslog,pam,T1078,journald,0,0,0,0,0,0,0,0,0,0,1,0,17,17,1,0,36,0,0,107,3,19,6,1,18,aggregate,same rule repeated >= 10 times in 5 minutes
wazuh-1788722399.2012648,2026-09-06T19:19:59.838000Z,target-kali-01,5501,3,authentication_success|pam|syslog,pam,T1078,journald,0,0,0,0,0,0,0,0,0,0,1,0,17,17,1,0,36,0,0,106,3,19,6,1,18,aggregate,same rule repeated >= 10 times in 5 minutes
wazuh-1788722414.2013091,2026-09-06T19:20:14.310000Z,target-kali-01,5501,3,authentication_success|pam|syslog,pam,T1078,journald,0,0,0,0,0,0,0,0,0,0,1,0,17,17,1,0,36,0,0,106,3,19,6,1,18,aggregate,same rule repeated >= 10 times in 5 minutes
wazuh-1788722422.2015740,2026-09-06T19:20:22.926000Z,film-laptop,86601,3,ids|suricata,json,none,/var/log/suricata/eve.json,68,67,1,1,0,0,1,0,0,0,0,0,10,9,2,0,0,0,0,0,3,19,6,1,10,aggregate,same rule repeated >= 10 times in 5 minutes
wazuh-1788722428.2017946,2026-09-06T19:20:28.945000Z,target-kali-01,5501,3,authentication_success|pam|syslog,pam,T1078,journald,0,0,0,0,0,0,0,0,0,0,1,0,17,17,1,0,36,0,0,106,3,19,6,1,18,aggregate,same rule repeated >= 10 times in 5 minutes
wazuh-1788722439.2018389,2026-09-06T19:20:39.088000Z,target-kali-01,5501,3,authentication_success|pam|syslog,pam,T1078,journald,0,0,0,0,0,0,0,0,0,0,1,0,18,18,1,0,37,0,0,107,3,19,6,1,19,aggregate,same rule repeated >= 10 times in 5 minutes
wazuh-1788722455.2018832,2026-09-06T19:20:55.841000Z,target-kali-01,5501,3,authentication_success|pam|syslog,pam,T1078,journald,0,0,0,0,0,0,0,0,0,0,1,0,18,18,1,0,37,0,0,106,3,19,6,1,19,aggregate,same rule repeated >= 10 times in 5 minutes
wazuh-1788722474.2019275,2026-09-06T19:21:14.477000Z,target-kali-01,5501,3,authentication_success|pam|syslog,pam,T1078,journald,0,0,0,0,0,0,0,0,0,0,1,0,18,18,1,0,36,0,0,106,3,19,6,1,19,aggregate,same rule repeated >= 10 times in 5 minutes
wazuh-1788722484.2021928,2026-09-06T19:21:24.960000Z,film-laptop,86601,3,ids|suricata,json,none,/var/log/suricata/eve.json,68,67,1,1,0,0,1,0,0,0,0,0,9,9,2,0,0,0,0,0,3,19,6,1,10,aggregate,same rule repeated >= 10 times in 5 minutes
wazuh-1788722488.2024138,2026-09-06T19:21:28.531000Z,target-kali-01,5501,3,authentication_success|pam|syslog,pam,T1078,journald,0,0,0,0,0,0,0,0,0,0,1,0,18,18,1,0,36,0,0,106,3,19,6,1,19,aggregate,same rule repeated >= 10 times in 5 minutes
wazuh-1788722502.2024581,2026-09-06T19:21:42.639000Z,target-kali-01,5501,3,authentication_success|pam|syslog,pam,T1078,journald,0,0,0,0,0,0,0,0,0,0,1,0,18,18,1,0,37,0,0,106,3,19,6,1,19,aggregate,same rule repeated >= 10 times in 5 minutes
wazuh-1788722514.2025483,2026-09-06T19:21:54.774000Z,target-kali-01,5501,3,authentication_success|pam|syslog,pam,T1078,journald,0,0,0,0,0,0,0,0,0,0,1,0,19,19,1,0,37,0,0,107,3,19,6,1,20,aggregate,same rule repeated >= 10 times in 5 minutes
wazuh-1788722536.2026411,2026-09-06T19:22:16.481000Z,target-kali-01,5501,3,authentication_success|pam|syslog,pam,T1078,journald,0,0,0,0,0,0,0,0,0,0,1,0,19,19,1,0,36,0,0,107,3,19,6,1,20,aggregate,same rule repeated >= 10 times in 5 minutes
wazuh-1788722545.2029056,2026-09-06T19:22:25.022000Z,film-laptop,86601,3,ids|suricata,json,none,/var/log/suricata/eve.json,68,67,1,1,0,0,1,0,0,0,0,0,9,9,2,0,0,0,0,0,3,19,6,1,10,aggregate,same rule repeated >= 10 times in 5 minutes
wazuh-1788722554.2031258,2026-09-06T19:22:34.107000Z,target-kali-01,5501,3,authentication_success|pam|syslog,pam,T1078,journald,0,0,0,0,0,0,0,0,0,0,1,0,18,18,1,0,36,0,0,107,3,19,6,1,19,aggregate,same rule repeated >= 10 times in 5 minutes
wazuh-1788722566.2032074,2026-09-06T19:22:46.358000Z,target-kali-01,5501,3,authentication_success|pam|syslog,pam,T1078,journald,0,0,0,0,0,0,0,0,0,0,1,0,19,19,1,0,37,0,0,107,3,19,6,1,20,aggregate,same rule repeated >= 10 times in 5 minutes
wazuh-1788722578.2032517,2026-09-06T19:22:58.396000Z,target-kali-01,5501,3,authentication_success|pam|syslog,pam,T1078,journald,0,0,0,0,0,0,0,0,0,0,1,0,19,19,1,0,37,0,0,108,3,19,6,1,20,aggregate,same rule repeated >= 10 times in 5 minutes
wazuh-1788722597.2032960,2026-09-06T19:23:17.309000Z,target-kali-01,5501,3,authentication_success|pam|syslog,pam,T1078,journald,0,0,0,0,0,0,0,0,0,0,1,0,19,19,1,0,36,0,0,108,3,19,6,1,20,aggregate,same rule repeated >= 10 times in 5 minutes
wazuh-1788722605.2037256,2026-09-06T19:23:25.093000Z,film-laptop,86601,3,ids|suricata,json,none,/var/log/suricata/eve.json,68,67,1,1,0,0,1,0,0,0,0,0,10,9,2,0,0,0,0,0,3,19,6,1,10,aggregate,same rule repeated >= 10 times in 5 minutes
wazuh-1788722617.2039462,2026-09-06T19:23:37.274000Z,target-kali-01,5501,3,authentication_success|pam|syslog,pam,T1078,journald,0,0,0,0,0,0,0,0,0,0,1,0,19,19,1,0,36,0,0,108,3,19,6,1,20,aggregate,same rule repeated >= 10 times in 5 minutes
wazuh-1788722629.2039905,2026-09-06T19:23:49.407000Z,target-kali-01,5501,3,authentication_success|pam|syslog,pam,T1078,journald,0,0,0,0,0,0,0,0,0,0,1,0,19,19,1,0,37,0,0,108,3,19,6,1,20,aggregate,same rule repeated >= 10 times in 5 minutes
wazuh-1788722640.2040348,2026-09-06T19:24:00.308000Z,target-kali-01,5501,3,authentication_success|pam|syslog,pam,T1078,journald,0,0,0,0,0,0,0,0,0,0,1,0,19,19,1,0,36,0,0,109,3,19,6,1,20,aggregate,same rule repeated >= 10 times in 5 minutes
wazuh-1788722662.2042194,2026-09-06T19:24:22.369000Z,target-kali-01,5501,3,authentication_success|pam|syslog,pam,T1078,journald,0,0,0,0,0,0,0,0,0,0,1,0,18,18,1,0,36,0,0,108,3,19,6,1,19,aggregate,same rule repeated >= 10 times in 5 minutes
wazuh-1788722665.2044841,2026-09-06T19:24:25.155000Z,film-laptop,86601,3,ids|suricata,json,none,/var/log/suricata/eve.json,68,67,1,1,0,0,1,0,0,0,0,0,10,9,2,0,0,0,0,0,3,19,6,1,10,aggregate,same rule repeated >= 10 times in 5 minutes
wazuh-1788722680.2047989,2026-09-06T19:24:40.473000Z,target-kali-01,5501,3,authentication_success|pam|syslog,pam,T1078,journald,0,0,0,0,0,0,0,0,0,0,1,0,18,18,1,0,36,0,0,108,3,19,6,1,19,aggregate,same rule repeated >= 10 times in 5 minutes
wazuh-1788722700.2048917,2026-09-06T19:25:00.310000Z,target-kali-01,5501,3,authentication_success|pam|syslog,pam,T1078,journald,0,0,0,0,0,0,0,0,0,0,1,0,18,18,1,0,36,0,0,108,3,19,6,1,19,aggregate,same rule repeated >= 10 times in 5 minutes
wazuh-1788722714.2049360,2026-09-06T19:25:14.543000Z,target-kali-01,5501,3,authentication_success|pam|syslog,pam,T1078,journald,0,0,0,0,0,0,0,0,0,0,1,0,18,18,1,0,36,0,0,108,3,19,6,1,19,aggregate,same rule repeated >= 10 times in 5 minutes
wazuh-1788722725.2052009,2026-09-06T19:25:25.229000Z,film-laptop,86601,3,ids|suricata,json,none,/var/log/suricata/eve.json,68,67,1,1,0,0,1,0,0,0,0,0,10,9,2,0,0,0,0,0,3,19,6,1,10,aggregate,same rule repeated >= 10 times in 5 minutes
wazuh-1788722729.2054764,2026-09-06T19:25:29.026000Z,target-kali-01,5501,3,authentication_success|pam|syslog,pam,T1078,journald,0,0,0,0,0,0,0,0,0,0,1,0,18,18,1,0,36,0,0,108,3,19,6,1,19,aggregate,same rule repeated >= 10 times in 5 minutes
wazuh-1788722751.2056305,2026-09-06T19:25:51.069000Z,target-kali-01,5501,3,authentication_success|pam|syslog,pam,T1078,journald,0,0,0,0,0,0,0,0,0,0,1,0,18,18,1,0,36,0,0,108,3,19,6,1,19,aggregate,same rule repeated >= 10 times in 5 minutes
wazuh-1788722767.2056748,2026-09-06T19:26:07.342000Z,target-kali-01,5501,3,authentication_success|pam|syslog,pam,T1078,journald,0,0,0,0,0,0,0,0,0,0,1,0,18,18,1,0,36,0,0,107,3,19,6,1,19,aggregate,same rule repeated >= 10 times in 5 minutes
wazuh-1788722787.2061042,2026-09-06T19:26:27.427000Z,film-laptop,86601,3,ids|suricata,json,none,/var/log/suricata/eve.json,68,67,1,1,0,0,1,0,0,0,0,0,10,9,2,0,0,0,0,0,3,19,6,1,10,aggregate,same rule repeated >= 10 times in 5 minutes
wazuh-1788722787.2063246,2026-09-06T19:26:27.593000Z,target-kali-01,5501,3,authentication_success|pam|syslog,pam,T1078,journald,0,0,0,0,0,0,0,0,0,0,1,0,18,18,1,0,36,0,0,107,3,19,6,1,19,aggregate,same rule repeated >= 10 times in 5 minutes
wazuh-1788722798.2063689,2026-09-06T19:26:38.499000Z,target-kali-01,5501,3,authentication_success|pam|syslog,pam,T1078,journald,0,0,0,0,0,0,0,0,0,0,1,0,18,18,1,0,36,0,0,107,3,19,6,1,19,aggregate,same rule repeated >= 10 times in 5 minutes
wazuh-1788722807.2064132,2026-09-06T19:26:47.188000Z,target-kali-01,5501,3,authentication_success|pam|syslog,pam,T1078,journald,0,0,0,0,0,0,0,0,0,0,1,0,18,18,1,0,37,0,0,108,3,19,6,1,19,aggregate,same rule repeated >= 10 times in 5 minutes
wazuh-1788722818.2064575,2026-09-06T19:26:58.549000Z,lab-sensor-01,5710,5,authentication_failed|invalid_login|sshd|syslog,sshd,T1021.004|T1110.001,journald,40264,0,1,0,0,0,1,0,0,0,1,0,15,9,6,0,15,0,0,79,6,19,6,1,10,aggregate,same rule repeated >= 10 times in 5 minutes
wazuh-1788722819.2065124,2026-09-06T19:26:59.368000Z,target-kali-01,5501,3,authentication_success|pam|syslog,pam,T1078,journald,0,0,0,0,0,0,0,0,0,0,1,0,18,18,1,0,37,0,0,108,3,19,6,1,19,aggregate,same rule repeated >= 10 times in 5 minutes
wazuh-1788722824.2066901,2026-09-06T19:27:04.563000Z,lab-sensor-01,5710,5,authentication_failed|invalid_login|sshd|syslog,sshd,T1021.004|T1110.001,journald,40296,0,1,0,0,0,1,0,0,0,1,0,17,10,6,1,17,0,0,81,10,19,6,1,11,aggregate,same rule repeated >= 10 times in 5 minutes
wazuh-1788722839.2067450,2026-09-06T19:27:19.447000Z,target-kali-01,5501,3,authentication_success|pam|syslog,pam,T1078,journald,0,0,0,0,0,0,0,0,0,0,1,0,18,18,1,0,37,0,0,108,3,19,6,1,19,aggregate,same rule repeated >= 10 times in 5 minutes
wazuh-1788722849.2070099,2026-09-06T19:27:29.368000Z,film-laptop,86601,3,ids|suricata,json,none,/var/log/suricata/eve.json,68,67,1,1,0,0,1,0,0,0,0,0,10,9,2,0,0,0,0,0,3,19,6,1,10,aggregate,same rule repeated >= 10 times in 5 minutes
wazuh-1788722855.2072305,2026-09-06T19:27:35.391000Z,target-kali-01,5501,3,authentication_success|pam|syslog,pam,T1078,journald,0,0,0,0,0,0,0,0,0,0,1,0,18,18,1,0,37,0,0,108,3,19,6,1,19,aggregate,same rule repeated >= 10 times in 5 minutes
wazuh-1788722869.2072748,2026-09-06T19:27:49.445000Z,target-kali-01,5501,3,authentication_success|pam|syslog,pam,T1078,journald,0,0,0,0,0,0,0,0,0,0,1,0,18,18,1,0,38,0,0,108,3,19,6,1,19,aggregate,same rule repeated >= 10 times in 5 minutes
wazuh-1788722885.2073564,2026-09-06T19:28:05.725000Z,target-kali-01,5501,3,authentication_success|pam|syslog,pam,T1078,journald,0,0,0,0,0,0,0,0,0,0,1,0,18,18,1,0,38,0,0,109,3,19,6,1,19,aggregate,same rule repeated >= 10 times in 5 minutes
wazuh-1788722903.2074007,2026-09-06T19:28:23.486000Z,target-kali-01,5501,3,authentication_success|pam|syslog,pam,T1078,journald,0,0,0,0,0,0,0,0,0,0,1,0,18,18,1,0,38,0,0,108,3,19,6,1,19,aggregate,same rule repeated >= 10 times in 5 minutes
wazuh-1788722909.2076660,2026-09-06T19:28:29.439000Z,film-laptop,86601,3,ids|suricata,json,none,/var/log/suricata/eve.json,68,67,1,1,0,0,1,0,0,0,0,0,10,9,2,0,0,0,0,0,3,19,6,1,10,aggregate,same rule repeated >= 10 times in 5 minutes
wazuh-1788722919.2078870,2026-09-06T19:28:39.021000Z,target-kali-01,5501,3,authentication_success|pam|syslog,pam,T1078,journald,0,0,0,0,0,0,0,0,0,0,1,0,18,18,1,0,37,0,0,108,3,19,6,1,19,aggregate,same rule repeated >= 10 times in 5 minutes
wazuh-1788722935.2079313,2026-09-06T19:28:55.441000Z,target-kali-01,5501,3,authentication_success|pam|syslog,pam,T1078,journald,0,0,0,0,0,0,0,0,0,0,1,0,18,18,1,0,37,0,0,108,3,19,6,1,19,aggregate,same rule repeated >= 10 times in 5 minutes
wazuh-1788722953.2079756,2026-09-06T19:29:13.532000Z,target-kali-01,5501,3,authentication_success|pam|syslog,pam,T1078,journald,0,0,0,0,0,0,0,0,0,0,1,0,18,18,1,0,37,0,0,108,3,19,6,1,19,aggregate,same rule repeated >= 10 times in 5 minutes
wazuh-1788722969.2083347,2026-09-06T19:29:29.505000Z,film-laptop,86601,3,ids|suricata,json,none,/var/log/suricata/eve.json,68,67,1,1,0,0,1,0,0,0,0,0,10,9,2,0,0,0,0,0,3,19,6,1,10,aggregate,same rule repeated >= 10 times in 5 minutes
wazuh-1788722973.2085551,2026-09-06T19:29:33.701000Z,target-kali-01,5501,3,authentication_success|pam|syslog,pam,T1078,journald,0,0,0,0,0,0,0,0,0,0,1,0,18,18,1,0,37,0,0,108,3,19,6,1,19,aggregate,same rule repeated >= 10 times in 5 minutes
wazuh-1788722994.2086453,2026-09-06T19:29:54.044000Z,target-kali-01,5501,3,authentication_success|pam|syslog,pam,T1078,journald,0,0,0,0,0,0,0,0,0,0,1,0,18,18,1,0,37,0,0,108,3,19,6,1,19,aggregate,same rule repeated >= 10 times in 5 minutes
wazuh-1788723014.2087381,2026-09-06T19:30:14.124000Z,target-kali-01,5501,3,authentication_success|pam|syslog,pam,T1078,journald,0,0,0,0,0,0,0,0,0,0,1,0,18,18,1,0,37,0,0,108,3,19,6,1,19,aggregate,same rule repeated >= 10 times in 5 minutes
wazuh-1788723029.2092405,2026-09-06T19:30:29.573000Z,film-laptop,86601,3,ids|suricata,json,none,/var/log/suricata/eve.json,68,67,1,1,0,0,1,0,0,0,0,0,10,9,2,0,0,0,0,0,3,19,6,1,10,aggregate,same rule repeated >= 10 times in 5 minutes
wazuh-1788723034.2094611,2026-09-06T19:30:34.294000Z,target-kali-01,5501,3,authentication_success|pam|syslog,pam,T1078,journald,0,0,0,0,0,0,0,0,0,0,1,0,17,17,1,0,36,0,0,108,3,19,6,1,18,aggregate,same rule repeated >= 10 times in 5 minutes
wazuh-1788723054.2097429,2026-09-06T19:30:54.376000Z,target-kali-01,5501,3,authentication_success|pam|syslog,pam,T1078,journald,0,0,0,0,0,0,0,0,0,0,1,0,17,17,1,0,36,0,0,107,3,19,6,1,18,aggregate,same rule repeated >= 10 times in 5 minutes
wazuh-1788723064.2097872,2026-09-06T19:31:04.411000Z,target-kali-01,5501,3,authentication_success|pam|syslog,pam,T1078,journald,0,0,0,0,0,0,0,0,0,0,1,0,18,18,1,0,36,0,0,107,3,19,6,1,19,aggregate,same rule repeated >= 10 times in 5 minutes
wazuh-1788723078.2098315,2026-09-06T19:31:18.455000Z,target-kali-01,5501,3,authentication_success|pam|syslog,pam,T1078,journald,0,0,0,0,0,0,0,0,0,0,1,0,18,18,1,0,36,0,0,107,3,19,6,1,19,aggregate,same rule repeated >= 10 times in 5 minutes
wazuh-1788723088.2098758,2026-09-06T19:31:28.520000Z,target-kali-01,5501,3,authentication_success|pam|syslog,pam,T1078,journald,0,0,0,0,0,0,0,0,0,0,1,0,18,18,1,0,37,0,0,108,3,19,6,1,19,aggregate,same rule repeated >= 10 times in 5 minutes
wazuh-1788723091.2101405,2026-09-06T19:31:31.769000Z,film-laptop,86601,3,ids|suricata,json,none,/var/log/suricata/eve.json,68,67,1,1,0,0,1,0,0,0,0,0,10,9,2,0,0,0,0,0,3,19,6,1,10,aggregate,same rule repeated >= 10 times in 5 minutes
wazuh-1788723103.2103609,2026-09-06T19:31:43.448000Z,target-kali-01,5501,3,authentication_success|pam|syslog,pam,T1078,journald,0,0,0,0,0,0,0,0,0,0,1,0,18,18,1,0,36,0,0,108,3,19,6,1,19,aggregate,same rule repeated >= 10 times in 5 minutes
wazuh-1788723117.2104052,2026-09-06T19:31:57.614000Z,target-kali-01,5501,3,authentication_success|pam|syslog,pam,T1078,journald,0,0,0,0,0,0,0,0,0,0,1,0,18,18,1,0,36,0,0,109,3,19,6,1,19,aggregate,same rule repeated >= 10 times in 5 minutes
wazuh-1788723137.2104495,2026-09-06T19:32:17.673000Z,target-kali-01,5501,3,authentication_success|pam|syslog,pam,T1078,journald,0,0,0,0,0,0,0,0,0,0,1,0,18,18,1,0,36,0,0,108,3,19,6,1,19,aggregate,same rule repeated >= 10 times in 5 minutes
wazuh-1788723151.2107144,2026-09-06T19:32:31.905000Z,film-laptop,86601,3,ids|suricata,json,none,/var/log/suricata/eve.json,68,67,1,1,0,0,1,0,0,0,0,0,10,9,2,0,0,0,0,0,3,19,6,1,10,aggregate,same rule repeated >= 10 times in 5 minutes
wazuh-1788723156.2109350,2026-09-06T19:32:36.690000Z,target-kali-01,5501,3,authentication_success|pam|syslog,pam,T1078,journald,0,0,0,0,0,0,0,0,0,0,1,0,17,17,1,0,36,0,0,108,3,19,6,1,18,aggregate,same rule repeated >= 10 times in 5 minutes
wazuh-1788723175.2109793,2026-09-06T19:32:55.814000Z,target-kali-01,5501,3,authentication_success|pam|syslog,pam,T1078,journald,0,0,0,0,0,0,0,0,0,0,1,0,17,17,1,0,36,0,0,108,3,19,6,1,18,aggregate,same rule repeated >= 10 times in 5 minutes
wazuh-1788723188.2110695,2026-09-06T19:33:08.110000Z,target-kali-01,5501,3,authentication_success|pam|syslog,pam,T1078,journald,0,0,0,0,0,0,0,0,0,0,1,0,17,17,1,0,36,0,0,108,3,19,6,1,18,aggregate,same rule repeated >= 10 times in 5 minutes
wazuh-1788723208.2111996,2026-09-06T19:33:28.268000Z,target-kali-01,5501,3,authentication_success|pam|syslog,pam,T1078,journald,0,0,0,0,0,0,0,0,0,0,1,0,17,17,1,0,36,0,0,108,3,19,6,1,18,aggregate,same rule repeated >= 10 times in 5 minutes
wazuh-1788723213.2114645,2026-09-06T19:33:33.783000Z,film-laptop,86601,3,ids|suricata,json,none,/var/log/suricata/eve.json,68,67,1,1,0,0,1,0,0,0,0,0,10,9,2,0,0,0,0,0,3,19,6,1,10,aggregate,same rule repeated >= 10 times in 5 minutes
wazuh-1788723222.2116851,2026-09-06T19:33:42.856000Z,target-kali-01,5501,3,authentication_success|pam|syslog,pam,T1078,journald,0,0,0,0,0,0,0,0,0,0,1,0,17,17,1,0,36,0,0,108,3,19,6,1,18,aggregate,same rule repeated >= 10 times in 5 minutes
wazuh-1788723237.2117294,2026-09-06T19:33:57.957000Z,target-kali-01,5501,3,authentication_success|pam|syslog,pam,T1078,journald,0,0,0,0,0,0,0,0,0,0,1,0,17,17,1,0,36,0,0,108,3,19,6,1,18,aggregate,same rule repeated >= 10 times in 5 minutes
wazuh-1788723252.2117737,2026-09-06T19:34:12.119000Z,target-kali-01,5501,3,authentication_success|pam|syslog,pam,T1078,journald,0,0,0,0,0,0,0,0,0,0,1,0,18,18,1,0,36,0,0,108,3,19,6,1,19,aggregate,same rule repeated >= 10 times in 5 minutes
wazuh-1788723262.2118180,2026-09-06T19:34:22.744000Z,target-kali-01,5501,3,authentication_success|pam|syslog,pam,T1078,journald,0,0,0,0,0,0,0,0,0,0,1,0,18,18,1,0,36,0,0,108,3,19,6,1,19,aggregate,same rule repeated >= 10 times in 5 minutes
wazuh-1788723275.2118623,2026-09-06T19:34:35.812000Z,target-kali-01,5501,3,authentication_success|pam|syslog,pam,T1078,journald,0,0,0,0,0,0,0,0,0,0,1,0,18,18,1,0,37,0,0,109,3,19,6,1,19,aggregate,same rule repeated >= 10 times in 5 minutes
wazuh-1788723275.2121272,2026-09-06T19:34:35.921000Z,film-laptop,86601,3,ids|suricata,json,none,/var/log/suricata/eve.json,68,67,1,1,0,0,1,0,0,0,0,0,10,9,2,0,0,0,0,0,3,19,6,1,10,aggregate,same rule repeated >= 10 times in 5 minutes
wazuh-1788723289.2123478,2026-09-06T19:34:49.433000Z,target-kali-01,5501,3,authentication_success|pam|syslog,pam,T1078,journald,0,0,0,0,0,0,0,0,0,0,1,0,19,19,1,0,37,0,0,109,3,19,6,1,20,aggregate,same rule repeated >= 10 times in 5 minutes
wazuh-1788723309.2126755,2026-09-06T19:35:09.470000Z,target-kali-01,5501,3,authentication_success|pam|syslog,pam,T1078,journald,0,0,0,0,0,0,0,0,0,0,1,0,19,19,1,0,37,0,0,109,3,19,6,1,20,aggregate,same rule repeated >= 10 times in 5 minutes
wazuh-1788723330.2127683,2026-09-06T19:35:30.426000Z,target-kali-01,5501,3,authentication_success|pam|syslog,pam,T1078,journald,0,0,0,0,0,0,0,0,0,0,1,0,19,19,1,0,36,0,0,109,3,19,6,1,20,aggregate,same rule repeated >= 10 times in 5 minutes
wazuh-1788723335.2131276,2026-09-06T19:35:35.915000Z,film-laptop,86601,3,ids|suricata,json,none,/var/log/suricata/eve.json,68,67,1,1,0,0,1,0,0,0,0,0,10,9,2,0,0,0,0,0,3,19,6,1,10,aggregate,same rule repeated >= 10 times in 5 minutes
wazuh-1788723351.2133482,2026-09-06T19:35:51.726000Z,target-kali-01,5501,3,authentication_success|pam|syslog,pam,T1078,journald,0,0,0,0,0,0,0,0,0,0,1,0,19,19,1,0,36,0,0,109,3,19,6,1,20,aggregate,same rule repeated >= 10 times in 5 minutes
wazuh-1788723374.2136300,2026-09-06T19:36:14.889000Z,target-kali-01,5501,3,authentication_success|pam|syslog,pam,T1078,journald,0,0,0,0,0,0,0,0,0,0,1,0,18,18,1,0,36,0,0,109,3,19,6,1,19,aggregate,same rule repeated >= 10 times in 5 minutes
wazuh-1788723395.2137687,2026-09-06T19:36:35.259000Z,target-kali-01,5501,3,authentication_success|pam|syslog,pam,T1078,journald,0,0,0,0,0,0,0,0,0,0,1,0,17,17,1,0,36,0,0,108,3,19,6,1,18,aggregate,same rule repeated >= 10 times in 5 minutes
wazuh-1788723396.2140334,2026-09-06T19:36:36.039000Z,film-laptop,86601,3,ids|suricata,json,none,/var/log/suricata/eve.json,68,67,1,1,0,0,1,0,0,0,0,0,10,9,2,0,0,0,0,0,3,19,6,1,10,aggregate,same rule repeated >= 10 times in 5 minutes
wazuh-1788723409.2142997,2026-09-06T19:36:49.699000Z,target-kali-01,5501,3,authentication_success|pam|syslog,pam,T1078,journald,0,0,0,0,0,0,0,0,0,0,1,0,17,17,1,0,35,0,0,109,3,19,6,1,18,aggregate,same rule repeated >= 10 times in 5 minutes
wazuh-1788723431.2144384,2026-09-06T19:37:11.999000Z,target-kali-01,5501,3,authentication_success|pam|syslog,pam,T1078,journald,0,0,0,0,0,0,0,0,0,0,1,0,17,17,1,0,35,0,0,109,3,19,6,1,18,aggregate,same rule repeated >= 10 times in 5 minutes
wazuh-1788723452.2145312,2026-09-06T19:37:32.085000Z,target-kali-01,5501,3,authentication_success|pam|syslog,pam,T1078,journald,0,0,0,0,0,0,0,0,0,0,1,0,17,17,1,0,35,0,0,108,3,19,6,1,18,aggregate,same rule repeated >= 10 times in 5 minutes
wazuh-1788723458.2147959,2026-09-06T19:37:38.134000Z,film-laptop,86601,3,ids|suricata,json,none,/var/log/suricata/eve.json,68,67,1,1,0,0,1,0,0,0,0,0,10,9,2,0,0,0,0,0,3,19,6,1,10,aggregate,same rule repeated >= 10 times in 5 minutes
wazuh-1788723463.2150163,2026-09-06T19:37:43.527000Z,target-kali-01,5501,3,authentication_success|pam|syslog,pam,T1078,journald,0,0,0,0,0,0,0,0,0,0,1,0,17,17,1,0,35,0,0,109,3,19,6,1,18,aggregate,same rule repeated >= 10 times in 5 minutes
wazuh-1788723484.2150606,2026-09-06T19:38:04.374000Z,target-kali-01,5501,3,authentication_success|pam|syslog,pam,T1078,journald,0,0,0,0,0,0,0,0,0,0,1,0,17,17,1,0,35,0,0,109,3,19,6,1,18,aggregate,same rule repeated >= 10 times in 5 minutes
wazuh-1788723496.2151049,2026-09-06T19:38:16.413000Z,target-kali-01,5501,3,authentication_success|pam|syslog,pam,T1078,journald,0,0,0,0,0,0,0,0,0,0,1,0,17,17,1,0,35,0,0,109,3,19,6,1,18,aggregate,same rule repeated >= 10 times in 5 minutes
wazuh-1788723510.2152041,2026-09-06T19:38:30.520000Z,target-kali-01,5501,3,authentication_success|pam|syslog,pam,T1078,journald,0,0,0,0,0,0,0,0,0,0,1,0,17,17,1,0,35,0,0,109,3,19,6,1,18,aggregate,same rule repeated >= 10 times in 5 minutes
wazuh-1788723518.2155792,2026-09-06T19:38:38.251000Z,film-laptop,86601,3,ids|suricata,json,none,/var/log/suricata/eve.json,68,67,1,1,0,0,1,0,0,0,0,0,9,9,2,0,0,0,0,0,3,19,6,1,10,aggregate,same rule repeated >= 10 times in 5 minutes
wazuh-1788723532.2158002,2026-09-06T19:38:52.772000Z,target-kali-01,5501,3,authentication_success|pam|syslog,pam,T1078,journald,0,0,0,0,0,0,0,0,0,0,1,0,17,17,1,0,35,0,0,109,3,19,6,1,18,aggregate,same rule repeated >= 10 times in 5 minutes
wazuh-1788723543.2158445,2026-09-06T19:39:03.481000Z,target-kali-01,5501,3,authentication_success|pam|syslog,pam,T1078,journald,0,0,0,0,0,0,0,0,0,0,1,0,17,17,1,0,35,0,0,109,3,19,6,1,18,aggregate,same rule repeated >= 10 times in 5 minutes
wazuh-1788723565.2159832,2026-09-06T19:39:25.813000Z,target-kali-01,5501,3,authentication_success|pam|syslog,pam,T1078,journald,0,0,0,0,0,0,0,0,0,0,1,0,16,16,1,0,35,0,0,109,3,19,6,1,17,aggregate,same rule repeated >= 10 times in 5 minutes
wazuh-1788723578.2162479,2026-09-06T19:39:38.187000Z,film-laptop,86601,3,ids|suricata,json,none,/var/log/suricata/eve.json,68,67,1,1,0,0,1,0,0,0,0,0,9,9,2,0,0,0,0,0,3,19,6,1,10,aggregate,same rule repeated >= 10 times in 5 minutes
wazuh-1788723583.2164683,2026-09-06T19:39:43.893000Z,target-kali-01,5501,3,authentication_success|pam|syslog,pam,T1078,journald,0,0,0,0,0,0,0,0,0,0,1,0,16,16,1,0,35,0,0,109,3,19,6,1,17,aggregate,same rule repeated >= 10 times in 5 minutes
wazuh-1788723600.2165499,2026-09-06T19:40:00.813000Z,target-kali-01,5501,3,authentication_success|pam|syslog,pam,T1078,journald,0,0,0,0,0,0,0,0,0,0,1,0,16,16,1,0,35,0,0,109,3,19,6,1,17,aggregate,same rule repeated >= 10 times in 5 minutes
wazuh-1788723615.2165942,2026-09-06T19:40:15.427000Z,target-kali-01,5501,3,authentication_success|pam|syslog,pam,T1078,journald,0,0,0,0,0,0,0,0,0,0,1,0,16,16,1,0,35,0,0,109,3,19,6,1,17,aggregate,same rule repeated >= 10 times in 5 minutes
wazuh-1788723637.2168760,2026-09-06T19:40:37.481000Z,target-kali-01,5501,3,authentication_success|pam|syslog,pam,T1078,journald,0,0,0,0,0,0,0,0,0,0,1,0,16,16,1,0,35,0,0,109,3,19,6,1,17,aggregate,same rule repeated >= 10 times in 5 minutes
wazuh-1788723638.2171958,2026-09-06T19:40:38.329000Z,film-laptop,86601,3,ids|suricata,json,none,/var/log/suricata/eve.json,68,67,1,1,0,0,1,0,0,0,0,0,10,9,2,0,0,0,0,0,3,19,6,1,10,aggregate,same rule repeated >= 10 times in 5 minutes
wazuh-1788723659.2175262,2026-09-06T19:40:59.202000Z,target-kali-01,5501,3,authentication_success|pam|syslog,pam,T1078,journald,0,0,0,0,0,0,0,0,0,0,1,0,16,16,1,0,35,0,0,109,3,19,6,1,17,aggregate,same rule repeated >= 10 times in 5 minutes
wazuh-1788723670.2177977,2026-09-06T19:41:10.363000Z,film-laptop,86601,3,ids|suricata,json,none,/var/log/suricata/eve.json,68,67,1,1,0,0,1,0,0,0,0,0,11,10,2,0,0,0,0,0,3,19,6,1,11,aggregate,same rule repeated >= 10 times in 5 minutes
wazuh-1788723670.2180175,2026-09-06T19:41:10.363000Z,film-laptop,86601,3,ids|suricata,json,none,/var/log/suricata/eve.json,68,67,1,1,0,0,1,0,0,0,0,0,12,11,2,0,0,0,0,0,3,19,6,1,12,aggregate,same rule repeated >= 10 times in 5 minutes
wazuh-1788723672.2182373,2026-09-06T19:41:12.036000Z,target-kali-01,5501,3,authentication_success|pam|syslog,pam,T1078,journald,0,0,0,0,0,0,0,0,0,0,1,0,17,17,1,0,35,0,0,108,3,19,6,1,18,aggregate,same rule repeated >= 10 times in 5 minutes
wazuh-1788723681.2182816,2026-09-06T19:41:21.090000Z,target-kali-01,5501,3,authentication_success|pam|syslog,pam,T1078,journald,0,0,0,0,0,0,0,0,0,0,1,0,17,17,1,0,35,0,0,109,3,19,6,1,18,aggregate,same rule repeated >= 10 times in 5 minutes
wazuh-1788723704.2185634,2026-09-06T19:41:44.853000Z,target-kali-01,5501,3,authentication_success|pam|syslog,pam,T1078,journald,0,0,0,0,0,0,0,0,0,0,1,0,17,17,1,0,34,0,0,108,3,19,6,1,18,aggregate,same rule repeated >= 10 times in 5 minutes
wazuh-1788723716.2186626,2026-09-06T19:41:56.394000Z,target-kali-01,5501,3,authentication_success|pam|syslog,pam,T1078,journald,0,0,0,0,0,0,0,0,0,0,1,0,17,17,1,0,35,0,0,109,3,19,6,1,18,aggregate,same rule repeated >= 10 times in 5 minutes
wazuh-1788723735.2188167,2026-09-06T19:42:15.993000Z,target-kali-01,5501,3,authentication_success|pam|syslog,pam,T1078,journald,0,0,0,0,0,0,0,0,0,0,1,0,17,17,1,0,35,0,0,108,3,19,6,1,18,aggregate,same rule repeated >= 10 times in 5 minutes
wazuh-1788723752.2188610,2026-09-06T19:42:32.789000Z,target-kali-01,5501,3,authentication_success|pam|syslog,pam,T1078,journald,0,0,0,0,0,0,0,0,0,0,1,0,17,17,1,0,35,0,0,108,3,19,6,1,18,aggregate,same rule repeated >= 10 times in 5 minutes
wazuh-1788723775.2189997,2026-09-06T19:42:55.028000Z,target-kali-01,5501,3,authentication_success|pam|syslog,pam,T1078,journald,0,0,0,0,0,0,0,0,0,0,1,0,17,17,1,0,35,0,0,108,3,19,6,1,18,aggregate,same rule repeated >= 10 times in 5 minutes
wazuh-1788723785.2190440,2026-09-06T19:43:05.077000Z,target-kali-01,5501,3,authentication_success|pam|syslog,pam,T1078,journald,0,0,0,0,0,0,0,0,0,0,1,0,17,17,1,0,35,0,0,109,3,19,6,1,18,aggregate,same rule repeated >= 10 times in 5 minutes
wazuh-1788723803.2190883,2026-09-06T19:43:23.036000Z,target-kali-01,5501,3,authentication_success|pam|syslog,pam,T1078,journald,0,0,0,0,0,0,0,0,0,0,1,0,17,17,1,0,35,0,0,108,3,19,6,1,18,aggregate,same rule repeated >= 10 times in 5 minutes
wazuh-1788723813.2191326,2026-09-06T19:43:33.708000Z,target-kali-01,5501,3,authentication_success|pam|syslog,pam,T1078,journald,0,0,0,0,0,0,0,0,0,0,1,0,17,17,1,0,35,0,0,108,3,19,6,1,18,aggregate,same rule repeated >= 10 times in 5 minutes
wazuh-1788723826.2191769,2026-09-06T19:43:46.908000Z,target-kali-01,5501,3,authentication_success|pam|syslog,pam,T1078,journald,0,0,0,0,0,0,0,0,0,0,1,0,18,18,1,0,35,0,0,109,3,19,6,1,19,aggregate,same rule repeated >= 10 times in 5 minutes
wazuh-1788723838.2192761,2026-09-06T19:43:58.986000Z,target-kali-01,5501,3,authentication_success|pam|syslog,pam,T1078,journald,0,0,0,0,0,0,0,0,0,0,1,0,18,18,1,0,35,0,0,108,3,19,6,1,19,aggregate,same rule repeated >= 10 times in 5 minutes
wazuh-1788723859.2194302,2026-09-06T19:44:19.042000Z,target-kali-01,5501,3,authentication_success|pam|syslog,pam,T1078,journald,0,0,0,0,0,0,0,0,0,0,1,0,18,18,1,0,35,0,0,109,3,19,6,1,19,aggregate,same rule repeated >= 10 times in 5 minutes
wazuh-1788723877.2194745,2026-09-06T19:44:37.543000Z,target-kali-01,5501,3,authentication_success|pam|syslog,pam,T1078,journald,0,0,0,0,0,0,0,0,0,0,1,0,18,18,1,0,34,0,0,108,3,19,6,1,19,aggregate,same rule repeated >= 10 times in 5 minutes
wazuh-1788723893.2195647,2026-09-06T19:44:53.700000Z,target-kali-01,5501,3,authentication_success|pam|syslog,pam,T1078,journald,0,0,0,0,0,0,0,0,0,0,1,0,18,18,1,0,34,0,0,108,3,19,6,1,19,aggregate,same rule repeated >= 10 times in 5 minutes
wazuh-1788723913.2196948,2026-09-06T19:45:13.820000Z,target-kali-01,5501,3,authentication_success|pam|syslog,pam,T1078,journald,0,0,0,0,0,0,0,0,0,0,1,0,18,18,1,0,34,0,0,108,3,19,6,1,19,aggregate,same rule repeated >= 10 times in 5 minutes
wazuh-1788723923.2197850,2026-09-06T19:45:23.034000Z,target-kali-01,5501,3,authentication_success|pam|syslog,pam,T1078,journald,0,0,0,0,0,0,0,0,0,0,1,0,18,18,1,0,35,0,0,108,3,19,6,1,19,aggregate,same rule repeated >= 10 times in 5 minutes
wazuh-1788723945.2198778,2026-09-06T19:45:45.222000Z,target-kali-01,5501,3,authentication_success|pam|syslog,pam,T1078,journald,0,0,0,0,0,0,0,0,0,0,1,0,18,18,1,0,35,0,0,108,3,19,6,1,19,aggregate,same rule repeated >= 10 times in 5 minutes
wazuh-1788723955.2199221,2026-09-06T19:45:55.204000Z,target-kali-01,5501,3,authentication_success|pam|syslog,pam,T1078,journald,0,0,0,0,0,0,0,0,0,0,1,0,19,19,1,0,35,0,0,109,3,19,6,1,20,aggregate,same rule repeated >= 10 times in 5 minutes
wazuh-1788723967.2199664,2026-09-06T19:46:07.265000Z,target-kali-01,5501,3,authentication_success|pam|syslog,pam,T1078,journald,0,0,0,0,0,0,0,0,0,0,1,0,19,19,1,0,36,0,0,109,3,19,6,1,20,aggregate,same rule repeated >= 10 times in 5 minutes
wazuh-1788723985.2200107,2026-09-06T19:46:25.318000Z,target-kali-01,5501,3,authentication_success|pam|syslog,pam,T1078,journald,0,0,0,0,0,0,0,0,0,0,1,0,18,18,1,0,36,0,0,109,3,19,6,1,19,aggregate,same rule repeated >= 10 times in 5 minutes
wazuh-1788724008.2202197,2026-09-06T19:46:48.198000Z,target-kali-01,5501,3,authentication_success|pam|syslog,pam,T1078,journald,0,0,0,0,0,0,0,0,0,0,1,0,18,18,1,0,36,0,0,109,3,19,6,1,19,aggregate,same rule repeated >= 10 times in 5 minutes
wazuh-1788724008.2202640,2026-09-06T19:46:48.944000Z,lab-sensor-01,5710,5,authentication_failed|invalid_login|sshd|syslog,sshd,T1021.004|T1110.001,journald,35560,0,1,0,0,0,1,0,0,0,1,0,15,9,7,0,15,0,0,74,6,19,6,1,10,aggregate,same rule repeated >= 10 times in 5 minutes
wazuh-1788724010.2203189,2026-09-06T19:46:50.946000Z,lab-sensor-01,5710,5,authentication_failed|invalid_login|sshd|syslog,sshd,T1021.004|T1110.001,journald,35572,0,1,0,0,0,1,0,0,0,1,0,16,10,7,0,16,0,0,75,6,19,6,1,11,aggregate,same rule repeated >= 10 times in 5 minutes
wazuh-1788724014.2203738,2026-09-06T19:46:54.952000Z,lab-sensor-01,5710,5,authentication_failed|invalid_login|sshd|syslog,sshd,T1021.004|T1110.001,journald,35582,0,1,0,0,0,1,0,0,0,1,0,17,11,7,0,17,0,0,76,6,19,6,1,12,aggregate,same rule repeated >= 10 times in 5 minutes
wazuh-1788724031.2204287,2026-09-06T19:47:11.277000Z,target-kali-01,5501,3,authentication_success|pam|syslog,pam,T1078,journald,0,0,0,0,0,0,0,0,0,0,1,0,18,18,1,0,36,0,0,109,3,19,6,1,19,aggregate,same rule repeated >= 10 times in 5 minutes
wazuh-1788724040.2204730,2026-09-06T19:47:20.182000Z,target-kali-01,5501,3,authentication_success|pam|syslog,pam,T1078,journald,0,0,0,0,0,0,0,0,0,0,1,0,18,18,1,0,36,0,0,109,3,19,6,1,19,aggregate,same rule repeated >= 10 times in 5 minutes
wazuh-1788724058.2205173,2026-09-06T19:47:38.451000Z,target-kali-01,5501,3,authentication_success|pam|syslog,pam,T1078,journald,0,0,0,0,0,0,0,0,0,0,1,0,18,18,1,0,36,0,0,109,3,19,6,1,19,aggregate,same rule repeated >= 10 times in 5 minutes
wazuh-1788724077.2206075,2026-09-06T19:47:57.212000Z,target-kali-01,5501,3,authentication_success|pam|syslog,pam,T1078,journald,0,0,0,0,0,0,0,0,0,0,1,0,18,18,1,0,36,0,0,109,3,19,6,1,19,aggregate,same rule repeated >= 10 times in 5 minutes
wazuh-1788724098.2207003,2026-09-06T19:48:18.900000Z,target-kali-01,5501,3,authentication_success|pam|syslog,pam,T1078,journald,0,0,0,0,0,0,0,0,0,0,1,0,18,18,1,0,35,0,0,109,3,19,6,1,19,aggregate,same rule repeated >= 10 times in 5 minutes
wazuh-1788724111.2207446,2026-09-06T19:48:31.859000Z,target-kali-01,5501,3,authentication_success|pam|syslog,pam,T1078,journald,0,0,0,0,0,0,0,0,0,0,1,0,18,18,1,0,35,0,0,109,3,19,6,1,19,aggregate,same rule repeated >= 10 times in 5 minutes
wazuh-1788724128.2207889,2026-09-06T19:48:48.655000Z,target-kali-01,5501,3,authentication_success|pam|syslog,pam,T1078,journald,0,0,0,0,0,0,0,0,0,0,1,0,17,17,1,0,36,0,0,109,3,19,6,1,18,aggregate,same rule repeated >= 10 times in 5 minutes
wazuh-1788724142.2208332,2026-09-06T19:49:02.704000Z,target-kali-01,5501,3,authentication_success|pam|syslog,pam,T1078,journald,0,0,0,0,0,0,0,0,0,0,1,0,17,17,1,0,36,0,0,109,3,19,6,1,18,aggregate,same rule repeated >= 10 times in 5 minutes
wazuh-1788724159.2208775,2026-09-06T19:49:19.523000Z,target-kali-01,5501,3,authentication_success|pam|syslog,pam,T1078,journald,0,0,0,0,0,0,0,0,0,0,1,0,17,17,1,0,36,0,0,109,3,19,6,1,18,aggregate,same rule repeated >= 10 times in 5 minutes
wazuh-1788724175.2209218,2026-09-06T19:49:35.557000Z,target-kali-01,5501,3,authentication_success|pam|syslog,pam,T1078,journald,0,0,0,0,0,0,0,0,0,0,1,0,18,18,1,0,36,0,0,109,3,19,6,1,19,aggregate,same rule repeated >= 10 times in 5 minutes
wazuh-1788724192.2209661,2026-09-06T19:49:52.235000Z,target-kali-01,5501,3,authentication_success|pam|syslog,pam,T1078,journald,0,0,0,0,0,0,0,0,0,0,1,0,18,18,1,0,36,0,0,109,3,19,6,1,19,aggregate,same rule repeated >= 10 times in 5 minutes
wazuh-1788724204.2210104,2026-09-06T19:50:04.274000Z,target-kali-01,5501,3,authentication_success|pam|syslog,pam,T1078,journald,0,0,0,0,0,0,0,0,0,0,1,0,18,18,1,0,36,0,0,109,3,19,6,1,19,aggregate,same rule repeated >= 10 times in 5 minutes
wazuh-1788724216.2210547,2026-09-06T19:50:16.306000Z,target-kali-01,5501,3,authentication_success|pam|syslog,pam,T1078,journald,0,0,0,0,0,0,0,0,0,0,1,0,18,18,1,0,36,0,0,109,3,19,6,1,19,aggregate,same rule repeated >= 10 times in 5 minutes
wazuh-1788724237.2212637,2026-09-06T19:50:37.369000Z,target-kali-01,5501,3,authentication_success|pam|syslog,pam,T1078,journald,0,0,0,0,0,0,0,0,0,0,1,0,18,18,1,0,37,0,0,109,3,19,6,1,19,aggregate,same rule repeated >= 10 times in 5 minutes
wazuh-1788724259.2213080,2026-09-06T19:50:59.430000Z,target-kali-01,5501,3,authentication_success|pam|syslog,pam,T1078,journald,0,0,0,0,0,0,0,0,0,0,1,0,17,17,1,0,36,0,0,108,3,19,6,1,18,aggregate,same rule repeated >= 10 times in 5 minutes
wazuh-1788724275.2213523,2026-09-06T19:51:15.613000Z,target-kali-01,5501,3,authentication_success|pam|syslog,pam,T1078,journald,0,0,0,0,0,0,0,0,0,0,1,0,17,17,1,0,36,0,0,108,3,19,6,1,18,aggregate,same rule repeated >= 10 times in 5 minutes
wazuh-1788724285.2213966,2026-09-06T19:51:25.627000Z,target-kali-01,5501,3,authentication_success|pam|syslog,pam,T1078,journald,0,0,0,0,0,0,0,0,0,0,1,0,17,17,1,0,36,0,0,109,3,19,6,1,18,aggregate,same rule repeated >= 10 times in 5 minutes
wazuh-1788724295.2214782,2026-09-06T19:51:35.829000Z,target-kali-01,5501,3,authentication_success|pam|syslog,pam,T1078,journald,0,0,0,0,0,0,0,0,0,0,1,0,18,18,1,0,37,0,0,109,3,19,6,1,19,aggregate,same rule repeated >= 10 times in 5 minutes
wazuh-1788724316.2216169,2026-09-06T19:51:56.092000Z,target-kali-01,5501,3,authentication_success|pam|syslog,pam,T1078,journald,0,0,0,0,0,0,0,0,0,0,1,0,18,18,1,0,37,0,0,108,3,19,6,1,19,aggregate,same rule repeated >= 10 times in 5 minutes
wazuh-1788724331.2216612,2026-09-06T19:52:11.435000Z,target-kali-01,5501,3,authentication_success|pam|syslog,pam,T1078,journald,0,0,0,0,0,0,0,0,0,0,1,0,18,18,1,0,37,0,0,109,3,19,6,1,19,aggregate,same rule repeated >= 10 times in 5 minutes
wazuh-1788724357.2219430,2026-09-06T19:52:37.177000Z,target-kali-01,5501,3,authentication_success|pam|syslog,pam,T1078,journald,0,0,0,0,0,0,0,0,0,0,1,0,18,18,1,0,36,0,0,108,3,19,6,1,19,aggregate,same rule repeated >= 10 times in 5 minutes
wazuh-1788724372.2219873,2026-09-06T19:52:52.956000Z,target-kali-01,5501,3,authentication_success|pam|syslog,pam,T1078,journald,0,0,0,0,0,0,0,0,0,0,1,0,18,18,1,0,37,0,0,108,3,19,6,1,19,aggregate,same rule repeated >= 10 times in 5 minutes
wazuh-1788724385.2220316,2026-09-06T19:53:05.091000Z,target-kali-01,5501,3,authentication_success|pam|syslog,pam,T1078,journald,0,0,0,0,0,0,0,0,0,0,1,0,18,18,1,0,36,0,0,108,3,19,6,1,19,aggregate,same rule repeated >= 10 times in 5 minutes
wazuh-1788724399.2220759,2026-09-06T19:53:19.285000Z,target-kali-01,5501,3,authentication_success|pam|syslog,pam,T1078,journald,0,0,0,0,0,0,0,0,0,0,1,0,18,18,1,0,37,0,0,108,3,19,6,1,19,aggregate,same rule repeated >= 10 times in 5 minutes
wazuh-1788724422.2221202,2026-09-06T19:53:42.562000Z,target-kali-01,5501,3,authentication_success|pam|syslog,pam,T1078,journald,0,0,0,0,0,0,0,0,0,0,1,0,18,18,1,0,36,0,0,108,3,19,6,1,19,aggregate,same rule repeated >= 10 times in 5 minutes
wazuh-1788724433.2222104,2026-09-06T19:53:53.193000Z,target-kali-01,5501,3,authentication_success|pam|syslog,pam,T1078,journald,0,0,0,0,0,0,0,0,0,0,1,0,18,18,1,0,36,0,0,108,3,19,6,1,19,aggregate,same rule repeated >= 10 times in 5 minutes
wazuh-1788724453.2223032,2026-09-06T19:54:13.660000Z,target-kali-01,5501,3,authentication_success|pam|syslog,pam,T1078,journald,0,0,0,0,0,0,0,0,0,0,1,0,18,18,1,0,36,0,0,108,3,19,6,1,19,aggregate,same rule repeated >= 10 times in 5 minutes
wazuh-1788724471.2223475,2026-09-06T19:54:31.757000Z,target-kali-01,5501,3,authentication_success|pam|syslog,pam,T1078,journald,0,0,0,0,0,0,0,0,0,0,1,0,18,18,1,0,36,0,0,108,3,19,6,1,19,aggregate,same rule repeated >= 10 times in 5 minutes
wazuh-1788724489.2226024,2026-09-06T19:54:49.813000Z,target-kali-01,5501,3,authentication_success|pam|syslog,pam,T1078,journald,0,0,0,0,0,0,0,0,0,0,1,0,18,18,1,0,36,0,0,108,3,19,6,1,19,aggregate,same rule repeated >= 10 times in 5 minutes
wazuh-1788724510.2226952,2026-09-06T19:55:10.024000Z,target-kali-01,5501,3,authentication_success|pam|syslog,pam,T1078,journald,0,0,0,0,0,0,0,0,0,0,1,0,17,17,1,0,36,0,0,108,3,19,6,1,18,aggregate,same rule repeated >= 10 times in 5 minutes
wazuh-1788724527.2227395,2026-09-06T19:55:27.483000Z,target-kali-01,5501,3,authentication_success|pam|syslog,pam,T1078,journald,0,0,0,0,0,0,0,0,0,0,1,0,17,17,1,0,35,0,0,108,3,19,6,1,18,aggregate,same rule repeated >= 10 times in 5 minutes
wazuh-1788724549.2230213,2026-09-06T19:55:49.831000Z,target-kali-01,5501,3,authentication_success|pam|syslog,pam,T1078,journald,0,0,0,0,0,0,0,0,0,0,1,0,17,17,1,0,35,0,0,108,3,19,6,1,18,aggregate,same rule repeated >= 10 times in 5 minutes
wazuh-1788724571.2233031,2026-09-06T19:56:11.588000Z,target-kali-01,5501,3,authentication_success|pam|syslog,pam,T1078,journald,0,0,0,0,0,0,0,0,0,0,1,0,17,17,1,0,34,0,0,107,3,19,6,1,18,aggregate,same rule repeated >= 10 times in 5 minutes
wazuh-1788724582.2233474,2026-09-06T19:56:22.210000Z,target-kali-01,5501,3,authentication_success|pam|syslog,pam,T1078,journald,0,0,0,0,0,0,0,0,0,0,1,0,17,17,1,0,35,0,0,108,3,19,6,1,18,aggregate,same rule repeated >= 10 times in 5 minutes
wazuh-1788724592.2233917,2026-09-06T19:56:32.267000Z,target-kali-01,5501,3,authentication_success|pam|syslog,pam,T1078,journald,0,0,0,0,0,0,0,0,0,0,1,0,17,17,1,0,35,0,0,108,3,19,6,1,18,aggregate,same rule repeated >= 10 times in 5 minutes
wazuh-1788724602.2234360,2026-09-06T19:56:42.520000Z,target-kali-01,5501,3,authentication_success|pam|syslog,pam,T1078,journald,0,0,0,0,0,0,0,0,0,0,1,0,17,17,1,0,36,0,0,108,3,19,6,1,18,aggregate,same rule repeated >= 10 times in 5 minutes
wazuh-1788724622.2235725,2026-09-06T19:57:02.469000Z,target-kali-01,5501,3,authentication_success|pam|syslog,pam,T1078,journald,0,0,0,0,0,0,0,0,0,0,1,0,17,17,1,0,36,0,0,107,3,19,6,1,18,aggregate,same rule repeated >= 10 times in 5 minutes
wazuh-1788724643.2237266,2026-09-06T19:57:23.721000Z,target-kali-01,5501,3,authentication_success|pam|syslog,pam,T1078,journald,0,0,0,0,0,0,0,0,0,0,1,0,17,17,1,0,35,0,0,107,3,19,6,1,18,aggregate,same rule repeated >= 10 times in 5 minutes
wazuh-1788724666.2240633,2026-09-06T19:57:46.712000Z,target-kali-01,5501,3,authentication_success|pam|syslog,pam,T1078,journald,0,0,0,0,0,0,0,0,0,0,1,0,17,17,1,0,35,0,0,107,3,19,6,1,18,aggregate,same rule repeated >= 10 times in 5 minutes
wazuh-1788724689.2242174,2026-09-06T19:58:09.030000Z,target-kali-01,5501,3,authentication_success|pam|syslog,pam,T1078,journald,0,0,0,0,0,0,0,0,0,0,1,0,16,16,1,0,35,0,0,106,3,19,6,1,17,aggregate,same rule repeated >= 10 times in 5 minutes
wazuh-1788724690.2242617,2026-09-06T19:58:10.114000Z,lab-sensor-01,31101,5,accesslog|attack|web,web-accesslog,none,/var/log/apache2/access.log,0,0,1,0,0,0,1,0,0,0,0,0,28,9,6,0,12,0,0,72,6,19,6,1,10,aggregate,same rule repeated >= 10 times in 5 minutes
wazuh-1788724692.2243059,2026-09-06T19:58:12.116000Z,lab-sensor-01,31101,5,accesslog|attack|web,web-accesslog,none,/var/log/apache2/access.log,0,0,1,0,0,0,1,0,0,0,0,0,29,10,6,0,12,0,0,72,6,19,6,1,11,aggregate,same rule repeated >= 10 times in 5 minutes
wazuh-1788724694.2243501,2026-09-06T19:58:14.118000Z,lab-sensor-01,31101,5,accesslog|attack|web,web-accesslog,none,/var/log/apache2/access.log,0,0,1,0,0,0,1,0,0,0,0,0,30,11,6,0,12,0,0,72,6,19,6,1,12,aggregate,same rule repeated >= 10 times in 5 minutes
wazuh-1788724707.2244992,2026-09-06T19:58:27.837000Z,target-kali-01,5501,3,authentication_success|pam|syslog,pam,T1078,journald,0,0,0,0,0,0,0,0,0,0,1,0,16,16,1,0,35,0,0,106,3,19,6,1,17,aggregate,same rule repeated >= 10 times in 5 minutes
wazuh-1788724708.2245435,2026-09-06T19:58:28.332000Z,lab-sensor-01,5710,5,authentication_failed|invalid_login|sshd|syslog,sshd,T1021.004|T1110.001,journald,43670,0,1,0,0,0,1,0,0,0,1,0,33,9,6,0,12,0,0,73,6,19,6,1,10,aggregate,same rule repeated >= 10 times in 5 minutes
wazuh-1788724714.2247318,2026-09-06T19:58:34.342000Z,lab-sensor-01,5710,5,authentication_failed|invalid_login|sshd|syslog,sshd,T1021.004|T1110.001,journald,43684,0,1,0,0,0,1,0,0,0,1,0,35,10,7,1,14,0,0,75,10,19,6,1,11,aggregate,same rule repeated >= 10 times in 5 minutes
wazuh-1788724732.2247867,2026-09-06T19:58:52.281000Z,target-kali-01,5501,3,authentication_success|pam|syslog,pam,T1078,journald,0,0,0,0,0,0,0,0,0,0,1,0,16,16,1,0,34,0,0,106,3,19,6,1,17,aggregate,same rule repeated >= 10 times in 5 minutes
wazuh-1788724734.2248310,2026-09-06T19:58:54.218000Z,lab-sensor-01,31101,5,accesslog|attack|web,web-accesslog,none,/var/log/apache2/access.log,0,0,1,0,0,0,1,0,0,0,0,0,35,12,7,1,15,0,0,76,10,19,6,1,13,aggregate,same rule repeated >= 10 times in 5 minutes
wazuh-1788724736.2248752,2026-09-06T19:58:56.219000Z,lab-sensor-01,31101,5,accesslog|attack|web,web-accesslog,none,/var/log/apache2/access.log,0,0,1,0,0,0,1,0,0,0,0,0,35,13,7,1,15,0,0,76,10,19,6,1,14,aggregate,same rule repeated >= 10 times in 5 minutes
wazuh-1788724738.2249194,2026-09-06T19:58:58.224000Z,lab-sensor-01,31101,5,accesslog|attack|web,web-accesslog,none,/var/log/apache2/access.log,0,0,1,0,0,0,1,0,0,0,0,0,36,14,7,1,15,0,0,76,10,19,6,1,15,aggregate,same rule repeated >= 10 times in 5 minutes
wazuh-1788724756.2250685,2026-09-06T19:59:16.841000Z,target-kali-01,5501,3,authentication_success|pam|syslog,pam,T1078,journald,0,0,0,0,0,0,0,0,0,0,1,0,15,15,1,0,34,0,0,105,3,19,6,1,16,aggregate,same rule repeated >= 10 times in 5 minutes
wazuh-1788724758.2251128,2026-09-06T19:59:18.290000Z,lab-sensor-01,31101,5,accesslog|attack|web,web-accesslog,none,/var/log/apache2/access.log,0,0,1,0,0,0,1,0,0,0,0,0,39,15,7,1,15,0,0,76,10,19,6,1,16,aggregate,same rule repeated >= 10 times in 5 minutes
wazuh-1788724760.2251570,2026-09-06T19:59:20.293000Z,lab-sensor-01,31101,5,accesslog|attack|web,web-accesslog,none,/var/log/apache2/access.log,0,0,1,0,0,0,1,0,0,0,0,0,40,16,7,1,15,0,0,75,10,19,6,1,17,aggregate,same rule repeated >= 10 times in 5 minutes
wazuh-1788724762.2252012,2026-09-06T19:59:22.296000Z,lab-sensor-01,31101,5,accesslog|attack|web,web-accesslog,none,/var/log/apache2/access.log,0,0,1,0,0,0,1,0,0,0,0,0,41,17,7,1,15,0,0,75,10,19,6,1,18,aggregate,same rule repeated >= 10 times in 5 minutes
wazuh-1788724778.2253503,2026-09-06T19:59:38.247000Z,target-kali-01,5501,3,authentication_success|pam|syslog,pam,T1078,journald,0,0,0,0,0,0,0,0,0,0,1,0,15,15,1,0,33,0,0,105,3,19,6,1,16,aggregate,same rule repeated >= 10 times in 5 minutes
wazuh-1788724798.2254890,2026-09-06T19:59:58.329000Z,target-kali-01,5501,3,authentication_success|pam|syslog,pam,T1078,journald,0,0,0,0,0,0,0,0,0,0,1,0,15,15,1,0,33,0,0,105,3,19,6,1,16,aggregate,same rule repeated >= 10 times in 5 minutes
wazuh-1788724802.2271745,2026-09-06T20:00:02.458000Z,lab-sensor-01,80730,3,audit|audit_selinux,auditd,none,/var/log/audit/audit.log,0,0,0,0,0,0,0,1,1,0,0,0,51,9,9,1,15,0,0,76,10,20,6,1,10,aggregate,same rule repeated >= 10 times in 5 minutes
wazuh-1788724810.2274830,2026-09-06T20:00:10.979000Z,target-kali-01,5501,3,authentication_success|pam|syslog,pam,T1078,journald,0,0,0,0,0,0,0,0,0,0,1,0,15,15,1,0,33,0,0,106,3,20,6,1,16,aggregate,same rule repeated >= 10 times in 5 minutes
wazuh-1788724814.2275822,2026-09-06T20:00:14.531000Z,lab-sensor-01,5710,5,authentication_failed|invalid_login|sshd|syslog,sshd,T1021.004|T1110.001,journald,59170,0,1,0,0,0,1,0,0,0,1,0,57,9,9,1,16,0,0,77,10,20,6,1,10,aggregate,same rule repeated >= 10 times in 5 minutes
wazuh-1788724818.2276371,2026-09-06T20:00:18.539000Z,lab-sensor-01,5710,5,authentication_failed|invalid_login|sshd|syslog,sshd,T1021.004|T1110.001,journald,56756,0,1,0,0,0,1,0,0,0,1,0,58,10,9,1,16,0,0,78,10,20,6,1,11,aggregate,same rule repeated >= 10 times in 5 minutes
wazuh-1788724832.2276920,2026-09-06T20:00:32.961000Z,target-kali-01,5501,3,authentication_success|pam|syslog,pam,T1078,journald,0,0,0,0,0,0,0,0,0,0,1,0,15,15,1,0,33,0,0,106,3,20,6,1,16,aggregate,same rule repeated >= 10 times in 5 minutes
wazuh-1788724851.2277363,2026-09-06T20:00:51.037000Z,target-kali-01,5501,3,authentication_success|pam|syslog,pam,T1078,journald,0,0,0,0,0,0,0,0,0,0,1,0,15,15,1,0,33,0,0,106,3,20,6,1,16,aggregate,same rule repeated >= 10 times in 5 minutes
wazuh-1788724863.2277806,2026-09-06T20:01:03.113000Z,target-kali-01,5501,3,authentication_success|pam|syslog,pam,T1078,journald,0,0,0,0,0,0,0,0,0,0,1,0,16,16,1,0,33,0,0,106,3,20,6,1,17,aggregate,same rule repeated >= 10 times in 5 minutes
wazuh-1788724876.2278249,2026-09-06T20:01:16.374000Z,target-kali-01,5501,3,authentication_success|pam|syslog,pam,T1078,journald,0,0,0,0,0,0,0,0,0,0,1,0,16,16,1,0,33,0,0,106,3,20,6,1,17,aggregate,same rule repeated >= 10 times in 5 minutes
wazuh-1788724883.2278692,2026-09-06T20:01:23.429000Z,target-kali-01,5501,3,authentication_success|pam|syslog,pam,T1078,journald,0,0,0,0,0,0,0,0,0,0,1,0,16,16,1,0,34,0,0,106,3,20,6,1,17,aggregate,same rule repeated >= 10 times in 5 minutes
wazuh-1788724884.2279135,2026-09-06T20:01:24.667000Z,lab-sensor-01,5710,5,authentication_failed|invalid_login|sshd|syslog,sshd,T1021.004|T1110.001,journald,60030,0,1,0,0,0,1,0,0,0,1,0,49,11,9,1,15,0,0,77,10,20,6,1,12,aggregate,same rule repeated >= 10 times in 5 minutes
wazuh-1788724886.2279684,2026-09-06T20:01:26.669000Z,lab-sensor-01,5710,5,authentication_failed|invalid_login|sshd|syslog,sshd,T1021.004|T1110.001,journald,60032,0,1,0,0,0,1,0,0,0,1,0,50,12,9,1,16,0,0,78,10,20,6,1,13,aggregate,same rule repeated >= 10 times in 5 minutes
wazuh-1788724890.2280233,2026-09-06T20:01:30.675000Z,lab-sensor-01,5710,5,authentication_failed|invalid_login|sshd|syslog,sshd,T1021.004|T1110.001,journald,45090,0,1,0,0,0,1,0,0,0,1,0,51,13,9,1,17,0,0,79,10,20,6,1,14,aggregate,same rule repeated >= 10 times in 5 minutes
wazuh-1788724905.2280782,2026-09-06T20:01:45.421000Z,target-kali-01,5501,3,authentication_success|pam|syslog,pam,T1078,journald,0,0,0,0,0,0,0,0,0,0,1,0,15,15,1,0,33,0,0,105,3,20,6,1,16,aggregate,same rule repeated >= 10 times in 5 minutes
wazuh-1788724908.2281225,2026-09-06T20:01:48.550000Z,lab-sensor-01,31101,5,accesslog|attack|web,web-accesslog,none,/var/log/apache2/access.log,0,0,1,0,0,0,1,0,0,0,0,0,52,12,9,1,18,0,0,80,10,20,6,1,13,aggregate,same rule repeated >= 10 times in 5 minutes
wazuh-1788724910.2281667,2026-09-06T20:01:50.551000Z,lab-sensor-01,31101,5,accesslog|attack|web,web-accesslog,none,/var/log/apache2/access.log,0,0,1,0,0,0,1,0,0,0,0,0,53,13,9,1,18,0,0,80,10,20,6,1,14,aggregate,same rule repeated >= 10 times in 5 minutes
wazuh-1788724912.2282109,2026-09-06T20:01:52.555000Z,lab-sensor-01,31101,5,accesslog|attack|web,web-accesslog,none,/var/log/apache2/access.log,0,0,1,0,0,0,1,0,0,0,0,0,54,14,9,1,18,0,0,80,10,20,6,1,15,aggregate,same rule repeated >= 10 times in 5 minutes
wazuh-1788724927.2283600,2026-09-06T20:02:07.795000Z,target-kali-01,5501,3,authentication_success|pam|syslog,pam,T1078,journald,0,0,0,0,0,0,0,0,0,0,1,0,15,15,1,0,33,0,0,105,3,20,6,1,16,aggregate,same rule repeated >= 10 times in 5 minutes
wazuh-1788724942.2286860,2026-09-06T20:02:22.955000Z,target-kali-01,5501,3,authentication_success|pam|syslog,pam,T1078,journald,0,0,0,0,0,0,0,0,0,0,1,0,16,16,1,0,33,0,0,105,3,20,6,1,17,aggregate,same rule repeated >= 10 times in 5 minutes
wazuh-1788724954.2287303,2026-09-06T20:02:34.838000Z,target-kali-01,5501,3,authentication_success|pam|syslog,pam,T1078,journald,0,0,0,0,0,0,0,0,0,0,1,0,16,16,1,0,34,0,0,106,3,20,6,1,17,aggregate,same rule repeated >= 10 times in 5 minutes
wazuh-1788724956.2287746,2026-09-06T20:02:36.614000Z,lab-sensor-01,31101,5,accesslog|attack|web,web-accesslog,none,/var/log/apache2/access.log,0,0,1,0,0,0,1,0,0,0,0,0,49,12,9,1,18,0,0,81,10,20,6,1,13,aggregate,same rule repeated >= 10 times in 5 minutes
wazuh-1788724958.2288188,2026-09-06T20:02:38.627000Z,lab-sensor-01,31101,5,accesslog|attack|web,web-accesslog,none,/var/log/apache2/access.log,0,0,1,0,0,0,1,0,0,0,0,0,50,13,9,1,18,0,0,81,10,20,6,1,14,aggregate,same rule repeated >= 10 times in 5 minutes
wazuh-1788724960.2288630,2026-09-06T20:02:40.634000Z,lab-sensor-01,31101,5,accesslog|attack|web,web-accesslog,none,/var/log/apache2/access.log,0,0,1,0,0,0,1,0,0,0,0,0,51,14,9,1,18,0,0,81,10,20,6,1,15,aggregate,same rule repeated >= 10 times in 5 minutes
wazuh-1788724974.2290121,2026-09-06T20:02:54.229000Z,target-kali-01,5501,3,authentication_success|pam|syslog,pam,T1078,journald,0,0,0,0,0,0,0,0,0,0,1,0,16,16,1,0,33,0,0,106,3,20,6,1,17,aggregate,same rule repeated >= 10 times in 5 minutes
wazuh-1788724989.2290564,2026-09-06T20:03:09.578000Z,target-kali-01,5501,3,authentication_success|pam|syslog,pam,T1078,journald,0,0,0,0,0,0,0,0,0,0,1,0,16,16,1,0,33,0,0,105,3,20,6,1,17,aggregate,same rule repeated >= 10 times in 5 minutes
wazuh-1788725003.2291380,2026-09-06T20:03:23.092000Z,target-kali-01,5501,3,authentication_success|pam|syslog,pam,T1078,journald,0,0,0,0,0,0,0,0,0,0,1,0,17,17,1,0,33,0,0,106,3,20,6,1,18,aggregate,same rule repeated >= 10 times in 5 minutes
wazuh-1788725004.2291823,2026-09-06T20:03:24.741000Z,lab-sensor-01,31101,5,accesslog|attack|web,web-accesslog,none,/var/log/apache2/access.log,0,0,1,0,0,0,1,0,0,0,0,0,46,12,9,1,18,0,0,80,10,20,6,1,13,aggregate,same rule repeated >= 10 times in 5 minutes
wazuh-1788725006.2292265,2026-09-06T20:03:26.745000Z,lab-sensor-01,31101,5,accesslog|attack|web,web-accesslog,none,/var/log/apache2/access.log,0,0,1,0,0,0,1,0,0,0,0,0,47,13,9,1,18,0,0,80,10,20,6,1,14,aggregate,same rule repeated >= 10 times in 5 minutes
wazuh-1788725008.2292707,2026-09-06T20:03:28.749000Z,lab-sensor-01,31101,5,accesslog|attack|web,web-accesslog,none,/var/log/apache2/access.log,0,0,1,0,0,0,1,0,0,0,0,0,47,14,9,1,18,0,0,80,10,20,6,1,15,aggregate,same rule repeated >= 10 times in 5 minutes
wazuh-1788725025.2294198,2026-09-06T20:03:45.201000Z,target-kali-01,5501,3,authentication_success|pam|syslog,pam,T1078,journald,0,0,0,0,0,0,0,0,0,0,1,0,17,17,1,0,33,0,0,105,3,20,6,1,18,aggregate,same rule repeated >= 10 times in 5 minutes
wazuh-1788725045.2294641,2026-09-06T20:04:05.293000Z,target-kali-01,5501,3,authentication_success|pam|syslog,pam,T1078,journald,0,0,0,0,0,0,0,0,0,0,1,0,17,17,1,0,33,0,0,105,3,20,6,1,18,aggregate,same rule repeated >= 10 times in 5 minutes
wazuh-1788725063.2295084,2026-09-06T20:04:23.310000Z,target-kali-01,5501,3,authentication_success|pam|syslog,pam,T1078,journald,0,0,0,0,0,0,0,0,0,0,1,0,17,17,1,0,33,0,0,104,3,20,6,1,18,aggregate,same rule repeated >= 10 times in 5 minutes
wazuh-1788725079.2295527,2026-09-06T20:04:39.412000Z,target-kali-01,5501,3,authentication_success|pam|syslog,pam,T1078,journald,0,0,0,0,0,0,0,0,0,0,1,0,17,17,1,0,33,0,0,104,3,20,6,1,18,aggregate,same rule repeated >= 10 times in 5 minutes
wazuh-1788725097.2295970,2026-09-06T20:04:57.481000Z,target-kali-01,5501,3,authentication_success|pam|syslog,pam,T1078,journald,0,0,0,0,0,0,0,0,0,0,1,0,18,18,1,0,33,0,0,104,3,20,6,1,19,aggregate,same rule repeated >= 10 times in 5 minutes
wazuh-1788725115.2296413,2026-09-06T20:05:15.575000Z,target-kali-01,5501,3,authentication_success|pam|syslog,pam,T1078,journald,0,0,0,0,0,0,0,0,0,0,1,0,17,17,1,0,33,0,0,104,3,20,6,1,18,aggregate,same rule repeated >= 10 times in 5 minutes
wazuh-1788725128.2296856,2026-09-06T20:05:28.350000Z,target-kali-01,5501,3,authentication_success|pam|syslog,pam,T1078,journald,0,0,0,0,0,0,0,0,0,0,1,0,18,18,1,0,33,0,0,105,3,20,6,1,19,aggregate,same rule repeated >= 10 times in 5 minutes
wazuh-1788725137.2297299,2026-09-06T20:05:37.737000Z,target-kali-01,5501,3,authentication_success|pam|syslog,pam,T1078,journald,0,0,0,0,0,0,0,0,0,0,1,0,18,18,1,0,34,0,0,105,3,20,6,1,19,aggregate,same rule repeated >= 10 times in 5 minutes
wazuh-1788725154.2297742,2026-09-06T20:05:54.875000Z,target-kali-01,5501,3,authentication_success|pam|syslog,pam,T1078,journald,0,0,0,0,0,0,0,0,0,0,1,0,18,18,1,0,34,0,0,105,3,20,6,1,19,aggregate,same rule repeated >= 10 times in 5 minutes
wazuh-1788725165.2298185,2026-09-06T20:06:05.415000Z,target-kali-01,5501,3,authentication_success|pam|syslog,pam,T1078,journald,0,0,0,0,0,0,0,0,0,0,1,0,18,18,1,0,35,0,0,106,3,20,6,1,19,aggregate,same rule repeated >= 10 times in 5 minutes
wazuh-1788725175.2298628,2026-09-06T20:06:15.440000Z,target-kali-01,5501,3,authentication_success|pam|syslog,pam,T1078,journald,0,0,0,0,0,0,0,0,0,0,1,0,19,19,1,0,35,0,0,106,3,20,6,1,20,aggregate,same rule repeated >= 10 times in 5 minutes
wazuh-1788725179.2299071,2026-09-06T20:06:19.074000Z,lab-sensor-01,31101,5,accesslog|attack|web,web-accesslog,none,/var/log/apache2/access.log,0,0,1,0,0,0,1,0,0,0,0,0,18,9,9,1,15,0,0,74,10,20,6,1,10,aggregate,same rule repeated >= 10 times in 5 minutes
wazuh-1788725181.2299513,2026-09-06T20:06:21.075000Z,lab-sensor-01,31101,5,accesslog|attack|web,web-accesslog,none,/var/log/apache2/access.log,0,0,1,0,0,0,1,0,0,0,0,0,19,10,9,1,15,0,0,73,10,20,6,1,11,aggregate,same rule repeated >= 10 times in 5 minutes
wazuh-1788725183.2299955,2026-09-06T20:06:23.077000Z,lab-sensor-01,31101,5,accesslog|attack|web,web-accesslog,none,/var/log/apache2/access.log,0,0,1,0,0,0,1,0,0,0,0,0,20,11,9,1,15,0,0,73,10,20,6,1,12,aggregate,same rule repeated >= 10 times in 5 minutes
wazuh-1788725199.2301446,2026-09-06T20:06:39.485000Z,target-kali-01,5501,3,authentication_success|pam|syslog,pam,T1078,journald,0,0,0,0,0,0,0,0,0,0,1,0,18,18,1,0,34,0,0,106,3,20,6,1,19,aggregate,same rule repeated >= 10 times in 5 minutes
wazuh-1788725213.2302438,2026-09-06T20:06:53.715000Z,target-kali-01,5501,3,authentication_success|pam|syslog,pam,T1078,journald,0,0,0,0,0,0,0,0,0,0,1,0,18,18,1,0,34,0,0,106,3,20,6,1,19,aggregate,same rule repeated >= 10 times in 5 minutes
wazuh-1788725235.2303979,2026-09-06T20:07:15.839000Z,target-kali-01,5501,3,authentication_success|pam|syslog,pam,T1078,journald,0,0,0,0,0,0,0,0,0,0,1,0,18,18,1,0,34,0,0,106,3,20,6,1,19,aggregate,same rule repeated >= 10 times in 5 minutes
wazuh-1788725254.2305366,2026-09-06T20:07:34.160000Z,target-kali-01,5501,3,authentication_success|pam|syslog,pam,T1078,journald,0,0,0,0,0,0,0,0,0,0,1,0,18,18,1,0,34,0,0,106,3,20,6,1,19,aggregate,same rule repeated >= 10 times in 5 minutes
wazuh-1788725276.2307456,2026-09-06T20:07:56.418000Z,target-kali-01,5501,3,authentication_success|pam|syslog,pam,T1078,journald,0,0,0,0,0,0,0,0,0,0,1,0,17,17,1,0,34,0,0,106,3,20,6,1,18,aggregate,same rule repeated >= 10 times in 5 minutes
wazuh-1788725286.2307899,2026-09-06T20:08:06.486000Z,target-kali-01,5501,3,authentication_success|pam|syslog,pam,T1078,journald,0,0,0,0,0,0,0,0,0,0,1,0,18,18,1,0,35,0,0,106,3,20,6,1,19,aggregate,same rule repeated >= 10 times in 5 minutes
wazuh-1788725303.2308342,2026-09-06T20:08:23.252000Z,target-kali-01,5501,3,authentication_success|pam|syslog,pam,T1078,journald,0,0,0,0,0,0,0,0,0,0,1,0,17,17,1,0,35,0,0,106,3,20,6,1,18,aggregate,same rule repeated >= 10 times in 5 minutes
wazuh-1788725319.2309158,2026-09-06T20:08:39.287000Z,target-kali-01,5501,3,authentication_success|pam|syslog,pam,T1078,journald,0,0,0,0,0,0,0,0,0,0,1,0,18,18,1,0,35,0,0,106,3,20,6,1,19,aggregate,same rule repeated >= 10 times in 5 minutes
wazuh-1788725337.2312033,2026-09-06T20:08:57.346000Z,target-kali-01,5501,3,authentication_success|pam|syslog,pam,T1078,journald,0,0,0,0,0,0,0,0,0,0,1,0,18,18,1,0,35,0,0,106,3,20,6,1,19,aggregate,same rule repeated >= 10 times in 5 minutes
wazuh-1788725355.2313025,2026-09-06T20:09:15.888000Z,target-kali-01,5501,3,authentication_success|pam|syslog,pam,T1078,journald,0,0,0,0,0,0,0,0,0,0,1,0,18,18,1,0,36,0,0,106,3,20,6,1,19,aggregate,same rule repeated >= 10 times in 5 minutes
wazuh-1788725357.2313468,2026-09-06T20:09:17.569000Z,lab-sensor-01,5710,5,authentication_failed|invalid_login|sshd|syslog,sshd,T1021.004|T1110.001,journald,44518,0,1,0,0,0,1,0,0,0,1,0,17,9,9,1,16,0,0,77,10,20,6,1,10,aggregate,same rule repeated >= 10 times in 5 minutes
wazuh-1788725361.2314017,2026-09-06T20:09:21.577000Z,lab-sensor-01,5710,5,authentication_failed|invalid_login|sshd|syslog,sshd,T1021.004|T1110.001,journald,44534,0,1,0,0,0,1,0,0,0,1,0,18,10,9,1,17,0,0,78,10,20,6,1,11,aggregate,same rule repeated >= 10 times in 5 minutes
wazuh-1788725373.2314566,2026-09-06T20:09:33.946000Z,target-kali-01,5501,3,authentication_success|pam|syslog,pam,T1078,journald,0,0,0,0,0,0,0,0,0,0,1,0,18,18,1,0,36,0,0,106,3,20,6,1,19,aggregate,same rule repeated >= 10 times in 5 minutes
wazuh-1788725388.2315009,2026-09-06T20:09:48.287000Z,target-kali-01,5501,3,authentication_success|pam|syslog,pam,T1078,journald,0,0,0,0,0,0,0,0,0,0,1,0,18,18,1,0,36,0,0,106,3,20,6,1,19,aggregate,same rule repeated >= 10 times in 5 minutes
wazuh-1788725398.2315452,2026-09-06T20:09:58.166000Z,target-kali-01,5501,3,authentication_success|pam|syslog,pam,T1078,journald,0,0,0,0,0,0,0,0,0,0,1,0,18,18,1,0,37,0,0,107,3,20,6,1,19,aggregate,same rule repeated >= 10 times in 5 minutes
wazuh-1788725410.2315895,2026-09-06T20:10:10.198000Z,target-kali-01,5501,3,authentication_success|pam|syslog,pam,T1078,journald,0,0,0,0,0,0,0,0,0,0,1,0,19,19,1,0,37,0,0,107,3,20,6,1,20,aggregate,same rule repeated >= 10 times in 5 minutes
wazuh-1788725424.2316338,2026-09-06T20:10:24.236000Z,target-kali-01,5501,3,authentication_success|pam|syslog,pam,T1078,journald,0,0,0,0,0,0,0,0,0,0,1,0,19,19,1,0,37,0,0,107,3,20,6,1,20,aggregate,same rule repeated >= 10 times in 5 minutes
wazuh-1788725440.2316781,2026-09-06T20:10:40.348000Z,target-kali-01,5501,3,authentication_success|pam|syslog,pam,T1078,journald,0,0,0,0,0,0,0,0,0,0,1,0,18,18,1,0,37,0,0,107,3,20,6,1,19,aggregate,same rule repeated >= 10 times in 5 minutes
wazuh-1788725462.2319599,2026-09-06T20:11:02.904000Z,target-kali-01,5501,3,authentication_success|pam|syslog,pam,T1078,journald,0,0,0,0,0,0,0,0,0,0,1,0,18,18,1,0,37,0,0,107,3,20,6,1,19,aggregate,same rule repeated >= 10 times in 5 minutes
wazuh-1788725483.2320042,2026-09-06T20:11:23.204000Z,target-kali-01,5501,3,authentication_success|pam|syslog,pam,T1078,journald,0,0,0,0,0,0,0,0,0,0,1,0,17,17,1,0,36,0,0,106,3,20,6,1,18,aggregate,same rule repeated >= 10 times in 5 minutes
wazuh-1788725483.2320485,2026-09-06T20:11:23.826000Z,lab-sensor-01,5710,5,authentication_failed|invalid_login|sshd|syslog,sshd,T1021.004|T1110.001,journald,44540,0,1,0,0,0,1,0,0,0,1,0,21,11,7,1,15,0,0,76,10,20,6,1,12,aggregate,same rule repeated >= 10 times in 5 minutes
wazuh-1788725485.2321034,2026-09-06T20:11:25.828000Z,lab-sensor-01,5710,5,authentication_failed|invalid_login|sshd|syslog,sshd,T1021.004|T1110.001,journald,44556,0,1,0,0,0,1,0,0,0,1,0,20,12,7,1,15,0,0,77,10,20,6,1,13,aggregate,same rule repeated >= 10 times in 5 minutes
wazuh-1788725489.2321583,2026-09-06T20:11:29.835000Z,lab-sensor-01,5710,5,authentication_failed|invalid_login|sshd|syslog,sshd,T1021.004|T1110.001,journald,35542,0,1,0,0,0,1,0,0,0,1,0,21,13,7,1,15,0,0,78,10,20,6,1,14,aggregate,same rule repeated >= 10 times in 5 minutes
wazuh-1788725505.2338866,2026-09-06T20:11:45.306000Z,target-kali-01,5501,3,authentication_success|pam|syslog,pam,T1078,journald,0,0,0,0,0,0,0,0,0,0,1,0,17,17,1,0,36,0,0,106,3,20,6,1,18,aggregate,same rule repeated >= 10 times in 5 minutes
wazuh-1788725515.2339309,2026-09-06T20:11:55.377000Z,target-kali-01,5501,3,authentication_success|pam|syslog,pam,T1078,journald,0,0,0,0,0,0,0,0,0,0,1,0,17,17,1,0,36,0,0,107,3,20,6,1,18,aggregate,same rule repeated >= 10 times in 5 minutes
wazuh-1788725529.2339752,2026-09-06T20:12:09.505000Z,target-kali-01,5501,3,authentication_success|pam|syslog,pam,T1078,journald,0,0,0,0,0,0,0,0,0,0,1,0,18,18,1,0,36,0,0,107,3,20,6,1,19,aggregate,same rule repeated >= 10 times in 5 minutes
wazuh-1788725543.2340195,2026-09-06T20:12:23.543000Z,target-kali-01,5501,3,authentication_success|pam|syslog,pam,T1078,journald,0,0,0,0,0,0,0,0,0,0,1,0,18,18,1,0,36,0,0,107,3,20,6,1,19,aggregate,same rule repeated >= 10 times in 5 minutes
wazuh-1788725562.2340638,2026-09-06T20:12:42.019000Z,target-kali-01,5501,3,authentication_success|pam|syslog,pam,T1078,journald,0,0,0,0,0,0,0,0,0,0,1,0,18,18,1,0,36,0,0,107,3,20,6,1,19,aggregate,same rule repeated >= 10 times in 5 minutes
wazuh-1788725562.2348702,2026-09-06T20:12:42.745000Z,film-laptop,86601,3,ids|suricata,json,none,/var/log/suricata/eve.json,55670,80,1,0,0,0,1,0,0,0,0,0,13,9,5,0,2,0,1,2,3,20,6,1,10,aggregate,same rule repeated >= 10 times in 5 minutes
wazuh-1788725562.2352315,2026-09-06T20:12:42.765000Z,film-laptop,86601,3,ids|suricata,json,none,/var/log/suricata/eve.json,59774,80,1,0,0,0,1,0,0,0,0,0,16,10,5,0,3,0,2,4,3,20,6,1,11,aggregate,same rule repeated >= 10 times in 5 minutes
wazuh-1788725564.2354846,2026-09-06T20:12:44.407000Z,film-laptop,86601,3,ids|suricata,json,none,/var/log/suricata/eve.json,59774,80,1,0,0,0,1,0,0,0,0,0,17,11,5,0,3,0,2,4,3,20,6,1,12,aggregate,same rule repeated >= 10 times in 5 minutes
wazuh-1788725572.2357795,2026-09-06T20:12:52.021000Z,target-kali-01,5501,3,authentication_success|pam|syslog,pam,T1078,journald,0,0,0,0,0,0,0,0,0,0,1,0,19,19,1,0,37,0,0,108,3,20,6,1,20,aggregate,same rule repeated >= 10 times in 5 minutes
wazuh-1788725588.2358787,2026-09-06T20:13:08.976000Z,target-kali-01,5501,3,authentication_success|pam|syslog,pam,T1078,journald,0,0,0,0,0,0,0,0,0,0,1,0,18,18,1,0,37,0,0,107,3,20,6,1,19,aggregate,same rule repeated >= 10 times in 5 minutes
wazuh-1788725592.2359230,2026-09-06T20:13:12.032000Z,lab-sensor-01,5710,5,authentication_failed|invalid_login|sshd|syslog,sshd,T1021.004|T1110.001,journald,52704,0,1,0,0,0,1,0,0,0,1,0,15,9,7,1,16,0,0,74,10,20,6,1,10,aggregate,same rule repeated >= 10 times in 5 minutes
wazuh-1788725594.2359779,2026-09-06T20:13:14.034000Z,lab-sensor-01,5710,5,authentication_failed|invalid_login|sshd|syslog,sshd,T1021.004|T1110.001,journald,52720,0,1,0,0,0,1,0,0,0,1,0,16,10,7,1,17,0,0,75,10,20,6,1,11,aggregate,same rule repeated >= 10 times in 5 minutes
wazuh-1788725609.2360328,2026-09-06T20:13:29.553000Z,target-kali-01,5501,3,authentication_success|pam|syslog,pam,T1078,journald,0,0,0,0,0,0,0,0,0,0,1,0,18,18,1,0,36,0,0,107,3,20,6,1,19,aggregate,same rule repeated >= 10 times in 5 minutes
wazuh-1788725610.2360771,2026-09-06T20:13:30.080000Z,lab-sensor-01,5710,5,authentication_failed|invalid_login|sshd|syslog,sshd,T1021.004|T1110.001,journald,59884,0,1,0,0,0,1,0,0,0,1,0,17,11,7,1,18,0,0,76,10,20,6,1,12,aggregate,same rule repeated >= 10 times in 5 minutes
wazuh-1788725612.2361320,2026-09-06T20:13:32.082000Z,lab-sensor-01,5710,5,authentication_failed|invalid_login|sshd|syslog,sshd,T1021.004|T1110.001,journald,59888,0,1,0,0,0,1,0,0,0,1,0,18,12,7,1,19,0,0,77,10,20,6,1,13,aggregate,same rule repeated >= 10 times in 5 minutes
wazuh-1788725616.2361869,2026-09-06T20:13:36.087000Z,lab-sensor-01,5710,5,authentication_failed|invalid_login|sshd|syslog,sshd,T1021.004|T1110.001,journald,59904,0,1,0,0,0,1,0,0,0,1,0,19,13,7,1,20,0,0,78,10,20,6,1,14,aggregate,same rule repeated >= 10 times in 5 minutes
wazuh-1788725630.2362418,2026-09-06T20:13:50.557000Z,target-kali-01,5501,3,authentication_success|pam|syslog,pam,T1078,journald,0,0,0,0,0,0,0,0,0,0,1,0,18,18,1,0,36,0,0,106,3,20,6,1,19,aggregate,same rule repeated >= 10 times in 5 minutes
wazuh-1788725650.2363234,2026-09-06T20:14:10.622000Z,target-kali-01,5501,3,authentication_success|pam|syslog,pam,T1078,journald,0,0,0,0,0,0,0,0,0,0,1,0,18,18,1,0,36,0,0,106,3,20,6,1,19,aggregate,same rule repeated >= 10 times in 5 minutes
wazuh-1788725663.2363677,2026-09-06T20:14:23.520000Z,target-kali-01,5501,3,authentication_success|pam|syslog,pam,T1078,journald,0,0,0,0,0,0,0,0,0,0,1,0,18,18,1,0,36,0,0,106,3,20,6,1,19,aggregate,same rule repeated >= 10 times in 5 minutes
wazuh-1788725677.2364120,2026-09-06T20:14:37.685000Z,target-kali-01,5501,3,authentication_success|pam|syslog,pam,T1078,journald,0,0,0,0,0,0,0,0,0,0,1,0,18,18,1,0,37,0,0,106,3,20,6,1,19,aggregate,same rule repeated >= 10 times in 5 minutes
wazuh-1788725701.2366938,2026-09-06T20:15:01.907000Z,target-kali-01,5501,3,authentication_success|pam|syslog,pam,T1078,journald,0,0,0,0,0,0,0,0,0,0,1,0,17,17,1,0,36,0,0,106,3,20,6,1,18,aggregate,same rule repeated >= 10 times in 5 minutes
wazuh-1788725724.2368325,2026-09-06T20:15:24.055000Z,target-kali-01,5501,3,authentication_success|pam|syslog,pam,T1078,journald,0,0,0,0,0,0,0,0,0,0,1,0,17,17,1,0,36,0,0,105,3,20,6,1,18,aggregate,same rule repeated >= 10 times in 5 minutes
wazuh-1788725738.2368768,2026-09-06T20:15:38.150000Z,target-kali-01,5501,3,authentication_success|pam|syslog,pam,T1078,journald,0,0,0,0,0,0,0,0,0,0,1,0,17,17,1,0,35,0,0,106,3,20,6,1,18,aggregate,same rule repeated >= 10 times in 5 minutes
wazuh-1788725752.2369211,2026-09-06T20:15:52.215000Z,target-kali-01,5501,3,authentication_success|pam|syslog,pam,T1078,journald,0,0,0,0,0,0,0,0,0,0,1,0,17,17,1,0,36,0,0,106,3,20,6,1,18,aggregate,same rule repeated >= 10 times in 5 minutes
wazuh-1788725772.2369654,2026-09-06T20:16:12.096000Z,target-kali-01,5501,3,authentication_success|pam|syslog,pam,T1078,journald,0,0,0,0,0,0,0,0,0,0,1,0,17,17,1,0,35,0,0,105,3,20,6,1,18,aggregate,same rule repeated >= 10 times in 5 minutes
wazuh-1788725782.2370097,2026-09-06T20:16:22.106000Z,target-kali-01,5501,3,authentication_success|pam|syslog,pam,T1078,journald,0,0,0,0,0,0,0,0,0,0,1,0,18,18,1,0,35,0,0,106,3,20,6,1,19,aggregate,same rule repeated >= 10 times in 5 minutes
wazuh-1788725803.2370540,2026-09-06T20:16:43.044000Z,target-kali-01,5501,3,authentication_success|pam|syslog,pam,T1078,journald,0,0,0,0,0,0,0,0,0,0,1,0,18,18,1,0,35,0,0,106,3,20,6,1,19,aggregate,same rule repeated >= 10 times in 5 minutes
wazuh-1788725816.2370983,2026-09-06T20:16:56.071000Z,target-kali-01,5501,3,authentication_success|pam|syslog,pam,T1078,journald,0,0,0,0,0,0,0,0,0,0,1,0,17,17,1,0,35,0,0,106,3,20,6,1,18,aggregate,same rule repeated >= 10 times in 5 minutes
wazuh-1788725836.2374350,2026-09-06T20:17:16.102000Z,target-kali-01,5501,3,authentication_success|pam|syslog,pam,T1078,journald,0,0,0,0,0,0,0,0,0,0,1,0,17,17,1,0,35,0,0,106,3,20,6,1,18,aggregate,same rule repeated >= 10 times in 5 minutes
wazuh-1788725858.2376350,2026-09-06T20:17:38.186000Z,target-kali-01,5501,3,authentication_success|pam|syslog,pam,T1078,journald,0,0,0,0,0,0,0,0,0,0,1,0,17,17,1,0,35,0,0,106,3,20,6,1,18,aggregate,same rule repeated >= 10 times in 5 minutes
wazuh-1788725878.2377278,2026-09-06T20:17:58.538000Z,target-kali-01,5501,3,authentication_success|pam|syslog,pam,T1078,journald,0,0,0,0,0,0,0,0,0,0,1,0,16,16,1,0,35,0,0,105,3,20,6,1,17,aggregate,same rule repeated >= 10 times in 5 minutes
wazuh-1788725892.2377721,2026-09-06T20:18:12.972000Z,target-kali-01,5501,3,authentication_success|pam|syslog,pam,T1078,journald,0,0,0,0,0,0,0,0,0,0,1,0,16,16,1,0,35,0,0,106,3,20,6,1,17,aggregate,same rule repeated >= 10 times in 5 minutes
wazuh-1788725905.2378164,2026-09-06T20:18:25.244000Z,target-kali-01,5501,3,authentication_success|pam|syslog,pam,T1078,journald,0,0,0,0,0,0,0,0,0,0,1,0,17,17,1,0,35,0,0,106,3,20,6,1,18,aggregate,same rule repeated >= 10 times in 5 minutes
wazuh-1788725917.2378607,2026-09-06T20:18:37.467000Z,target-kali-01,5501,3,authentication_success|pam|syslog,pam,T1078,journald,0,0,0,0,0,0,0,0,0,0,1,0,17,17,1,0,36,0,0,106,3,20,6,1,18,aggregate,same rule repeated >= 10 times in 5 minutes
wazuh-1788725939.2381425,2026-09-06T20:18:59.848000Z,target-kali-01,5501,3,authentication_success|pam|syslog,pam,T1078,journald,0,0,0,0,0,0,0,0,0,0,1,0,17,17,1,0,35,0,0,106,3,20,6,1,18,aggregate,same rule repeated >= 10 times in 5 minutes
wazuh-1788725950.2381868,2026-09-06T20:19:10.804000Z,target-kali-01,5501,3,authentication_success|pam|syslog,pam,T1078,journald,0,0,0,0,0,0,0,0,0,0,1,0,17,17,1,0,36,0,0,106,3,20,6,1,18,aggregate,same rule repeated >= 10 times in 5 minutes
wazuh-1788725967.2382311,2026-09-06T20:19:27.497000Z,target-kali-01,5501,3,authentication_success|pam|syslog,pam,T1078,journald,0,0,0,0,0,0,0,0,0,0,1,0,17,17,1,0,36,0,0,106,3,20,6,1,18,aggregate,same rule repeated >= 10 times in 5 minutes
wazuh-1788725980.2382754,2026-09-06T20:19:40.052000Z,target-kali-01,5501,3,authentication_success|pam|syslog,pam,T1078,journald,0,0,0,0,0,0,0,0,0,0,1,0,17,17,1,0,36,0,0,106,3,20,6,1,18,aggregate,same rule repeated >= 10 times in 5 minutes
wazuh-1788726004.2385572,2026-09-06T20:20:04.119000Z,target-kali-01,5501,3,authentication_success|pam|syslog,pam,T1078,journald,0,0,0,0,0,0,0,0,0,0,1,0,17,17,1,0,35,0,0,106,3,20,6,1,18,aggregate,same rule repeated >= 10 times in 5 minutes
wazuh-1788726022.2386388,2026-09-06T20:20:22.281000Z,target-kali-01,5501,3,authentication_success|pam|syslog,pam,T1078,journald,0,0,0,0,0,0,0,0,0,0,1,0,18,18,1,0,35,0,0,105,3,20,6,1,19,aggregate,same rule repeated >= 10 times in 5 minutes
wazuh-1788726043.2386831,2026-09-06T20:20:43.221000Z,target-kali-01,5501,3,authentication_success|pam|syslog,pam,T1078,journald,0,0,0,0,0,0,0,0,0,0,1,0,17,17,1,0,34,0,0,105,3,20,6,1,18,aggregate,same rule repeated >= 10 times in 5 minutes
wazuh-1788726059.2387274,2026-09-06T20:20:59.287000Z,target-kali-01,5501,3,authentication_success|pam|syslog,pam,T1078,journald,0,0,0,0,0,0,0,0,0,0,1,0,17,17,1,0,35,0,0,106,3,20,6,1,18,aggregate,same rule repeated >= 10 times in 5 minutes
wazuh-1788726072.2387717,2026-09-06T20:21:12.287000Z,target-kali-01,5501,3,authentication_success|pam|syslog,pam,T1078,journald,0,0,0,0,0,0,0,0,0,0,1,0,17,17,1,0,35,0,0,106,3,20,6,1,18,aggregate,same rule repeated >= 10 times in 5 minutes
wazuh-1788726082.2388160,2026-09-06T20:21:22.328000Z,target-kali-01,5501,3,authentication_success|pam|syslog,pam,T1078,journald,0,0,0,0,0,0,0,0,0,0,1,0,17,17,1,0,36,0,0,106,3,20,6,1,18,aggregate,same rule repeated >= 10 times in 5 minutes
wazuh-1788726084.2388603,2026-09-06T20:21:24.788000Z,lab-sensor-01,31101,5,accesslog|attack|web,web-accesslog,none,/var/log/apache2/access.log,0,0,1,0,0,0,1,0,0,0,0,0,20,9,6,0,11,0,0,72,6,20,6,1,10,aggregate,same rule repeated >= 10 times in 5 minutes
wazuh-1788726086.2389045,2026-09-06T20:21:26.807000Z,lab-sensor-01,31101,5,accesslog|attack|web,web-accesslog,none,/var/log/apache2/access.log,0,0,1,0,0,0,1,0,0,0,0,0,21,10,6,0,10,0,0,72,6,20,6,1,11,aggregate,same rule repeated >= 10 times in 5 minutes
wazuh-1788726088.2389487,2026-09-06T20:21:28.809000Z,lab-sensor-01,31101,5,accesslog|attack|web,web-accesslog,none,/var/log/apache2/access.log,0,0,1,0,0,0,1,0,0,0,0,0,22,11,6,0,10,0,0,72,6,20,6,1,12,aggregate,same rule repeated >= 10 times in 5 minutes
wazuh-1788726102.2390978,2026-09-06T20:21:42.375000Z,target-kali-01,5501,3,authentication_success|pam|syslog,pam,T1078,journald,0,0,0,0,0,0,0,0,0,0,1,0,18,18,1,0,36,0,0,105,3,20,6,1,19,aggregate,same rule repeated >= 10 times in 5 minutes
wazuh-1788726120.2391421,2026-09-06T20:22:00.469000Z,target-kali-01,5501,3,authentication_success|pam|syslog,pam,T1078,journald,0,0,0,0,0,0,0,0,0,0,1,0,17,17,1,0,35,0,0,105,3,20,6,1,18,aggregate,same rule repeated >= 10 times in 5 minutes
wazuh-1788726122.2391864,2026-09-06T20:22:02.881000Z,lab-sensor-01,31101,5,accesslog|attack|web,web-accesslog,none,/var/log/apache2/access.log,0,0,1,0,0,0,1,0,0,0,0,0,20,9,6,0,9,0,0,71,6,20,6,1,10,aggregate,same rule repeated >= 10 times in 5 minutes
wazuh-1788726124.2392306,2026-09-06T20:22:04.912000Z,lab-sensor-01,31101,5,accesslog|attack|web,web-accesslog,none,/var/log/apache2/access.log,0,0,1,0,0,0,1,0,0,0,0,0,21,10,6,0,9,0,0,71,6,20,6,1,11,aggregate,same rule repeated >= 10 times in 5 minutes
wazuh-1788726126.2392748,2026-09-06T20:22:06.916000Z,lab-sensor-01,31101,5,accesslog|attack|web,web-accesslog,none,/var/log/apache2/access.log,0,0,1,0,0,0,1,0,0,0,0,0,22,11,6,0,9,0,0,71,6,20,6,1,12,aggregate,same rule repeated >= 10 times in 5 minutes
wazuh-1788726142.2394239,2026-09-06T20:22:22.583000Z,target-kali-01,5501,3,authentication_success|pam|syslog,pam,T1078,journald,0,0,0,0,0,0,0,0,0,0,1,0,17,17,1,0,35,0,0,105,3,20,6,1,18,aggregate,same rule repeated >= 10 times in 5 minutes
wazuh-1788726153.2394682,2026-09-06T20:22:33.164000Z,target-kali-01,5501,3,authentication_success|pam|syslog,pam,T1078,journald,0,0,0,0,0,0,0,0,0,0,1,0,18,18,1,0,35,0,0,106,3,20,6,1,19,aggregate,same rule repeated >= 10 times in 5 minutes
wazuh-1788726168.2395125,2026-09-06T20:22:48.066000Z,target-kali-01,5501,3,authentication_success|pam|syslog,pam,T1078,journald,0,0,0,0,0,0,0,0,0,0,1,0,18,18,1,0,35,0,0,106,3,20,6,1,19,aggregate,same rule repeated >= 10 times in 5 minutes
wazuh-1788726177.2395568,2026-09-06T20:22:57.227000Z,target-kali-01,5501,3,authentication_success|pam|syslog,pam,T1078,journald,0,0,0,0,0,0,0,0,0,0,1,0,19,19,1,0,35,0,0,106,3,20,6,1,20,aggregate,same rule repeated >= 10 times in 5 minutes
wazuh-1788726192.2396011,2026-09-06T20:23:12.037000Z,target-kali-01,5501,3,authentication_success|pam|syslog,pam,T1078,journald,0,0,0,0,0,0,0,0,0,0,1,0,19,19,1,0,35,0,0,106,3,20,6,1,20,aggregate,same rule repeated >= 10 times in 5 minutes
wazuh-1788726212.2398101,2026-09-06T20:23:32.137000Z,target-kali-01,5501,3,authentication_success|pam|syslog,pam,T1078,journald,0,0,0,0,0,0,0,0,0,0,1,0,18,18,1,0,35,0,0,106,3,20,6,1,19,aggregate,same rule repeated >= 10 times in 5 minutes
wazuh-1788726234.2399488,2026-09-06T20:23:54.807000Z,target-kali-01,5501,3,authentication_success|pam|syslog,pam,T1078,journald,0,0,0,0,0,0,0,0,0,0,1,0,18,18,1,0,35,0,0,105,3,20,6,1,19,aggregate,same rule repeated >= 10 times in 5 minutes
wazuh-1788726237.2399931,2026-09-06T20:23:57.107000Z,lab-sensor-01,31101,5,accesslog|attack|web,web-accesslog,none,/var/log/apache2/access.log,0,0,1,0,0,0,1,0,0,0,0,0,20,9,6,0,6,0,0,74,6,20,6,1,10,aggregate,same rule repeated >= 10 times in 5 minutes
wazuh-1788726239.2400373,2026-09-06T20:23:59.105000Z,lab-sensor-01,31101,5,accesslog|attack|web,web-accesslog,none,/var/log/apache2/access.log,0,0,1,0,0,0,1,0,0,0,0,0,21,10,6,0,6,0,0,74,6,20,6,1,11,aggregate,same rule repeated >= 10 times in 5 minutes
wazuh-1788726241.2400815,2026-09-06T20:24:01.108000Z,lab-sensor-01,31101,5,accesslog|attack|web,web-accesslog,none,/var/log/apache2/access.log,0,0,1,0,0,0,1,0,0,0,0,0,22,11,6,0,6,0,0,74,6,20,6,1,12,aggregate,same rule repeated >= 10 times in 5 minutes
wazuh-1788726256.2402306,2026-09-06T20:24:16.888000Z,target-kali-01,5501,3,authentication_success|pam|syslog,pam,T1078,journald,0,0,0,0,0,0,0,0,0,0,1,0,17,17,1,0,35,0,0,105,3,20,6,1,18,aggregate,same rule repeated >= 10 times in 5 minutes
wazuh-1788726274.2402749,2026-09-06T20:24:34.994000Z,target-kali-01,5501,3,authentication_success|pam|syslog,pam,T1078,journald,0,0,0,0,0,0,0,0,0,0,1,0,17,17,1,0,35,0,0,105,3,20,6,1,18,aggregate,same rule repeated >= 10 times in 5 minutes
wazuh-1788726291.2403192,2026-09-06T20:24:51.380000Z,target-kali-01,5501,3,authentication_success|pam|syslog,pam,T1078,journald,0,0,0,0,0,0,0,0,0,0,1,0,17,17,1,0,35,0,0,105,3,20,6,1,18,aggregate,same rule repeated >= 10 times in 5 minutes
wazuh-1788726303.2403635,2026-09-06T20:25:03.519000Z,target-kali-01,5501,3,authentication_success|pam|syslog,pam,T1078,journald,0,0,0,0,0,0,0,0,0,0,1,0,18,18,1,0,35,0,0,106,3,20,6,1,19,aggregate,same rule repeated >= 10 times in 5 minutes
wazuh-1788726305.2404078,2026-09-06T20:25:05.218000Z,lab-sensor-01,31101,5,accesslog|attack|web,web-accesslog,none,/var/log/apache2/access.log,0,0,1,0,0,0,1,0,0,0,0,0,20,9,6,0,6,0,0,70,6,20,6,1,10,aggregate,same rule repeated >= 10 times in 5 minutes
wazuh-1788726307.2404520,2026-09-06T20:25:07.220000Z,lab-sensor-01,31101,5,accesslog|attack|web,web-accesslog,none,/var/log/apache2/access.log,0,0,1,0,0,0,1,0,0,0,0,0,21,10,6,0,6,0,0,70,6,20,6,1,11,aggregate,same rule repeated >= 10 times in 5 minutes
wazuh-1788726309.2404962,2026-09-06T20:25:09.223000Z,lab-sensor-01,31101,5,accesslog|attack|web,web-accesslog,none,/var/log/apache2/access.log,0,0,1,0,0,0,1,0,0,0,0,0,22,11,6,0,6,0,0,70,6,20,6,1,12,aggregate,same rule repeated >= 10 times in 5 minutes
wazuh-1788726328.2406453,2026-09-06T20:25:28.251000Z,target-kali-01,5501,3,authentication_success|pam|syslog,pam,T1078,journald,0,0,0,0,0,0,0,0,0,0,1,0,17,17,1,0,35,0,0,105,3,20,6,1,18,aggregate,same rule repeated >= 10 times in 5 minutes
wazuh-1788726329.2406896,2026-09-06T20:25:29.252000Z,lab-sensor-01,31101,5,accesslog|attack|web,web-accesslog,none,/var/log/apache2/access.log,0,0,1,0,0,0,1,0,0,0,0,0,25,12,6,0,6,0,0,71,6,20,6,1,13,aggregate,same rule repeated >= 10 times in 5 minutes
wazuh-1788726331.2407338,2026-09-06T20:25:31.254000Z,lab-sensor-01,31101,5,accesslog|attack|web,web-accesslog,none,/var/log/apache2/access.log,0,0,1,0,0,0,1,0,0,0,0,0,26,13,6,0,6,0,0,71,6,20,6,1,14,aggregate,same rule repeated >= 10 times in 5 minutes
wazuh-1788726333.2407780,2026-09-06T20:25:33.257000Z,lab-sensor-01,31101,5,accesslog|attack|web,web-accesslog,none,/var/log/apache2/access.log,0,0,1,0,0,0,1,0,0,0,0,0,27,14,6,0,6,0,0,71,6,20,6,1,15,aggregate,same rule repeated >= 10 times in 5 minutes
wazuh-1788726348.2409644,2026-09-06T20:25:48.720000Z,target-kali-01,5501,3,authentication_success|pam|syslog,pam,T1078,journald,0,0,0,0,0,0,0,0,0,0,1,0,17,17,1,0,35,0,0,106,3,20,6,1,18,aggregate,same rule repeated >= 10 times in 5 minutes
wazuh-1788726360.2410636,2026-09-06T20:26:00.771000Z,target-kali-01,5501,3,authentication_success|pam|syslog,pam,T1078,journald,0,0,0,0,0,0,0,0,0,0,1,0,17,17,1,0,35,0,0,106,3,20,6,1,18,aggregate,same rule repeated >= 10 times in 5 minutes
wazuh-1788726380.2412177,2026-09-06T20:26:20.454000Z,target-kali-01,5501,3,authentication_success|pam|syslog,pam,T1078,journald,0,0,0,0,0,0,0,0,0,0,1,0,17,17,1,0,35,0,0,106,3,20,6,1,18,aggregate,same rule repeated >= 10 times in 5 minutes
wazuh-1788726393.2412620,2026-09-06T20:26:33.169000Z,target-kali-01,5501,3,authentication_success|pam|syslog,pam,T1078,journald,0,0,0,0,0,0,0,0,0,0,1,0,17,17,1,0,35,0,0,105,3,20,6,1,18,aggregate,same rule repeated >= 10 times in 5 minutes
wazuh-1788726395.2413063,2026-09-06T20:26:35.353000Z,lab-sensor-01,31101,5,accesslog|attack|web,web-accesslog,none,/var/log/apache2/access.log,0,0,1,0,0,0,1,0,0,0,0,0,28,12,6,0,9,0,0,73,6,20,6,1,13,aggregate,same rule repeated >= 10 times in 5 minutes
wazuh-1788726397.2413505,2026-09-06T20:26:37.355000Z,lab-sensor-01,31101,5,accesslog|attack|web,web-accesslog,none,/var/log/apache2/access.log,0,0,1,0,0,0,1,0,0,0,0,0,29,13,6,0,9,0,0,73,6,20,6,1,14,aggregate,same rule repeated >= 10 times in 5 minutes
wazuh-1788726399.2413947,2026-09-06T20:26:39.358000Z,lab-sensor-01,31101,5,accesslog|attack|web,web-accesslog,none,/var/log/apache2/access.log,0,0,1,0,0,0,1,0,0,0,0,0,30,14,6,0,9,0,0,73,6,20,6,1,15,aggregate,same rule repeated >= 10 times in 5 minutes
wazuh-1788726415.2415438,2026-09-06T20:26:55.545000Z,target-kali-01,5501,3,authentication_success|pam|syslog,pam,T1078,journald,0,0,0,0,0,0,0,0,0,0,1,0,17,17,1,0,35,0,0,105,3,20,6,1,18,aggregate,same rule repeated >= 10 times in 5 minutes
wazuh-1788726429.2415881,2026-09-06T20:27:09.573000Z,target-kali-01,5501,3,authentication_success|pam|syslog,pam,T1078,journald,0,0,0,0,0,0,0,0,0,0,1,0,17,17,1,0,35,0,0,105,3,20,6,1,18,aggregate,same rule repeated >= 10 times in 5 minutes
wazuh-1788726450.2417971,2026-09-06T20:27:30.362000Z,target-kali-01,5501,3,authentication_success|pam|syslog,pam,T1078,journald,0,0,0,0,0,0,0,0,0,0,1,0,17,17,1,0,35,0,0,105,3,20,6,1,18,aggregate,same rule repeated >= 10 times in 5 minutes
wazuh-1788726464.2418414,2026-09-06T20:27:44.438000Z,target-kali-01,5501,3,authentication_success|pam|syslog,pam,T1078,journald,0,0,0,0,0,0,0,0,0,0,1,0,17,17,1,0,35,0,0,106,3,20,6,1,18,aggregate,same rule repeated >= 10 times in 5 minutes
wazuh-1788726476.2418857,2026-09-06T20:27:56.831000Z,target-kali-01,5501,3,authentication_success|pam|syslog,pam,T1078,journald,0,0,0,0,0,0,0,0,0,0,1,0,17,17,1,0,36,0,0,106,3,20,6,1,18,aggregate,same rule repeated >= 10 times in 5 minutes
wazuh-1788726477.2419300,2026-09-06T20:27:57.896000Z,lab-sensor-01,5710,5,authentication_failed|invalid_login|sshd|syslog,sshd,T1021.004|T1110.001,journald,34748,0,1,0,0,0,1,0,0,0,1,0,31,9,6,0,9,0,0,70,6,20,6,1,10,aggregate,same rule repeated >= 10 times in 5 minutes
wazuh-1788726483.2421183,2026-09-06T20:28:03.906000Z,lab-sensor-01,5710,5,authentication_failed|invalid_login|sshd|syslog,sshd,T1021.004|T1110.001,journald,48176,0,1,0,0,0,1,0,0,0,1,0,33,10,7,1,11,0,0,72,10,20,6,1,11,aggregate,same rule repeated >= 10 times in 5 minutes
wazuh-1788726498.2421732,2026-09-06T20:28:18.991000Z,target-kali-01,5501,3,authentication_success|pam|syslog,pam,T1078,journald,0,0,0,0,0,0,0,0,0,0,1,0,16,16,1,0,35,0,0,106,3,20,6,1,17,aggregate,same rule repeated >= 10 times in 5 minutes
wazuh-1788726499.2422175,2026-09-06T20:28:19.928000Z,lab-sensor-01,31101,5,accesslog|attack|web,web-accesslog,none,/var/log/apache2/access.log,0,0,1,0,0,0,1,0,0,0,0,0,31,12,7,1,12,0,0,72,10,20,6,1,13,aggregate,same rule repeated >= 10 times in 5 minutes
wazuh-1788726501.2422617,2026-09-06T20:28:21.943000Z,lab-sensor-01,31101,5,accesslog|attack|web,web-accesslog,none,/var/log/apache2/access.log,0,0,1,0,0,0,1,0,0,0,0,0,32,13,7,1,12,0,0,72,10,20,6,1,14,aggregate,same rule repeated >= 10 times in 5 minutes
wazuh-1788726503.2423059,2026-09-06T20:28:23.950000Z,lab-sensor-01,31101,5,accesslog|attack|web,web-accesslog,none,/var/log/apache2/access.log,0,0,1,0,0,0,1,0,0,0,0,0,33,14,7,1,12,0,0,72,10,20,6,1,15,aggregate,same rule repeated >= 10 times in 5 minutes
wazuh-1788726522.2424550,2026-09-06T20:28:42.368000Z,target-kali-01,5501,3,authentication_success|pam|syslog,pam,T1078,journald,0,0,0,0,0,0,0,0,0,0,1,0,16,16,1,0,34,0,0,106,3,20,6,1,17,aggregate,same rule repeated >= 10 times in 5 minutes
wazuh-1788726537.2425542,2026-09-06T20:28:57.481000Z,target-kali-01,5501,3,authentication_success|pam|syslog,pam,T1078,journald,0,0,0,0,0,0,0,0,0,0,1,0,16,16,1,0,35,0,0,106,3,20,6,1,17,aggregate,same rule repeated >= 10 times in 5 minutes
wazuh-1788726540.2425985,2026-09-06T20:29:00.047000Z,lab-sensor-01,5710,5,authentication_failed|invalid_login|sshd|syslog,sshd,T1021.004|T1110.001,journald,38272,0,1,0,0,0,1,0,0,0,1,0,33,9,7,1,13,0,0,71,10,20,6,1,10,aggregate,same rule repeated >= 10 times in 5 minutes
wazuh-1788726542.2426534,2026-09-06T20:29:02.047000Z,lab-sensor-01,5710,5,authentication_failed|invalid_login|sshd|syslog,sshd,T1021.004|T1110.001,journald,38274,0,1,0,0,0,1,0,0,0,1,0,33,10,7,1,14,0,0,71,10,20,6,1,11,aggregate,same rule repeated >= 10 times in 5 minutes
wazuh-1788726556.2427542,2026-09-06T20:29:16.169000Z,target-kali-01,5501,3,authentication_success|pam|syslog,pam,T1078,journald,0,0,0,0,0,0,0,0,0,0,1,0,17,17,1,0,34,0,0,107,3,20,6,1,18,aggregate,same rule repeated >= 10 times in 5 minutes
wazuh-1788726576.2428470,2026-09-06T20:29:36.120000Z,lab-sensor-01,5710,5,authentication_failed|invalid_login|sshd|syslog,sshd,T1021.004|T1110.001,journald,60824,0,1,0,0,0,1,0,0,0,1,0,34,11,7,1,15,0,0,73,10,20,6,1,12,aggregate,same rule repeated >= 10 times in 5 minutes
wazuh-1788726576.2429019,2026-09-06T20:29:36.229000Z,target-kali-01,5501,3,authentication_success|pam|syslog,pam,T1078,journald,0,0,0,0,0,0,0,0,0,0,1,0,16,16,1,0,34,0,0,107,3,20,6,1,17,aggregate,same rule repeated >= 10 times in 5 minutes
wazuh-1788726578.2429462,2026-09-06T20:29:38.123000Z,lab-sensor-01,5710,5,authentication_failed|invalid_login|sshd|syslog,sshd,T1021.004|T1110.001,journald,36818,0,1,0,0,0,1,0,0,0,1,0,35,12,7,1,16,0,0,74,10,20,6,1,13,aggregate,same rule repeated >= 10 times in 5 minutes
wazuh-1788726582.2430011,2026-09-06T20:29:42.128000Z,lab-sensor-01,5710,5,authentication_failed|invalid_login|sshd|syslog,sshd,T1021.004|T1110.001,journald,36834,0,1,0,0,0,1,0,0,0,1,0,36,13,7,1,17,0,0,74,10,20,6,1,14,aggregate,same rule repeated >= 10 times in 5 minutes
wazuh-1788726599.2431019,2026-09-06T20:29:59.656000Z,target-kali-01,5501,3,authentication_success|pam|syslog,pam,T1078,journald,0,0,0,0,0,0,0,0,0,0,1,0,16,16,1,0,34,0,0,106,3,20,6,1,17,aggregate,same rule repeated >= 10 times in 5 minutes
wazuh-1788726617.2431947,2026-09-06T20:30:17.813000Z,target-kali-01,5501,3,authentication_success|pam|syslog,pam,T1078,journald,0,0,0,0,0,0,0,0,0,0,1,0,16,16,1,0,34,0,0,106,3,20,6,1,17,aggregate,same rule repeated >= 10 times in 5 minutes
wazuh-1788726631.2432390,2026-09-06T20:30:31.893000Z,target-kali-01,5501,3,authentication_success|pam|syslog,pam,T1078,journald,0,0,0,0,0,0,0,0,0,0,1,0,16,16,1,0,34,0,0,107,3,20,6,1,17,aggregate,same rule repeated >= 10 times in 5 minutes
wazuh-1788726632.2432833,2026-09-06T20:30:32.216000Z,lab-sensor-01,5710,5,authentication_failed|invalid_login|sshd|syslog,sshd,T1021.004|T1110.001,journald,60104,0,1,0,0,0,1,0,0,0,1,0,32,14,7,1,18,0,0,73,10,20,6,1,15,aggregate,same rule repeated >= 10 times in 5 minutes
wazuh-1788726638.2434716,2026-09-06T20:30:38.227000Z,lab-sensor-01,5710,5,authentication_failed|invalid_login|sshd|syslog,sshd,T1021.004|T1110.001,journald,60118,0,1,0,0,0,1,0,0,0,1,0,31,15,7,2,20,0,0,75,10,20,6,1,16,aggregate,same rule repeated >= 10 times in 5 minutes
wazuh-1788726650.2435265,2026-09-06T20:30:50.899000Z,target-kali-01,5501,3,authentication_success|pam|syslog,pam,T1078,journald,0,0,0,0,0,0,0,0,0,0,1,0,16,16,1,0,34,0,0,107,3,20,6,1,17,aggregate,same rule repeated >= 10 times in 5 minutes
wazuh-1788726672.2436652,2026-09-06T20:31:12.672000Z,target-kali-01,5501,3,authentication_success|pam|syslog,pam,T1078,journald,0,0,0,0,0,0,0,0,0,0,1,0,16,16,1,0,33,0,0,106,3,20,6,1,17,aggregate,same rule repeated >= 10 times in 5 minutes
wazuh-1788726691.2437095,2026-09-06T20:31:31.144000Z,target-kali-01,5501,3,authentication_success|pam|syslog,pam,T1078,journald,0,0,0,0,0,0,0,0,0,0,1,0,16,16,1,0,33,0,0,105,3,20,6,1,17,aggregate,same rule repeated >= 10 times in 5 minutes
wazuh-1788726703.2437538,2026-09-06T20:31:43.180000Z,target-kali-01,5501,3,authentication_success|pam|syslog,pam,T1078,journald,0,0,0,0,0,0,0,0,0,0,1,0,16,16,1,0,33,0,0,106,3,20,6,1,17,aggregate,same rule repeated >= 10 times in 5 minutes
wazuh-1788726723.2437981,2026-09-06T20:32:03.279000Z,target-kali-01,5501,3,authentication_success|pam|syslog,pam,T1078,journald,0,0,0,0,0,0,0,0,0,0,1,0,16,16,1,0,33,0,0,106,3,20,6,1,17,aggregate,same rule repeated >= 10 times in 5 minutes
wazuh-1788726733.2438797,2026-09-06T20:32:13.354000Z,target-kali-01,5501,3,authentication_success|pam|syslog,pam,T1078,journald,0,0,0,0,0,0,0,0,0,0,1,0,16,16,1,0,34,0,0,106,3,20,6,1,17,aggregate,same rule repeated >= 10 times in 5 minutes
wazuh-1788726749.2439240,2026-09-06T20:32:29.690000Z,target-kali-01,5501,3,authentication_success|pam|syslog,pam,T1078,journald,0,0,0,0,0,0,0,0,0,0,1,0,17,17,1,0,34,0,0,106,3,20,6,1,18,aggregate,same rule repeated >= 10 times in 5 minutes
wazuh-1788726772.2442058,2026-09-06T20:32:52.225000Z,target-kali-01,5501,3,authentication_success|pam|syslog,pam,T1078,journald,0,0,0,0,0,0,0,0,0,0,1,0,16,16,1,0,33,0,0,106,3,20,6,1,17,aggregate,same rule repeated >= 10 times in 5 minutes
wazuh-1788726784.2442501,2026-09-06T20:33:04.795000Z,target-kali-01,5501,3,authentication_success|pam|syslog,pam,T1078,journald,0,0,0,0,0,0,0,0,0,0,1,0,16,16,1,0,33,0,0,106,3,20,6,1,17,aggregate,same rule repeated >= 10 times in 5 minutes
wazuh-1788726800.2442944,2026-09-06T20:33:20.889000Z,target-kali-01,5501,3,authentication_success|pam|syslog,pam,T1078,journald,0,0,0,0,0,0,0,0,0,0,1,0,16,16,1,0,33,0,0,106,3,20,6,1,17,aggregate,same rule repeated >= 10 times in 5 minutes
wazuh-1788726813.2443387,2026-09-06T20:33:33.231000Z,target-kali-01,5501,3,authentication_success|pam|syslog,pam,T1078,journald,0,0,0,0,0,0,0,0,0,0,1,0,17,17,1,0,33,0,0,106,3,20,6,1,18,aggregate,same rule repeated >= 10 times in 5 minutes
wazuh-1788726823.2443830,2026-09-06T20:33:43.461000Z,target-kali-01,5501,3,authentication_success|pam|syslog,pam,T1078,journald,0,0,0,0,0,0,0,0,0,0,1,0,17,17,1,0,34,0,0,107,3,20,6,1,18,aggregate,same rule repeated >= 10 times in 5 minutes
wazuh-1788726842.2444273,2026-09-06T20:34:02.364000Z,target-kali-01,5501,3,authentication_success|pam|syslog,pam,T1078,journald,0,0,0,0,0,0,0,0,0,0,1,0,17,17,1,0,34,0,0,107,3,20,6,1,18,aggregate,same rule repeated >= 10 times in 5 minutes
wazuh-1788726860.2446363,2026-09-06T20:34:20.413000Z,target-kali-01,5501,3,authentication_success|pam|syslog,pam,T1078,journald,0,0,0,0,0,0,0,0,0,0,1,0,17,17,1,0,34,0,0,107,3,20,6,1,18,aggregate,same rule repeated >= 10 times in 5 minutes
wazuh-1788726875.2447355,2026-09-06T20:34:35.313000Z,target-kali-01,5501,3,authentication_success|pam|syslog,pam,T1078,journald,0,0,0,0,0,0,0,0,0,0,1,0,18,18,1,0,34,0,0,107,3,20,6,1,19,aggregate,same rule repeated >= 10 times in 5 minutes
wazuh-1788726893.2448896,2026-09-06T20:34:53.504000Z,target-kali-01,5501,3,authentication_success|pam|syslog,pam,T1078,journald,0,0,0,0,0,0,0,0,0,0,1,0,18,18,1,0,34,0,0,107,3,20,6,1,19,aggregate,same rule repeated >= 10 times in 5 minutes
wazuh-1788726913.2450832,2026-09-06T20:35:13.517000Z,target-kali-01,5501,3,authentication_success|pam|syslog,pam,T1078,journald,0,0,0,0,0,0,0,0,0,0,1,0,18,18,1,0,34,0,0,107,3,20,6,1,19,aggregate,same rule repeated >= 10 times in 5 minutes
wazuh-1788726918.2452609,2026-09-06T20:35:18.763000Z,lab-sensor-01,5710,5,authentication_failed|invalid_login|sshd|syslog,sshd,T1021.004|T1110.001,journald,44146,0,1,0,0,0,1,0,0,0,1,0,20,9,7,3,26,0,0,83,10,20,6,1,10,aggregate,same rule repeated >= 10 times in 5 minutes
wazuh-1788726934.2453158,2026-09-06T20:35:34.589000Z,target-kali-01,5501,3,authentication_success|pam|syslog,pam,T1078,journald,0,0,0,0,0,0,0,0,0,0,1,0,17,17,1,0,34,0,0,106,3,20,6,1,18,aggregate,same rule repeated >= 10 times in 5 minutes
wazuh-1788726948.2453601,2026-09-06T20:35:48.658000Z,target-kali-01,5501,3,authentication_success|pam|syslog,pam,T1078,journald,0,0,0,0,0,0,0,0,0,0,1,0,18,18,1,0,35,0,0,106,3,20,6,1,19,aggregate,same rule repeated >= 10 times in 5 minutes
wazuh-1788726950.2454593,2026-09-06T20:35:50.845000Z,lab-sensor-01,5710,5,authentication_failed|invalid_login|sshd|syslog,sshd,T1021.004|T1110.001,journald,47394,0,1,0,0,0,1,0,0,0,1,0,19,9,7,3,28,0,0,85,10,20,6,1,10,aggregate,same rule repeated >= 10 times in 5 minutes
wazuh-1788726954.2455142,2026-09-06T20:35:54.849000Z,lab-sensor-01,5710,5,authentication_failed|invalid_login|sshd|syslog,sshd,T1021.004|T1110.001,journald,47406,0,1,0,0,0,1,0,0,0,1,0,19,10,7,3,29,0,0,86,10,20,6,1,11,aggregate,same rule repeated >= 10 times in 5 minutes
wazuh-1788726966.2455691,2026-09-06T20:36:06.734000Z,target-kali-01,5501,3,authentication_success|pam|syslog,pam,T1078,journald,0,0,0,0,0,0,0,0,0,0,1,0,18,18,1,0,34,0,0,105,3,20,6,1,19,aggregate,same rule repeated >= 10 times in 5 minutes
wazuh-1788726983.2456134,2026-09-06T20:36:23.681000Z,target-kali-01,5501,3,authentication_success|pam|syslog,pam,T1078,journald,0,0,0,0,0,0,0,0,0,0,1,0,18,18,1,0,34,0,0,105,3,20,6,1,19,aggregate,same rule repeated >= 10 times in 5 minutes
wazuh-1788726984.2456577,2026-09-06T20:36:24.948000Z,lab-sensor-01,5710,5,authentication_failed|invalid_login|sshd|syslog,sshd,T1021.004|T1110.001,journald,50192,0,1,0,0,0,1,0,0,0,1,0,19,11,7,3,27,0,0,87,10,20,6,1,12,aggregate,same rule repeated >= 10 times in 5 minutes
wazuh-1788726986.2457126,2026-09-06T20:36:26.973000Z,lab-sensor-01,5710,5,authentication_failed|invalid_login|sshd|syslog,sshd,T1021.004|T1110.001,journald,50202,0,1,0,0,0,1,0,0,0,1,0,20,12,7,3,28,0,0,87,10,20,6,1,13,aggregate,same rule repeated >= 10 times in 5 minutes
wazuh-1788726990.2457675,2026-09-06T20:36:30.979000Z,lab-sensor-01,5710,5,authentication_failed|invalid_login|sshd|syslog,sshd,T1021.004|T1110.001,journald,51610,0,1,0,0,0,1,0,0,0,1,0,21,13,7,3,29,0,0,88,10,20,6,1,14,aggregate,same rule repeated >= 10 times in 5 minutes
wazuh-1788727005.2458224,2026-09-06T20:36:45.819000Z,target-kali-01,5501,3,authentication_success|pam|syslog,pam,T1078,journald,0,0,0,0,0,0,0,0,0,0,1,0,17,17,1,0,34,0,0,105,3,20,6,1,18,aggregate,same rule repeated >= 10 times in 5 minutes
wazuh-1788727025.2459611,2026-09-06T20:37:05.915000Z,target-kali-01,5501,3,authentication_success|pam|syslog,pam,T1078,journald,0,0,0,0,0,0,0,0,0,0,1,0,17,17,1,0,34,0,0,105,3,20,6,1,18,aggregate,same rule repeated >= 10 times in 5 minutes
wazuh-1788727035.2460054,2026-09-06T20:37:15.963000Z,target-kali-01,5501,3,authentication_success|pam|syslog,pam,T1078,journald,0,0,0,0,0,0,0,0,0,0,1,0,17,17,1,0,34,0,0,105,3,20,6,1,18,aggregate,same rule repeated >= 10 times in 5 minutes
wazuh-1788727039.2461831,2026-09-06T20:37:19.081000Z,lab-sensor-01,5710,5,authentication_failed|invalid_login|sshd|syslog,sshd,T1021.004|T1110.001,journald,48212,0,1,0,0,0,1,0,0,0,1,0,25,14,7,4,28,0,0,88,10,20,6,1,15,aggregate,same rule repeated >= 10 times in 5 minutes
wazuh-1788727043.2462380,2026-09-06T20:37:23.087000Z,lab-sensor-01,5710,5,authentication_failed|invalid_login|sshd|syslog,sshd,T1021.004|T1110.001,journald,48224,0,1,0,0,0,1,0,0,0,1,0,26,15,7,4,29,0,0,88,10,20,6,1,16,aggregate,same rule repeated >= 10 times in 5 minutes
wazuh-1788727056.2463302,2026-09-06T20:37:36.075000Z,target-kali-01,5501,3,authentication_success|pam|syslog,pam,T1078,journald,0,0,0,0,0,0,0,0,0,0,1,0,17,17,1,0,34,0,0,105,3,20,6,1,18,aggregate,same rule repeated >= 10 times in 5 minutes
wazuh-1788727070.2463745,2026-09-06T20:37:50.160000Z,target-kali-01,5501,3,authentication_success|pam|syslog,pam,T1078,journald,0,0,0,0,0,0,0,0,0,0,1,0,18,18,1,0,34,0,0,106,3,20,6,1,19,aggregate,same rule repeated >= 10 times in 5 minutes
wazuh-1788727086.2464188,2026-09-06T20:38:06.239000Z,target-kali-01,5501,3,authentication_success|pam|syslog,pam,T1078,journald,0,0,0,0,0,0,0,0,0,0,1,0,17,17,1,0,34,0,0,106,3,20,6,1,18,aggregate,same rule repeated >= 10 times in 5 minutes
wazuh-1788727096.2464631,2026-09-06T20:38:16.523000Z,target-kali-01,5501,3,authentication_success|pam|syslog,pam,T1078,journald,0,0,0,0,0,0,0,0,0,0,1,0,18,18,1,0,35,0,0,106,3,20,6,1,19,aggregate,same rule repeated >= 10 times in 5 minutes
wazuh-1788727097.2465074,2026-09-06T20:38:17.156000Z,lab-sensor-01,5710,5,authentication_failed|invalid_login|sshd|syslog,sshd,T1021.004|T1110.001,journald,38190,0,1,0,0,0,1,0,0,0,1,0,22,16,7,3,27,0,0,86,10,20,6,1,17,aggregate,same rule repeated >= 10 times in 5 minutes
wazuh-1788727099.2465623,2026-09-06T20:38:19.158000Z,lab-sensor-01,5710,5,authentication_failed|invalid_login|sshd|syslog,sshd,T1021.004|T1110.001,journald,53608,0,1,0,0,0,1,0,0,0,1,0,23,17,7,3,28,0,0,87,10,20,6,1,18,aggregate,same rule repeated >= 10 times in 5 minutes
wazuh-1788727103.2466172,2026-09-06T20:38:23.162000Z,lab-sensor-01,5710,5,authentication_failed|invalid_login|sshd|syslog,sshd,T1021.004|T1110.001,journald,53614,0,1,0,0,0,1,0,0,0,1,0,24,18,7,3,29,0,0,88,10,20,6,1,19,aggregate,same rule repeated >= 10 times in 5 minutes
wazuh-1788727119.2466721,2026-09-06T20:38:39.157000Z,target-kali-01,5501,3,authentication_success|pam|syslog,pam,T1078,journald,0,0,0,0,0,0,0,0,0,0,1,0,17,17,1,0,35,0,0,106,3,20,6,1,18,aggregate,same rule repeated >= 10 times in 5 minutes
wazuh-1788727140.2469539,2026-09-06T20:39:00.169000Z,target-kali-01,5501,3,authentication_success|pam|syslog,pam,T1078,journald,0,0,0,0,0,0,0,0,0,0,1,0,17,17,1,0,34,0,0,105,3,20,6,1,18,aggregate,same rule repeated >= 10 times in 5 minutes
wazuh-1788727158.2470926,2026-09-06T20:39:18.774000Z,target-kali-01,5501,3,authentication_success|pam|syslog,pam,T1078,journald,0,0,0,0,0,0,0,0,0,0,1,0,17,17,1,0,34,0,0,105,3,20,6,1,18,aggregate,same rule repeated >= 10 times in 5 minutes
wazuh-1788727168.2471369,2026-09-06T20:39:28.803000Z,target-kali-01,5501,3,authentication_success|pam|syslog,pam,T1078,journald,0,0,0,0,0,0,0,0,0,0,1,0,17,17,1,0,35,0,0,106,3,20,6,1,18,aggregate,same rule repeated >= 10 times in 5 minutes
wazuh-1788727182.2471812,2026-09-06T20:39:42.839000Z,target-kali-01,5501,3,authentication_success|pam|syslog,pam,T1078,journald,0,0,0,0,0,0,0,0,0,0,1,0,17,17,1,0,35,0,0,106,3,20,6,1,18,aggregate,same rule repeated >= 10 times in 5 minutes
wazuh-1788727200.2472255,2026-09-06T20:40:00.987000Z,target-kali-01,5501,3,authentication_success|pam|syslog,pam,T1078,journald,0,0,0,0,0,0,0,0,0,0,1,0,17,17,1,0,35,0,0,105,3,20,6,1,18,aggregate,same rule repeated >= 10 times in 5 minutes
wazuh-1788727219.2472698,2026-09-06T20:40:19.397000Z,target-kali-01,5501,3,authentication_success|pam|syslog,pam,T1078,journald,0,0,0,0,0,0,0,0,0,0,1,0,17,17,1,0,35,0,0,105,3,20,6,1,18,aggregate,same rule repeated >= 10 times in 5 minutes
wazuh-1788727219.2473141,2026-09-06T20:40:19.469000Z,lab-sensor-01,5710,5,authentication_failed|invalid_login|sshd|syslog,sshd,T1021.004|T1110.001,journald,49886,0,1,0,0,0,1,0,0,0,1,0,21,11,7,3,24,0,0,86,10,20,6,1,12,aggregate,same rule repeated >= 10 times in 5 minutes
wazuh-1788727223.2473690,2026-09-06T20:40:23.474000Z,lab-sensor-01,5710,5,authentication_failed|invalid_login|sshd|syslog,sshd,T1021.004|T1110.001,journald,49890,0,1,0,0,0,1,0,0,0,1,0,22,12,7,3,25,0,0,87,10,20,6,1,13,aggregate,same rule repeated >= 10 times in 5 minutes
wazuh-1788727227.2474239,2026-09-06T20:40:27.478000Z,lab-sensor-01,5710,5,authentication_failed|invalid_login|sshd|syslog,sshd,T1021.004|T1110.001,journald,49894,0,1,0,0,0,1,0,0,0,1,0,23,13,7,3,26,0,0,88,10,20,6,1,14,aggregate,same rule repeated >= 10 times in 5 minutes
wazuh-1788727240.2474788,2026-09-06T20:40:40.127000Z,target-kali-01,5501,3,authentication_success|pam|syslog,pam,T1078,journald,0,0,0,0,0,0,0,0,0,0,1,0,17,17,1,0,35,0,0,105,3,20,6,1,18,aggregate,same rule repeated >= 10 times in 5 minutes
wazuh-1788727253.2475231,2026-09-06T20:40:53.494000Z,target-kali-01,5501,3,authentication_success|pam|syslog,pam,T1078,journald,0,0,0,0,0,0,0,0,0,0,1,0,17,17,1,0,35,0,0,105,3,20,6,1,18,aggregate,same rule repeated >= 10 times in 5 minutes
wazuh-1788727268.2475674,2026-09-06T20:41:08.615000Z,target-kali-01,5501,3,authentication_success|pam|syslog,pam,T1078,journald,0,0,0,0,0,0,0,0,0,0,1,0,17,17,1,0,36,0,0,105,3,20,6,1,18,aggregate,same rule repeated >= 10 times in 5 minutes
wazuh-1788727286.2480988,2026-09-06T20:41:26.921000Z,target-kali-01,5501,3,authentication_success|pam|syslog,pam,T1078,journald,0,0,0,0,0,0,0,0,0,0,1,0,17,17,1,0,36,0,0,105,3,20,6,1,18,aggregate,same rule repeated >= 10 times in 5 minutes
wazuh-1788727307.2481916,2026-09-06T20:41:47.074000Z,target-kali-01,5501,3,authentication_success|pam|syslog,pam,T1078,journald,0,0,0,0,0,0,0,0,0,0,1,0,17,17,1,0,35,0,0,105,3,20,6,1,18,aggregate,same rule repeated >= 10 times in 5 minutes
wazuh-1788727330.2484734,2026-09-06T20:42:10.440000Z,target-kali-01,5501,3,authentication_success|pam|syslog,pam,T1078,journald,0,0,0,0,0,0,0,0,0,0,1,0,17,17,1,0,35,0,0,104,3,20,6,1,18,aggregate,same rule repeated >= 10 times in 5 minutes
wazuh-1788727342.2489585,2026-09-06T20:42:22.576000Z,target-kali-01,5501,3,authentication_success|pam|syslog,pam,T1078,journald,0,0,0,0,0,0,0,0,0,0,1,0,17,17,1,0,35,0,0,105,3,20,6,1,18,aggregate,same rule repeated >= 10 times in 5 minutes
wazuh-1788727352.2490028,2026-09-06T20:42:32.668000Z,target-kali-01,5501,3,authentication_success|pam|syslog,pam,T1078,journald,0,0,0,0,0,0,0,0,0,0,1,0,18,18,1,0,35,0,0,105,3,20,6,1,19,aggregate,same rule repeated >= 10 times in 5 minutes
wazuh-1788727362.2490930,2026-09-06T20:42:42.678000Z,target-kali-01,5501,3,authentication_success|pam|syslog,pam,T1078,journald,0,0,0,0,0,0,0,0,0,0,1,0,18,18,1,0,36,0,0,105,3,20,6,1,19,aggregate,same rule repeated >= 10 times in 5 minutes
wazuh-1788727383.2491858,2026-09-06T20:43:03.717000Z,target-kali-01,5501,3,authentication_success|pam|syslog,pam,T1078,journald,0,0,0,0,0,0,0,0,0,0,1,0,18,18,1,0,36,0,0,105,3,20,6,1,19,aggregate,same rule repeated >= 10 times in 5 minutes
wazuh-1788727403.2498356,2026-09-06T20:43:23.840000Z,target-kali-01,5501,3,authentication_success|pam|syslog,pam,T1078,journald,0,0,0,0,0,0,0,0,0,0,1,0,17,17,1,0,35,0,0,105,3,20,6,1,18,aggregate,same rule repeated >= 10 times in 5 minutes
wazuh-1788727415.2498799,2026-09-06T20:43:35.408000Z,target-kali-01,5501,3,authentication_success|pam|syslog,pam,T1078,journald,0,0,0,0,0,0,0,0,0,0,1,0,18,18,1,0,35,0,0,105,3,20,6,1,19,aggregate,same rule repeated >= 10 times in 5 minutes
wazuh-1788727429.2499615,2026-09-06T20:43:49.469000Z,target-kali-01,5501,3,authentication_success|pam|syslog,pam,T1078,journald,0,0,0,0,0,0,0,0,0,0,1,0,18,18,1,0,35,0,0,106,3,20,6,1,19,aggregate,same rule repeated >= 10 times in 5 minutes
wazuh-1788727449.2500058,2026-09-06T20:44:09.635000Z,target-kali-01,5501,3,authentication_success|pam|syslog,pam,T1078,journald,0,0,0,0,0,0,0,0,0,0,1,0,18,18,1,0,35,0,0,106,3,20,6,1,19,aggregate,same rule repeated >= 10 times in 5 minutes
wazuh-1788727459.2504913,2026-09-06T20:44:19.690000Z,target-kali-01,5501,3,authentication_success|pam|syslog,pam,T1078,journald,0,0,0,0,0,0,0,0,0,0,1,0,18,18,1,0,36,0,0,106,3,20,6,1,19,aggregate,same rule repeated >= 10 times in 5 minutes
wazuh-1788727471.2505356,2026-09-06T20:44:31.815000Z,target-kali-01,5501,3,authentication_success|pam|syslog,pam,T1078,journald,0,0,0,0,0,0,0,0,0,0,1,0,18,18,1,0,36,0,0,106,3,20,6,1,19,aggregate,same rule repeated >= 10 times in 5 minutes
wazuh-1788727491.2507905,2026-09-06T20:44:51.901000Z,target-kali-01,5501,3,authentication_success|pam|syslog,pam,T1078,journald,0,0,0,0,0,0,0,0,0,0,1,0,18,18,1,0,36,0,0,106,3,20,6,1,19,aggregate,same rule repeated >= 10 times in 5 minutes
wazuh-1788727512.2508833,2026-09-06T20:45:12.020000Z,target-kali-01,5501,3,authentication_success|pam|syslog,pam,T1078,journald,0,0,0,0,0,0,0,0,0,0,1,0,18,18,1,0,36,0,0,106,3,20,6,1,19,aggregate,same rule repeated >= 10 times in 5 minutes
wazuh-1788727514.2511480,2026-09-06T20:45:14.594000Z,film-laptop,86601,3,ids|suricata,json,none,/var/log/suricata/eve.json,68,67,1,1,0,0,1,0,0,0,0,0,10,9,2,0,0,0,0,0,3,20,6,1,10,aggregate,same rule repeated >= 10 times in 5 minutes
wazuh-1788727532.2513684,2026-09-06T20:45:32.078000Z,target-kali-01,5501,3,authentication_success|pam|syslog,pam,T1078,journald,0,0,0,0,0,0,0,0,0,0,1,0,18,18,1,0,36,0,0,106,3,20,6,1,19,aggregate,same rule repeated >= 10 times in 5 minutes
wazuh-1788727546.2514127,2026-09-06T20:45:46.473000Z,target-kali-01,5501,3,authentication_success|pam|syslog,pam,T1078,journald,0,0,0,0,0,0,0,0,0,0,1,0,18,18,1,0,36,0,0,106,3,20,6,1,19,aggregate,same rule repeated >= 10 times in 5 minutes
wazuh-1788727566.2516217,2026-09-06T20:46:06.688000Z,target-kali-01,5501,3,authentication_success|pam|syslog,pam,T1078,journald,0,0,0,0,0,0,0,0,0,0,1,0,18,18,1,0,36,0,0,106,3,20,6,1,19,aggregate,same rule repeated >= 10 times in 5 minutes
wazuh-1788727574.2518866,2026-09-06T20:46:14.662000Z,film-laptop,86601,3,ids|suricata,json,none,/var/log/suricata/eve.json,68,67,1,1,0,0,1,0,0,0,0,0,10,9,2,0,0,0,0,0,3,20,6,1,10,aggregate,same rule repeated >= 10 times in 5 minutes
wazuh-1788727583.2521072,2026-09-06T20:46:23.233000Z,target-kali-01,5501,3,authentication_success|pam|syslog,pam,T1078,journald,0,0,0,0,0,0,0,0,0,0,1,0,18,18,1,0,36,0,0,105,3,20,6,1,19,aggregate,same rule repeated >= 10 times in 5 minutes
wazuh-1788727597.2521515,2026-09-06T20:46:37.326000Z,target-kali-01,5501,3,authentication_success|pam|syslog,pam,T1078,journald,0,0,0,0,0,0,0,0,0,0,1,0,18,18,1,0,36,0,0,106,3,20,6,1,19,aggregate,same rule repeated >= 10 times in 5 minutes
wazuh-1788727609.2521958,2026-09-06T20:46:49.418000Z,target-kali-01,5501,3,authentication_success|pam|syslog,pam,T1078,journald,0,0,0,0,0,0,0,0,0,0,1,0,18,18,1,0,36,0,0,106,3,20,6,1,19,aggregate,same rule repeated >= 10 times in 5 minutes
wazuh-1788727623.2522860,2026-09-06T20:47:03.964000Z,target-kali-01,5501,3,authentication_success|pam|syslog,pam,T1078,journald,0,0,0,0,0,0,0,0,0,0,1,0,19,19,1,0,37,0,0,106,3,20,6,1,20,aggregate,same rule repeated >= 10 times in 5 minutes
wazuh-1788727634.2525992,2026-09-06T20:47:14.730000Z,film-laptop,86601,3,ids|suricata,json,none,/var/log/suricata/eve.json,68,67,1,1,0,0,1,0,0,0,0,0,10,9,2,0,0,0,0,0,3,20,6,1,10,aggregate,same rule repeated >= 10 times in 5 minutes
wazuh-1788727640.2528196,2026-09-06T20:47:20.786000Z,target-kali-01,5501,3,authentication_success|pam|syslog,pam,T1078,journald,0,0,0,0,0,0,0,0,0,0,1,0,19,19,1,0,36,0,0,106,3,20,6,1,20,aggregate,same rule repeated >= 10 times in 5 minutes
wazuh-1788727664.2531014,2026-09-06T20:47:44.594000Z,target-kali-01,5501,3,authentication_success|pam|syslog,pam,T1078,journald,0,0,0,0,0,0,0,0,0,0,1,0,17,17,1,0,36,0,0,106,3,20,6,1,18,aggregate,same rule repeated >= 10 times in 5 minutes
wazuh-1788727682.2533832,2026-09-06T20:48:02.707000Z,target-kali-01,5501,3,authentication_success|pam|syslog,pam,T1078,journald,0,0,0,0,0,0,0,0,0,0,1,0,18,18,1,0,36,0,0,106,3,20,6,1,19,aggregate,same rule repeated >= 10 times in 5 minutes
wazuh-1788727694.2536481,2026-09-06T20:48:14.795000Z,film-laptop,86601,3,ids|suricata,json,none,/var/log/suricata/eve.json,68,67,1,1,0,0,1,0,0,0,0,0,10,9,2,0,0,0,0,0,3,20,6,1,10,aggregate,same rule repeated >= 10 times in 5 minutes
wazuh-1788727696.2538687,2026-09-06T20:48:16.940000Z,target-kali-01,5501,3,authentication_success|pam|syslog,pam,T1078,journald,0,0,0,0,0,0,0,0,0,0,1,0,18,18,1,0,35,0,0,106,3,20,6,1,19,aggregate,same rule repeated >= 10 times in 5 minutes
wazuh-1788727709.2539130,2026-09-06T20:48:29.314000Z,target-kali-01,5501,3,authentication_success|pam|syslog,pam,T1078,journald,0,0,0,0,0,0,0,0,0,0,1,0,18,18,1,0,36,0,0,106,3,20,6,1,19,aggregate,same rule repeated >= 10 times in 5 minutes
wazuh-1788727721.2539573,2026-09-06T20:48:41.362000Z,target-kali-01,5501,3,authentication_success|pam|syslog,pam,T1078,journald,0,0,0,0,0,0,0,0,0,0,1,0,18,18,1,0,36,0,0,106,3,20,6,1,19,aggregate,same rule repeated >= 10 times in 5 minutes
wazuh-1788727735.2540016,2026-09-06T20:48:55.468000Z,target-kali-01,5501,3,authentication_success|pam|syslog,pam,T1078,journald,0,0,0,0,0,0,0,0,0,0,1,0,18,18,1,0,37,0,0,107,3,20,6,1,19,aggregate,same rule repeated >= 10 times in 5 minutes
wazuh-1788727746.2540459,2026-09-06T20:49:06.197000Z,target-kali-01,5501,3,authentication_success|pam|syslog,pam,T1078,journald,0,0,0,0,0,0,0,0,0,0,1,0,19,19,1,0,37,0,0,107,3,20,6,1,20,aggregate,same rule repeated >= 10 times in 5 minutes
wazuh-1788727756.2543479,2026-09-06T20:49:16.985000Z,film-laptop,86601,3,ids|suricata,json,none,/var/log/suricata/eve.json,68,67,1,1,0,0,1,0,0,0,0,0,10,9,2,0,0,0,0,0,3,20,6,1,10,aggregate,same rule repeated >= 10 times in 5 minutes
wazuh-1788727760.2545683,2026-09-06T20:49:20.269000Z,target-kali-01,5501,3,authentication_success|pam|syslog,pam,T1078,journald,0,0,0,0,0,0,0,0,0,0,1,0,18,18,1,0,37,0,0,107,3,20,6,1,19,aggregate,same rule repeated >= 10 times in 5 minutes
wazuh-1788727772.2546126,2026-09-06T20:49:32.493000Z,target-kali-01,5501,3,authentication_success|pam|syslog,pam,T1078,journald,0,0,0,0,0,0,0,0,0,0,1,0,18,18,1,0,37,0,0,107,3,20,6,1,19,aggregate,same rule repeated >= 10 times in 5 minutes
wazuh-1788727784.2546569,2026-09-06T20:49:44.750000Z,target-kali-01,5501,3,authentication_success|pam|syslog,pam,T1078,journald,0,0,0,0,0,0,0,0,0,0,1,0,19,19,1,0,37,0,0,107,3,20,6,1,20,aggregate,same rule repeated >= 10 times in 5 minutes
wazuh-1788727794.2547012,2026-09-06T20:49:54.987000Z,target-kali-01,5501,3,authentication_success|pam|syslog,pam,T1078,journald,0,0,0,0,0,0,0,0,0,0,1,0,19,19,1,0,38,0,0,108,3,20,6,1,20,aggregate,same rule repeated >= 10 times in 5 minutes
wazuh-1788727805.2547455,2026-09-06T20:50:05.588000Z,target-kali-01,5501,3,authentication_success|pam|syslog,pam,T1078,journald,0,0,0,0,0,0,0,0,0,0,1,0,20,20,1,0,38,0,0,108,3,20,6,1,21,aggregate,same rule repeated >= 10 times in 5 minutes
wazuh-1788727816.2550104,2026-09-06T20:50:16.984000Z,film-laptop,86601,3,ids|suricata,json,none,/var/log/suricata/eve.json,68,67,1,1,0,0,1,0,0,0,0,0,10,9,2,0,0,0,0,0,3,20,6,1,10,aggregate,same rule repeated >= 10 times in 5 minutes
wazuh-1788727825.2552859,2026-09-06T20:50:25.840000Z,target-kali-01,5501,3,authentication_success|pam|syslog,pam,T1078,journald,0,0,0,0,0,0,0,0,0,0,1,0,20,20,1,0,38,0,0,108,3,20,6,1,21,aggregate,same rule repeated >= 10 times in 5 minutes
wazuh-1788727847.2554400,2026-09-06T20:50:47.886000Z,target-kali-01,5501,3,authentication_success|pam|syslog,pam,T1078,journald,0,0,0,0,0,0,0,0,0,0,1,0,19,19,1,0,38,0,0,108,3,20,6,1,20,aggregate,same rule repeated >= 10 times in 5 minutes
wazuh-1788727870.2556490,2026-09-06T20:51:10.005000Z,target-kali-01,5501,3,authentication_success|pam|syslog,pam,T1078,journald,0,0,0,0,0,0,0,0,0,0,1,0,19,19,1,0,37,0,0,108,3,20,6,1,20,aggregate,same rule repeated >= 10 times in 5 minutes
wazuh-1788727877.2559139,2026-09-06T20:51:17.210000Z,film-laptop,86601,3,ids|suricata,json,none,/var/log/suricata/eve.json,68,67,1,1,0,0,1,0,0,0,0,0,10,9,2,0,0,0,0,0,3,20,6,1,10,aggregate,same rule repeated >= 10 times in 5 minutes
wazuh-1788727884.2561345,2026-09-06T20:51:24.346000Z,target-kali-01,5501,3,authentication_success|pam|syslog,pam,T1078,journald,0,0,0,0,0,0,0,0,0,0,1,0,19,19,1,0,38,0,0,107,3,20,6,1,20,aggregate,same rule repeated >= 10 times in 5 minutes
wazuh-1788727905.2562732,2026-09-06T20:51:45.682000Z,target-kali-01,5501,3,authentication_success|pam|syslog,pam,T1078,journald,0,0,0,0,0,0,0,0,0,0,1,0,19,19,1,0,38,0,0,107,3,20,6,1,20,aggregate,same rule repeated >= 10 times in 5 minutes
wazuh-1788727917.2563175,2026-09-06T20:51:57.695000Z,target-kali-01,5501,3,authentication_success|pam|syslog,pam,T1078,journald,0,0,0,0,0,0,0,0,0,0,1,0,19,19,1,0,38,0,0,108,3,20,6,1,20,aggregate,same rule repeated >= 10 times in 5 minutes
wazuh-1788727934.2563618,2026-09-06T20:52:14.778000Z,target-kali-01,5501,3,authentication_success|pam|syslog,pam,T1078,journald,0,0,0,0,0,0,0,0,0,0,1,0,19,19,1,0,38,0,0,108,3,20,6,1,20,aggregate,same rule repeated >= 10 times in 5 minutes
wazuh-1788727939.2566265,2026-09-06T20:52:19.068000Z,film-laptop,86601,3,ids|suricata,json,none,/var/log/suricata/eve.json,68,67,1,1,0,0,1,0,0,0,0,0,10,9,2,0,0,0,0,0,3,20,6,1,10,aggregate,same rule repeated >= 10 times in 5 minutes
wazuh-1788727944.2568469,2026-09-06T20:52:24.734000Z,target-kali-01,5501,3,authentication_success|pam|syslog,pam,T1078,journald,0,0,0,0,0,0,0,0,0,0,1,0,19,19,1,0,38,0,0,108,3,20,6,1,20,aggregate,same rule repeated >= 10 times in 5 minutes
wazuh-1788727965.2571287,2026-09-06T20:52:45.670000Z,target-kali-01,5501,3,authentication_success|pam|syslog,pam,T1078,journald,0,0,0,0,0,0,0,0,0,0,1,0,19,19,1,0,37,0,0,108,3,20,6,1,20,aggregate,same rule repeated >= 10 times in 5 minutes
wazuh-1788727988.2573377,2026-09-06T20:53:08.123000Z,target-kali-01,5501,3,authentication_success|pam|syslog,pam,T1078,journald,0,0,0,0,0,0,0,0,0,0,1,0,19,19,1,0,37,0,0,107,3,20,6,1,20,aggregate,same rule repeated >= 10 times in 5 minutes
wazuh-1788727999.2576026,2026-09-06T20:53:19.135000Z,film-laptop,86601,3,ids|suricata,json,none,/var/log/suricata/eve.json,68,67,1,1,0,0,1,0,0,0,0,0,10,9,2,0,0,0,0,0,3,20,6,1,10,aggregate,same rule repeated >= 10 times in 5 minutes
wazuh-1788728002.2578232,2026-09-06T20:53:22.226000Z,target-kali-01,5501,3,authentication_success|pam|syslog,pam,T1078,journald,0,0,0,0,0,0,0,0,0,0,1,0,19,19,1,0,38,0,0,107,3,20,6,1,20,aggregate,same rule repeated >= 10 times in 5 minutes
wazuh-1788728014.2578675,2026-09-06T20:53:34.270000Z,target-kali-01,5501,3,authentication_success|pam|syslog,pam,T1078,journald,0,0,0,0,0,0,0,0,0,0,1,0,19,19,1,0,38,0,0,107,3,20,6,1,20,aggregate,same rule repeated >= 10 times in 5 minutes
wazuh-1788728026.2579577,2026-09-06T20:53:46.347000Z,target-kali-01,5501,3,authentication_success|pam|syslog,pam,T1078,journald,0,0,0,0,0,0,0,0,0,0,1,0,19,19,1,0,38,0,0,108,3,20,6,1,20,aggregate,same rule repeated >= 10 times in 5 minutes
wazuh-1788728048.2580505,2026-09-06T20:54:08.458000Z,target-kali-01,5501,3,authentication_success|pam|syslog,pam,T1078,journald,0,0,0,0,0,0,0,0,0,0,1,0,18,18,1,0,38,0,0,108,3,20,6,1,19,aggregate,same rule repeated >= 10 times in 5 minutes
wazuh-1788728056.2580948,2026-09-06T20:54:16.458000Z,target-kali-01,5501,3,authentication_success|pam|syslog,pam,T1078,journald,0,0,0,0,0,0,0,0,0,0,1,0,19,19,1,0,38,0,0,109,3,20,6,1,20,aggregate,same rule repeated >= 10 times in 5 minutes
wazuh-1788728059.2584054,2026-09-06T20:54:19.202000Z,film-laptop,86601,3,ids|suricata,json,none,/var/log/suricata/eve.json,68,67,1,1,0,0,1,0,0,0,0,0,9,9,2,0,0,0,0,0,3,20,6,1,10,aggregate,same rule repeated >= 10 times in 5 minutes
wazuh-1788728076.2587116,2026-09-06T20:54:36.976000Z,target-kali-01,5501,3,authentication_success|pam|syslog,pam,T1078,journald,0,0,0,0,0,0,0,0,0,0,1,0,18,18,1,0,37,0,0,108,3,20,6,1,19,aggregate,same rule repeated >= 10 times in 5 minutes
wazuh-1788728087.2587559,2026-09-06T20:54:47.687000Z,target-kali-01,5501,3,authentication_success|pam|syslog,pam,T1078,journald,0,0,0,0,0,0,0,0,0,0,1,0,18,18,1,0,38,0,0,109,3,20,6,1,19,aggregate,same rule repeated >= 10 times in 5 minutes
wazuh-1788728109.2590377,2026-09-06T20:55:09.737000Z,target-kali-01,5501,3,authentication_success|pam|syslog,pam,T1078,journald,0,0,0,0,0,0,0,0,0,0,1,0,17,17,1,0,38,0,0,108,3,20,6,1,18,aggregate,same rule repeated >= 10 times in 5 minutes
wazuh-1788728119.2595401,2026-09-06T20:55:19.268000Z,film-laptop,86601,3,ids|suricata,json,none,/var/log/suricata/eve.json,68,67,1,1,0,0,1,0,0,0,0,0,10,9,2,0,0,0,0,0,3,20,6,1,10,aggregate,same rule repeated >= 10 times in 5 minutes
wazuh-1788728129.2597607,2026-09-06T20:55:29.836000Z,target-kali-01,5501,3,authentication_success|pam|syslog,pam,T1078,journald,0,0,0,0,0,0,0,0,0,0,1,0,17,17,1,0,38,0,0,108,3,20,6,1,18,aggregate,same rule repeated >= 10 times in 5 minutes
wazuh-1788728133.2598050,2026-09-06T20:55:33.034000Z,lab-sensor-01,31101,5,accesslog|attack|web,web-accesslog,none,/var/log/apache2/access.log,0,0,1,0,0,0,1,0,0,0,0,0,27,9,6,0,12,0,0,97,6,20,6,1,10,aggregate,same rule repeated >= 10 times in 5 minutes
wazuh-1788728135.2598492,2026-09-06T20:55:35.040000Z,lab-sensor-01,31101,5,accesslog|attack|web,web-accesslog,none,/var/log/apache2/access.log,0,0,1,0,0,0,1,0,0,0,0,0,28,10,6,0,12,0,0,97,6,20,6,1,11,aggregate,same rule repeated >= 10 times in 5 minutes
wazuh-1788728137.2598934,2026-09-06T20:55:37.045000Z,lab-sensor-01,31101,5,accesslog|attack|web,web-accesslog,none,/var/log/apache2/access.log,0,0,1,0,0,0,1,0,0,0,0,0,29,11,6,0,12,0,0,96,6,20,6,1,12,aggregate,same rule repeated >= 10 times in 5 minutes
wazuh-1788728153.2600425,2026-09-06T20:55:53.222000Z,target-kali-01,5501,3,authentication_success|pam|syslog,pam,T1078,journald,0,0,0,0,0,0,0,0,0,0,1,0,17,17,1,0,37,0,0,108,3,20,6,1,18,aggregate,same rule repeated >= 10 times in 5 minutes
wazuh-1788728173.2600868,2026-09-06T20:56:13.325000Z,target-kali-01,5501,3,authentication_success|pam|syslog,pam,T1078,journald,0,0,0,0,0,0,0,0,0,0,1,0,17,17,1,0,37,0,0,108,3,20,6,1,18,aggregate,same rule repeated >= 10 times in 5 minutes
wazuh-1788728179.2603515,2026-09-06T20:56:19.349000Z,film-laptop,86601,3,ids|suricata,json,none,/var/log/suricata/eve.json,68,67,1,1,0,0,1,0,0,0,0,0,10,9,2,0,0,0,0,0,3,20,6,1,10,aggregate,same rule repeated >= 10 times in 5 minutes
wazuh-1788728183.2605719,2026-09-06T20:56:23.617000Z,target-kali-01,5501,3,authentication_success|pam|syslog,pam,T1078,journald,0,0,0,0,0,0,0,0,0,0,1,0,18,18,1,0,37,0,0,108,3,20,6,1,19,aggregate,same rule repeated >= 10 times in 5 minutes
wazuh-1788728204.2606162,2026-09-06T20:56:44.106000Z,target-kali-01,5501,3,authentication_success|pam|syslog,pam,T1078,journald,0,0,0,0,0,0,0,0,0,0,1,0,18,18,1,0,37,0,0,108,3,20,6,1,19,aggregate,same rule repeated >= 10 times in 5 minutes
wazuh-1788728212.2606605,2026-09-06T20:56:52.357000Z,target-kali-01,5501,3,authentication_success|pam|syslog,pam,T1078,journald,0,0,0,0,0,0,0,0,0,0,1,0,18,18,1,0,37,0,0,109,3,20,6,1,19,aggregate,same rule repeated >= 10 times in 5 minutes
wazuh-1788728230.2607992,2026-09-06T20:57:10.421000Z,target-kali-01,5501,3,authentication_success|pam|syslog,pam,T1078,journald,0,0,0,0,0,0,0,0,0,0,1,0,18,18,1,0,37,0,0,108,3,20,6,1,19,aggregate,same rule repeated >= 10 times in 5 minutes
wazuh-1788728239.2610641,2026-09-06T20:57:19.406000Z,film-laptop,86601,3,ids|suricata,json,none,/var/log/suricata/eve.json,68,67,1,1,0,0,1,0,0,0,0,0,10,9,2,0,0,0,0,0,3,20,6,1,10,aggregate,same rule repeated >= 10 times in 5 minutes
wazuh-1788728248.2612847,2026-09-06T20:57:28.528000Z,target-kali-01,5501,3,authentication_success|pam|syslog,pam,T1078,journald,0,0,0,0,0,0,0,0,0,0,1,0,17,17,1,0,37,0,0,109,3,20,6,1,18,aggregate,same rule repeated >= 10 times in 5 minutes
wazuh-1788728260.2613290,2026-09-06T20:57:40.626000Z,target-kali-01,5501,3,authentication_success|pam|syslog,pam,T1078,journald,0,0,0,0,0,0,0,0,0,0,1,0,18,18,1,0,38,0,0,109,3,20,6,1,19,aggregate,same rule repeated >= 10 times in 5 minutes
wazuh-1788728261.2613733,2026-09-06T20:57:41.266000Z,lab-sensor-01,31101,5,accesslog|attack|web,web-accesslog,none,/var/log/apache2/access.log,0,0,1,0,0,0,1,0,0,0,0,0,24,9,6,0,9,0,0,92,6,20,6,1,10,aggregate,same rule repeated >= 10 times in 5 minutes
wazuh-1788728263.2614175,2026-09-06T20:57:43.277000Z,lab-sensor-01,31101,5,accesslog|attack|web,web-accesslog,none,/var/log/apache2/access.log,0,0,1,0,0,0,1,0,0,0,0,0,25,10,6,0,9,0,0,92,6,20,6,1,11,aggregate,same rule repeated >= 10 times in 5 minutes
wazuh-1788728265.2614617,2026-09-06T20:57:45.282000Z,lab-sensor-01,31101,5,accesslog|attack|web,web-accesslog,none,/var/log/apache2/access.log,0,0,1,0,0,0,1,0,0,0,0,0,26,11,6,0,9,0,0,92,6,20,6,1,12,aggregate,same rule repeated >= 10 times in 5 minutes
wazuh-1788728283.2616567,2026-09-06T20:58:03.802000Z,target-kali-01,5501,3,authentication_success|pam|syslog,pam,T1078,journald,0,0,0,0,0,0,0,0,0,0,1,0,18,18,1,0,37,0,0,108,3,20,6,1,19,aggregate,same rule repeated >= 10 times in 5 minutes
wazuh-1788728301.2619705,2026-09-06T20:58:21.724000Z,film-laptop,86601,3,ids|suricata,json,none,/var/log/suricata/eve.json,68,67,1,1,0,0,1,0,0,0,0,0,10,9,2,0,0,0,0,0,3,20,6,1,10,aggregate,same rule repeated >= 10 times in 5 minutes
wazuh-1788728302.2621915,2026-09-06T20:58:22.575000Z,target-kali-01,5501,3,authentication_success|pam|syslog,pam,T1078,journald,0,0,0,0,0,0,0,0,0,0,1,0,17,17,1,0,37,0,0,108,3,20,6,1,18,aggregate,same rule repeated >= 10 times in 5 minutes
wazuh-1788728314.2622358,2026-09-06T20:58:34.668000Z,target-kali-01,5501,3,authentication_success|pam|syslog,pam,T1078,journald,0,0,0,0,0,0,0,0,0,0,1,0,17,17,1,0,37,0,0,109,3,20,6,1,18,aggregate,same rule repeated >= 10 times in 5 minutes
wazuh-1788728326.2622801,2026-09-06T20:58:46.703000Z,target-kali-01,5501,3,authentication_success|pam|syslog,pam,T1078,journald,0,0,0,0,0,0,0,0,0,0,1,0,17,17,1,0,37,0,0,109,3,20,6,1,18,aggregate,same rule repeated >= 10 times in 5 minutes
wazuh-1788728347.2624891,2026-09-06T20:59:07.107000Z,target-kali-01,5501,3,authentication_success|pam|syslog,pam,T1078,journald,0,0,0,0,0,0,0,0,0,0,1,0,18,18,1,0,36,0,0,109,3,20,6,1,19,aggregate,same rule repeated >= 10 times in 5 minutes
wazuh-1788728361.2627538,2026-09-06T20:59:21.618000Z,film-laptop,86601,3,ids|suricata,json,none,/var/log/suricata/eve.json,68,67,1,1,0,0,1,0,0,0,0,0,10,9,2,0,0,0,0,0,3,20,6,1,10,aggregate,same rule repeated >= 10 times in 5 minutes
wazuh-1788728362.2630201,2026-09-06T20:59:22.116000Z,target-kali-01,5501,3,authentication_success|pam|syslog,pam,T1078,journald,0,0,0,0,0,0,0,0,0,0,1,0,17,17,1,0,36,0,0,109,3,20,6,1,18,aggregate,same rule repeated >= 10 times in 5 minutes
wazuh-1788728380.2631129,2026-09-06T20:59:40.774000Z,target-kali-01,5501,3,authentication_success|pam|syslog,pam,T1078,journald,0,0,0,0,0,0,0,0,0,0,1,0,17,17,1,0,36,0,0,109,3,20,6,1,18,aggregate,same rule repeated >= 10 times in 5 minutes
wazuh-1788728400.2631572,2026-09-06T21:00:00.992000Z,target-kali-01,5501,3,authentication_success|pam|syslog,pam,T1078,journald,0,0,0,0,0,0,0,0,0,0,1,0,17,17,1,0,35,0,0,109,3,21,6,1,18,aggregate,same rule repeated >= 10 times in 5 minutes
wazuh-1788728421.2635868,2026-09-06T21:00:21.623000Z,film-laptop,86601,3,ids|suricata,json,none,/var/log/suricata/eve.json,68,67,1,1,0,0,1,0,0,0,0,0,9,9,2,0,0,0,0,0,3,21,6,1,10,aggregate,same rule repeated >= 10 times in 5 minutes
wazuh-1788728425.2638074,2026-09-06T21:00:25.432000Z,target-kali-01,5501,3,authentication_success|pam|syslog,pam,T1078,journald,0,0,0,0,0,0,0,0,0,0,1,0,17,17,1,0,35,0,0,109,3,21,6,1,18,aggregate,same rule repeated >= 10 times in 5 minutes
wazuh-1788728439.2638517,2026-09-06T21:00:39.469000Z,target-kali-01,5501,3,authentication_success|pam|syslog,pam,T1078,journald,0,0,0,0,0,0,0,0,0,0,1,0,17,17,1,0,35,0,0,109,3,21,6,1,18,aggregate,same rule repeated >= 10 times in 5 minutes
wazuh-1788728464.2641708,2026-09-06T21:01:04.613000Z,target-kali-01,5501,3,authentication_success|pam|syslog,pam,T1078,journald,0,0,0,0,0,0,0,0,0,0,1,0,17,17,1,0,35,0,0,109,3,21,6,1,18,aggregate,same rule repeated >= 10 times in 5 minutes
wazuh-1788728475.2642151,2026-09-06T21:01:15.516000Z,target-kali-01,5501,3,authentication_success|pam|syslog,pam,T1078,journald,0,0,0,0,0,0,0,0,0,0,1,0,17,17,1,0,35,0,0,109,3,21,6,1,18,aggregate,same rule repeated >= 10 times in 5 minutes
wazuh-1788728483.2644798,2026-09-06T21:01:23.673000Z,film-laptop,86601,3,ids|suricata,json,none,/var/log/suricata/eve.json,68,67,1,1,0,0,1,0,0,0,0,0,10,9,2,0,0,0,0,0,3,21,6,1,10,aggregate,same rule repeated >= 10 times in 5 minutes
wazuh-1788728489.2647002,2026-09-06T21:01:29.755000Z,target-kali-01,5501,3,authentication_success|pam|syslog,pam,T1078,journald,0,0,0,0,0,0,0,0,0,0,1,0,17,17,1,0,35,0,0,110,3,21,6,1,18,aggregate,same rule repeated >= 10 times in 5 minutes
wazuh-1788728503.2647994,2026-09-06T21:01:43.817000Z,target-kali-01,5501,3,authentication_success|pam|syslog,pam,T1078,journald,0,0,0,0,0,0,0,0,0,0,1,0,18,18,1,0,36,0,0,109,3,21,6,1,19,aggregate,same rule repeated >= 10 times in 5 minutes
wazuh-1788728523.2649535,2026-09-06T21:02:03.876000Z,target-kali-01,5501,3,authentication_success|pam|syslog,pam,T1078,journald,0,0,0,0,0,0,0,0,0,0,1,0,17,17,1,0,35,0,0,109,3,21,6,1,18,aggregate,same rule repeated >= 10 times in 5 minutes
wazuh-1788728543.2654559,2026-09-06T21:02:23.783000Z,film-laptop,86601,3,ids|suricata,json,none,/var/log/suricata/eve.json,68,67,1,1,0,0,1,0,0,0,0,0,10,9,2,0,0,0,0,0,3,21,6,1,10,aggregate,same rule repeated >= 10 times in 5 minutes
wazuh-1788728544.2656765,2026-09-06T21:02:24.053000Z,target-kali-01,5501,3,authentication_success|pam|syslog,pam,T1078,journald,0,0,0,0,0,0,0,0,0,0,1,0,17,17,1,0,35,0,0,109,3,21,6,1,18,aggregate,same rule repeated >= 10 times in 5 minutes
wazuh-1788728560.2657667,2026-09-06T21:02:40.221000Z,target-kali-01,5501,3,authentication_success|pam|syslog,pam,T1078,journald,0,0,0,0,0,0,0,0,0,0,1,0,17,17,1,0,35,0,0,109,3,21,6,1,18,aggregate,same rule repeated >= 10 times in 5 minutes
wazuh-1788728578.2658595,2026-09-06T21:02:58.667000Z,target-kali-01,5501,3,authentication_success|pam|syslog,pam,T1078,journald,0,0,0,0,0,0,0,0,0,0,1,0,17,17,1,0,35,0,0,109,3,21,6,1,18,aggregate,same rule repeated >= 10 times in 5 minutes
wazuh-1788728599.2659038,2026-09-06T21:03:19.791000Z,target-kali-01,5501,3,authentication_success|pam|syslog,pam,T1078,journald,0,0,0,0,0,0,0,0,0,0,1,0,17,17,1,0,35,0,0,109,3,21,6,1,18,aggregate,same rule repeated >= 10 times in 5 minutes
wazuh-1788728603.2661687,2026-09-06T21:03:23.812000Z,film-laptop,86601,3,ids|suricata,json,none,/var/log/suricata/eve.json,68,67,1,1,0,0,1,0,0,0,0,0,10,9,2,0,0,0,0,0,3,21,6,1,10,aggregate,same rule repeated >= 10 times in 5 minutes
wazuh-1788728611.2663893,2026-09-06T21:03:31.880000Z,target-kali-01,5501,3,authentication_success|pam|syslog,pam,T1078,journald,0,0,0,0,0,0,0,0,0,0,1,0,17,17,1,0,35,0,0,109,3,21,6,1,18,aggregate,same rule repeated >= 10 times in 5 minutes
wazuh-1788728635.2666711,2026-09-06T21:03:55.960000Z,target-kali-01,5501,3,authentication_success|pam|syslog,pam,T1078,journald,0,0,0,0,0,0,0,0,0,0,1,0,16,16,1,0,34,0,0,108,3,21,6,1,17,aggregate,same rule repeated >= 10 times in 5 minutes
wazuh-1788728648.2667154,2026-09-06T21:04:08.015000Z,target-kali-01,5501,3,authentication_success|pam|syslog,pam,T1078,journald,0,0,0,0,0,0,0,0,0,0,1,0,16,16,1,0,35,0,0,108,3,21,6,1,17,aggregate,same rule repeated >= 10 times in 5 minutes
wazuh-1788728662.2667597,2026-09-06T21:04:22.451000Z,target-kali-01,5501,3,authentication_success|pam|syslog,pam,T1078,journald,0,0,0,0,0,0,0,0,0,0,1,0,16,16,1,0,34,0,0,108,3,21,6,1,17,aggregate,same rule repeated >= 10 times in 5 minutes
wazuh-1788728665.2670246,2026-09-06T21:04:25.882000Z,film-laptop,86601,3,ids|suricata,json,none,/var/log/suricata/eve.json,68,67,1,1,0,0,1,0,0,0,0,0,10,9,2,0,0,0,0,0,3,21,6,1,10,aggregate,same rule repeated >= 10 times in 5 minutes
wazuh-1788728680.2672452,2026-09-06T21:04:40.722000Z,target-kali-01,5501,3,authentication_success|pam|syslog,pam,T1078,journald,0,0,0,0,0,0,0,0,0,0,1,0,17,17,1,0,34,0,0,108,3,21,6,1,18,aggregate,same rule repeated >= 10 times in 5 minutes
wazuh-1788728691.2672895,2026-09-06T21:04:51.721000Z,target-kali-01,5501,3,authentication_success|pam|syslog,pam,T1078,journald,0,0,0,0,0,0,0,0,0,0,1,0,17,17,1,0,34,0,0,109,3,21,6,1,18,aggregate,same rule repeated >= 10 times in 5 minutes
wazuh-1788728694.2673338,2026-09-06T21:04:54.035000Z,lab-sensor-01,31101,5,accesslog|attack|web,web-accesslog,none,/var/log/apache2/access.log,0,0,1,0,0,0,1,0,0,0,0,0,23,9,6,0,9,0,0,85,6,21,6,1,10,aggregate,same rule repeated >= 10 times in 5 minutes
wazuh-1788728696.2673780,2026-09-06T21:04:56.038000Z,lab-sensor-01,31101,5,accesslog|attack|web,web-accesslog,none,/var/log/apache2/access.log,0,0,1,0,0,0,1,0,0,0,0,0,24,10,6,0,9,0,0,84,6,21,6,1,11,aggregate,same rule repeated >= 10 times in 5 minutes
wazuh-1788728698.2674222,2026-09-06T21:04:58.042000Z,lab-sensor-01,31101,5,accesslog|attack|web,web-accesslog,none,/var/log/apache2/access.log,0,0,1,0,0,0,1,0,0,0,0,0,25,11,6,0,9,0,0,84,6,21,6,1,12,aggregate,same rule repeated >= 10 times in 5 minutes
wazuh-1788728711.2675713,2026-09-06T21:05:11.942000Z,target-kali-01,5501,3,authentication_success|pam|syslog,pam,T1078,journald,0,0,0,0,0,0,0,0,0,0,1,0,17,17,1,0,34,0,0,109,3,21,6,1,18,aggregate,same rule repeated >= 10 times in 5 minutes
wazuh-1788728725.2680009,2026-09-06T21:05:25.990000Z,film-laptop,86601,3,ids|suricata,json,none,/var/log/suricata/eve.json,68,67,1,1,0,0,1,0,0,0,0,0,10,9,2,0,0,0,0,0,3,21,6,1,10,aggregate,same rule repeated >= 10 times in 5 minutes
wazuh-1788728734.2682215,2026-09-06T21:05:34.785000Z,target-kali-01,5501,3,authentication_success|pam|syslog,pam,T1078,journald,0,0,0,0,0,0,0,0,0,0,1,0,17,17,1,0,34,0,0,108,3,21,6,1,18,aggregate,same rule repeated >= 10 times in 5 minutes
wazuh-1788728749.2682658,2026-09-06T21:05:49.519000Z,target-kali-01,5501,3,authentication_success|pam|syslog,pam,T1078,journald,0,0,0,0,0,0,0,0,0,0,1,0,17,17,1,0,35,0,0,108,3,21,6,1,18,aggregate,same rule repeated >= 10 times in 5 minutes
wazuh-1788728768.2683101,2026-09-06T21:06:08.546000Z,target-kali-01,5501,3,authentication_success|pam|syslog,pam,T1078,journald,0,0,0,0,0,0,0,0,0,0,1,0,17,17,1,0,35,0,0,108,3,21,6,1,18,aggregate,same rule repeated >= 10 times in 5 minutes
wazuh-1788728778.2684376,2026-09-06T21:06:18.638000Z,target-kali-01,5501,3,authentication_success|pam|syslog,pam,T1078,journald,0,0,0,0,0,0,0,0,0,0,1,0,17,17,1,0,35,0,0,109,3,21,6,1,18,aggregate,same rule repeated >= 10 times in 5 minutes
wazuh-1788728786.2687508,2026-09-06T21:06:26.054000Z,film-laptop,86601,3,ids|suricata,json,none,/var/log/suricata/eve.json,68,67,1,1,0,0,1,0,0,0,0,0,10,9,2,0,0,0,0,0,3,21,6,1,10,aggregate,same rule repeated >= 10 times in 5 minutes
wazuh-1788728799.2689712,2026-09-06T21:06:39.371000Z,target-kali-01,5501,3,authentication_success|pam|syslog,pam,T1078,journald,0,0,0,0,0,0,0,0,0,0,1,0,17,17,1,0,35,0,0,109,3,21,6,1,18,aggregate,same rule repeated >= 10 times in 5 minutes
wazuh-1788728811.2690155,2026-09-06T21:06:51.477000Z,target-kali-01,5501,3,authentication_success|pam|syslog,pam,T1078,journald,0,0,0,0,0,0,0,0,0,0,1,0,17,17,1,0,35,0,0,109,3,21,6,1,18,aggregate,same rule repeated >= 10 times in 5 minutes
wazuh-1788728823.2690598,2026-09-06T21:07:03.567000Z,target-kali-01,5501,3,authentication_success|pam|syslog,pam,T1078,journald,0,0,0,0,0,0,0,0,0,0,1,0,18,18,1,0,35,0,0,110,3,21,6,1,19,aggregate,same rule repeated >= 10 times in 5 minutes
wazuh-1788728835.2691590,2026-09-06T21:07:15.629000Z,target-kali-01,5501,3,authentication_success|pam|syslog,pam,T1078,journald,0,0,0,0,0,0,0,0,0,0,1,0,18,18,1,0,35,0,0,110,3,21,6,1,19,aggregate,same rule repeated >= 10 times in 5 minutes
wazuh-1788728846.2695337,2026-09-06T21:07:26.121000Z,film-laptop,86601,3,ids|suricata,json,none,/var/log/suricata/eve.json,68,67,1,1,0,0,1,0,0,0,0,0,10,9,2,0,0,0,0,0,3,21,6,1,10,aggregate,same rule repeated >= 10 times in 5 minutes
wazuh-1788728853.2697543,2026-09-06T21:07:33.722000Z,target-kali-01,5501,3,authentication_success|pam|syslog,pam,T1078,journald,0,0,0,0,0,0,0,0,0,0,1,0,18,18,1,0,35,0,0,110,3,21,6,1,19,aggregate,same rule repeated >= 10 times in 5 minutes
wazuh-1788728875.2699633,2026-09-06T21:07:55.837000Z,target-kali-01,5501,3,authentication_success|pam|syslog,pam,T1078,journald,0,0,0,0,0,0,0,0,0,0,1,0,18,18,1,0,35,0,0,109,3,21,6,1,19,aggregate,same rule repeated >= 10 times in 5 minutes
wazuh-1788728885.2700076,2026-09-06T21:08:05.898000Z,target-kali-01,5501,3,authentication_success|pam|syslog,pam,T1078,journald,0,0,0,0,0,0,0,0,0,0,1,0,18,18,1,0,35,0,0,110,3,21,6,1,19,aggregate,same rule repeated >= 10 times in 5 minutes
wazuh-1788728899.2700519,2026-09-06T21:08:19.964000Z,target-kali-01,5501,3,authentication_success|pam|syslog,pam,T1078,journald,0,0,0,0,0,0,0,0,0,0,1,0,18,18,1,0,36,0,0,109,3,21,6,1,19,aggregate,same rule repeated >= 10 times in 5 minutes
wazuh-1788728900.2700962,2026-09-06T21:08:20.561000Z,lab-sensor-01,5710,5,authentication_failed|invalid_login|sshd|syslog,sshd,T1021.004|T1110.001,journald,51204,0,1,0,0,0,1,0,0,0,1,0,21,9,6,0,18,0,0,79,6,21,6,1,10,aggregate,same rule repeated >= 10 times in 5 minutes
wazuh-1788728906.2702845,2026-09-06T21:08:26.569000Z,lab-sensor-01,5710,5,authentication_failed|invalid_login|sshd|syslog,sshd,T1021.004|T1110.001,journald,51212,0,1,0,0,0,1,0,0,0,1,0,23,10,7,1,20,0,0,80,10,21,6,1,11,aggregate,same rule repeated >= 10 times in 5 minutes
wazuh-1788728908.2705598,2026-09-06T21:08:28.189000Z,film-laptop,86601,3,ids|suricata,json,none,/var/log/suricata/eve.json,68,67,1,1,0,0,1,0,0,0,0,0,10,9,2,0,0,0,0,0,3,21,6,1,10,aggregate,same rule repeated >= 10 times in 5 minutes
wazuh-1788728920.2707802,2026-09-06T21:08:40.048000Z,target-kali-01,5501,3,authentication_success|pam|syslog,pam,T1078,journald,0,0,0,0,0,0,0,0,0,0,1,0,18,18,1,0,35,0,0,109,3,21,6,1,19,aggregate,same rule repeated >= 10 times in 5 minutes
wazuh-1788728938.2708245,2026-09-06T21:08:58.098000Z,target-kali-01,5501,3,authentication_success|pam|syslog,pam,T1078,journald,0,0,0,0,0,0,0,0,0,0,1,0,18,18,1,0,35,0,0,110,3,21,6,1,19,aggregate,same rule repeated >= 10 times in 5 minutes
wazuh-1788728960.2708688,2026-09-06T21:09:20.157000Z,target-kali-01,5501,3,authentication_success|pam|syslog,pam,T1078,journald,0,0,0,0,0,0,0,0,0,0,1,0,18,18,1,0,35,0,0,109,3,21,6,1,19,aggregate,same rule repeated >= 10 times in 5 minutes
wazuh-1788728960.2709131,2026-09-06T21:09:20.682000Z,lab-sensor-01,5710,5,authentication_failed|invalid_login|sshd|syslog,sshd,T1021.004|T1110.001,journald,38502,0,1,0,0,0,1,0,0,0,1,0,19,11,7,1,18,0,0,78,10,21,6,1,12,aggregate,same rule repeated >= 10 times in 5 minutes
wazuh-1788728962.2709680,2026-09-06T21:09:22.683000Z,lab-sensor-01,5710,5,authentication_failed|invalid_login|sshd|syslog,sshd,T1021.004|T1110.001,journald,38516,0,1,0,0,0,1,0,0,0,1,0,20,12,7,1,19,0,0,79,10,21,6,1,13,aggregate,same rule repeated >= 10 times in 5 minutes
wazuh-1788728966.2710229,2026-09-06T21:09:26.688000Z,lab-sensor-01,5710,5,authentication_failed|invalid_login|sshd|syslog,sshd,T1021.004|T1110.001,journald,38530,0,1,0,0,0,1,0,0,0,1,0,21,13,7,1,20,0,0,80,10,21,6,1,14,aggregate,same rule repeated >= 10 times in 5 minutes
wazuh-1788728968.2712984,2026-09-06T21:09:28.291000Z,film-laptop,86601,3,ids|suricata,json,none,/var/log/suricata/eve.json,68,67,1,1,0,0,1,0,0,0,0,0,10,9,2,0,0,0,0,0,3,21,6,1,10,aggregate,same rule repeated >= 10 times in 5 minutes
wazuh-1788728980.2715190,2026-09-06T21:09:40.220000Z,target-kali-01,5501,3,authentication_success|pam|syslog,pam,T1078,journald,0,0,0,0,0,0,0,0,0,0,1,0,18,18,1,0,35,0,0,109,3,21,6,1,19,aggregate,same rule repeated >= 10 times in 5 minutes
wazuh-1788729000.2718008,2026-09-06T21:10:00.305000Z,target-kali-01,5501,3,authentication_success|pam|syslog,pam,T1078,journald,0,0,0,0,0,0,0,0,0,0,1,0,17,17,1,0,35,0,0,109,3,21,6,1,18,aggregate,same rule repeated >= 10 times in 5 minutes
wazuh-1788729018.2720826,2026-09-06T21:10:18.656000Z,target-kali-01,5501,3,authentication_success|pam|syslog,pam,T1078,journald,0,0,0,0,0,0,0,0,0,0,1,0,17,17,1,0,35,0,0,109,3,21,6,1,18,aggregate,same rule repeated >= 10 times in 5 minutes
wazuh-1788729028.2723475,2026-09-06T21:10:28.358000Z,film-laptop,86601,3,ids|suricata,json,none,/var/log/suricata/eve.json,68,67,1,1,0,0,1,0,0,0,0,0,10,9,2,0,0,0,0,0,3,21,6,1,10,aggregate,same rule repeated >= 10 times in 5 minutes
wazuh-1788729034.2725681,2026-09-06T21:10:34.975000Z,target-kali-01,5501,3,authentication_success|pam|syslog,pam,T1078,journald,0,0,0,0,0,0,0,0,0,0,1,0,17,17,1,0,35,0,0,109,3,21,6,1,18,aggregate,same rule repeated >= 10 times in 5 minutes
wazuh-1788729051.2726124,2026-09-06T21:10:51.240000Z,target-kali-01,5501,3,authentication_success|pam|syslog,pam,T1078,journald,0,0,0,0,0,0,0,0,0,0,1,0,17,17,1,0,35,0,0,109,3,21,6,1,18,aggregate,same rule repeated >= 10 times in 5 minutes
wazuh-1788729067.2726567,2026-09-06T21:11:07.596000Z,target-kali-01,5501,3,authentication_success|pam|syslog,pam,T1078,journald,0,0,0,0,0,0,0,0,0,0,1,0,18,18,1,0,35,0,0,109,3,21,6,1,19,aggregate,same rule repeated >= 10 times in 5 minutes
wazuh-1788729082.2727010,2026-09-06T21:11:22.160000Z,target-kali-01,5501,3,authentication_success|pam|syslog,pam,T1078,journald,0,0,0,0,0,0,0,0,0,0,1,0,17,17,1,0,35,0,0,109,3,21,6,1,18,aggregate,same rule repeated >= 10 times in 5 minutes
wazuh-1788729090.2732032,2026-09-06T21:11:30.343000Z,film-laptop,86601,3,ids|suricata,json,none,/var/log/suricata/eve.json,68,67,1,1,0,0,1,0,0,0,0,0,9,9,2,0,0,0,0,0,3,21,6,1,10,aggregate,same rule repeated >= 10 times in 5 minutes
wazuh-1788729104.2734236,2026-09-06T21:11:44.894000Z,target-kali-01,5501,3,authentication_success|pam|syslog,pam,T1078,journald,0,0,0,0,0,0,0,0,0,0,1,0,17,17,1,0,34,0,0,109,3,21,6,1,18,aggregate,same rule repeated >= 10 times in 5 minutes
wazuh-1788729114.2734679,2026-09-06T21:11:54.925000Z,target-kali-01,5501,3,authentication_success|pam|syslog,pam,T1078,journald,0,0,0,0,0,0,0,0,0,0,1,0,17,17,1,0,35,0,0,109,3,21,6,1,18,aggregate,same rule repeated >= 10 times in 5 minutes
wazuh-1788729116.2735122,2026-09-06T21:11:56.938000Z,lab-sensor-01,31101,5,accesslog|attack|web,web-accesslog,none,/var/log/apache2/access.log,0,0,1,0,0,0,1,0,0,0,0,0,27,9,7,1,15,0,0,78,10,21,6,1,10,aggregate,same rule repeated >= 10 times in 5 minutes
wazuh-1788729118.2735564,2026-09-06T21:11:58.940000Z,lab-sensor-01,31101,5,accesslog|attack|web,web-accesslog,none,/var/log/apache2/access.log,0,0,1,0,0,0,1,0,0,0,0,0,28,10,7,1,15,0,0,78,10,21,6,1,11,aggregate,same rule repeated >= 10 times in 5 minutes
wazuh-1788729120.2736006,2026-09-06T21:12:00.967000Z,lab-sensor-01,31101,5,accesslog|attack|web,web-accesslog,none,/var/log/apache2/access.log,0,0,1,0,0,0,1,0,0,0,0,0,29,11,7,1,15,0,0,78,10,21,6,1,12,aggregate,same rule repeated >= 10 times in 5 minutes
wazuh-1788729136.2737497,2026-09-06T21:12:16.961000Z,target-kali-01,5501,3,authentication_success|pam|syslog,pam,T1078,journald,0,0,0,0,0,0,0,0,0,0,1,0,16,16,1,0,35,0,0,109,3,21,6,1,17,aggregate,same rule repeated >= 10 times in 5 minutes
wazuh-1788729137.2737940,2026-09-06T21:12:17.086000Z,lab-sensor-01,5710,5,authentication_failed|invalid_login|sshd|syslog,sshd,T1021.004|T1110.001,journald,42354,0,1,0,0,0,1,0,0,0,1,0,31,10,7,1,15,0,0,79,10,21,6,1,11,aggregate,same rule repeated >= 10 times in 5 minutes
wazuh-1788729141.2738489,2026-09-06T21:12:21.093000Z,lab-sensor-01,5710,5,authentication_failed|invalid_login|sshd|syslog,sshd,T1021.004|T1110.001,journald,34216,0,1,0,0,0,1,0,0,0,1,0,30,9,7,1,16,0,0,80,10,21,6,1,10,aggregate,same rule repeated >= 10 times in 5 minutes
wazuh-1788729143.2739038,2026-09-06T21:12:23.107000Z,lab-sensor-01,5710,5,authentication_failed|invalid_login|sshd|syslog,sshd,T1021.004|T1110.001,journald,34220,0,1,0,0,0,1,0,0,0,1,0,31,10,7,1,17,0,0,81,10,21,6,1,11,aggregate,same rule repeated >= 10 times in 5 minutes
wazuh-1788729150.2741793,2026-09-06T21:12:30.404000Z,film-laptop,86601,3,ids|suricata,json,none,/var/log/suricata/eve.json,68,67,1,1,0,0,1,0,0,0,0,0,9,9,2,0,0,0,0,0,3,21,6,1,10,aggregate,same rule repeated >= 10 times in 5 minutes
wazuh-1788729157.2744372,2026-09-06T21:12:37.128000Z,target-kali-01,5501,3,authentication_success|pam|syslog,pam,T1078,journald,0,0,0,0,0,0,0,0,0,0,1,0,16,16,1,0,35,0,0,108,3,21,6,1,17,aggregate,same rule repeated >= 10 times in 5 minutes
wazuh-1788729171.2745274,2026-09-06T21:12:51.881000Z,target-kali-01,5501,3,authentication_success|pam|syslog,pam,T1078,journald,0,0,0,0,0,0,0,0,0,0,1,0,17,17,1,0,35,0,0,108,3,21,6,1,18,aggregate,same rule repeated >= 10 times in 5 minutes
wazuh-1788729193.2746202,2026-09-06T21:13:13.163000Z,target-kali-01,5501,3,authentication_success|pam|syslog,pam,T1078,journald,0,0,0,0,0,0,0,0,0,0,1,0,16,16,1,0,35,0,0,108,3,21,6,1,17,aggregate,same rule repeated >= 10 times in 5 minutes
wazuh-1788729195.2746645,2026-09-06T21:13:15.121000Z,lab-sensor-01,31101,5,accesslog|attack|web,web-accesslog,none,/var/log/apache2/access.log,0,0,1,0,0,0,1,0,0,0,0,0,31,12,7,1,18,0,0,79,10,21,6,1,13,aggregate,same rule repeated >= 10 times in 5 minutes
wazuh-1788729197.2747087,2026-09-06T21:13:17.134000Z,lab-sensor-01,31101,5,accesslog|attack|web,web-accesslog,none,/var/log/apache2/access.log,0,0,1,0,0,0,1,0,0,0,0,0,32,13,7,1,18,0,0,79,10,21,6,1,14,aggregate,same rule repeated >= 10 times in 5 minutes
wazuh-1788729199.2747529,2026-09-06T21:13:19.140000Z,lab-sensor-01,31101,5,accesslog|attack|web,web-accesslog,none,/var/log/apache2/access.log,0,0,1,0,0,0,1,0,0,0,0,0,33,14,7,1,18,0,0,79,10,21,6,1,15,aggregate,same rule repeated >= 10 times in 5 minutes
wazuh-1788729210.2751224,2026-09-06T21:13:30.473000Z,film-laptop,86601,3,ids|suricata,json,none,/var/log/suricata/eve.json,68,67,1,1,0,0,1,0,0,0,0,0,10,9,2,0,0,0,0,0,3,21,6,1,10,aggregate,same rule repeated >= 10 times in 5 minutes
wazuh-1788729212.2753428,2026-09-06T21:13:32.164000Z,target-kali-01,5501,3,authentication_success|pam|syslog,pam,T1078,journald,0,0,0,0,0,0,0,0,0,0,1,0,16,16,1,0,34,0,0,108,3,21,6,1,17,aggregate,same rule repeated >= 10 times in 5 minutes
wazuh-1788729215.2753871,2026-09-06T21:13:35.175000Z,lab-sensor-01,31101,5,accesslog|attack|web,web-accesslog,none,/var/log/apache2/access.log,0,0,1,0,0,0,1,0,0,0,0,0,33,15,7,1,18,0,0,80,10,21,6,1,16,aggregate,same rule repeated >= 10 times in 5 minutes
wazuh-1788729217.2754313,2026-09-06T21:13:37.179000Z,lab-sensor-01,31101,5,accesslog|attack|web,web-accesslog,none,/var/log/apache2/access.log,0,0,1,0,0,0,1,0,0,0,0,0,34,16,7,1,18,0,0,80,10,21,6,1,17,aggregate,same rule repeated >= 10 times in 5 minutes
wazuh-1788729219.2754755,2026-09-06T21:13:39.181000Z,lab-sensor-01,31101,5,accesslog|attack|web,web-accesslog,none,/var/log/apache2/access.log,0,0,1,0,0,0,1,0,0,0,0,0,35,17,7,1,18,0,0,80,10,21,6,1,18,aggregate,same rule repeated >= 10 times in 5 minutes
wazuh-1788729235.2756246,2026-09-06T21:13:55.094000Z,target-kali-01,5501,3,authentication_success|pam|syslog,pam,T1078,journald,0,0,0,0,0,0,0,0,0,0,1,0,16,16,1,0,35,0,0,107,3,21,6,1,17,aggregate,same rule repeated >= 10 times in 5 minutes
wazuh-1788729255.2756689,2026-09-06T21:14:15.719000Z,target-kali-01,5501,3,authentication_success|pam|syslog,pam,T1078,journald,0,0,0,0,0,0,0,0,0,0,1,0,16,16,1,0,34,0,0,107,3,21,6,1,17,aggregate,same rule repeated >= 10 times in 5 minutes
wazuh-1788729265.2757132,2026-09-06T21:14:25.724000Z,target-kali-01,5501,3,authentication_success|pam|syslog,pam,T1078,journald,0,0,0,0,0,0,0,0,0,0,1,0,16,16,1,0,34,0,0,107,3,21,6,1,17,aggregate,same rule repeated >= 10 times in 5 minutes
wazuh-1788729270.2759781,2026-09-06T21:14:30.541000Z,film-laptop,86601,3,ids|suricata,json,none,/var/log/suricata/eve.json,68,67,1,1,0,0,1,0,0,0,0,0,10,9,2,0,0,0,0,0,3,21,6,1,10,aggregate,same rule repeated >= 10 times in 5 minutes
wazuh-1788729281.2761987,2026-09-06T21:14:41.943000Z,target-kali-01,5501,3,authentication_success|pam|syslog,pam,T1078,journald,0,0,0,0,0,0,0,0,0,0,1,0,16,16,1,0,34,0,0,107,3,21,6,1,17,aggregate,same rule repeated >= 10 times in 5 minutes
wazuh-1788729291.2762889,2026-09-06T21:14:51.954000Z,target-kali-01,5501,3,authentication_success|pam|syslog,pam,T1078,journald,0,0,0,0,0,0,0,0,0,0,1,0,17,17,1,0,34,0,0,107,3,21,6,1,18,aggregate,same rule repeated >= 10 times in 5 minutes
wazuh-1788729309.2763817,2026-09-06T21:15:09.995000Z,target-kali-01,5501,3,authentication_success|pam|syslog,pam,T1078,journald,0,0,0,0,0,0,0,0,0,0,1,0,17,17,1,0,35,0,0,108,3,21,6,1,18,aggregate,same rule repeated >= 10 times in 5 minutes
wazuh-1788729326.2764260,2026-09-06T21:15:26.551000Z,target-kali-01,5501,3,authentication_success|pam|syslog,pam,T1078,journald,0,0,0,0,0,0,0,0,0,0,1,0,17,17,1,0,35,0,0,108,3,21,6,1,18,aggregate,same rule repeated >= 10 times in 5 minutes
wazuh-1788729330.2766907,2026-09-06T21:15:30.607000Z,film-laptop,86601,3,ids|suricata,json,none,/var/log/suricata/eve.json,68,67,1,1,0,0,1,0,0,0,0,0,10,9,2,0,0,0,0,0,3,21,6,1,10,aggregate,same rule repeated >= 10 times in 5 minutes
wazuh-1788729336.2769111,2026-09-06T21:15:36.836000Z,target-kali-01,5501,3,authentication_success|pam|syslog,pam,T1078,journald,0,0,0,0,0,0,0,0,0,0,1,0,17,17,1,0,35,0,0,108,3,21,6,1,18,aggregate,same rule repeated >= 10 times in 5 minutes
wazuh-1788729339.2769554,2026-09-06T21:15:39.437000Z,lab-sensor-01,31101,5,accesslog|attack|web,web-accesslog,none,/var/log/apache2/access.log,0,0,1,0,0,0,1,0,0,0,0,0,27,12,7,1,15,0,0,78,10,21,6,1,13,aggregate,same rule repeated >= 10 times in 5 minutes
wazuh-1788729341.2769996,2026-09-06T21:15:41.443000Z,lab-sensor-01,31101,5,accesslog|attack|web,web-accesslog,none,/var/log/apache2/access.log,0,0,1,0,0,0,1,0,0,0,0,0,28,13,7,1,15,0,0,78,10,21,6,1,14,aggregate,same rule repeated >= 10 times in 5 minutes
wazuh-1788729343.2770438,2026-09-06T21:15:43.445000Z,lab-sensor-01,31101,5,accesslog|attack|web,web-accesslog,none,/var/log/apache2/access.log,0,0,1,0,0,0,1,0,0,0,0,0,29,14,7,1,15,0,0,78,10,21,6,1,15,aggregate,same rule repeated >= 10 times in 5 minutes
wazuh-1788729359.2771929,2026-09-06T21:15:59.896000Z,target-kali-01,5501,3,authentication_success|pam|syslog,pam,T1078,journald,0,0,0,0,0,0,0,0,0,0,1,0,17,17,1,0,35,0,0,108,3,21,6,1,18,aggregate,same rule repeated >= 10 times in 5 minutes
wazuh-1788729371.2772921,2026-09-06T21:16:11.924000Z,target-kali-01,5501,3,authentication_success|pam|syslog,pam,T1078,journald,0,0,0,0,0,0,0,0,0,0,1,0,17,17,1,0,35,0,0,108,3,21,6,1,18,aggregate,same rule repeated >= 10 times in 5 minutes
wazuh-1788729390.2776668,2026-09-06T21:16:30.758000Z,film-laptop,86601,3,ids|suricata,json,none,/var/log/suricata/eve.json,68,67,1,1,0,0,1,0,0,0,0,0,10,9,2,0,0,0,0,0,3,21,6,1,10,aggregate,same rule repeated >= 10 times in 5 minutes
wazuh-1788729392.2778874,2026-09-06T21:16:32.415000Z,target-kali-01,5501,3,authentication_success|pam|syslog,pam,T1078,journald,0,0,0,0,0,0,0,0,0,0,1,0,17,17,1,0,35,0,0,108,3,21,6,1,18,aggregate,same rule repeated >= 10 times in 5 minutes
wazuh-1788729400.2779317,2026-09-06T21:16:40.421000Z,target-kali-01,5501,3,authentication_success|pam|syslog,pam,T1078,journald,0,0,0,0,0,0,0,0,0,0,1,0,18,18,1,0,35,0,0,108,3,21,6,1,19,aggregate,same rule repeated >= 10 times in 5 minutes
wazuh-1788729414.2779760,2026-09-06T21:16:54.510000Z,target-kali-01,5501,3,authentication_success|pam|syslog,pam,T1078,journald,0,0,0,0,0,0,0,0,0,0,1,0,18,18,1,0,35,0,0,108,3,21,6,1,19,aggregate,same rule repeated >= 10 times in 5 minutes
wazuh-1788729428.2780203,2026-09-06T21:17:08.731000Z,target-kali-01,5501,3,authentication_success|pam|syslog,pam,T1078,journald,0,0,0,0,0,0,0,0,0,0,1,0,18,18,1,0,35,0,0,108,3,21,6,1,19,aggregate,same rule repeated >= 10 times in 5 minutes
wazuh-1788729443.2780646,2026-09-06T21:17:23.859000Z,target-kali-01,5501,3,authentication_success|pam|syslog,pam,T1078,journald,0,0,0,0,0,0,0,0,0,0,1,0,18,18,1,0,35,0,0,108,3,21,6,1,19,aggregate,same rule repeated >= 10 times in 5 minutes
wazuh-1788729452.2784940,2026-09-06T21:17:32.744000Z,film-laptop,86601,3,ids|suricata,json,none,/var/log/suricata/eve.json,68,67,1,1,0,0,1,0,0,0,0,0,10,9,2,0,0,0,0,0,3,21,6,1,10,aggregate,same rule repeated >= 10 times in 5 minutes
wazuh-1788729468.2787144,2026-09-06T21:17:48.289000Z,target-kali-01,5501,3,authentication_success|pam|syslog,pam,T1078,journald,0,0,0,0,0,0,0,0,0,0,1,0,18,18,1,0,35,0,0,108,3,21,6,1,19,aggregate,same rule repeated >= 10 times in 5 minutes
wazuh-1788729480.2787960,2026-09-06T21:18:00.468000Z,target-kali-01,5501,3,authentication_success|pam|syslog,pam,T1078,journald,0,0,0,0,0,0,0,0,0,0,1,0,18,18,1,0,35,0,0,109,3,21,6,1,19,aggregate,same rule repeated >= 10 times in 5 minutes
wazuh-1788729498.2788403,2026-09-06T21:18:18.544000Z,target-kali-01,5501,3,authentication_success|pam|syslog,pam,T1078,journald,0,0,0,0,0,0,0,0,0,0,1,0,18,18,1,0,35,0,0,108,3,21,6,1,19,aggregate,same rule repeated >= 10 times in 5 minutes
wazuh-1788729512.2793425,2026-09-06T21:18:32.875000Z,film-laptop,86601,3,ids|suricata,json,none,/var/log/suricata/eve.json,68,67,1,1,0,0,1,0,0,0,0,0,10,9,2,0,0,0,0,0,3,21,6,1,10,aggregate,same rule repeated >= 10 times in 5 minutes
wazuh-1788729518.2795629,2026-09-06T21:18:38.612000Z,target-kali-01,5501,3,authentication_success|pam|syslog,pam,T1078,journald,0,0,0,0,0,0,0,0,0,0,1,0,18,18,1,0,35,0,0,108,3,21,6,1,19,aggregate,same rule repeated >= 10 times in 5 minutes
wazuh-1788729529.2796072,2026-09-06T21:18:49.646000Z,target-kali-01,5501,3,authentication_success|pam|syslog,pam,T1078,journald,0,0,0,0,0,0,0,0,0,0,1,0,19,19,1,0,35,0,0,108,3,21,6,1,20,aggregate,same rule repeated >= 10 times in 5 minutes
wazuh-1788729540.2796515,2026-09-06T21:19:00.655000Z,target-kali-01,5501,3,authentication_success|pam|syslog,pam,T1078,journald,0,0,0,0,0,0,0,0,0,0,1,0,19,19,1,0,35,0,0,108,3,21,6,1,20,aggregate,same rule repeated >= 10 times in 5 minutes
wazuh-1788729554.2796958,2026-09-06T21:19:14.719000Z,target-kali-01,5501,3,authentication_success|pam|syslog,pam,T1078,journald,0,0,0,0,0,0,0,0,0,0,1,0,20,20,1,0,36,0,0,108,3,21,6,1,21,aggregate,same rule repeated >= 10 times in 5 minutes
wazuh-1788729572.2797401,2026-09-06T21:19:32.800000Z,target-kali-01,5501,3,authentication_success|pam|syslog,pam,T1078,journald,0,0,0,0,0,0,0,0,0,0,1,0,19,19,1,0,36,0,0,107,3,21,6,1,20,aggregate,same rule repeated >= 10 times in 5 minutes
wazuh-1788729573.2800050,2026-09-06T21:19:33.174000Z,film-laptop,86601,3,ids|suricata,json,none,/var/log/suricata/eve.json,68,67,1,1,0,0,1,0,0,0,0,0,10,9,2,0,0,0,0,0,3,21,6,1,10,aggregate,same rule repeated >= 10 times in 5 minutes
wazuh-1788729590.2802256,2026-09-06T21:19:50.348000Z,target-kali-01,5501,3,authentication_success|pam|syslog,pam,T1078,journald,0,0,0,0,0,0,0,0,0,0,1,0,19,19,1,0,36,0,0,107,3,21,6,1,20,aggregate,same rule repeated >= 10 times in 5 minutes
wazuh-1788729600.2803158,2026-09-06T21:20:00.789000Z,target-kali-01,5501,3,authentication_success|pam|syslog,pam,T1078,journald,0,0,0,0,0,0,0,0,0,0,1,0,19,19,1,0,36,0,0,107,3,21,6,1,20,aggregate,same rule repeated >= 10 times in 5 minutes
wazuh-1788729619.2804086,2026-09-06T21:20:19.655000Z,target-kali-01,5501,3,authentication_success|pam|syslog,pam,T1078,journald,0,0,0,0,0,0,0,0,0,0,1,0,19,19,1,0,36,0,0,107,3,21,6,1,20,aggregate,same rule repeated >= 10 times in 5 minutes
wazuh-1788729634.2808380,2026-09-06T21:20:34.951000Z,film-laptop,86601,3,ids|suricata,json,none,/var/log/suricata/eve.json,68,67,1,1,0,0,1,0,0,0,0,0,10,9,2,0,0,0,0,0,3,21,6,1,10,aggregate,same rule repeated >= 10 times in 5 minutes
wazuh-1788729638.2810584,2026-09-06T21:20:38.125000Z,target-kali-01,5501,3,authentication_success|pam|syslog,pam,T1078,journald,0,0,0,0,0,0,0,0,0,0,1,0,18,18,1,0,36,0,0,107,3,21,6,1,19,aggregate,same rule repeated >= 10 times in 5 minutes
wazuh-1788729652.2811027,2026-09-06T21:20:52.076000Z,lab-sensor-01,5710,5,authentication_failed|invalid_login|sshd|syslog,sshd,T1021.004|T1110.001,journald,45056,0,1,0,0,0,1,0,0,0,1,0,16,9,6,0,12,0,0,79,6,21,6,1,10,aggregate,same rule repeated >= 10 times in 5 minutes
wazuh-1788729652.2811576,2026-09-06T21:20:52.207000Z,target-kali-01,5501,3,authentication_success|pam|syslog,pam,T1078,journald,0,0,0,0,0,0,0,0,0,0,1,0,19,19,1,0,36,0,0,107,3,21,6,1,20,aggregate,same rule repeated >= 10 times in 5 minutes
wazuh-1788729654.2812019,2026-09-06T21:20:54.081000Z,lab-sensor-01,5710,5,authentication_failed|invalid_login|sshd|syslog,sshd,T1021.004|T1110.001,journald,45070,0,1,0,0,0,1,0,0,0,1,0,17,10,6,0,13,0,0,80,6,21,6,1,11,aggregate,same rule repeated >= 10 times in 5 minutes
wazuh-1788729658.2812568,2026-09-06T21:20:58.085000Z,lab-sensor-01,5710,5,authentication_failed|invalid_login|sshd|syslog,sshd,T1021.004|T1110.001,journald,45082,0,1,0,0,0,1,0,0,0,1,0,18,11,6,0,14,0,0,80,6,21,6,1,12,aggregate,same rule repeated >= 10 times in 5 minutes
wazuh-1788729675.2813117,2026-09-06T21:21:15.104000Z,target-kali-01,5501,3,authentication_success|pam|syslog,pam,T1078,journald,0,0,0,0,0,0,0,0,0,0,1,0,18,18,1,0,36,0,0,107,3,21,6,1,19,aggregate,same rule repeated >= 10 times in 5 minutes
wazuh-1788729685.2813560,2026-09-06T21:21:25.759000Z,target-kali-01,5501,3,authentication_success|pam|syslog,pam,T1078,journald,0,0,0,0,0,0,0,0,0,0,1,0,19,19,1,0,36,0,0,107,3,21,6,1,20,aggregate,same rule repeated >= 10 times in 5 minutes
wazuh-1788729695.2817153,2026-09-06T21:21:35.020000Z,film-laptop,86601,3,ids|suricata,json,none,/var/log/suricata/eve.json,68,67,1,1,0,0,1,0,0,0,0,0,10,9,2,0,0,0,0,0,3,21,6,1,10,aggregate,same rule repeated >= 10 times in 5 minutes
wazuh-1788729705.2819359,2026-09-06T21:21:45.784000Z,target-kali-01,5501,3,authentication_success|pam|syslog,pam,T1078,journald,0,0,0,0,0,0,0,0,0,0,1,0,18,18,1,0,36,0,0,107,3,21,6,1,19,aggregate,same rule repeated >= 10 times in 5 minutes
wazuh-1788729726.2820261,2026-09-06T21:22:06.033000Z,target-kali-01,5501,3,authentication_success|pam|syslog,pam,T1078,journald,0,0,0,0,0,0,0,0,0,0,1,0,18,18,1,0,36,0,0,107,3,21,6,1,19,aggregate,same rule repeated >= 10 times in 5 minutes
wazuh-1788729744.2821189,2026-09-06T21:22:24.893000Z,target-kali-01,5501,3,authentication_success|pam|syslog,pam,T1078,journald,0,0,0,0,0,0,0,0,0,0,1,0,17,17,1,0,36,0,0,106,3,21,6,1,18,aggregate,same rule repeated >= 10 times in 5 minutes
wazuh-1788729755.2823836,2026-09-06T21:22:35.130000Z,film-laptop,86601,3,ids|suricata,json,none,/var/log/suricata/eve.json,68,67,1,1,0,0,1,0,0,0,0,0,10,9,2,0,0,0,0,0,3,21,6,1,10,aggregate,same rule repeated >= 10 times in 5 minutes
wazuh-1788729760.2826040,2026-09-06T21:22:40.927000Z,target-kali-01,5501,3,authentication_success|pam|syslog,pam,T1078,journald,0,0,0,0,0,0,0,0,0,0,1,0,18,18,1,0,36,0,0,107,3,21,6,1,19,aggregate,same rule repeated >= 10 times in 5 minutes
wazuh-1788729775.2826483,2026-09-06T21:22:55.518000Z,target-kali-01,5501,3,authentication_success|pam|syslog,pam,T1078,journald,0,0,0,0,0,0,0,0,0,0,1,0,18,18,1,0,36,0,0,107,3,21,6,1,19,aggregate,same rule repeated >= 10 times in 5 minutes
wazuh-1788729790.2826926,2026-09-06T21:23:10.912000Z,target-kali-01,5501,3,authentication_success|pam|syslog,pam,T1078,journald,0,0,0,0,0,0,0,0,0,0,1,0,18,18,1,0,37,0,0,107,3,21,6,1,19,aggregate,same rule repeated >= 10 times in 5 minutes
wazuh-1788729801.2827742,2026-09-06T21:23:21.504000Z,target-kali-01,5501,3,authentication_success|pam|syslog,pam,T1078,journald,0,0,0,0,0,0,0,0,0,0,1,0,18,18,1,0,37,0,0,108,3,21,6,1,19,aggregate,same rule repeated >= 10 times in 5 minutes
wazuh-1788729815.2832038,2026-09-06T21:23:35.154000Z,film-laptop,86601,3,ids|suricata,json,none,/var/log/suricata/eve.json,68,67,1,1,0,0,1,0,0,0,0,0,10,9,2,0,0,0,0,0,3,21,6,1,10,aggregate,same rule repeated >= 10 times in 5 minutes
wazuh-1788729822.2834244,2026-09-06T21:23:42.121000Z,target-kali-01,5501,3,authentication_success|pam|syslog,pam,T1078,journald,0,0,0,0,0,0,0,0,0,0,1,0,18,18,1,0,37,0,0,107,3,21,6,1,19,aggregate,same rule repeated >= 10 times in 5 minutes
wazuh-1788729834.2834687,2026-09-06T21:23:54.183000Z,target-kali-01,5501,3,authentication_success|pam|syslog,pam,T1078,journald,0,0,0,0,0,0,0,0,0,0,1,0,18,18,1,0,38,0,0,107,3,21,6,1,19,aggregate,same rule repeated >= 10 times in 5 minutes
wazuh-1788729834.2835130,2026-09-06T21:23:54.420000Z,lab-sensor-01,5710,5,authentication_failed|invalid_login|sshd|syslog,sshd,T1021.004|T1110.001,journald,34936,0,1,0,0,0,1,0,0,0,1,0,15,9,6,0,15,0,0,80,6,21,6,1,10,aggregate,same rule repeated >= 10 times in 5 minutes
wazuh-1788729836.2835679,2026-09-06T21:23:56.404000Z,lab-sensor-01,5710,5,authentication_failed|invalid_login|sshd|syslog,sshd,T1021.004|T1110.001,journald,34944,0,1,0,0,0,1,0,0,0,1,0,16,10,6,0,16,0,0,81,6,21,6,1,11,aggregate,same rule repeated >= 10 times in 5 minutes
wazuh-1788729840.2836228,2026-09-06T21:24:00.449000Z,lab-sensor-01,5710,5,authentication_failed|invalid_login|sshd|syslog,sshd,T1021.004|T1110.001,journald,44704,0,1,0,0,0,1,0,0,0,1,0,17,11,6,0,17,0,0,82,6,21,6,1,12,aggregate,same rule repeated >= 10 times in 5 minutes
wazuh-1788729856.2836777,2026-09-06T21:24:16.333000Z,target-kali-01,5501,3,authentication_success|pam|syslog,pam,T1078,journald,0,0,0,0,0,0,0,0,0,0,1,0,17,17,1,0,37,0,0,107,3,21,6,1,18,aggregate,same rule repeated >= 10 times in 5 minutes
wazuh-1788729866.2837220,2026-09-06T21:24:26.681000Z,target-kali-01,5501,3,authentication_success|pam|syslog,pam,T1078,journald,0,0,0,0,0,0,0,0,0,0,1,0,18,18,1,0,37,0,0,107,3,21,6,1,19,aggregate,same rule repeated >= 10 times in 5 minutes
wazuh-1788729875.2839867,2026-09-06T21:24:35.262000Z,film-laptop,86601,3,ids|suricata,json,none,/var/log/suricata/eve.json,68,67,1,1,0,0,1,0,0,0,0,0,10,9,2,0,0,0,0,0,3,21,6,1,10,aggregate,same rule repeated >= 10 times in 5 minutes
wazuh-1788729883.2842071,2026-09-06T21:24:43.462000Z,target-kali-01,5501,3,authentication_success|pam|syslog,pam,T1078,journald,0,0,0,0,0,0,0,0,0,0,1,0,18,18,1,0,37,0,0,107,3,21,6,1,19,aggregate,same rule repeated >= 10 times in 5 minutes
wazuh-1788729895.2842514,2026-09-06T21:24:55.350000Z,target-kali-01,5501,3,authentication_success|pam|syslog,pam,T1078,journald,0,0,0,0,0,0,0,0,0,0,1,0,18,18,1,0,37,0,0,107,3,21,6,1,19,aggregate,same rule repeated >= 10 times in 5 minutes
wazuh-1788729915.2843901,2026-09-06T21:25:15.540000Z,target-kali-01,5501,3,authentication_success|pam|syslog,pam,T1078,journald,0,0,0,0,0,0,0,0,0,0,1,0,18,18,1,0,37,0,0,107,3,21,6,1,19,aggregate,same rule repeated >= 10 times in 5 minutes
wazuh-1788729928.2844344,2026-09-06T21:25:28.481000Z,target-kali-01,5501,3,authentication_success|pam|syslog,pam,T1078,journald,0,0,0,0,0,0,0,0,0,0,1,0,18,18,1,0,37,0,0,108,3,21,6,1,19,aggregate,same rule repeated >= 10 times in 5 minutes
wazuh-1788729935.2846997,2026-09-06T21:25:35.290000Z,film-laptop,86601,3,ids|suricata,json,none,/var/log/suricata/eve.json,68,67,1,1,0,0,1,0,0,0,0,0,10,9,2,0,0,0,0,0,3,21,6,1,10,aggregate,same rule repeated >= 10 times in 5 minutes
wazuh-1788729946.2849207,2026-09-06T21:25:46.547000Z,target-kali-01,5501,3,authentication_success|pam|syslog,pam,T1078,journald,0,0,0,0,0,0,0,0,0,0,1,0,18,18,1,0,37,0,0,108,3,21,6,1,19,aggregate,same rule repeated >= 10 times in 5 minutes
wazuh-1788729960.2849650,2026-09-06T21:26:00.618000Z,target-kali-01,5501,3,authentication_success|pam|syslog,pam,T1078,journald,0,0,0,0,0,0,0,0,0,0,1,0,18,18,1,0,37,0,0,108,3,21,6,1,19,aggregate,same rule repeated >= 10 times in 5 minutes
wazuh-1788729973.2852365,2026-09-06T21:26:13.428000Z,film-laptop,86601,3,ids|suricata,json,none,/var/log/suricata/eve.json,68,67,1,1,0,0,1,0,0,0,0,0,11,10,2,0,0,0,0,0,3,21,6,1,11,aggregate,same rule repeated >= 10 times in 5 minutes
wazuh-1788729973.2854563,2026-09-06T21:26:13.430000Z,film-laptop,86601,3,ids|suricata,json,none,/var/log/suricata/eve.json,68,67,1,1,0,0,1,0,0,0,0,0,12,11,2,0,0,0,0,0,3,21,6,1,12,aggregate,same rule repeated >= 10 times in 5 minutes
wazuh-1788729976.2856761,2026-09-06T21:26:16.905000Z,target-kali-01,5501,3,authentication_success|pam|syslog,pam,T1078,journald,0,0,0,0,0,0,0,0,0,0,1,0,18,18,1,0,37,0,0,108,3,21,6,1,19,aggregate,same rule repeated >= 10 times in 5 minutes
wazuh-1788729987.2857753,2026-09-06T21:26:27.025000Z,target-kali-01,5501,3,authentication_success|pam|syslog,pam,T1078,journald,0,0,0,0,0,0,0,0,0,0,1,0,18,18,1,0,38,0,0,108,3,21,6,1,19,aggregate,same rule repeated >= 10 times in 5 minutes
wazuh-1788730008.2859294,2026-09-06T21:26:48.137000Z,target-kali-01,5501,3,authentication_success|pam|syslog,pam,T1078,journald,0,0,0,0,0,0,0,0,0,0,1,0,18,18,1,0,37,0,0,108,3,21,6,1,19,aggregate,same rule repeated >= 10 times in 5 minutes
wazuh-1788730025.2859737,2026-09-06T21:27:05.020000Z,target-kali-01,5501,3,authentication_success|pam|syslog,pam,T1078,journald,0,0,0,0,0,0,0,0,0,0,1,0,19,19,1,0,37,0,0,108,3,21,6,1,20,aggregate,same rule repeated >= 10 times in 5 minutes
wazuh-1788730037.2860180,2026-09-06T21:27:17.101000Z,target-kali-01,5501,3,authentication_success|pam|syslog,pam,T1078,journald,0,0,0,0,0,0,0,0,0,0,1,0,19,19,1,0,37,0,0,108,3,21,6,1,20,aggregate,same rule repeated >= 10 times in 5 minutes
wazuh-1788730051.2860623,2026-09-06T21:27:31.217000Z,target-kali-01,5501,3,authentication_success|pam|syslog,pam,T1078,journald,0,0,0,0,0,0,0,0,0,0,1,0,19,19,1,0,37,0,0,108,3,21,6,1,20,aggregate,same rule repeated >= 10 times in 5 minutes
wazuh-1788730073.2863441,2026-09-06T21:27:53.397000Z,target-kali-01,5501,3,authentication_success|pam|syslog,pam,T1078,journald,0,0,0,0,0,0,0,0,0,0,1,0,19,19,1,0,37,0,0,108,3,21,6,1,20,aggregate,same rule repeated >= 10 times in 5 minutes
wazuh-1788730087.2863884,2026-09-06T21:28:07.426000Z,target-kali-01,5501,3,authentication_success|pam|syslog,pam,T1078,journald,0,0,0,0,0,0,0,0,0,0,1,0,19,19,1,0,37,0,0,108,3,21,6,1,20,aggregate,same rule repeated >= 10 times in 5 minutes
wazuh-1788730103.2864327,2026-09-06T21:28:23.785000Z,target-kali-01,5501,3,authentication_success|pam|syslog,pam,T1078,journald,0,0,0,0,0,0,0,0,0,0,1,0,18,18,1,0,37,0,0,108,3,21,6,1,19,aggregate,same rule repeated >= 10 times in 5 minutes
wazuh-1788730119.2864770,2026-09-06T21:28:39.858000Z,target-kali-01,5501,3,authentication_success|pam|syslog,pam,T1078,journald,0,0,0,0,0,0,0,0,0,0,1,0,19,19,1,0,37,0,0,108,3,21,6,1,20,aggregate,same rule repeated >= 10 times in 5 minutes
wazuh-1788730134.2865213,2026-09-06T21:28:54.115000Z,target-kali-01,5501,3,authentication_success|pam|syslog,pam,T1078,journald,0,0,0,0,0,0,0,0,0,0,1,0,19,19,1,0,37,0,0,108,3,21,6,1,20,aggregate,same rule repeated >= 10 times in 5 minutes
wazuh-1788730152.2865656,2026-09-06T21:29:12.250000Z,target-kali-01,5501,3,authentication_success|pam|syslog,pam,T1078,journald,0,0,0,0,0,0,0,0,0,0,1,0,19,19,1,0,37,0,0,108,3,21,6,1,20,aggregate,same rule repeated >= 10 times in 5 minutes
wazuh-1788730173.2868474,2026-09-06T21:29:33.112000Z,target-kali-01,5501,3,authentication_success|pam|syslog,pam,T1078,journald,0,0,0,0,0,0,0,0,0,0,1,0,18,18,1,0,36,0,0,108,3,21,6,1,19,aggregate,same rule repeated >= 10 times in 5 minutes
wazuh-1788730184.2869290,2026-09-06T21:29:44.489000Z,target-kali-01,5501,3,authentication_success|pam|syslog,pam,T1078,journald,0,0,0,0,0,0,0,0,0,0,1,0,18,18,1,0,37,0,0,108,3,21,6,1,19,aggregate,same rule repeated >= 10 times in 5 minutes
wazuh-1788730200.2869733,2026-09-06T21:30:00.557000Z,target-kali-01,5501,3,authentication_success|pam|syslog,pam,T1078,journald,0,0,0,0,0,0,0,0,0,0,1,0,18,18,1,0,37,0,0,109,3,21,6,1,19,aggregate,same rule repeated >= 10 times in 5 minutes
wazuh-1788730223.2871823,2026-09-06T21:30:23.398000Z,target-kali-01,5501,3,authentication_success|pam|syslog,pam,T1078,journald,0,0,0,0,0,0,0,0,0,0,1,0,18,18,1,0,36,0,0,109,3,21,6,1,19,aggregate,same rule repeated >= 10 times in 5 minutes
wazuh-1788730247.2874641,2026-09-06T21:30:47.459000Z,target-kali-01,5501,3,authentication_success|pam|syslog,pam,T1078,journald,0,0,0,0,0,0,0,0,0,0,1,0,17,17,1,0,36,0,0,108,3,21,6,1,18,aggregate,same rule repeated >= 10 times in 5 minutes
wazuh-1788730263.2875084,2026-09-06T21:31:03.460000Z,target-kali-01,5501,3,authentication_success|pam|syslog,pam,T1078,journald,0,0,0,0,0,0,0,0,0,0,1,0,17,17,1,0,36,0,0,109,3,21,6,1,18,aggregate,same rule repeated >= 10 times in 5 minutes
wazuh-1788730279.2875986,2026-09-06T21:31:19.556000Z,target-kali-01,5501,3,authentication_success|pam|syslog,pam,T1078,journald,0,0,0,0,0,0,0,0,0,0,1,0,17,17,1,0,36,0,0,108,3,21,6,1,18,aggregate,same rule repeated >= 10 times in 5 minutes
wazuh-1788730300.2877463,2026-09-06T21:31:40.160000Z,target-kali-01,5501,3,authentication_success|pam|syslog,pam,T1078,journald,0,0,0,0,0,0,0,0,0,0,1,0,17,17,1,0,36,0,0,108,3,21,6,1,18,aggregate,same rule repeated >= 10 times in 5 minutes
wazuh-1788730322.2879004,2026-09-06T21:32:02.441000Z,target-kali-01,5501,3,authentication_success|pam|syslog,pam,T1078,journald,0,0,0,0,0,0,0,0,0,0,1,0,17,17,1,0,36,0,0,108,3,21,6,1,18,aggregate,same rule repeated >= 10 times in 5 minutes
wazuh-1788730343.2879447,2026-09-06T21:32:23.792000Z,target-kali-01,5501,3,authentication_success|pam|syslog,pam,T1078,journald,0,0,0,0,0,0,0,0,0,0,1,0,16,16,1,0,36,0,0,108,3,21,6,1,17,aggregate,same rule repeated >= 10 times in 5 minutes
wazuh-1788730358.2880439,2026-09-06T21:32:38.293000Z,target-kali-01,5501,3,authentication_success|pam|syslog,pam,T1078,journald,0,0,0,0,0,0,0,0,0,0,1,0,16,16,1,0,36,0,0,108,3,21,6,1,17,aggregate,same rule repeated >= 10 times in 5 minutes
wazuh-1788730381.2881980,2026-09-06T21:33:01.661000Z,target-kali-01,5501,3,authentication_success|pam|syslog,pam,T1078,journald,0,0,0,0,0,0,0,0,0,0,1,0,16,16,1,0,35,0,0,107,3,21,6,1,17,aggregate,same rule repeated >= 10 times in 5 minutes
wazuh-1788730394.2882882,2026-09-06T21:33:14.893000Z,target-kali-01,5501,3,authentication_success|pam|syslog,pam,T1078,journald,0,0,0,0,0,0,0,0,0,0,1,0,16,16,1,0,35,0,0,108,3,21,6,1,17,aggregate,same rule repeated >= 10 times in 5 minutes
wazuh-1788730415.2883810,2026-09-06T21:33:35.315000Z,target-kali-01,5501,3,authentication_success|pam|syslog,pam,T1078,journald,0,0,0,0,0,0,0,0,0,0,1,0,16,16,1,0,35,0,0,107,3,21,6,1,17,aggregate,same rule repeated >= 10 times in 5 minutes
wazuh-1788730437.2884253,2026-09-06T21:33:57.988000Z,target-kali-01,5501,3,authentication_success|pam|syslog,pam,T1078,journald,0,0,0,0,0,0,0,0,0,0,1,0,15,15,1,0,34,0,0,107,3,21,6,1,16,aggregate,same rule repeated >= 10 times in 5 minutes
wazuh-1788730454.2884696,2026-09-06T21:34:14.484000Z,target-kali-01,5501,3,authentication_success|pam|syslog,pam,T1078,journald,0,0,0,0,0,0,0,0,0,0,1,0,15,15,1,0,35,0,0,107,3,21,6,1,16,aggregate,same rule repeated >= 10 times in 5 minutes
wazuh-1788730476.2887514,2026-09-06T21:34:36.712000Z,target-kali-01,5501,3,authentication_success|pam|syslog,pam,T1078,journald,0,0,0,0,0,0,0,0,0,0,1,0,15,15,1,0,34,0,0,107,3,21,6,1,16,aggregate,same rule repeated >= 10 times in 5 minutes
wazuh-1788730490.2887957,2026-09-06T21:34:50.462000Z,target-kali-01,5501,3,authentication_success|pam|syslog,pam,T1078,journald,0,0,0,0,0,0,0,0,0,0,1,0,15,15,1,0,34,0,0,107,3,21,6,1,16,aggregate,same rule repeated >= 10 times in 5 minutes
wazuh-1788730500.2888400,2026-09-06T21:35:00.861000Z,target-kali-01,5501,3,authentication_success|pam|syslog,pam,T1078,journald,0,0,0,0,0,0,0,0,0,0,1,0,15,15,1,0,34,0,0,107,3,21,6,1,16,aggregate,same rule repeated >= 10 times in 5 minutes
wazuh-1788730515.2889765,2026-09-06T21:35:15.087000Z,target-kali-01,5501,3,authentication_success|pam|syslog,pam,T1078,journald,0,0,0,0,0,0,0,0,0,0,1,0,16,16,1,0,35,0,0,107,3,21,6,1,17,aggregate,same rule repeated >= 10 times in 5 minutes
wazuh-1788730537.2891306,2026-09-06T21:35:37.243000Z,target-kali-01,5501,3,authentication_success|pam|syslog,pam,T1078,journald,0,0,0,0,0,0,0,0,0,0,1,0,16,16,1,0,34,0,0,107,3,21,6,1,17,aggregate,same rule repeated >= 10 times in 5 minutes
wazuh-1788730549.2891749,2026-09-06T21:35:49.282000Z,target-kali-01,5501,3,authentication_success|pam|syslog,pam,T1078,journald,0,0,0,0,0,0,0,0,0,0,1,0,16,16,1,0,34,0,0,108,3,21,6,1,17,aggregate,same rule repeated >= 10 times in 5 minutes
wazuh-1788730562.2892192,2026-09-06T21:36:02.090000Z,target-kali-01,5501,3,authentication_success|pam|syslog,pam,T1078,journald,0,0,0,0,0,0,0,0,0,0,1,0,17,17,1,0,34,0,0,108,3,21,6,1,18,aggregate,same rule repeated >= 10 times in 5 minutes
wazuh-1788730573.2892635,2026-09-06T21:36:13.874000Z,target-kali-01,5501,3,authentication_success|pam|syslog,pam,T1078,journald,0,0,0,0,0,0,0,0,0,0,1,0,17,17,1,0,35,0,0,108,3,21,6,1,18,aggregate,same rule repeated >= 10 times in 5 minutes
wazuh-1788730588.2893078,2026-09-06T21:36:28.120000Z,target-kali-01,5501,3,authentication_success|pam|syslog,pam,T1078,journald,0,0,0,0,0,0,0,0,0,0,1,0,17,17,1,0,34,0,0,108,3,21,6,1,18,aggregate,same rule repeated >= 10 times in 5 minutes
wazuh-1788730608.2893980,2026-09-06T21:36:48.736000Z,target-kali-01,5501,3,authentication_success|pam|syslog,pam,T1078,journald,0,0,0,0,0,0,0,0,0,0,1,0,17,17,1,0,34,0,0,108,3,21,6,1,18,aggregate,same rule repeated >= 10 times in 5 minutes
wazuh-1788730630.2894908,2026-09-06T21:37:10.386000Z,target-kali-01,5501,3,authentication_success|pam|syslog,pam,T1078,journald,0,0,0,0,0,0,0,0,0,0,1,0,17,17,1,0,34,0,0,107,3,21,6,1,18,aggregate,same rule repeated >= 10 times in 5 minutes
wazuh-1788730644.2895351,2026-09-06T21:37:24.437000Z,target-kali-01,5501,3,authentication_success|pam|syslog,pam,T1078,journald,0,0,0,0,0,0,0,0,0,0,1,0,17,17,1,0,34,0,0,107,3,21,6,1,18,aggregate,same rule repeated >= 10 times in 5 minutes
wazuh-1788730656.2895794,2026-09-06T21:37:36.521000Z,target-kali-01,5501,3,authentication_success|pam|syslog,pam,T1078,journald,0,0,0,0,0,0,0,0,0,0,1,0,18,18,1,0,34,0,0,107,3,21,6,1,19,aggregate,same rule repeated >= 10 times in 5 minutes
wazuh-1788730672.2896237,2026-09-06T21:37:52.580000Z,target-kali-01,5501,3,authentication_success|pam|syslog,pam,T1078,journald,0,0,0,0,0,0,0,0,0,0,1,0,18,18,1,0,35,0,0,108,3,21,6,1,19,aggregate,same rule repeated >= 10 times in 5 minutes
wazuh-1788730692.2899055,2026-09-06T21:38:12.657000Z,target-kali-01,5501,3,authentication_success|pam|syslog,pam,T1078,journald,0,0,0,0,0,0,0,0,0,0,1,0,18,18,1,0,34,0,0,107,3,21,6,1,19,aggregate,same rule repeated >= 10 times in 5 minutes
wazuh-1788730708.2899498,2026-09-06T21:38:28.980000Z,target-kali-01,5501,3,authentication_success|pam|syslog,pam,T1078,journald,0,0,0,0,0,0,0,0,0,0,1,0,18,18,1,0,34,0,0,107,3,21,6,1,19,aggregate,same rule repeated >= 10 times in 5 minutes
wazuh-1788730720.2899941,2026-09-06T21:38:40.623000Z,target-kali-01,5501,3,authentication_success|pam|syslog,pam,T1078,journald,0,0,0,0,0,0,0,0,0,0,1,0,18,18,1,0,34,0,0,107,3,21,6,1,19,aggregate,same rule repeated >= 10 times in 5 minutes
wazuh-1788730736.2900384,2026-09-06T21:38:56.672000Z,target-kali-01,5501,3,authentication_success|pam|syslog,pam,T1078,journald,0,0,0,0,0,0,0,0,0,0,1,0,19,19,1,0,34,0,0,108,3,21,6,1,20,aggregate,same rule repeated >= 10 times in 5 minutes
wazuh-1788730750.2900827,2026-09-06T21:39:10.886000Z,target-kali-01,5501,3,authentication_success|pam|syslog,pam,T1078,journald,0,0,0,0,0,0,0,0,0,0,1,0,19,19,1,0,35,0,0,108,3,21,6,1,20,aggregate,same rule repeated >= 10 times in 5 minutes
wazuh-1788730763.2901270,2026-09-06T21:39:23.681000Z,target-kali-01,5501,3,authentication_success|pam|syslog,pam,T1078,journald,0,0,0,0,0,0,0,0,0,0,1,0,19,19,1,0,35,0,0,108,3,21,6,1,20,aggregate,same rule repeated >= 10 times in 5 minutes
wazuh-1788730782.2901713,2026-09-06T21:39:42.869000Z,target-kali-01,5501,3,authentication_success|pam|syslog,pam,T1078,journald,0,0,0,0,0,0,0,0,0,0,1,0,19,19,1,0,35,0,0,108,3,21,6,1,20,aggregate,same rule repeated >= 10 times in 5 minutes
wazuh-1788730801.2902615,2026-09-06T21:40:01.051000Z,target-kali-01,5501,3,authentication_success|pam|syslog,pam,T1078,journald,0,0,0,0,0,0,0,0,0,0,1,0,18,18,1,0,34,0,0,108,3,21,6,1,19,aggregate,same rule repeated >= 10 times in 5 minutes
wazuh-1788730823.2903543,2026-09-06T21:40:23.150000Z,target-kali-01,5501,3,authentication_success|pam|syslog,pam,T1078,journald,0,0,0,0,0,0,0,0,0,0,1,0,18,18,1,0,35,0,0,108,3,21,6,1,19,aggregate,same rule repeated >= 10 times in 5 minutes
wazuh-1788730845.2906361,2026-09-06T21:40:45.937000Z,target-kali-01,5501,3,authentication_success|pam|syslog,pam,T1078,journald,0,0,0,0,0,0,0,0,0,0,1,0,18,18,1,0,35,0,0,108,3,21,6,1,19,aggregate,same rule repeated >= 10 times in 5 minutes
wazuh-1788730858.2906804,2026-09-06T21:40:58.052000Z,target-kali-01,5501,3,authentication_success|pam|syslog,pam,T1078,journald,0,0,0,0,0,0,0,0,0,0,1,0,18,18,1,0,35,0,0,108,3,21,6,1,19,aggregate,same rule repeated >= 10 times in 5 minutes
wazuh-1788730874.2907247,2026-09-06T21:41:14.185000Z,target-kali-01,5501,3,authentication_success|pam|syslog,pam,T1078,journald,0,0,0,0,0,0,0,0,0,0,1,0,17,17,1,0,35,0,0,108,3,21,6,1,18,aggregate,same rule repeated >= 10 times in 5 minutes
wazuh-1788730884.2907690,2026-09-06T21:41:24.288000Z,target-kali-01,5501,3,authentication_success|pam|syslog,pam,T1078,journald,0,0,0,0,0,0,0,0,0,0,1,0,18,18,1,0,35,0,0,108,3,21,6,1,19,aggregate,same rule repeated >= 10 times in 5 minutes
wazuh-1788730896.2908506,2026-09-06T21:41:36.286000Z,target-kali-01,5501,3,authentication_success|pam|syslog,pam,T1078,journald,0,0,0,0,0,0,0,0,0,0,1,0,18,18,1,0,36,0,0,109,3,21,6,1,19,aggregate,same rule repeated >= 10 times in 5 minutes
wazuh-1788730916.2911324,2026-09-06T21:41:56.393000Z,target-kali-01,5501,3,authentication_success|pam|syslog,pam,T1078,journald,0,0,0,0,0,0,0,0,0,0,1,0,18,18,1,0,36,0,0,108,3,21,6,1,19,aggregate,same rule repeated >= 10 times in 5 minutes
wazuh-1788730934.2911767,2026-09-06T21:42:14.415000Z,target-kali-01,5501,3,authentication_success|pam|syslog,pam,T1078,journald,0,0,0,0,0,0,0,0,0,0,1,0,18,18,1,0,36,0,0,109,3,21,6,1,19,aggregate,same rule repeated >= 10 times in 5 minutes
wazuh-1788730936.2912210,2026-09-06T21:42:16.616000Z,lab-sensor-01,31101,5,accesslog|attack|web,web-accesslog,none,/var/log/apache2/access.log,0,0,1,0,0,0,1,0,0,0,0,0,17,9,6,0,6,0,0,67,6,21,6,1,10,aggregate,same rule repeated >= 10 times in 5 minutes
wazuh-1788730938.2912652,2026-09-06T21:42:18.620000Z,lab-sensor-01,31101,5,accesslog|attack|web,web-accesslog,none,/var/log/apache2/access.log,0,0,1,0,0,0,1,0,0,0,0,0,18,10,6,0,6,0,0,66,6,21,6,1,11,aggregate,same rule repeated >= 10 times in 5 minutes
wazuh-1788730940.2913094,2026-09-06T21:42:20.631000Z,lab-sensor-01,31101,5,accesslog|attack|web,web-accesslog,none,/var/log/apache2/access.log,0,0,1,0,0,0,1,0,0,0,0,0,19,11,6,0,6,0,0,66,6,21,6,1,12,aggregate,same rule repeated >= 10 times in 5 minutes
wazuh-1788730956.2914585,2026-09-06T21:42:36.519000Z,target-kali-01,5501,3,authentication_success|pam|syslog,pam,T1078,journald,0,0,0,0,0,0,0,0,0,0,1,0,18,18,1,0,36,0,0,109,3,21,6,1,19,aggregate,same rule repeated >= 10 times in 5 minutes
wazuh-1788730968.2915028,2026-09-06T21:42:48.773000Z,target-kali-01,5501,3,authentication_success|pam|syslog,pam,T1078,journald,0,0,0,0,0,0,0,0,0,0,1,0,18,18,1,0,36,0,0,109,3,21,6,1,19,aggregate,same rule repeated >= 10 times in 5 minutes
wazuh-1788730978.2915471,2026-09-06T21:42:58.847000Z,target-kali-01,5501,3,authentication_success|pam|syslog,pam,T1078,journald,0,0,0,0,0,0,0,0,0,0,1,0,18,18,1,0,37,0,0,109,3,21,6,1,19,aggregate,same rule repeated >= 10 times in 5 minutes
wazuh-1788730988.2915914,2026-09-06T21:43:08.816000Z,target-kali-01,5501,3,authentication_success|pam|syslog,pam,T1078,journald,0,0,0,0,0,0,0,0,0,0,1,0,19,19,1,0,37,0,0,110,3,21,6,1,20,aggregate,same rule repeated >= 10 times in 5 minutes
wazuh-1788731006.2918004,2026-09-06T21:43:26.868000Z,target-kali-01,5501,3,authentication_success|pam|syslog,pam,T1078,journald,0,0,0,0,0,0,0,0,0,0,1,0,19,19,1,0,37,0,0,110,3,21,6,1,20,aggregate,same rule repeated >= 10 times in 5 minutes
wazuh-1788731016.2918447,2026-09-06T21:43:36.998000Z,target-kali-01,5501,3,authentication_success|pam|syslog,pam,T1078,journald,0,0,0,0,0,0,0,0,0,0,1,0,19,19,1,0,37,0,0,110,3,21,6,1,20,aggregate,same rule repeated >= 10 times in 5 minutes
wazuh-1788731037.2920537,2026-09-06T21:43:57.247000Z,target-kali-01,5501,3,authentication_success|pam|syslog,pam,T1078,journald,0,0,0,0,0,0,0,0,0,0,1,0,18,18,1,0,38,0,0,110,3,21,6,1,19,aggregate,same rule repeated >= 10 times in 5 minutes
wazuh-1788731047.2920980,2026-09-06T21:44:07.255000Z,target-kali-01,5501,3,authentication_success|pam|syslog,pam,T1078,journald,0,0,0,0,0,0,0,0,0,0,1,0,19,19,1,0,38,0,0,111,3,21,6,1,20,aggregate,same rule repeated >= 10 times in 5 minutes
wazuh-1788731067.2923855,2026-09-06T21:44:27.432000Z,target-kali-01,5501,3,authentication_success|pam|syslog,pam,T1078,journald,0,0,0,0,0,0,0,0,0,0,1,0,18,18,1,0,38,0,0,110,3,21,6,1,19,aggregate,same rule repeated >= 10 times in 5 minutes
wazuh-1788731079.2924298,2026-09-06T21:44:39.391000Z,target-kali-01,5501,3,authentication_success|pam|syslog,pam,T1078,journald,0,0,0,0,0,0,0,0,0,0,1,0,19,19,1,0,38,0,0,111,3,21,6,1,20,aggregate,same rule repeated >= 10 times in 5 minutes
wazuh-1788731091.2924741,2026-09-06T21:44:51.450000Z,target-kali-01,5501,3,authentication_success|pam|syslog,pam,T1078,journald,0,0,0,0,0,0,0,0,0,0,1,0,19,19,1,0,38,0,0,111,3,21,6,1,20,aggregate,same rule repeated >= 10 times in 5 minutes
wazuh-1788731105.2925184,2026-09-06T21:45:05.865000Z,target-kali-01,5501,3,authentication_success|pam|syslog,pam,T1078,journald,0,0,0,0,0,0,0,0,0,0,1,0,19,19,1,0,38,0,0,111,3,21,6,1,20,aggregate,same rule repeated >= 10 times in 5 minutes
wazuh-1788731109.2926176,2026-09-06T21:45:09.164000Z,lab-sensor-01,5710,5,authentication_failed|invalid_login|sshd|syslog,sshd,T1021.004|T1110.001,journald,51968,0,1,0,0,0,1,0,0,0,1,0,25,9,7,1,13,0,0,69,10,21,6,1,10,aggregate,same rule repeated >= 10 times in 5 minutes
wazuh-1788731113.2926725,2026-09-06T21:45:13.171000Z,lab-sensor-01,5710,5,authentication_failed|invalid_login|sshd|syslog,sshd,T1021.004|T1110.001,journald,57986,0,1,0,0,0,1,0,0,0,1,0,26,10,7,1,14,0,0,70,10,21,6,1,11,aggregate,same rule repeated >= 10 times in 5 minutes
wazuh-1788731126.2927274,2026-09-06T21:45:26.787000Z,target-kali-01,5501,3,authentication_success|pam|syslog,pam,T1078,journald,0,0,0,0,0,0,0,0,0,0,1,0,19,19,1,0,38,0,0,110,3,21,6,1,20,aggregate,same rule repeated >= 10 times in 5 minutes
wazuh-1788731146.2927717,2026-09-06T21:45:46.912000Z,target-kali-01,5501,3,authentication_success|pam|syslog,pam,T1078,journald,0,0,0,0,0,0,0,0,0,0,1,0,19,19,1,0,38,0,0,110,3,21,6,1,20,aggregate,same rule repeated >= 10 times in 5 minutes
wazuh-1788731158.2928160,2026-09-06T21:45:58.264000Z,target-kali-01,5501,3,authentication_success|pam|syslog,pam,T1078,journald,0,0,0,0,0,0,0,0,0,0,1,0,19,19,1,0,38,0,0,111,3,21,6,1,20,aggregate,same rule repeated >= 10 times in 5 minutes
wazuh-1788731175.2928603,2026-09-06T21:46:15.284000Z,lab-sensor-01,5710,5,authentication_failed|invalid_login|sshd|syslog,sshd,T1021.004|T1110.001,journald,40354,0,1,0,0,0,1,0,0,0,1,0,22,11,7,1,12,0,0,68,10,21,6,1,12,aggregate,same rule repeated >= 10 times in 5 minutes
wazuh-1788731176.2929152,2026-09-06T21:46:16.803000Z,target-kali-01,5501,3,authentication_success|pam|syslog,pam,T1078,journald,0,0,0,0,0,0,0,0,0,0,1,0,19,19,1,0,37,0,0,110,3,21,6,1,20,aggregate,same rule repeated >= 10 times in 5 minutes
wazuh-1788731179.2929595,2026-09-06T21:46:19.288000Z,lab-sensor-01,5710,5,authentication_failed|invalid_login|sshd|syslog,sshd,T1021.004|T1110.001,journald,40362,0,1,0,0,0,1,0,0,0,1,0,23,12,7,1,13,0,0,68,10,21,6,1,13,aggregate,same rule repeated >= 10 times in 5 minutes
wazuh-1788731181.2930144,2026-09-06T21:46:21.290000Z,lab-sensor-01,5710,5,authentication_failed|invalid_login|sshd|syslog,sshd,T1021.004|T1110.001,journald,60732,0,1,0,0,0,1,0,0,0,1,0,24,13,7,1,14,0,0,69,10,21,6,1,14,aggregate,same rule repeated >= 10 times in 5 minutes
wazuh-1788731196.2930693,2026-09-06T21:46:36.658000Z,target-kali-01,5501,3,authentication_success|pam|syslog,pam,T1078,journald,0,0,0,0,0,0,0,0,0,0,1,0,18,18,1,0,37,0,0,110,3,21,6,1,19,aggregate,same rule repeated >= 10 times in 5 minutes
wazuh-1788731209.2931509,2026-09-06T21:46:49.057000Z,target-kali-01,5501,3,authentication_success|pam|syslog,pam,T1078,journald,0,0,0,0,0,0,0,0,0,0,1,0,19,19,1,0,37,0,0,110,3,21,6,1,20,aggregate,same rule repeated >= 10 times in 5 minutes
wazuh-1788731219.2931952,2026-09-06T21:46:59.395000Z,lab-sensor-01,5710,5,authentication_failed|invalid_login|sshd|syslog,sshd,T1021.004|T1110.001,journald,57602,0,1,0,0,0,1,0,0,0,1,0,20,14,7,1,15,0,0,70,10,21,6,1,15,aggregate,same rule repeated >= 10 times in 5 minutes
wazuh-1788731219.2932501,2026-09-06T21:46:59.536000Z,target-kali-01,5501,3,authentication_success|pam|syslog,pam,T1078,journald,0,0,0,0,0,0,0,0,0,0,1,0,19,19,1,0,38,0,0,110,3,21,6,1,20,aggregate,same rule repeated >= 10 times in 5 minutes
wazuh-1788731225.2934278,2026-09-06T21:47:05.406000Z,lab-sensor-01,5710,5,authentication_failed|invalid_login|sshd|syslog,sshd,T1021.004|T1110.001,journald,57616,0,1,0,0,0,1,0,0,0,1,0,22,15,7,2,17,0,0,72,10,21,6,1,16,aggregate,same rule repeated >= 10 times in 5 minutes
wazuh-1788731239.2934827,2026-09-06T21:47:19.579000Z,target-kali-01,5501,3,authentication_success|pam|syslog,pam,T1078,journald,0,0,0,0,0,0,0,0,0,0,1,0,19,19,1,0,38,0,0,110,3,21,6,1,20,aggregate,same rule repeated >= 10 times in 5 minutes
wazuh-1788731253.2935270,2026-09-06T21:47:33.618000Z,target-kali-01,5501,3,authentication_success|pam|syslog,pam,T1078,journald,0,0,0,0,0,0,0,0,0,0,1,0,20,20,1,0,38,0,0,110,3,21,6,1,21,aggregate,same rule repeated >= 10 times in 5 minutes
wazuh-1788731267.2935713,2026-09-06T21:47:47.494000Z,lab-sensor-01,5710,5,authentication_failed|invalid_login|sshd|syslog,sshd,T1021.004|T1110.001,journald,33088,0,1,0,0,0,1,0,0,0,1,0,18,16,7,2,18,0,0,70,10,21,6,1,17,aggregate,same rule repeated >= 10 times in 5 minutes
wazuh-1788731268.2936262,2026-09-06T21:47:48.265000Z,target-kali-01,5501,3,authentication_success|pam|syslog,pam,T1078,journald,0,0,0,0,0,0,0,0,0,0,1,0,20,20,1,0,38,0,0,111,3,21,6,1,21,aggregate,same rule repeated >= 10 times in 5 minutes
wazuh-1788731271.2936705,2026-09-06T21:47:51.478000Z,lab-sensor-01,5710,5,authentication_failed|invalid_login|sshd|syslog,sshd,T1021.004|T1110.001,journald,33198,0,1,0,0,0,1,0,0,0,1,0,19,17,7,2,19,0,0,71,10,21,6,1,18,aggregate,same rule repeated >= 10 times in 5 minutes
wazuh-1788731275.2937254,2026-09-06T21:47:55.481000Z,lab-sensor-01,5710,5,authentication_failed|invalid_login|sshd|syslog,sshd,T1021.004|T1110.001,journald,33204,0,1,0,0,0,1,0,0,0,1,0,20,18,7,2,20,0,0,72,10,21,6,1,19,aggregate,same rule repeated >= 10 times in 5 minutes
wazuh-1788731288.2937803,2026-09-06T21:48:08.304000Z,target-kali-01,5501,3,authentication_success|pam|syslog,pam,T1078,journald,0,0,0,0,0,0,0,0,0,0,1,0,19,19,1,0,38,0,0,110,3,21,6,1,20,aggregate,same rule repeated >= 10 times in 5 minutes
wazuh-1788731300.2938246,2026-09-06T21:48:20.471000Z,target-kali-01,5501,3,authentication_success|pam|syslog,pam,T1078,journald,0,0,0,0,0,0,0,0,0,0,1,0,19,19,1,0,38,0,0,110,3,21,6,1,20,aggregate,same rule repeated >= 10 times in 5 minutes
wazuh-1788731319.2938689,2026-09-06T21:48:39.513000Z,target-kali-01,5501,3,authentication_success|pam|syslog,pam,T1078,journald,0,0,0,0,0,0,0,0,0,0,1,0,18,18,1,0,38,0,0,110,3,21,6,1,19,aggregate,same rule repeated >= 10 times in 5 minutes
wazuh-1788731331.2939132,2026-09-06T21:48:51.681000Z,target-kali-01,5501,3,authentication_success|pam|syslog,pam,T1078,journald,0,0,0,0,0,0,0,0,0,0,1,0,19,19,1,0,38,0,0,110,3,21,6,1,20,aggregate,same rule repeated >= 10 times in 5 minutes
wazuh-1788731348.2939575,2026-09-06T21:49:08.162000Z,target-kali-01,5501,3,authentication_success|pam|syslog,pam,T1078,journald,0,0,0,0,0,0,0,0,0,0,1,0,18,18,1,0,38,0,0,110,3,21,6,1,19,aggregate,same rule repeated >= 10 times in 5 minutes
wazuh-1788731360.2940018,2026-09-06T21:49:20.280000Z,target-kali-01,5501,3,authentication_success|pam|syslog,pam,T1078,journald,0,0,0,0,0,0,0,0,0,0,1,0,19,19,1,0,38,0,0,110,3,21,6,1,20,aggregate,same rule repeated >= 10 times in 5 minutes
wazuh-1788731382.2942836,2026-09-06T21:49:42.404000Z,target-kali-01,5501,3,authentication_success|pam|syslog,pam,T1078,journald,0,0,0,0,0,0,0,0,0,0,1,0,18,18,1,0,38,0,0,110,3,21,6,1,19,aggregate,same rule repeated >= 10 times in 5 minutes
wazuh-1788731395.2943279,2026-09-06T21:49:55.044000Z,target-kali-01,5501,3,authentication_success|pam|syslog,pam,T1078,journald,0,0,0,0,0,0,0,0,0,0,1,0,18,18,1,0,38,0,0,110,3,21,6,1,19,aggregate,same rule repeated >= 10 times in 5 minutes
wazuh-1788731414.2943722,2026-09-06T21:50:14.302000Z,target-kali-01,5501,3,authentication_success|pam|syslog,pam,T1078,journald,0,0,0,0,0,0,0,0,0,0,1,0,18,18,1,0,38,0,0,110,3,21,6,1,19,aggregate,same rule repeated >= 10 times in 5 minutes
wazuh-1788731427.2944165,2026-09-06T21:50:27.684000Z,target-kali-01,5501,3,authentication_success|pam|syslog,pam,T1078,journald,0,0,0,0,0,0,0,0,0,0,1,0,18,18,1,0,38,0,0,110,3,21,6,1,19,aggregate,same rule repeated >= 10 times in 5 minutes
wazuh-1788731445.2944608,2026-09-06T21:50:45.737000Z,target-kali-01,5501,3,authentication_success|pam|syslog,pam,T1078,journald,0,0,0,0,0,0,0,0,0,0,1,0,19,19,1,0,39,0,0,110,3,21,6,1,20,aggregate,same rule repeated >= 10 times in 5 minutes
wazuh-1788731461.2945051,2026-09-06T21:51:01.786000Z,target-kali-01,5501,3,authentication_success|pam|syslog,pam,T1078,journald,0,0,0,0,0,0,0,0,0,0,1,0,18,18,1,0,38,0,0,110,3,21,6,1,19,aggregate,same rule repeated >= 10 times in 5 minutes
wazuh-1788731467.2946043,2026-09-06T21:51:07.826000Z,lab-sensor-01,5710,5,authentication_failed|invalid_login|sshd|syslog,sshd,T1021.004|T1110.001,journald,41238,0,1,0,0,0,1,0,0,0,1,0,15,9,5,2,22,0,0,66,10,21,6,1,10,aggregate,same rule repeated >= 10 times in 5 minutes
wazuh-1788731467.2946592,2026-09-06T21:51:07.831000Z,lab-sensor-01,5710,5,authentication_failed|invalid_login|sshd|syslog,sshd,T1021.004|T1110.001,journald,41250,0,1,0,0,0,1,0,0,0,1,0,16,10,5,2,23,0,0,67,10,21,6,1,11,aggregate,same rule repeated >= 10 times in 5 minutes
wazuh-1788731481.2947141,2026-09-06T21:51:21.844000Z,target-kali-01,5501,3,authentication_success|pam|syslog,pam,T1078,journald,0,0,0,0,0,0,0,0,0,0,1,0,18,18,1,0,38,0,0,110,3,21,6,1,19,aggregate,same rule repeated >= 10 times in 5 minutes
wazuh-1788731495.2948043,2026-09-06T21:51:35.975000Z,target-kali-01,5501,3,authentication_success|pam|syslog,pam,T1078,journald,0,0,0,0,0,0,0,0,0,0,1,0,19,19,1,0,38,0,0,110,3,21,6,1,20,aggregate,same rule repeated >= 10 times in 5 minutes
wazuh-1788731515.2948971,2026-09-06T21:51:55.228000Z,target-kali-01,5501,3,authentication_success|pam|syslog,pam,T1078,journald,0,0,0,0,0,0,0,0,0,0,1,0,18,18,1,0,38,0,0,110,3,21,6,1,19,aggregate,same rule repeated >= 10 times in 5 minutes
wazuh-1788731531.2949414,2026-09-06T21:52:11.700000Z,target-kali-01,5501,3,authentication_success|pam|syslog,pam,T1078,journald,0,0,0,0,0,0,0,0,0,0,1,0,18,18,1,0,38,0,0,110,3,21,6,1,19,aggregate,same rule repeated >= 10 times in 5 minutes
wazuh-1788731550.2949857,2026-09-06T21:52:30.992000Z,target-kali-01,5501,3,authentication_success|pam|syslog,pam,T1078,journald,0,0,0,0,0,0,0,0,0,0,1,0,18,18,1,0,38,0,0,110,3,21,6,1,19,aggregate,same rule repeated >= 10 times in 5 minutes
wazuh-1788731572.2950300,2026-09-06T21:52:52.518000Z,target-kali-01,5501,3,authentication_success|pam|syslog,pam,T1078,journald,0,0,0,0,0,0,0,0,0,0,1,0,17,17,1,0,37,0,0,110,3,21,6,1,18,aggregate,same rule repeated >= 10 times in 5 minutes
wazuh-1788731582.2951292,2026-09-06T21:53:02.533000Z,target-kali-01,5501,3,authentication_success|pam|syslog,pam,T1078,journald,0,0,0,0,0,0,0,0,0,0,1,0,18,18,1,0,37,0,0,110,3,21,6,1,19,aggregate,same rule repeated >= 10 times in 5 minutes
wazuh-1788731603.2953206,2026-09-06T21:53:23.447000Z,target-kali-01,5501,3,authentication_success|pam|syslog,pam,T1078,journald,0,0,0,0,0,0,0,0,0,0,1,0,17,17,1,0,37,0,0,109,3,21,6,1,18,aggregate,same rule repeated >= 10 times in 5 minutes
wazuh-1788731619.2953649,2026-09-06T21:53:39.650000Z,target-kali-01,5501,3,authentication_success|pam|syslog,pam,T1078,journald,0,0,0,0,0,0,0,0,0,0,1,0,17,17,1,0,36,0,0,110,3,21,6,1,18,aggregate,same rule repeated >= 10 times in 5 minutes
wazuh-1788731633.2954092,2026-09-06T21:53:53.789000Z,target-kali-01,5501,3,authentication_success|pam|syslog,pam,T1078,journald,0,0,0,0,0,0,0,0,0,0,1,0,17,17,1,0,37,0,0,110,3,21,6,1,18,aggregate,same rule repeated >= 10 times in 5 minutes
wazuh-1788731657.2956182,2026-09-06T21:54:17.875000Z,target-kali-01,5501,3,authentication_success|pam|syslog,pam,T1078,journald,0,0,0,0,0,0,0,0,0,0,1,0,17,17,1,0,36,0,0,109,3,21,6,1,18,aggregate,same rule repeated >= 10 times in 5 minutes
wazuh-1788731658.2956625,2026-09-06T21:54:18.232000Z,lab-sensor-01,5710,5,authentication_failed|invalid_login|sshd|syslog,sshd,T1021.004|T1110.001,journald,41428,0,1,0,0,0,1,0,0,0,1,0,16,9,7,1,21,0,0,66,10,21,6,1,10,aggregate,same rule repeated >= 10 times in 5 minutes
wazuh-1788731664.2958508,2026-09-06T21:54:24.216000Z,lab-sensor-01,5710,5,authentication_failed|invalid_login|sshd|syslog,sshd,T1021.004|T1110.001,journald,35948,0,1,0,0,0,1,0,0,0,1,0,16,10,7,2,23,0,0,68,10,21,6,1,11,aggregate,same rule repeated >= 10 times in 5 minutes
wazuh-1788731677.2959057,2026-09-06T21:54:37.963000Z,target-kali-01,5501,3,authentication_success|pam|syslog,pam,T1078,journald,0,0,0,0,0,0,0,0,0,0,1,0,17,17,1,0,36,0,0,109,3,21,6,1,18,aggregate,same rule repeated >= 10 times in 5 minutes
wazuh-1788731698.2960444,2026-09-06T21:54:58.073000Z,target-kali-01,5501,3,authentication_success|pam|syslog,pam,T1078,journald,0,0,0,0,0,0,0,0,0,0,1,0,16,16,1,0,35,0,0,108,3,21,6,1,17,aggregate,same rule repeated >= 10 times in 5 minutes
wazuh-1788731718.2961831,2026-09-06T21:55:18.131000Z,target-kali-01,5501,3,authentication_success|pam|syslog,pam,T1078,journald,0,0,0,0,0,0,0,0,0,0,1,0,16,16,1,0,35,0,0,108,3,21,6,1,17,aggregate,same rule repeated >= 10 times in 5 minutes
wazuh-1788731738.2964649,2026-09-06T21:55:38.330000Z,target-kali-01,5501,3,authentication_success|pam|syslog,pam,T1078,journald,0,0,0,0,0,0,0,0,0,0,1,0,16,16,1,0,35,0,0,108,3,21,6,1,17,aggregate,same rule repeated >= 10 times in 5 minutes
wazuh-1788731758.2966036,2026-09-06T21:55:58.432000Z,target-kali-01,5501,3,authentication_success|pam|syslog,pam,T1078,journald,0,0,0,0,0,0,0,0,0,0,1,0,16,16,1,0,34,0,0,108,3,21,6,1,17,aggregate,same rule repeated >= 10 times in 5 minutes
wazuh-1788731770.2966479,2026-09-06T21:56:10.498000Z,target-kali-01,5501,3,authentication_success|pam|syslog,pam,T1078,journald,0,0,0,0,0,0,0,0,0,0,1,0,16,16,1,0,35,0,0,108,3,21,6,1,17,aggregate,same rule repeated >= 10 times in 5 minutes
wazuh-1788731792.2969297,2026-09-06T21:56:32.536000Z,target-kali-01,5501,3,authentication_success|pam|syslog,pam,T1078,journald,0,0,0,0,0,0,0,0,0,0,1,0,16,16,1,0,35,0,0,107,3,21,6,1,17,aggregate,same rule repeated >= 10 times in 5 minutes
wazuh-1788731804.2970199,2026-09-06T21:56:44.310000Z,target-kali-01,5501,3,authentication_success|pam|syslog,pam,T1078,journald,0,0,0,0,0,0,0,0,0,0,1,0,16,16,1,0,35,0,0,108,3,21,6,1,17,aggregate,same rule repeated >= 10 times in 5 minutes
wazuh-1788731822.2971127,2026-09-06T21:57:02.372000Z,target-kali-01,5501,3,authentication_success|pam|syslog,pam,T1078,journald,0,0,0,0,0,0,0,0,0,0,1,0,16,16,1,0,34,0,0,108,3,21,6,1,17,aggregate,same rule repeated >= 10 times in 5 minutes
wazuh-1788731845.2973945,2026-09-06T21:57:25.119000Z,target-kali-01,5501,3,authentication_success|pam|syslog,pam,T1078,journald,0,0,0,0,0,0,0,0,0,0,1,0,16,16,1,0,34,0,0,107,3,21,6,1,17,aggregate,same rule repeated >= 10 times in 5 minutes
wazuh-1788731848.2974937,2026-09-06T21:57:28.574000Z,lab-sensor-01,5710,5,authentication_failed|invalid_login|sshd|syslog,sshd,T1021.004|T1110.001,journald,40184,0,1,0,0,0,1,0,0,0,1,0,33,9,7,1,16,0,0,76,10,21,6,1,10,aggregate,same rule repeated >= 10 times in 5 minutes
wazuh-1788731852.2975486,2026-09-06T21:57:32.582000Z,lab-sensor-01,5710,5,authentication_failed|invalid_login|sshd|syslog,sshd,T1021.004|T1110.001,journald,52826,0,1,0,0,0,1,0,0,0,1,0,34,10,7,1,17,0,0,77,10,21,6,1,11,aggregate,same rule repeated >= 10 times in 5 minutes
wazuh-1788731869.2976035,2026-09-06T21:57:49.543000Z,target-kali-01,5501,3,authentication_success|pam|syslog,pam,T1078,journald,0,0,0,0,0,0,0,0,0,0,1,0,16,16,1,0,33,0,0,107,3,21,6,1,17,aggregate,same rule repeated >= 10 times in 5 minutes
wazuh-1788731886.2976478,2026-09-06T21:58:06.099000Z,target-kali-01,5501,3,authentication_success|pam|syslog,pam,T1078,journald,0,0,0,0,0,0,0,0,0,0,1,0,15,15,1,0,34,0,0,107,3,21,6,1,16,aggregate,same rule repeated >= 10 times in 5 minutes
wazuh-1788731904.2977865,2026-09-06T21:58:24.363000Z,target-kali-01,5501,3,authentication_success|pam|syslog,pam,T1078,journald,0,0,0,0,0,0,0,0,0,0,1,0,15,15,1,0,33,0,0,106,3,21,6,1,16,aggregate,same rule repeated >= 10 times in 5 minutes
wazuh-1788731920.2978681,2026-09-06T21:58:40.461000Z,target-kali-01,5501,3,authentication_success|pam|syslog,pam,T1078,journald,0,0,0,0,0,0,0,0,0,0,1,0,15,15,1,0,33,0,0,106,3,21,6,1,16,aggregate,same rule repeated >= 10 times in 5 minutes
wazuh-1788731938.2979124,2026-09-06T21:58:58.554000Z,target-kali-01,5501,3,authentication_success|pam|syslog,pam,T1078,journald,0,0,0,0,0,0,0,0,0,0,1,0,15,15,1,0,33,0,0,106,3,21,6,1,16,aggregate,same rule repeated >= 10 times in 5 minutes
wazuh-1788731957.2979567,2026-09-06T21:59:17.606000Z,target-kali-01,5501,3,authentication_success|pam|syslog,pam,T1078,journald,0,0,0,0,0,0,0,0,0,0,1,0,16,16,1,0,33,0,0,106,3,21,6,1,17,aggregate,same rule repeated >= 10 times in 5 minutes
wazuh-1788731977.2980010,2026-09-06T21:59:37.695000Z,target-kali-01,5501,3,authentication_success|pam|syslog,pam,T1078,journald,0,0,0,0,0,0,0,0,0,0,1,0,16,16,1,0,33,0,0,106,3,21,6,1,17,aggregate,same rule repeated >= 10 times in 5 minutes
wazuh-1788731993.2980453,2026-09-06T21:59:53.807000Z,target-kali-01,5501,3,authentication_success|pam|syslog,pam,T1078,journald,0,0,0,0,0,0,0,0,0,0,1,0,16,16,1,0,33,0,0,106,3,21,6,1,17,aggregate,same rule repeated >= 10 times in 5 minutes
wazuh-1788732013.2982543,2026-09-06T22:00:13.979000Z,target-kali-01,5501,3,authentication_success|pam|syslog,pam,T1078,journald,0,0,0,0,0,0,0,0,0,0,1,0,16,16,1,0,33,0,0,106,3,22,6,1,17,aggregate,same rule repeated >= 10 times in 5 minutes
wazuh-1788732034.2982986,2026-09-06T22:00:34.066000Z,target-kali-01,5501,3,authentication_success|pam|syslog,pam,T1078,journald,0,0,0,0,0,0,0,0,0,0,1,0,16,16,1,0,32,0,0,106,3,22,6,1,17,aggregate,same rule repeated >= 10 times in 5 minutes
wazuh-1788732050.2983429,2026-09-06T22:00:50.371000Z,target-kali-01,5501,3,authentication_success|pam|syslog,pam,T1078,journald,0,0,0,0,0,0,0,0,0,0,1,0,16,16,1,0,32,0,0,106,3,22,6,1,17,aggregate,same rule repeated >= 10 times in 5 minutes
wazuh-1788732070.2986247,2026-09-06T22:01:10.449000Z,target-kali-01,5501,3,authentication_success|pam|syslog,pam,T1078,journald,0,0,0,0,0,0,0,0,0,0,1,0,16,16,1,0,32,0,0,106,3,22,6,1,17,aggregate,same rule repeated >= 10 times in 5 minutes
wazuh-1788732086.2986690,2026-09-06T22:01:26.494000Z,target-kali-01,5501,3,authentication_success|pam|syslog,pam,T1078,journald,0,0,0,0,0,0,0,0,0,0,1,0,16,16,1,0,32,0,0,106,3,22,6,1,17,aggregate,same rule repeated >= 10 times in 5 minutes
wazuh-1788732100.2987133,2026-09-06T22:01:40.556000Z,target-kali-01,5501,3,authentication_success|pam|syslog,pam,T1078,journald,0,0,0,0,0,0,0,0,0,0,1,0,16,16,1,0,32,0,0,106,3,22,6,1,17,aggregate,same rule repeated >= 10 times in 5 minutes
wazuh-1788732122.2989682,2026-09-06T22:02:02.649000Z,target-kali-01,5501,3,authentication_success|pam|syslog,pam,T1078,journald,0,0,0,0,0,0,0,0,0,0,1,0,15,15,1,0,32,0,0,106,3,22,6,1,16,aggregate,same rule repeated >= 10 times in 5 minutes
wazuh-1788732140.2993427,2026-09-06T22:02:20.708000Z,target-kali-01,5501,3,authentication_success|pam|syslog,pam,T1078,journald,0,0,0,0,0,0,0,0,0,0,1,0,16,16,1,0,32,0,0,107,3,22,6,1,17,aggregate,same rule repeated >= 10 times in 5 minutes
wazuh-1788732141.2993870,2026-09-06T22:02:21.153000Z,lab-sensor-01,5710,5,authentication_failed|invalid_login|sshd|syslog,sshd,T1021.004|T1110.001,journald,57698,0,1,0,0,0,1,0,0,0,1,0,18,9,7,1,18,0,0,78,10,22,6,1,10,aggregate,same rule repeated >= 10 times in 5 minutes
wazuh-1788732143.2994419,2026-09-06T22:02:23.154000Z,lab-sensor-01,5710,5,authentication_failed|invalid_login|sshd|syslog,sshd,T1021.004|T1110.001,journald,57704,0,1,0,0,0,1,0,0,0,1,0,19,10,7,1,19,0,0,79,10,22,6,1,11,aggregate,same rule repeated >= 10 times in 5 minutes
wazuh-1788732147.2994968,2026-09-06T22:02:27.161000Z,lab-sensor-01,5710,5,authentication_failed|invalid_login|sshd|syslog,sshd,T1021.004|T1110.001,journald,57718,0,1,0,0,0,1,0,0,0,1,0,19,10,7,1,20,0,0,80,10,22,6,1,11,aggregate,same rule repeated >= 10 times in 5 minutes
wazuh-1788732163.2995517,2026-09-06T22:02:43.335000Z,target-kali-01,5501,3,authentication_success|pam|syslog,pam,T1078,journald,0,0,0,0,0,0,0,0,0,0,1,0,16,16,1,0,32,0,0,106,3,22,6,1,17,aggregate,same rule repeated >= 10 times in 5 minutes
wazuh-1788732185.3001262,2026-09-06T22:03:05.462000Z,target-kali-01,5501,3,authentication_success|pam|syslog,pam,T1078,journald,0,0,0,0,0,0,0,0,0,0,1,0,16,16,1,0,31,0,0,106,3,22,6,1,17,aggregate,same rule repeated >= 10 times in 5 minutes
wazuh-1788732195.3001705,2026-09-06T22:03:15.479000Z,target-kali-01,5501,3,authentication_success|pam|syslog,pam,T1078,journald,0,0,0,0,0,0,0,0,0,0,1,0,16,16,1,0,32,0,0,106,3,22,6,1,17,aggregate,same rule repeated >= 10 times in 5 minutes
wazuh-1788732210.3002148,2026-09-06T22:03:30.912000Z,target-kali-01,5501,3,authentication_success|pam|syslog,pam,T1078,journald,0,0,0,0,0,0,0,0,0,0,1,0,16,16,1,0,32,0,0,107,3,22,6,1,17,aggregate,same rule repeated >= 10 times in 5 minutes
wazuh-1788732222.3002591,2026-09-06T22:03:42.933000Z,target-kali-01,5501,3,authentication_success|pam|syslog,pam,T1078,journald,0,0,0,0,0,0,0,0,0,0,1,0,16,16,1,0,32,0,0,107,3,22,6,1,17,aggregate,same rule repeated >= 10 times in 5 minutes
wazuh-1788732223.3003034,2026-09-06T22:03:43.299000Z,lab-sensor-01,5710,5,authentication_failed|invalid_login|sshd|syslog,sshd,T1021.004|T1110.001,journald,43462,0,1,0,0,0,1,0,0,0,1,0,21,9,7,1,18,0,0,77,10,22,6,1,10,aggregate,same rule repeated >= 10 times in 5 minutes
wazuh-1788732225.3003583,2026-09-06T22:03:45.304000Z,lab-sensor-01,5710,5,authentication_failed|invalid_login|sshd|syslog,sshd,T1021.004|T1110.001,journald,43470,0,1,0,0,0,1,0,0,0,1,0,22,10,7,1,19,0,0,78,10,22,6,1,11,aggregate,same rule repeated >= 10 times in 5 minutes
wazuh-1788732229.3004132,2026-09-06T22:03:49.309000Z,lab-sensor-01,5710,5,authentication_failed|invalid_login|sshd|syslog,sshd,T1021.004|T1110.001,journald,43472,0,1,0,0,0,1,0,0,0,1,0,23,11,7,1,20,0,0,79,10,22,6,1,12,aggregate,same rule repeated >= 10 times in 5 minutes
wazuh-1788732240.3005054,2026-09-06T22:04:00.958000Z,target-kali-01,5501,3,authentication_success|pam|syslog,pam,T1078,journald,0,0,0,0,0,0,0,0,0,0,1,0,16,16,1,0,32,0,0,107,3,22,6,1,17,aggregate,same rule repeated >= 10 times in 5 minutes
wazuh-1788732257.3005497,2026-09-06T22:04:17.067000Z,target-kali-01,5501,3,authentication_success|pam|syslog,pam,T1078,journald,0,0,0,0,0,0,0,0,0,0,1,0,17,17,1,0,33,0,0,107,3,22,6,1,18,aggregate,same rule repeated >= 10 times in 5 minutes
wazuh-1788732267.3005940,2026-09-06T22:04:27.082000Z,target-kali-01,5501,3,authentication_success|pam|syslog,pam,T1078,journald,0,0,0,0,0,0,0,0,0,0,1,0,17,17,1,0,33,0,0,108,3,22,6,1,18,aggregate,same rule repeated >= 10 times in 5 minutes
wazuh-1788732291.3008758,2026-09-06T22:04:51.207000Z,target-kali-01,5501,3,authentication_success|pam|syslog,pam,T1078,journald,0,0,0,0,0,0,0,0,0,0,1,0,17,17,1,0,33,0,0,107,3,22,6,1,18,aggregate,same rule repeated >= 10 times in 5 minutes
wazuh-1788732305.3009201,2026-09-06T22:05:05.233000Z,target-kali-01,5501,3,authentication_success|pam|syslog,pam,T1078,journald,0,0,0,0,0,0,0,0,0,0,1,0,17,17,1,0,33,0,0,107,3,22,6,1,18,aggregate,same rule repeated >= 10 times in 5 minutes
wazuh-1788732327.3010588,2026-09-06T22:05:27.705000Z,target-kali-01,5501,3,authentication_success|pam|syslog,pam,T1078,journald,0,0,0,0,0,0,0,0,0,0,1,0,17,17,1,0,33,0,0,107,3,22,6,1,18,aggregate,same rule repeated >= 10 times in 5 minutes
wazuh-1788732337.3011031,2026-09-06T22:05:37.738000Z,target-kali-01,5501,3,authentication_success|pam|syslog,pam,T1078,journald,0,0,0,0,0,0,0,0,0,0,1,0,17,17,1,0,34,0,0,107,3,22,6,1,18,aggregate,same rule repeated >= 10 times in 5 minutes
wazuh-1788732349.3011474,2026-09-06T22:05:49.775000Z,target-kali-01,5501,3,authentication_success|pam|syslog,pam,T1078,journald,0,0,0,0,0,0,0,0,0,0,1,0,18,18,1,0,34,0,0,107,3,22,6,1,19,aggregate,same rule repeated >= 10 times in 5 minutes
wazuh-1788732363.3012376,2026-09-06T22:06:03.832000Z,target-kali-01,5501,3,authentication_success|pam|syslog,pam,T1078,journald,0,0,0,0,0,0,0,0,0,0,1,0,18,18,1,0,34,0,0,107,3,22,6,1,19,aggregate,same rule repeated >= 10 times in 5 minutes
wazuh-1788732381.3013304,2026-09-06T22:06:21.141000Z,target-kali-01,5501,3,authentication_success|pam|syslog,pam,T1078,journald,0,0,0,0,0,0,0,0,0,0,1,0,18,18,1,0,34,0,0,107,3,22,6,1,19,aggregate,same rule repeated >= 10 times in 5 minutes
wazuh-1788732391.3013747,2026-09-06T22:06:31.176000Z,target-kali-01,5501,3,authentication_success|pam|syslog,pam,T1078,journald,0,0,0,0,0,0,0,0,0,0,1,0,18,18,1,0,35,0,0,107,3,22,6,1,19,aggregate,same rule repeated >= 10 times in 5 minutes
wazuh-1788732406.3014190,2026-09-06T22:06:46.132000Z,target-kali-01,5501,3,authentication_success|pam|syslog,pam,T1078,journald,0,0,0,0,0,0,0,0,0,0,1,0,18,18,1,0,34,0,0,108,3,22,6,1,19,aggregate,same rule repeated >= 10 times in 5 minutes
wazuh-1788732428.3015577,2026-09-06T22:07:08.662000Z,target-kali-01,5501,3,authentication_success|pam|syslog,pam,T1078,journald,0,0,0,0,0,0,0,0,0,0,1,0,18,18,1,0,34,0,0,108,3,22,6,1,19,aggregate,same rule repeated >= 10 times in 5 minutes
wazuh-1788732442.3016479,2026-09-06T22:07:22.731000Z,target-kali-01,5501,3,authentication_success|pam|syslog,pam,T1078,journald,0,0,0,0,0,0,0,0,0,0,1,0,18,18,1,0,35,0,0,108,3,22,6,1,19,aggregate,same rule repeated >= 10 times in 5 minutes
wazuh-1788732462.3017407,2026-09-06T22:07:42.883000Z,target-kali-01,5501,3,authentication_success|pam|syslog,pam,T1078,journald,0,0,0,0,0,0,0,0,0,0,1,0,19,19,1,0,35,0,0,107,3,22,6,1,20,aggregate,same rule repeated >= 10 times in 5 minutes
wazuh-1788732472.3017850,2026-09-06T22:07:52.881000Z,target-kali-01,5501,3,authentication_success|pam|syslog,pam,T1078,journald,0,0,0,0,0,0,0,0,0,0,1,0,19,19,1,0,35,0,0,107,3,22,6,1,20,aggregate,same rule repeated >= 10 times in 5 minutes
wazuh-1788732493.3019237,2026-09-06T22:08:13.205000Z,target-kali-01,5501,3,authentication_success|pam|syslog,pam,T1078,journald,0,0,0,0,0,0,0,0,0,0,1,0,19,19,1,0,35,0,0,107,3,22,6,1,20,aggregate,same rule repeated >= 10 times in 5 minutes
wazuh-1788732503.3019680,2026-09-06T22:08:23.698000Z,target-kali-01,5501,3,authentication_success|pam|syslog,pam,T1078,journald,0,0,0,0,0,0,0,0,0,0,1,0,19,19,1,0,36,0,0,108,3,22,6,1,20,aggregate,same rule repeated >= 10 times in 5 minutes
wazuh-1788732523.3020123,2026-09-06T22:08:43.764000Z,target-kali-01,5501,3,authentication_success|pam|syslog,pam,T1078,journald,0,0,0,0,0,0,0,0,0,0,1,0,18,18,1,0,35,0,0,107,3,22,6,1,19,aggregate,same rule repeated >= 10 times in 5 minutes
wazuh-1788732533.3020566,2026-09-06T22:08:53.798000Z,target-kali-01,5501,3,authentication_success|pam|syslog,pam,T1078,journald,0,0,0,0,0,0,0,0,0,0,1,0,19,19,1,0,36,0,0,108,3,22,6,1,20,aggregate,same rule repeated >= 10 times in 5 minutes
wazuh-1788732547.3021009,2026-09-06T22:09:07.877000Z,target-kali-01,5501,3,authentication_success|pam|syslog,pam,T1078,journald,0,0,0,0,0,0,0,0,0,0,1,0,19,19,1,0,36,0,0,108,3,22,6,1,20,aggregate,same rule repeated >= 10 times in 5 minutes
wazuh-1788732564.3021452,2026-09-06T22:09:24.459000Z,target-kali-01,5501,3,authentication_success|pam|syslog,pam,T1078,journald,0,0,0,0,0,0,0,0,0,0,1,0,19,19,1,0,36,0,0,107,3,22,6,1,20,aggregate,same rule repeated >= 10 times in 5 minutes
wazuh-1788732579.3021895,2026-09-06T22:09:39.048000Z,target-kali-01,5501,3,authentication_success|pam|syslog,pam,T1078,journald,0,0,0,0,0,0,0,0,0,0,1,0,19,19,1,0,36,0,0,108,3,22,6,1,20,aggregate,same rule repeated >= 10 times in 5 minutes
wazuh-1788732589.3022338,2026-09-06T22:09:49.469000Z,target-kali-01,5501,3,authentication_success|pam|syslog,pam,T1078,journald,0,0,0,0,0,0,0,0,0,0,1,0,20,20,1,0,37,0,0,108,3,22,6,1,21,aggregate,same rule repeated >= 10 times in 5 minutes
wazuh-1788732605.3022781,2026-09-06T22:10:05.516000Z,target-kali-01,5501,3,authentication_success|pam|syslog,pam,T1078,journald,0,0,0,0,0,0,0,0,0,0,1,0,19,19,1,0,37,0,0,108,3,22,6,1,20,aggregate,same rule repeated >= 10 times in 5 minutes
wazuh-1788732624.3025972,2026-09-06T22:10:24.720000Z,target-kali-01,5501,3,authentication_success|pam|syslog,pam,T1078,journald,0,0,0,0,0,0,0,0,0,0,1,0,20,20,1,0,37,0,0,108,3,22,6,1,21,aggregate,same rule repeated >= 10 times in 5 minutes
wazuh-1788732637.3026415,2026-09-06T22:10:37.208000Z,target-kali-01,5501,3,authentication_success|pam|syslog,pam,T1078,journald,0,0,0,0,0,0,0,0,0,0,1,0,20,20,1,0,37,0,0,109,3,22,6,1,21,aggregate,same rule repeated >= 10 times in 5 minutes
wazuh-1788732659.3028505,2026-09-06T22:10:59.323000Z,target-kali-01,5501,3,authentication_success|pam|syslog,pam,T1078,journald,0,0,0,0,0,0,0,0,0,0,1,0,19,19,1,0,37,0,0,108,3,22,6,1,20,aggregate,same rule repeated >= 10 times in 5 minutes
wazuh-1788732673.3028948,2026-09-06T22:11:13.476000Z,target-kali-01,5501,3,authentication_success|pam|syslog,pam,T1078,journald,0,0,0,0,0,0,0,0,0,0,1,0,19,19,1,0,37,0,0,109,3,22,6,1,20,aggregate,same rule repeated >= 10 times in 5 minutes
wazuh-1788732693.3029391,2026-09-06T22:11:33.590000Z,target-kali-01,5501,3,authentication_success|pam|syslog,pam,T1078,journald,0,0,0,0,0,0,0,0,0,0,1,0,18,18,1,0,37,0,0,108,3,22,6,1,19,aggregate,same rule repeated >= 10 times in 5 minutes
wazuh-1788732704.3054331,2026-09-06T22:11:44.420000Z,film-laptop,86601,3,ids|suricata,json,none,/var/log/suricata/eve.json,43030,80,1,0,0,0,1,0,0,0,0,0,12,9,5,0,1,0,1,2,3,22,6,1,10,aggregate,same rule repeated >= 10 times in 5 minutes
wazuh-1788732704.3057016,2026-09-06T22:11:44.461000Z,film-laptop,86601,3,ids|suricata,json,none,/var/log/suricata/eve.json,43030,80,1,0,0,0,1,0,0,0,0,0,13,10,5,0,1,0,1,2,3,22,6,1,11,aggregate,same rule repeated >= 10 times in 5 minutes
wazuh-1788732704.3059729,2026-09-06T22:11:44.461000Z,film-laptop,86601,3,ids|suricata,json,none,/var/log/suricata/eve.json,43030,80,1,0,0,0,1,0,0,0,0,0,14,11,5,0,1,0,1,2,3,22,6,1,12,aggregate,same rule repeated >= 10 times in 5 minutes
wazuh-1788732704.3062422,2026-09-06T22:11:44.461000Z,film-laptop,86601,3,ids|suricata,json,none,/var/log/suricata/eve.json,43030,80,1,0,0,0,1,0,0,0,0,0,15,12,5,0,1,0,1,2,3,22,6,1,13,aggregate,same rule repeated >= 10 times in 5 minutes
wazuh-1788732711.3065519,2026-09-06T22:11:51.652000Z,target-kali-01,5501,3,authentication_success|pam|syslog,pam,T1078,journald,0,0,0,0,0,0,0,0,0,0,1,0,18,18,1,0,37,0,0,108,3,22,6,1,19,aggregate,same rule repeated >= 10 times in 5 minutes
wazuh-1788732727.3065962,2026-09-06T22:12:07.717000Z,target-kali-01,5501,3,authentication_success|pam|syslog,pam,T1078,journald,0,0,0,0,0,0,0,0,0,0,1,0,19,19,1,0,37,0,0,108,3,22,6,1,20,aggregate,same rule repeated >= 10 times in 5 minutes
wazuh-1788732751.3067808,2026-09-06T22:12:31.280000Z,target-kali-01,5501,3,authentication_success|pam|syslog,pam,T1078,journald,0,0,0,0,0,0,0,0,0,0,1,0,18,18,1,0,37,0,0,108,3,22,6,1,19,aggregate,same rule repeated >= 10 times in 5 minutes
wazuh-1788732764.3069752,2026-09-06T22:12:44.471000Z,film-laptop,86601,3,ids|suricata,json,none,/var/log/suricata/eve.json,40838,80,1,0,0,0,1,0,0,0,0,0,19,13,6,0,3,0,2,4,3,22,6,1,14,aggregate,same rule repeated >= 10 times in 5 minutes
wazuh-1788732764.3072327,2026-09-06T22:12:44.473000Z,film-laptop,86601,3,ids|suricata,json,none,/var/log/suricata/eve.json,45858,80,1,0,0,0,1,0,0,0,0,0,20,14,6,0,3,0,2,4,3,22,6,1,15,aggregate,same rule repeated >= 10 times in 5 minutes
wazuh-1788732764.3074848,2026-09-06T22:12:44.480000Z,film-laptop,86601,3,ids|suricata,json,none,/var/log/suricata/eve.json,53488,80,1,0,0,0,1,0,0,0,0,0,21,15,6,0,3,0,2,4,3,22,6,1,16,aggregate,same rule repeated >= 10 times in 5 minutes
wazuh-1788732764.3077381,2026-09-06T22:12:44.488000Z,film-laptop,86601,3,ids|suricata,json,none,/var/log/suricata/eve.json,45858,80,1,0,0,0,1,0,0,0,0,0,22,16,6,0,3,0,2,4,3,22,6,1,17,aggregate,same rule repeated >= 10 times in 5 minutes
wazuh-1788732764.3079920,2026-09-06T22:12:44.496000Z,film-laptop,86601,3,ids|suricata,json,none,/var/log/suricata/eve.json,40838,80,1,0,0,0,1,0,0,0,0,0,23,17,6,0,3,0,2,4,3,22,6,1,18,aggregate,same rule repeated >= 10 times in 5 minutes
wazuh-1788732764.3082517,2026-09-06T22:12:44.504000Z,film-laptop,86601,3,ids|suricata,json,none,/var/log/suricata/eve.json,45858,80,1,0,0,0,1,0,0,0,0,0,24,18,6,0,3,0,2,4,3,22,6,1,19,aggregate,same rule repeated >= 10 times in 5 minutes
wazuh-1788732769.3085474,2026-09-06T22:12:49.346000Z,target-kali-01,5501,3,authentication_success|pam|syslog,pam,T1078,journald,0,0,0,0,0,0,0,0,0,0,1,0,18,18,1,0,37,0,0,107,3,22,6,1,19,aggregate,same rule repeated >= 10 times in 5 minutes
wazuh-1788732783.3085917,2026-09-06T22:13:03.391000Z,target-kali-01,5501,3,authentication_success|pam|syslog,pam,T1078,journald,0,0,0,0,0,0,0,0,0,0,1,0,18,18,1,0,38,0,0,107,3,22,6,1,19,aggregate,same rule repeated >= 10 times in 5 minutes
wazuh-1788732803.3086360,2026-09-06T22:13:23.655000Z,target-kali-01,5501,3,authentication_success|pam|syslog,pam,T1078,journald,0,0,0,0,0,0,0,0,0,0,1,0,18,18,1,0,37,0,0,107,3,22,6,1,19,aggregate,same rule repeated >= 10 times in 5 minutes
wazuh-1788732821.3087747,2026-09-06T22:13:41.836000Z,target-kali-01,5501,3,authentication_success|pam|syslog,pam,T1078,journald,0,0,0,0,0,0,0,0,0,0,1,0,18,18,1,0,37,0,0,106,3,22,6,1,19,aggregate,same rule repeated >= 10 times in 5 minutes
wazuh-1788732839.3088190,2026-09-06T22:13:59.913000Z,target-kali-01,5501,3,authentication_success|pam|syslog,pam,T1078,journald,0,0,0,0,0,0,0,0,0,0,1,0,17,17,1,0,37,0,0,106,3,22,6,1,18,aggregate,same rule repeated >= 10 times in 5 minutes
