event_id,timestamp,agent_name,rule_id,rule_level,rule_groups,decoder_name,mitre_id,location,source_port,destination_port,source_is_private,destination_is_private,network_bytes,network_packets,has_network_evidence,has_audit_evidence,has_process_evidence,has_file_evidence,has_auth_evidence,has_privilege_evidence,host_events_previous_5m,same_rule_previous_5m,unique_rules_previous_10m,high_level_events_previous_10m,auth_events_previous_10m,file_events_previous_10m,privilege_events_previous_30m,mitre_events_previous_30m,rule_level_max_previous_10m,hour,day_of_week,is_after_hours,rule_count,rule_decision,rule_reason
wazuh-1788711251.949946,2026-09-06T16:14:11.978000Z,target-kali-01,5501,3,authentication_success|pam|syslog,pam,T1078,journald,0,0,0,0,0,0,0,0,0,0,1,0,0,0,0,0,0,0,0,0,0,16,6,0,1,ml_candidate,rule is not deterministic enough
wazuh-1788711251.950388,2026-09-06T16:14:11.978000Z,target-kali-01,5501,3,authentication_success|pam|syslog,pam,T1078,journald,0,0,0,0,0,0,0,0,0,0,1,0,1,1,1,0,1,0,0,1,3,16,6,0,2,ml_candidate,rule is not deterministic enough
wazuh-1788711252.950840,2026-09-06T16:14:12.112000Z,target-kali-01,5501,3,authentication_success|pam|syslog,pam,T1078,journald,0,0,0,0,0,0,0,0,0,0,1,0,2,2,1,0,2,0,0,2,3,16,6,0,3,ml_candidate,rule is not deterministic enough
wazuh-1788711252.951282,2026-09-06T16:14:12.150000Z,target-kali-01,5501,3,authentication_success|pam|syslog,pam,T1078,journald,0,0,0,0,0,0,0,0,0,0,1,0,3,3,1,0,3,0,0,3,3,16,6,0,4,ml_candidate,rule is not deterministic enough
wazuh-1788711253.951724,2026-09-06T16:14:13.964000Z,target-kali-01,5501,3,authentication_success|pam|syslog,pam,T1078,journald,0,0,0,0,0,0,0,0,0,0,1,0,4,4,1,0,4,0,0,4,3,16,6,0,5,ml_candidate,rule is not deterministic enough
wazuh-1788711269.952166,2026-09-06T16:14:29.994000Z,target-kali-01,5501,3,authentication_success|pam|syslog,pam,T1078,journald,0,0,0,0,0,0,0,0,0,0,1,0,5,5,1,0,5,0,0,5,3,16,6,0,6,ml_candidate,rule is not deterministic enough
wazuh-1788711282.952608,2026-09-06T16:14:42.626000Z,target-kali-01,5501,3,authentication_success|pam|syslog,pam,T1078,journald,0,0,0,0,0,0,0,0,0,0,1,0,6,6,1,0,6,0,0,6,3,16,6,0,7,ml_candidate,rule is not deterministic enough
wazuh-1788711294.953050,2026-09-06T16:14:54.666000Z,target-kali-01,5501,3,authentication_success|pam|syslog,pam,T1078,journald,0,0,0,0,0,0,0,0,0,0,1,0,7,7,1,0,7,0,0,7,3,16,6,0,8,ml_candidate,rule is not deterministic enough
wazuh-1788711313.953492,2026-09-06T16:15:13.349000Z,lab-sensor-01,5710,5,authentication_failed|invalid_login|sshd|syslog,sshd,T1021.004|T1110.001,journald,46600,0,1,0,0,0,1,0,0,0,1,0,0,0,0,0,0,0,0,0,0,16,6,0,1,ml_candidate,rule is not deterministic enough
wazuh-1788711314.954040,2026-09-06T16:15:14.686000Z,target-kali-01,5501,3,authentication_success|pam|syslog,pam,T1078,journald,0,0,0,0,0,0,0,0,0,0,1,0,8,8,1,0,8,0,0,8,3,16,6,0,9,ml_candidate,rule is not deterministic enough
wazuh-1788711317.954482,2026-09-06T16:15:17.356000Z,lab-sensor-01,5710,5,authentication_failed|invalid_login|sshd|syslog,sshd,T1021.004|T1110.001,journald,46616,0,1,0,0,0,1,0,0,0,1,0,1,1,1,0,1,0,0,1,5,16,6,0,2,ml_candidate,rule is not deterministic enough
wazuh-1788711318.955030,2026-09-06T16:15:18.574000Z,lab-sensor-01,80730,3,audit|audit_selinux,auditd,none,/var/log/audit/audit.log,0,0,0,0,0,0,0,1,1,0,0,0,2,0,1,0,2,0,0,2,5,16,6,0,1,ml_candidate,rule is not deterministic enough
wazuh-1788711318.956554,2026-09-06T16:15:18.576000Z,lab-sensor-01,80730,3,audit|audit_selinux,auditd,none,/var/log/audit/audit.log,0,0,0,0,0,0,0,1,1,0,0,0,3,1,2,0,2,0,0,2,5,16,6,0,2,ml_candidate,rule is not deterministic enough
wazuh-1788711318.957953,2026-09-06T16:15:18.582000Z,lab-sensor-01,80730,3,audit|audit_selinux,auditd,none,/var/log/audit/audit.log,0,0,0,0,0,0,0,1,1,0,0,0,4,2,2,0,2,0,0,2,5,16,6,0,3,ml_candidate,rule is not deterministic enough
wazuh-1788711318.959657,2026-09-06T16:15:18.669000Z,lab-sensor-01,92603,6,audit_detections,auditd,T1021.004,/var/log/audit/audit.log,0,0,0,0,0,0,0,1,1,0,0,0,5,0,2,0,2,0,0,2,5,16,6,0,1,ml_candidate,rule is not deterministic enough
wazuh-1788711321.961610,2026-09-06T16:15:21.362000Z,lab-sensor-01,5710,5,authentication_failed|invalid_login|sshd|syslog,sshd,T1021.004|T1110.001,journald,46630,0,1,0,0,0,1,0,0,0,1,0,6,2,3,0,2,0,0,3,6,16,6,0,3,ml_candidate,rule is not deterministic enough
wazuh-1788711357.963042,2026-09-06T16:15:57.417000Z,lab-sensor-01,5710,5,authentication_failed|invalid_login|sshd|syslog,sshd,T1021.004|T1110.001,journald,56344,0,1,0,0,0,1,0,0,0,1,0,7,3,3,0,3,0,0,4,6,16,6,0,4,ml_candidate,rule is not deterministic enough
wazuh-1788711361.964032,2026-09-06T16:16:01.426000Z,lab-sensor-01,5710,5,authentication_failed|invalid_login|sshd|syslog,sshd,T1021.004|T1110.001,journald,56352,0,1,0,0,0,1,0,0,0,1,0,8,4,3,0,4,0,0,5,6,16,6,0,5,ml_candidate,rule is not deterministic enough
wazuh-1788711363.964580,2026-09-06T16:16:03.430000Z,lab-sensor-01,5710,5,authentication_failed|invalid_login|sshd|syslog,sshd,T1021.004|T1110.001,journald,35556,0,1,0,0,0,1,0,0,0,1,0,9,5,3,0,5,0,0,6,6,16,6,0,6,ml_candidate,rule is not deterministic enough
wazuh-1788711427.966896,2026-09-06T16:17:07.256000Z,film-laptop,591,3,ossec,ossec,none,logcollector,0,0,0,0,0,0,0,0,0,0,0,0,0,0,0,0,0,0,0,0,0,16,6,0,1,ml_candidate,rule is not deterministic enough
wazuh-1788711435.967268,2026-09-06T16:17:15.580000Z,lab-sensor-01,5710,5,authentication_failed|invalid_login|sshd|syslog,sshd,T1021.004|T1110.001,journald,34100,0,1,0,0,0,1,0,0,0,1,0,10,6,3,0,6,0,0,7,6,16,6,0,7,ml_candidate,rule is not deterministic enough
wazuh-1788711437.968258,2026-09-06T16:17:17.582000Z,lab-sensor-01,5710,5,authentication_failed|invalid_login|sshd|syslog,sshd,T1021.004|T1110.001,journald,34106,0,1,0,0,0,1,0,0,0,1,0,11,7,3,0,7,0,0,8,6,16,6,0,8,ml_candidate,rule is not deterministic enough
wazuh-1788711441.968806,2026-09-06T16:17:21.592000Z,lab-sensor-01,5710,5,authentication_failed|invalid_login|sshd|syslog,sshd,T1021.004|T1110.001,journald,34112,0,1,0,0,0,1,0,0,0,1,0,12,8,3,0,8,0,0,9,6,16,6,0,9,ml_candidate,rule is not deterministic enough
wazuh-1788711467.970238,2026-09-06T16:17:47.659000Z,lab-sensor-01,31101,5,accesslog|attack|web,web-accesslog,none,/var/log/apache2/access.log,0,0,1,0,0,0,1,0,0,0,0,0,13,0,3,0,9,0,0,10,6,16,6,0,1,ml_candidate,rule is not deterministic enough
wazuh-1788711469.970679,2026-09-06T16:17:49.662000Z,lab-sensor-01,31101,5,accesslog|attack|web,web-accesslog,none,/var/log/apache2/access.log,0,0,1,0,0,0,1,0,0,0,0,0,14,1,4,0,9,0,0,10,6,16,6,0,2,ml_candidate,rule is not deterministic enough
wazuh-1788711471.971120,2026-09-06T16:17:51.667000Z,lab-sensor-01,31101,5,accesslog|attack|web,web-accesslog,none,/var/log/apache2/access.log,0,0,1,0,0,0,1,0,0,0,0,0,15,2,4,0,9,0,0,10,6,16,6,0,3,ml_candidate,rule is not deterministic enough
wazuh-1788711473.971567,2026-09-06T16:17:53.671000Z,lab-sensor-01,31516,6,appsec|attack|web,web-accesslog,T1055,/var/log/apache2/access.log,0,0,1,0,0,0,1,0,0,0,0,0,16,0,4,0,9,0,0,10,6,16,6,0,1,ml_candidate,rule is not deterministic enough
wazuh-1788711473.972009,2026-09-06T16:17:53.671000Z,lab-sensor-01,30305,5,access_denied|apache|web,apache-errorlog,none,/var/log/apache2/error.log,60776,0,1,0,0,0,1,0,0,0,0,0,17,0,5,0,9,0,0,11,6,16,6,0,1,ml_candidate,rule is not deterministic enough
wazuh-1788711485.972608,2026-09-06T16:18:05.699000Z,lab-sensor-01,31104,6,accesslog|attack|web,web-accesslog,T1055|T1083|T1190,/var/log/apache2/access.log,0,0,1,0,0,0,1,0,0,0,0,0,18,0,6,0,9,0,0,11,6,16,6,0,1,ml_candidate,rule is not deterministic enough
wazuh-1788711497.973992,2026-09-06T16:18:17.730000Z,lab-sensor-01,80730,3,audit|audit_selinux,auditd,none,/var/log/audit/audit.log,0,0,0,0,0,0,0,1,1,0,0,0,20,3,8,0,9,0,0,13,6,16,6,0,4,ml_candidate,rule is not deterministic enough
wazuh-1788711497.975516,2026-09-06T16:18:17.730000Z,lab-sensor-01,80730,3,audit|audit_selinux,auditd,none,/var/log/audit/audit.log,0,0,0,0,0,0,0,1,1,0,0,0,21,4,8,0,9,0,0,13,6,16,6,0,5,ml_candidate,rule is not deterministic enough
wazuh-1788711528.977799,2026-09-06T16:18:48.983000Z,lab-sensor-01,31101,5,accesslog|attack|web,web-accesslog,none,/var/log/apache2/access.log,0,0,1,0,0,0,1,0,0,0,0,0,22,3,8,0,9,0,0,13,6,16,6,0,4,ml_candidate,rule is not deterministic enough
wazuh-1788711530.978240,2026-09-06T16:18:50.985000Z,lab-sensor-01,31101,5,accesslog|attack|web,web-accesslog,none,/var/log/apache2/access.log,0,0,1,0,0,0,1,0,0,0,0,0,23,4,8,0,9,0,0,13,6,16,6,0,5,ml_candidate,rule is not deterministic enough
wazuh-1788711532.978681,2026-09-06T16:18:52.987000Z,lab-sensor-01,31101,5,accesslog|attack|web,web-accesslog,none,/var/log/apache2/access.log,0,0,1,0,0,0,1,0,0,0,0,0,24,5,8,0,9,0,0,13,6,16,6,0,6,ml_candidate,rule is not deterministic enough
wazuh-1788711534.979128,2026-09-06T16:18:54.990000Z,lab-sensor-01,30305,5,access_denied|apache|web,apache-errorlog,none,/var/log/apache2/error.log,59134,0,1,0,0,0,1,0,0,0,0,0,25,1,8,0,9,0,0,13,6,16,6,0,2,ml_candidate,rule is not deterministic enough
wazuh-1788711534.979727,2026-09-06T16:18:54.990000Z,lab-sensor-01,31516,6,appsec|attack|web,web-accesslog,T1055,/var/log/apache2/access.log,0,0,1,0,0,0,1,0,0,0,0,0,26,1,8,0,9,0,0,13,6,16,6,0,2,ml_candidate,rule is not deterministic enough
wazuh-1788711573.982255,2026-09-06T16:19:33.050000Z,lab-sensor-01,31104,6,accesslog|attack|web,web-accesslog,T1055|T1083|T1190,/var/log/apache2/access.log,0,0,1,0,0,0,1,0,0,0,0,0,30,1,8,0,12,0,0,17,6,16,6,0,2,ml_candidate,rule is not deterministic enough
wazuh-1788711664.985849,2026-09-06T16:21:04.003000Z,lab-sensor-01,31104,6,accesslog|attack|web,web-accesslog,T1055|T1083|T1190,/var/log/apache2/access.log,0,0,1,0,0,0,1,0,0,0,0,0,22,2,8,0,12,0,0,19,6,16,6,0,3,ml_candidate,rule is not deterministic enough
wazuh-1788711683.987233,2026-09-06T16:21:23.245000Z,lab-sensor-01,31104,6,accesslog|attack|web,web-accesslog,T1055|T1083|T1190,/var/log/apache2/access.log,0,0,1,0,0,0,1,0,0,0,0,0,24,3,8,0,12,0,0,21,6,16,6,0,4,ml_candidate,rule is not deterministic enough
wazuh-1788711706.988617,2026-09-06T16:21:46.089000Z,lab-sensor-01,5710,5,authentication_failed|invalid_login|sshd|syslog,sshd,T1021.004|T1110.001,journald,43978,0,1,0,0,0,1,0,0,0,1,0,26,6,8,0,12,0,0,23,6,16,6,0,7,ml_candidate,rule is not deterministic enough
wazuh-1788711708.989607,2026-09-06T16:21:48.090000Z,lab-sensor-01,5710,5,authentication_failed|invalid_login|sshd|syslog,sshd,T1021.004|T1110.001,journald,43988,0,1,0,0,0,1,0,0,0,1,0,27,7,8,0,13,0,0,24,6,16,6,0,8,ml_candidate,rule is not deterministic enough
wazuh-1788711712.990155,2026-09-06T16:21:52.109000Z,lab-sensor-01,5710,5,authentication_failed|invalid_login|sshd|syslog,sshd,T1021.004|T1110.001,journald,43994,0,1,0,0,0,1,0,0,0,1,0,28,8,8,0,14,0,0,25,6,16,6,0,9,ml_candidate,rule is not deterministic enough
wazuh-1788711747.991587,2026-09-06T16:22:27.288000Z,film-laptop,591,3,ossec,ossec,none,logcollector,0,0,0,0,0,0,0,0,0,0,0,0,0,0,1,0,0,0,0,0,3,16,6,0,1,ml_candidate,rule is not deterministic enough
wazuh-1788711800.993727,2026-09-06T16:23:20.245000Z,lab-sensor-01,31101,5,accesslog|attack|web,web-accesslog,none,/var/log/apache2/access.log,0,0,1,0,0,0,1,0,0,0,0,0,17,3,8,0,15,0,0,26,6,16,6,0,4,ml_candidate,rule is not deterministic enough
wazuh-1788711802.994168,2026-09-06T16:23:22.251000Z,lab-sensor-01,31101,5,accesslog|attack|web,web-accesslog,none,/var/log/apache2/access.log,0,0,1,0,0,0,1,0,0,0,0,0,18,4,8,0,15,0,0,26,6,16,6,0,5,ml_candidate,rule is not deterministic enough
wazuh-1788711804.994609,2026-09-06T16:23:24.254000Z,lab-sensor-01,31101,5,accesslog|attack|web,web-accesslog,none,/var/log/apache2/access.log,0,0,1,0,0,0,1,0,0,0,0,0,19,5,8,0,15,0,0,26,6,16,6,0,6,ml_candidate,rule is not deterministic enough
wazuh-1788711806.995056,2026-09-06T16:23:26.256000Z,lab-sensor-01,30305,5,access_denied|apache|web,apache-errorlog,none,/var/log/apache2/error.log,36860,0,1,0,0,0,1,0,0,0,0,0,20,1,8,0,15,0,0,26,6,16,6,0,2,ml_candidate,rule is not deterministic enough
wazuh-1788711806.995655,2026-09-06T16:23:26.256000Z,lab-sensor-01,31516,6,appsec|attack|web,web-accesslog,T1055,/var/log/apache2/access.log,0,0,1,0,0,0,1,0,0,0,0,0,21,1,8,0,15,0,0,26,6,16,6,0,2,ml_candidate,rule is not deterministic enough
wazuh-1788711818.996097,2026-09-06T16:23:38.299000Z,lab-sensor-01,31104,6,accesslog|attack|web,web-accesslog,T1055|T1083|T1190,/var/log/apache2/access.log,0,0,1,0,0,0,1,0,0,0,0,0,22,3,8,0,15,0,0,27,6,16,6,0,4,ml_candidate,rule is not deterministic enough
wazuh-1788711885.998807,2026-09-06T16:24:45.812000Z,lab-sensor-01,31104,6,accesslog|attack|web,web-accesslog,T1055|T1083|T1190,/var/log/apache2/access.log,0,0,1,0,0,0,1,0,0,0,0,0,14,3,8,0,15,0,0,29,6,16,6,0,4,ml_candidate,rule is not deterministic enough
wazuh-1788711906.1000634,2026-09-06T16:25:06.550000Z,lab-sensor-01,31101,5,accesslog|attack|web,web-accesslog,none,/var/log/apache2/access.log,0,0,1,0,0,0,1,0,0,0,0,0,16,3,8,0,15,0,0,31,6,16,6,0,4,ml_candidate,rule is not deterministic enough
wazuh-1788711908.1001076,2026-09-06T16:25:08.557000Z,lab-sensor-01,31101,5,accesslog|attack|web,web-accesslog,none,/var/log/apache2/access.log,0,0,1,0,0,0,1,0,0,0,0,0,17,4,8,0,15,0,0,31,6,16,6,0,5,ml_candidate,rule is not deterministic enough
wazuh-1788711910.1001518,2026-09-06T16:25:10.559000Z,lab-sensor-01,31101,5,accesslog|attack|web,web-accesslog,none,/var/log/apache2/access.log,0,0,1,0,0,0,1,0,0,0,0,0,18,5,8,0,15,0,0,31,6,16,6,0,6,ml_candidate,rule is not deterministic enough
wazuh-1788711912.1001966,2026-09-06T16:25:12.561000Z,lab-sensor-01,30305,5,access_denied|apache|web,apache-errorlog,none,/var/log/apache2/error.log,43006,0,1,0,0,0,1,0,0,0,0,0,19,1,8,0,15,0,0,31,6,16,6,0,2,ml_candidate,rule is not deterministic enough
wazuh-1788711912.1002566,2026-09-06T16:25:12.561000Z,lab-sensor-01,31516,6,appsec|attack|web,web-accesslog,T1055,/var/log/apache2/access.log,0,0,1,0,0,0,1,0,0,0,0,0,20,1,8,0,15,0,0,31,6,16,6,0,2,ml_candidate,rule is not deterministic enough
wazuh-1788712020.1005667,2026-09-06T16:27:00.801000Z,lab-sensor-01,5710,5,authentication_failed|invalid_login|sshd|syslog,sshd,T1021.004|T1110.001,journald,39932,0,1,0,0,0,1,0,0,0,1,0,14,0,7,0,9,0,0,32,6,16,6,0,1,ml_candidate,rule is not deterministic enough
wazuh-1788712024.1006659,2026-09-06T16:27:04.806000Z,lab-sensor-01,5710,5,authentication_failed|invalid_login|sshd|syslog,sshd,T1021.004|T1110.001,journald,38786,0,1,0,0,0,1,0,0,0,1,0,15,1,7,0,10,0,0,33,6,16,6,0,2,ml_candidate,rule is not deterministic enough
wazuh-1788712026.1007208,2026-09-06T16:27:06.808000Z,lab-sensor-01,5710,5,authentication_failed|invalid_login|sshd|syslog,sshd,T1021.004|T1110.001,journald,38792,0,1,0,0,0,1,0,0,0,1,0,16,2,7,0,11,0,0,34,6,16,6,0,3,ml_candidate,rule is not deterministic enough
wazuh-1788712110.1009529,2026-09-06T16:28:30.960000Z,lab-sensor-01,31104,6,accesslog|attack|web,web-accesslog,T1055|T1083|T1190,/var/log/apache2/access.log,0,0,1,0,0,0,1,0,0,0,0,0,12,2,6,0,9,0,0,35,6,16,6,0,3,ml_candidate,rule is not deterministic enough
wazuh-1788712131.1010916,2026-09-06T16:28:51.327000Z,film-laptop,591,3,ossec,ossec,none,logcollector,0,0,0,0,0,0,0,0,0,0,0,0,0,0,1,0,0,0,0,0,3,16,6,0,1,ml_candidate,rule is not deterministic enough
wazuh-1788712189.1013504,2026-09-06T16:29:49.086000Z,lab-sensor-01,5710,5,authentication_failed|invalid_login|sshd|syslog,sshd,T1021.004|T1110.001,journald,53168,0,1,0,0,0,1,0,0,0,1,0,11,3,6,0,6,0,0,37,6,16,6,0,4,ml_candidate,rule is not deterministic enough
wazuh-1788712193.1014053,2026-09-06T16:29:53.090000Z,lab-sensor-01,5710,5,authentication_failed|invalid_login|sshd|syslog,sshd,T1021.004|T1110.001,journald,52710,0,1,0,0,0,1,0,0,0,1,0,11,4,6,0,7,0,0,38,6,16,6,0,5,ml_candidate,rule is not deterministic enough
wazuh-1788712195.1014602,2026-09-06T16:29:55.093000Z,lab-sensor-01,5710,5,authentication_failed|invalid_login|sshd|syslog,sshd,T1021.004|T1110.001,journald,52714,0,1,0,0,0,1,0,0,0,1,0,12,5,6,0,8,0,0,39,6,16,6,0,6,ml_candidate,rule is not deterministic enough
wazuh-1788712256.1016923,2026-09-06T16:30:56.581000Z,lab-sensor-01,31104,6,accesslog|attack|web,web-accesslog,T1055|T1083|T1190,/var/log/apache2/access.log,0,0,1,0,0,0,1,0,0,0,0,0,8,1,6,0,9,0,0,40,6,16,6,0,2,ml_candidate,rule is not deterministic enough
wazuh-1788712303.1018753,2026-09-06T16:31:43.245000Z,lab-sensor-01,31104,6,accesslog|attack|web,web-accesslog,T1055|T1083|T1190,/var/log/apache2/access.log,0,0,1,0,0,0,1,0,0,0,0,0,10,2,6,0,9,0,0,42,6,16,6,0,3,ml_candidate,rule is not deterministic enough
wazuh-1788712340.1020583,2026-09-06T16:32:20.737000Z,lab-sensor-01,31104,6,accesslog|attack|web,web-accesslog,T1055|T1083|T1190,/var/log/apache2/access.log,0,0,1,0,0,0,1,0,0,0,0,0,9,3,6,0,6,0,0,44,6,16,6,0,4,ml_candidate,rule is not deterministic enough
wazuh-1788712360.1021970,2026-09-06T16:32:40.734000Z,lab-sensor-01,31104,6,accesslog|attack|web,web-accesslog,T1055|T1083|T1190,/var/log/apache2/access.log,0,0,1,0,0,0,1,0,0,0,0,0,11,4,6,0,6,0,0,46,6,16,6,0,5,ml_candidate,rule is not deterministic enough
wazuh-1788712378.1023800,2026-09-06T16:32:58.770000Z,lab-sensor-01,31104,6,accesslog|attack|web,web-accesslog,T1055|T1083|T1190,/var/log/apache2/access.log,0,0,1,0,0,0,1,0,0,0,0,0,13,5,6,0,6,0,0,48,6,16,6,0,6,ml_candidate,rule is not deterministic enough
wazuh-1788712408.1025187,2026-09-06T16:33:28.863000Z,lab-sensor-01,80730,3,audit|audit_selinux,auditd,none,/var/log/audit/audit.log,0,0,0,0,0,0,0,1,1,0,0,0,15,0,6,0,6,0,0,50,6,16,6,0,1,ml_candidate,rule is not deterministic enough
wazuh-1788712408.1026709,2026-09-06T16:33:28.865000Z,lab-sensor-01,80730,3,audit|audit_selinux,auditd,none,/var/log/audit/audit.log,0,0,0,0,0,0,0,1,1,0,0,0,16,1,7,0,6,0,0,50,6,16,6,0,2,ml_candidate,rule is not deterministic enough
wazuh-1788712447.1028772,2026-09-06T16:34:07.467000Z,lab-sensor-01,591,3,ossec,ossec,none,logcollector,0,0,0,0,0,0,0,0,0,0,0,0,15,0,7,0,6,0,0,50,6,16,6,0,1,ml_candidate,rule is not deterministic enough
wazuh-1788712447.1029149,2026-09-06T16:34:07.508000Z,lab-sensor-01,591,3,ossec,ossec,none,logcollector,0,0,0,0,0,0,0,0,0,0,0,0,16,1,8,0,6,0,0,50,6,16,6,0,2,ml_candidate,rule is not deterministic enough
wazuh-1788712447.1029527,2026-09-06T16:34:07.508000Z,lab-sensor-01,592,8,attacks|ossec,ossec,T1565.001,logcollector,0,0,0,0,0,0,0,0,0,0,0,0,17,0,8,0,6,0,0,50,6,16,6,0,1,ml_candidate,rule is not deterministic enough
wazuh-1788712447.1029894,2026-09-06T16:34:07.546000Z,lab-sensor-01,30305,5,access_denied|apache|web,apache-errorlog,none,/var/log/apache2/error.log,47710,0,1,0,0,0,1,0,0,0,0,0,18,0,9,1,6,0,0,51,8,16,6,0,1,ml_candidate,rule is not deterministic enough
wazuh-1788712447.1030494,2026-09-06T16:34:07.555000Z,lab-sensor-01,31101,5,accesslog|attack|web,web-accesslog,none,/var/log/apache2/access.log,0,0,1,0,0,0,1,0,0,0,0,0,19,0,9,1,6,0,0,51,8,16,6,0,1,ml_candidate,rule is not deterministic enough
wazuh-1788712447.1030936,2026-09-06T16:34:07.558000Z,lab-sensor-01,31101,5,accesslog|attack|web,web-accesslog,none,/var/log/apache2/access.log,0,0,1,0,0,0,1,0,0,0,0,0,20,1,9,1,6,0,0,51,8,16,6,0,2,ml_candidate,rule is not deterministic enough
wazuh-1788712447.1031378,2026-09-06T16:34:07.561000Z,lab-sensor-01,31101,5,accesslog|attack|web,web-accesslog,none,/var/log/apache2/access.log,0,0,1,0,0,0,1,0,0,0,0,0,21,2,9,1,6,0,0,51,8,16,6,0,3,ml_candidate,rule is not deterministic enough
wazuh-1788712447.1031826,2026-09-06T16:34:07.565000Z,lab-sensor-01,31516,6,appsec|attack|web,web-accesslog,T1055,/var/log/apache2/access.log,0,0,1,0,0,0,1,0,0,0,0,0,22,0,9,1,6,0,0,51,8,16,6,0,1,ml_candidate,rule is not deterministic enough
wazuh-1788712451.1032269,2026-09-06T16:34:11.360000Z,film-laptop,591,3,ossec,ossec,none,logcollector,0,0,0,0,0,0,0,0,0,0,0,0,0,0,1,0,0,0,0,0,3,16,6,0,1,ml_candidate,rule is not deterministic enough
wazuh-1788712471.1033085,2026-09-06T16:34:31.625000Z,lab-sensor-01,31104,6,accesslog|attack|web,web-accesslog,T1055|T1083|T1190,/var/log/apache2/access.log,0,0,1,0,0,0,1,0,0,0,0,0,23,5,9,1,6,0,0,52,8,16,6,0,6,ml_candidate,rule is not deterministic enough
wazuh-1788712507.1034915,2026-09-06T16:35:07.115000Z,lab-sensor-01,31104,6,accesslog|attack|web,web-accesslog,T1055|T1083|T1190,/var/log/apache2/access.log,0,0,1,0,0,0,1,0,0,0,0,0,22,6,9,1,6,0,0,54,8,16,6,0,7,ml_candidate,rule is not deterministic enough
wazuh-1788712525.1036302,2026-09-06T16:35:25.184000Z,lab-sensor-01,31104,6,accesslog|attack|web,web-accesslog,T1055|T1083|T1190,/var/log/apache2/access.log,0,0,1,0,0,0,1,0,0,0,0,0,24,7,9,1,6,0,0,56,8,16,6,0,8,ml_candidate,rule is not deterministic enough
wazuh-1788712543.1037689,2026-09-06T16:35:43.196000Z,lab-sensor-01,31104,6,accesslog|attack|web,web-accesslog,T1055|T1083|T1190,/var/log/apache2/access.log,0,0,1,0,0,0,1,0,0,0,0,0,26,8,9,1,6,0,0,58,8,16,6,0,9,ml_candidate,rule is not deterministic enough
wazuh-1788712591.1040405,2026-09-06T16:36:31.903000Z,lab-sensor-01,31101,5,accesslog|attack|web,web-accesslog,none,/var/log/apache2/access.log,0,0,1,0,0,0,1,0,0,0,0,0,26,3,9,1,6,0,0,60,8,16,6,0,4,ml_candidate,rule is not deterministic enough
wazuh-1788712593.1040847,2026-09-06T16:36:33.905000Z,lab-sensor-01,31101,5,accesslog|attack|web,web-accesslog,none,/var/log/apache2/access.log,0,0,1,0,0,0,1,0,0,0,0,0,27,4,9,1,6,0,0,60,8,16,6,0,5,ml_candidate,rule is not deterministic enough
wazuh-1788712595.1041289,2026-09-06T16:36:35.912000Z,lab-sensor-01,31101,5,accesslog|attack|web,web-accesslog,none,/var/log/apache2/access.log,0,0,1,0,0,0,1,0,0,0,0,0,28,5,9,1,6,0,0,60,8,16,6,0,6,ml_candidate,rule is not deterministic enough
wazuh-1788712597.1041737,2026-09-06T16:36:37.916000Z,lab-sensor-01,30305,5,access_denied|apache|web,apache-errorlog,none,/var/log/apache2/error.log,56136,0,1,0,0,0,1,0,0,0,0,0,29,1,9,1,6,0,0,60,8,16,6,0,2,ml_candidate,rule is not deterministic enough
wazuh-1788712597.1042337,2026-09-06T16:36:37.917000Z,lab-sensor-01,31516,6,appsec|attack|web,web-accesslog,T1055,/var/log/apache2/access.log,0,0,1,0,0,0,1,0,0,0,0,0,30,1,9,1,6,0,0,60,8,16,6,0,2,ml_candidate,rule is not deterministic enough
wazuh-1788712688.1045881,2026-09-06T16:38:08.094000Z,lab-sensor-01,5710,5,authentication_failed|invalid_login|sshd|syslog,sshd,T1021.004|T1110.001,journald,54524,0,1,0,0,0,1,0,0,0,1,0,23,0,9,1,3,0,0,61,8,16,6,0,1,ml_candidate,rule is not deterministic enough
wazuh-1788712690.1046430,2026-09-06T16:38:10.099000Z,lab-sensor-01,5710,5,authentication_failed|invalid_login|sshd|syslog,sshd,T1021.004|T1110.001,journald,54536,0,1,0,0,0,1,0,0,0,1,0,24,1,9,1,4,0,0,62,8,16,6,0,2,ml_candidate,rule is not deterministic enough
wazuh-1788712694.1046979,2026-09-06T16:38:14.112000Z,lab-sensor-01,5710,5,authentication_failed|invalid_login|sshd|syslog,sshd,T1021.004|T1110.001,journald,54896,0,1,0,0,0,1,0,0,0,1,0,25,2,9,1,5,0,0,63,8,16,6,0,3,ml_candidate,rule is not deterministic enough
wazuh-1788712753.1049300,2026-09-06T16:39:13.567000Z,lab-sensor-01,31104,6,accesslog|attack|web,web-accesslog,T1055|T1083|T1190,/var/log/apache2/access.log,0,0,1,0,0,0,1,0,0,0,0,0,16,4,9,1,6,0,0,64,8,16,6,0,5,ml_candidate,rule is not deterministic enough
wazuh-1788712787.1051573,2026-09-06T16:39:47.638000Z,lab-sensor-01,31101,5,accesslog|attack|web,web-accesslog,none,/var/log/apache2/access.log,0,0,1,0,0,0,1,0,0,0,0,0,16,3,9,1,6,0,0,66,8,16,6,0,4,ml_candidate,rule is not deterministic enough
wazuh-1788712789.1052015,2026-09-06T16:39:49.641000Z,lab-sensor-01,31101,5,accesslog|attack|web,web-accesslog,none,/var/log/apache2/access.log,0,0,1,0,0,0,1,0,0,0,0,0,17,4,9,1,5,0,0,66,8,16,6,0,5,ml_candidate,rule is not deterministic enough
wazuh-1788712791.1052457,2026-09-06T16:39:51.650000Z,lab-sensor-01,31101,5,accesslog|attack|web,web-accesslog,none,/var/log/apache2/access.log,0,0,1,0,0,0,1,0,0,0,0,0,18,5,9,1,5,0,0,66,8,16,6,0,6,ml_candidate,rule is not deterministic enough
wazuh-1788712793.1052905,2026-09-06T16:39:53.655000Z,lab-sensor-01,30305,5,access_denied|apache|web,apache-errorlog,none,/var/log/apache2/error.log,59052,0,1,0,0,0,1,0,0,0,0,0,19,1,9,1,4,0,0,66,8,16,6,0,2,ml_candidate,rule is not deterministic enough
wazuh-1788712793.1053505,2026-09-06T16:39:53.655000Z,lab-sensor-01,31516,6,appsec|attack|web,web-accesslog,T1055,/var/log/apache2/access.log,0,0,1,0,0,0,1,0,0,0,0,0,20,1,9,1,4,0,0,66,8,16,6,0,2,ml_candidate,rule is not deterministic enough
wazuh-1788712835.1054834,2026-09-06T16:40:35.398000Z,film-laptop,591,3,ossec,ossec,none,logcollector,0,0,0,0,0,0,0,0,0,0,0,0,0,0,1,0,0,0,0,0,3,16,6,0,1,ml_candidate,rule is not deterministic enough
wazuh-1788712852.1056093,2026-09-06T16:40:52.694000Z,lab-sensor-01,31104,6,accesslog|attack|web,web-accesslog,T1055|T1083|T1190,/var/log/apache2/access.log,0,0,1,0,0,0,1,0,0,0,0,0,15,1,9,1,3,0,0,67,8,16,6,0,2,ml_candidate,rule is not deterministic enough
wazuh-1788712870.1057037,2026-09-06T16:41:10.488000Z,lab-sensor-01,31104,6,accesslog|attack|web,web-accesslog,T1055|T1083|T1190,/var/log/apache2/access.log,0,0,1,0,0,0,1,0,0,0,0,0,17,2,9,1,3,0,0,69,8,16,6,0,3,ml_candidate,rule is not deterministic enough
wazuh-1788713060.1064183,2026-09-06T16:44:20.925000Z,lab-sensor-01,5710,5,authentication_failed|invalid_login|sshd|syslog,sshd,T1021.004|T1110.001,journald,37510,0,1,0,0,0,1,0,0,0,1,0,9,0,6,0,3,0,0,71,6,16,6,0,1,ml_candidate,rule is not deterministic enough
wazuh-1788713062.1064732,2026-09-06T16:44:22.927000Z,lab-sensor-01,5710,5,authentication_failed|invalid_login|sshd|syslog,sshd,T1021.004|T1110.001,journald,34882,0,1,0,0,0,1,0,0,0,1,0,10,1,6,0,4,0,0,72,6,16,6,0,2,ml_candidate,rule is not deterministic enough
wazuh-1788713066.1065281,2026-09-06T16:44:26.933000Z,lab-sensor-01,5710,5,authentication_failed|invalid_login|sshd|syslog,sshd,T1021.004|T1110.001,journald,34896,0,1,0,0,0,1,0,0,0,1,0,11,2,6,0,5,0,0,73,6,16,6,0,3,ml_candidate,rule is not deterministic enough
wazuh-1788713082.1066273,2026-09-06T16:44:42.957000Z,lab-sensor-01,5710,5,authentication_failed|invalid_login|sshd|syslog,sshd,T1021.004|T1110.001,journald,36206,0,1,0,0,0,1,0,0,0,1,0,12,3,6,0,6,0,0,74,6,16,6,0,4,ml_candidate,rule is not deterministic enough
wazuh-1788713084.1066822,2026-09-06T16:44:44.960000Z,lab-sensor-01,5710,5,authentication_failed|invalid_login|sshd|syslog,sshd,T1021.004|T1110.001,journald,36214,0,1,0,0,0,1,0,0,0,1,0,13,4,6,0,7,0,0,75,6,16,6,0,5,ml_candidate,rule is not deterministic enough
wazuh-1788713088.1067371,2026-09-06T16:44:48.977000Z,lab-sensor-01,5710,5,authentication_failed|invalid_login|sshd|syslog,sshd,T1021.004|T1110.001,journald,36216,0,1,0,0,0,1,0,0,0,1,0,13,5,6,0,8,0,0,76,6,16,6,0,6,ml_candidate,rule is not deterministic enough
wazuh-1788713102.1068363,2026-09-06T16:45:02.994000Z,lab-sensor-01,5710,5,authentication_failed|invalid_login|sshd|syslog,sshd,T1021.004|T1110.001,journald,48752,0,1,0,0,0,1,0,0,0,1,0,10,6,6,0,9,0,0,77,6,16,6,0,7,ml_candidate,rule is not deterministic enough
wazuh-1788713109.1070246,2026-09-06T16:45:09.006000Z,lab-sensor-01,5710,5,authentication_failed|invalid_login|sshd|syslog,sshd,T1021.004|T1110.001,journald,48778,0,1,0,0,0,1,0,0,0,1,0,12,7,7,1,11,0,0,79,10,16,6,0,8,ml_candidate,rule is not deterministic enough
wazuh-1788713149.1071681,2026-09-06T16:45:49.061000Z,lab-sensor-01,5710,5,authentication_failed|invalid_login|sshd|syslog,sshd,T1021.004|T1110.001,journald,47080,0,1,0,0,0,1,0,0,0,1,0,13,8,7,1,12,0,0,76,10,16,6,0,9,ml_candidate,rule is not deterministic enough
wazuh-1788713155.1073771,2026-09-06T16:45:55.429000Z,film-laptop,591,3,ossec,ossec,none,logcollector,0,0,0,0,0,0,0,0,0,0,0,0,0,0,1,0,0,0,0,0,3,16,6,0,1,ml_candidate,rule is not deterministic enough
wazuh-1788713202.1075473,2026-09-06T16:46:42.506000Z,lab-sensor-01,31101,5,accesslog|attack|web,web-accesslog,none,/var/log/apache2/access.log,0,0,1,0,0,0,1,0,0,0,0,0,12,0,7,1,15,0,0,76,10,16,6,0,1,ml_candidate,rule is not deterministic enough
wazuh-1788713204.1075915,2026-09-06T16:46:44.509000Z,lab-sensor-01,31101,5,accesslog|attack|web,web-accesslog,none,/var/log/apache2/access.log,0,0,1,0,0,0,1,0,0,0,0,0,13,1,7,1,15,0,0,76,10,16,6,0,2,ml_candidate,rule is not deterministic enough
wazuh-1788713206.1076357,2026-09-06T16:46:46.511000Z,lab-sensor-01,31101,5,accesslog|attack|web,web-accesslog,none,/var/log/apache2/access.log,0,0,1,0,0,0,1,0,0,0,0,0,14,2,7,1,15,0,0,76,10,16,6,0,3,ml_candidate,rule is not deterministic enough
wazuh-1788713208.1076805,2026-09-06T16:46:48.519000Z,lab-sensor-01,30305,5,access_denied|apache|web,apache-errorlog,none,/var/log/apache2/error.log,42370,0,1,0,0,0,1,0,0,0,0,0,15,0,7,1,15,0,0,76,10,16,6,0,1,ml_candidate,rule is not deterministic enough
wazuh-1788713208.1077405,2026-09-06T16:46:48.519000Z,lab-sensor-01,31516,6,appsec|attack|web,web-accesslog,T1055,/var/log/apache2/access.log,0,0,1,0,0,0,1,0,0,0,0,0,16,0,7,1,15,0,0,76,10,16,6,0,1,ml_candidate,rule is not deterministic enough
wazuh-1788713412.1090094,2026-09-06T16:50:12.985000Z,lab-sensor-01,31104,6,accesslog|attack|web,web-accesslog,T1055|T1083|T1190,/var/log/apache2/access.log,0,0,1,0,0,0,1,0,0,0,0,0,20,0,7,2,24,0,0,77,10,16,6,0,1,ml_candidate,rule is not deterministic enough
wazuh-1788713494.1093696,2026-09-06T16:51:34.880000Z,film-laptop,86601,3,ids|suricata,json,none,/var/log/suricata/eve.json,443,33870,0,1,0,0,1,0,0,0,0,0,0,0,1,0,0,0,0,0,3,16,6,0,1,ml_candidate,rule is not deterministic enough
wazuh-1788713539.1098716,2026-09-06T16:52:19.470000Z,film-laptop,591,3,ossec,ossec,none,logcollector,0,0,0,0,0,0,0,0,0,0,0,0,1,0,2,0,0,0,0,0,3,16,6,0,1,ml_candidate,rule is not deterministic enough
wazuh-1788713543.1099532,2026-09-06T16:52:23.213000Z,lab-sensor-01,31101,5,accesslog|attack|web,web-accesslog,none,/var/log/apache2/access.log,0,0,1,0,0,0,1,0,0,0,0,0,14,0,7,2,27,0,0,75,10,16,6,0,1,ml_candidate,rule is not deterministic enough
wazuh-1788713545.1099974,2026-09-06T16:52:25.215000Z,lab-sensor-01,31101,5,accesslog|attack|web,web-accesslog,none,/var/log/apache2/access.log,0,0,1,0,0,0,1,0,0,0,0,0,15,1,7,2,27,0,0,75,10,16,6,0,2,ml_candidate,rule is not deterministic enough
wazuh-1788713547.1100416,2026-09-06T16:52:27.218000Z,lab-sensor-01,31101,5,accesslog|attack|web,web-accesslog,none,/var/log/apache2/access.log,0,0,1,0,0,0,1,0,0,0,0,0,15,2,7,2,27,0,0,75,10,16,6,0,3,ml_candidate,rule is not deterministic enough
wazuh-1788713549.1100864,2026-09-06T16:52:29.224000Z,lab-sensor-01,30305,5,access_denied|apache|web,apache-errorlog,none,/var/log/apache2/error.log,50096,0,1,0,0,0,1,0,0,0,0,0,15,0,7,2,27,0,0,75,10,16,6,0,1,ml_candidate,rule is not deterministic enough
wazuh-1788713549.1101464,2026-09-06T16:52:29.224000Z,lab-sensor-01,31516,6,appsec|attack|web,web-accesslog,T1055,/var/log/apache2/access.log,0,0,1,0,0,0,1,0,0,0,0,0,16,0,7,2,27,0,0,75,10,16,6,0,1,ml_candidate,rule is not deterministic enough
wazuh-1788713567.1102350,2026-09-06T16:52:47.276000Z,lab-sensor-01,31101,5,accesslog|attack|web,web-accesslog,none,/var/log/apache2/access.log,0,0,1,0,0,0,1,0,0,0,0,0,16,3,7,2,27,0,0,76,10,16,6,0,4,ml_candidate,rule is not deterministic enough
wazuh-1788713569.1102792,2026-09-06T16:52:49.284000Z,lab-sensor-01,31101,5,accesslog|attack|web,web-accesslog,none,/var/log/apache2/access.log,0,0,1,0,0,0,1,0,0,0,0,0,17,4,7,2,27,0,0,76,10,16,6,0,5,ml_candidate,rule is not deterministic enough
wazuh-1788713571.1103234,2026-09-06T16:52:51.289000Z,lab-sensor-01,31101,5,accesslog|attack|web,web-accesslog,none,/var/log/apache2/access.log,0,0,1,0,0,0,1,0,0,0,0,0,18,5,7,2,27,0,0,76,10,16,6,0,6,ml_candidate,rule is not deterministic enough
wazuh-1788713573.1103682,2026-09-06T16:52:53.292000Z,lab-sensor-01,30305,5,access_denied|apache|web,apache-errorlog,none,/var/log/apache2/error.log,49206,0,1,0,0,0,1,0,0,0,0,0,19,1,7,2,27,0,0,76,10,16,6,0,2,ml_candidate,rule is not deterministic enough
wazuh-1788713573.1104282,2026-09-06T16:52:53.292000Z,lab-sensor-01,31516,6,appsec|attack|web,web-accesslog,T1055,/var/log/apache2/access.log,0,0,1,0,0,0,1,0,0,0,0,0,20,1,7,2,27,0,0,76,10,16,6,0,2,ml_candidate,rule is not deterministic enough
wazuh-1788713615.1106054,2026-09-06T16:53:35.378000Z,lab-sensor-01,31101,5,accesslog|attack|web,web-accesslog,none,/var/log/apache2/access.log,0,0,1,0,0,0,1,0,0,0,0,0,21,6,7,2,27,0,0,76,10,16,6,0,7,ml_candidate,rule is not deterministic enough
wazuh-1788713617.1106496,2026-09-06T16:53:37.381000Z,lab-sensor-01,31101,5,accesslog|attack|web,web-accesslog,none,/var/log/apache2/access.log,0,0,1,0,0,0,1,0,0,0,0,0,22,7,7,2,27,0,0,76,10,16,6,0,8,ml_candidate,rule is not deterministic enough
wazuh-1788713619.1106938,2026-09-06T16:53:39.383000Z,lab-sensor-01,31101,5,accesslog|attack|web,web-accesslog,none,/var/log/apache2/access.log,0,0,1,0,0,0,1,0,0,0,0,0,23,8,7,2,27,0,0,75,10,16,6,0,9,ml_candidate,rule is not deterministic enough
wazuh-1788713621.1107386,2026-09-06T16:53:41.387000Z,lab-sensor-01,30305,5,access_denied|apache|web,apache-errorlog,none,/var/log/apache2/error.log,35804,0,1,0,0,0,1,0,0,0,0,0,24,2,7,2,27,0,0,75,10,16,6,0,3,ml_candidate,rule is not deterministic enough
wazuh-1788713621.1107986,2026-09-06T16:53:41.387000Z,lab-sensor-01,31516,6,appsec|attack|web,web-accesslog,T1055,/var/log/apache2/access.log,0,0,1,0,0,0,1,0,0,0,0,0,25,2,7,2,27,0,0,75,10,16,6,0,3,ml_candidate,rule is not deterministic enough
wazuh-1788713660.1109315,2026-09-06T16:54:20.181000Z,lab-sensor-01,31104,6,accesslog|attack|web,web-accesslog,T1055|T1083|T1190,/var/log/apache2/access.log,0,0,1,0,0,0,1,0,0,0,0,0,24,1,7,2,27,0,0,75,10,16,6,0,2,ml_candidate,rule is not deterministic enough
wazuh-1788713710.1112031,2026-09-06T16:55:10.127000Z,lab-sensor-01,31104,6,accesslog|attack|web,web-accesslog,T1055|T1083|T1190,/var/log/apache2/access.log,0,0,1,0,0,0,1,0,0,0,0,0,22,2,7,1,18,0,0,75,10,16,6,0,3,ml_candidate,rule is not deterministic enough
wazuh-1788713804.1115633,2026-09-06T16:56:44.290000Z,lab-sensor-01,5710,5,authentication_failed|invalid_login|sshd|syslog,sshd,T1021.004|T1110.001,journald,36236,0,1,0,0,0,1,0,0,0,1,0,22,3,7,1,15,0,0,76,10,16,6,0,4,ml_candidate,rule is not deterministic enough
wazuh-1788713808.1116625,2026-09-06T16:56:48.294000Z,lab-sensor-01,5710,5,authentication_failed|invalid_login|sshd|syslog,sshd,T1021.004|T1110.001,journald,36250,0,1,0,0,0,1,0,0,0,1,0,22,3,7,1,16,0,0,77,10,16,6,0,4,ml_candidate,rule is not deterministic enough
wazuh-1788713810.1117174,2026-09-06T16:56:50.296000Z,lab-sensor-01,5710,5,authentication_failed|invalid_login|sshd|syslog,sshd,T1021.004|T1110.001,journald,36252,0,1,0,0,0,1,0,0,0,1,0,23,4,7,1,17,0,0,78,10,16,6,0,5,ml_candidate,rule is not deterministic enough
wazuh-1788713859.1119052,2026-09-06T16:57:39.505000Z,film-laptop,591,3,ossec,ossec,none,logcollector,0,0,0,0,0,0,0,0,0,0,0,0,0,0,2,0,0,0,0,0,3,16,6,0,1,ml_candidate,rule is not deterministic enough
wazuh-1788713870.1119425,2026-09-06T16:57:50.436000Z,lab-sensor-01,5710,5,authentication_failed|invalid_login|sshd|syslog,sshd,T1021.004|T1110.001,journald,40928,0,1,0,0,0,1,0,0,0,1,0,15,3,6,0,12,0,0,76,6,16,6,0,4,ml_candidate,rule is not deterministic enough
wazuh-1788713874.1120417,2026-09-06T16:57:54.442000Z,lab-sensor-01,5710,5,authentication_failed|invalid_login|sshd|syslog,sshd,T1021.004|T1110.001,journald,43436,0,1,0,0,0,1,0,0,0,1,0,13,4,6,0,13,0,0,77,6,16,6,0,5,ml_candidate,rule is not deterministic enough
wazuh-1788713876.1120966,2026-09-06T16:57:56.446000Z,lab-sensor-01,5710,5,authentication_failed|invalid_login|sshd|syslog,sshd,T1021.004|T1110.001,journald,43452,0,1,0,0,0,1,0,0,0,1,0,14,5,6,0,14,0,0,78,6,16,6,0,6,ml_candidate,rule is not deterministic enough
wazuh-1788713890.1121958,2026-09-06T16:58:10.470000Z,lab-sensor-01,5710,5,authentication_failed|invalid_login|sshd|syslog,sshd,T1021.004|T1110.001,journald,39192,0,1,0,0,0,1,0,0,0,1,0,15,6,6,0,15,0,0,79,6,16,6,0,7,ml_candidate,rule is not deterministic enough
wazuh-1788713896.1123841,2026-09-06T16:58:16.478000Z,lab-sensor-01,5710,5,authentication_failed|invalid_login|sshd|syslog,sshd,T1021.004|T1110.001,journald,38446,0,1,0,0,0,1,0,0,0,1,0,17,7,7,1,17,0,0,81,10,16,6,0,8,ml_candidate,rule is not deterministic enough
wazuh-1788713922.1124833,2026-09-06T16:58:42.550000Z,lab-sensor-01,5710,5,authentication_failed|invalid_login|sshd|syslog,sshd,T1021.004|T1110.001,journald,51986,0,1,0,0,0,1,0,0,0,1,0,13,8,7,1,18,0,0,80,10,16,6,0,9,ml_candidate,rule is not deterministic enough
wazuh-1788713968.1128252,2026-09-06T16:59:28.085000Z,lab-sensor-01,31101,5,accesslog|attack|web,web-accesslog,none,/var/log/apache2/access.log,0,0,1,0,0,0,1,0,0,0,0,0,14,0,7,1,18,0,0,83,10,16,6,0,1,ml_candidate,rule is not deterministic enough
wazuh-1788713970.1128694,2026-09-06T16:59:30.086000Z,lab-sensor-01,31101,5,accesslog|attack|web,web-accesslog,none,/var/log/apache2/access.log,0,0,1,0,0,0,1,0,0,0,0,0,15,1,7,1,18,0,0,83,10,16,6,0,2,ml_candidate,rule is not deterministic enough
wazuh-1788713972.1129136,2026-09-06T16:59:32.089000Z,lab-sensor-01,31101,5,accesslog|attack|web,web-accesslog,none,/var/log/apache2/access.log,0,0,1,0,0,0,1,0,0,0,0,0,16,2,7,1,18,0,0,83,10,16,6,0,3,ml_candidate,rule is not deterministic enough
wazuh-1788713974.1129584,2026-09-06T16:59:34.092000Z,lab-sensor-01,30305,5,access_denied|apache|web,apache-errorlog,none,/var/log/apache2/error.log,41548,0,1,0,0,0,1,0,0,0,0,0,17,0,7,1,18,0,0,83,10,16,6,0,1,ml_candidate,rule is not deterministic enough
wazuh-1788713974.1130184,2026-09-06T16:59:34.132000Z,lab-sensor-01,31516,6,appsec|attack|web,web-accesslog,T1055,/var/log/apache2/access.log,0,0,1,0,0,0,1,0,0,0,0,0,18,0,7,1,18,0,0,83,10,16,6,0,1,ml_candidate,rule is not deterministic enough
wazuh-1788714000.1131070,2026-09-06T17:00:00.889000Z,lab-sensor-01,80730,3,audit|audit_selinux,auditd,none,/var/log/audit/audit.log,0,0,0,0,0,0,0,1,1,0,0,0,19,0,7,1,15,0,0,81,10,17,6,0,1,ml_candidate,rule is not deterministic enough
wazuh-1788714000.1132856,2026-09-06T17:00:00.891000Z,lab-sensor-01,80730,3,audit|audit_selinux,auditd,none,/var/log/audit/audit.log,0,0,0,0,0,0,0,1,1,0,0,0,20,1,8,1,15,0,0,81,10,17,6,0,2,ml_candidate,rule is not deterministic enough
wazuh-1788714002.1134671,2026-09-06T17:00:02.159000Z,lab-sensor-01,80730,3,audit|audit_selinux,auditd,none,/var/log/audit/audit.log,0,0,0,0,0,0,0,1,1,0,0,0,21,2,8,1,15,0,0,81,10,17,6,0,3,ml_candidate,rule is not deterministic enough
wazuh-1788714002.1136456,2026-09-06T17:00:02.161000Z,lab-sensor-01,80730,3,audit|audit_selinux,auditd,none,/var/log/audit/audit.log,0,0,0,0,0,0,0,1,1,0,0,0,22,3,8,1,15,0,0,81,10,17,6,0,4,ml_candidate,rule is not deterministic enough
wazuh-1788714002.1138187,2026-09-06T17:00:02.191000Z,lab-sensor-01,80730,3,audit|audit_selinux,auditd,none,/var/log/audit/audit.log,0,0,0,0,0,0,0,1,1,0,0,0,23,4,8,1,15,0,0,81,10,17,6,0,5,ml_candidate,rule is not deterministic enough
wazuh-1788714002.1139973,2026-09-06T17:00:02.194000Z,lab-sensor-01,80730,3,audit|audit_selinux,auditd,none,/var/log/audit/audit.log,0,0,0,0,0,0,0,1,1,0,0,0,24,5,8,1,15,0,0,81,10,17,6,0,6,ml_candidate,rule is not deterministic enough
wazuh-1788714002.1141704,2026-09-06T17:00:02.213000Z,lab-sensor-01,80730,3,audit|audit_selinux,auditd,none,/var/log/audit/audit.log,0,0,0,0,0,0,0,1,1,0,0,0,25,6,8,1,15,0,0,81,10,17,6,0,7,ml_candidate,rule is not deterministic enough
wazuh-1788714002.1143490,2026-09-06T17:00:02.215000Z,lab-sensor-01,80730,3,audit|audit_selinux,auditd,none,/var/log/audit/audit.log,0,0,0,0,0,0,0,1,1,0,0,0,26,7,8,1,15,0,0,81,10,17,6,0,8,ml_candidate,rule is not deterministic enough
wazuh-1788714002.1145221,2026-09-06T17:00:02.230000Z,lab-sensor-01,80730,3,audit|audit_selinux,auditd,none,/var/log/audit/audit.log,0,0,0,0,0,0,0,1,1,0,0,0,27,8,8,1,15,0,0,81,10,17,6,0,9,ml_candidate,rule is not deterministic enough
wazuh-1788714002.1148821,2026-09-06T17:00:02.682000Z,lab-sensor-01,40704,5,local|systemd,systemd,none,journald,0,0,0,0,0,0,0,0,0,0,0,0,29,0,8,1,15,0,0,81,10,17,6,0,1,ml_candidate,rule is not deterministic enough
wazuh-1788714002.1149158,2026-09-06T17:00:02.695000Z,lab-sensor-01,40704,5,local|systemd,systemd,none,journald,0,0,0,0,0,0,0,0,0,0,0,0,30,1,9,1,15,0,0,81,10,17,6,0,2,ml_candidate,rule is not deterministic enough
wazuh-1788714002.1149495,2026-09-06T17:00:02.708000Z,lab-sensor-01,40704,5,local|systemd,systemd,none,journald,0,0,0,0,0,0,0,0,0,0,0,0,31,2,9,1,15,0,0,81,10,17,6,0,3,ml_candidate,rule is not deterministic enough
wazuh-1788714002.1149832,2026-09-06T17:00:02.720000Z,lab-sensor-01,40704,5,local|systemd,systemd,none,journald,0,0,0,0,0,0,0,0,0,0,0,0,32,3,9,1,15,0,0,81,10,17,6,0,4,ml_candidate,rule is not deterministic enough
wazuh-1788714002.1150169,2026-09-06T17:00:02.733000Z,lab-sensor-01,40704,5,local|systemd,systemd,none,journald,0,0,0,0,0,0,0,0,0,0,0,0,33,4,9,1,15,0,0,81,10,17,6,0,5,ml_candidate,rule is not deterministic enough
wazuh-1788714005.1150506,2026-09-06T17:00:05.486000Z,film-laptop,80730,3,audit|audit_selinux,auditd,none,/var/log/audit/audit.log,0,0,0,0,0,0,0,1,1,0,0,0,1,0,2,0,0,0,0,0,3,17,6,0,1,ml_candidate,rule is not deterministic enough
wazuh-1788714071.1155557,2026-09-06T17:01:11.770000Z,film-laptop,533,7,ossec,ossec,none,netstat listening ports,0,0,0,0,0,0,0,0,0,0,0,0,2,0,3,0,0,0,0,0,3,17,6,0,1,ml_candidate,rule is not deterministic enough
wazuh-1788714168.1163917,2026-09-06T17:02:48.971000Z,lab-sensor-01,31101,5,accesslog|attack|web,web-accesslog,none,/var/log/apache2/access.log,0,0,1,0,0,0,1,0,0,0,0,0,35,3,9,1,18,0,0,79,10,17,6,0,4,ml_candidate,rule is not deterministic enough
wazuh-1788714170.1164359,2026-09-06T17:02:50.979000Z,lab-sensor-01,31101,5,accesslog|attack|web,web-accesslog,none,/var/log/apache2/access.log,0,0,1,0,0,0,1,0,0,0,0,0,35,4,9,1,18,0,0,79,10,17,6,0,5,ml_candidate,rule is not deterministic enough
wazuh-1788714172.1164801,2026-09-06T17:02:52.987000Z,lab-sensor-01,31101,5,accesslog|attack|web,web-accesslog,none,/var/log/apache2/access.log,0,0,1,0,0,0,1,0,0,0,0,0,36,5,9,1,18,0,0,79,10,17,6,0,6,ml_candidate,rule is not deterministic enough
wazuh-1788714174.1165249,2026-09-06T17:02:54.989000Z,lab-sensor-01,30305,5,access_denied|apache|web,apache-errorlog,none,/var/log/apache2/error.log,53358,0,1,0,0,0,1,0,0,0,0,0,36,1,9,1,18,0,0,79,10,17,6,0,2,ml_candidate,rule is not deterministic enough
wazuh-1788714174.1165849,2026-09-06T17:02:54.989000Z,lab-sensor-01,31516,6,appsec|attack|web,web-accesslog,T1055,/var/log/apache2/access.log,0,0,1,0,0,0,1,0,0,0,0,0,37,1,9,1,18,0,0,79,10,17,6,0,2,ml_candidate,rule is not deterministic enough
wazuh-1788714243.1169711,2026-09-06T17:04:03.543000Z,film-laptop,591,3,ossec,ossec,none,logcollector,0,0,0,0,0,0,0,0,0,0,0,0,2,0,3,0,0,0,0,0,7,17,6,0,1,ml_candidate,rule is not deterministic enough
wazuh-1788714244.1170084,2026-09-06T17:04:04.637000Z,lab-sensor-01,31101,5,accesslog|attack|web,web-accesslog,none,/var/log/apache2/access.log,0,0,1,0,0,0,1,0,0,0,0,0,34,6,9,1,21,0,0,81,10,17,6,0,7,ml_candidate,rule is not deterministic enough
wazuh-1788714246.1170526,2026-09-06T17:04:06.640000Z,lab-sensor-01,31101,5,accesslog|attack|web,web-accesslog,none,/var/log/apache2/access.log,0,0,1,0,0,0,1,0,0,0,0,0,35,7,9,1,21,0,0,81,10,17,6,0,8,ml_candidate,rule is not deterministic enough
wazuh-1788714248.1170968,2026-09-06T17:04:08.643000Z,lab-sensor-01,31101,5,accesslog|attack|web,web-accesslog,none,/var/log/apache2/access.log,0,0,1,0,0,0,1,0,0,0,0,0,36,8,9,1,21,0,0,79,10,17,6,0,9,ml_candidate,rule is not deterministic enough
wazuh-1788714250.1171416,2026-09-06T17:04:10.646000Z,lab-sensor-01,30305,5,access_denied|apache|web,apache-errorlog,none,/var/log/apache2/error.log,54120,0,1,0,0,0,1,0,0,0,0,0,37,2,9,1,21,0,0,79,10,17,6,0,3,ml_candidate,rule is not deterministic enough
wazuh-1788714250.1172016,2026-09-06T17:04:10.646000Z,lab-sensor-01,31516,6,appsec|attack|web,web-accesslog,T1055,/var/log/apache2/access.log,0,0,1,0,0,0,1,0,0,0,0,0,38,2,9,1,21,0,0,79,10,17,6,0,3,ml_candidate,rule is not deterministic enough
wazuh-1788714284.1173345,2026-09-06T17:04:44.727000Z,lab-sensor-01,31101,5,accesslog|attack|web,web-accesslog,none,/var/log/apache2/access.log,0,0,1,0,0,0,1,0,0,0,0,0,34,6,9,1,21,0,0,78,10,17,6,0,7,ml_candidate,rule is not deterministic enough
wazuh-1788714286.1173787,2026-09-06T17:04:46.732000Z,lab-sensor-01,31101,5,accesslog|attack|web,web-accesslog,none,/var/log/apache2/access.log,0,0,1,0,0,0,1,0,0,0,0,0,35,7,9,1,21,0,0,78,10,17,6,0,8,ml_candidate,rule is not deterministic enough
wazuh-1788714288.1174229,2026-09-06T17:04:48.736000Z,lab-sensor-01,31101,5,accesslog|attack|web,web-accesslog,none,/var/log/apache2/access.log,0,0,1,0,0,0,1,0,0,0,0,0,36,8,9,1,21,0,0,78,10,17,6,0,9,ml_candidate,rule is not deterministic enough
wazuh-1788714290.1174677,2026-09-06T17:04:50.739000Z,lab-sensor-01,30305,5,access_denied|apache|web,apache-errorlog,none,/var/log/apache2/error.log,43772,0,1,0,0,0,1,0,0,0,0,0,37,2,9,1,21,0,0,78,10,17,6,0,3,ml_candidate,rule is not deterministic enough
wazuh-1788714290.1175277,2026-09-06T17:04:50.739000Z,lab-sensor-01,31516,6,appsec|attack|web,web-accesslog,T1055,/var/log/apache2/access.log,0,0,1,0,0,0,1,0,0,0,0,0,38,2,9,1,21,0,0,78,10,17,6,0,3,ml_candidate,rule is not deterministic enough
wazuh-1788714383.1178821,2026-09-06T17:06:23.397000Z,lab-sensor-01,5710,5,authentication_failed|invalid_login|sshd|syslog,sshd,T1021.004|T1110.001,journald,38222,0,1,0,0,0,1,0,0,0,1,0,21,6,7,1,21,0,0,73,10,17,6,0,7,ml_candidate,rule is not deterministic enough
wazuh-1788714385.1179370,2026-09-06T17:06:25.399000Z,lab-sensor-01,5710,5,authentication_failed|invalid_login|sshd|syslog,sshd,T1021.004|T1110.001,journald,38230,0,1,0,0,0,1,0,0,0,1,0,22,7,7,1,22,0,0,74,10,17,6,0,8,ml_candidate,rule is not deterministic enough
wazuh-1788714389.1179919,2026-09-06T17:06:29.405000Z,lab-sensor-01,5710,5,authentication_failed|invalid_login|sshd|syslog,sshd,T1021.004|T1110.001,journald,38232,0,1,0,0,0,1,0,0,0,1,0,23,8,7,1,23,0,0,75,10,17,6,0,9,ml_candidate,rule is not deterministic enough
wazuh-1788714411.1182243,2026-09-06T17:06:51.430000Z,lab-sensor-01,30305,5,access_denied|apache|web,apache-errorlog,none,/var/log/apache2/error.log,45366,0,1,0,0,0,1,0,0,0,0,0,26,3,7,1,21,0,0,75,10,17,6,0,4,ml_candidate,rule is not deterministic enough
wazuh-1788714411.1182843,2026-09-06T17:06:51.430000Z,lab-sensor-01,31516,6,appsec|attack|web,web-accesslog,T1055,/var/log/apache2/access.log,0,0,1,0,0,0,1,0,0,0,0,0,27,3,7,1,21,0,0,75,10,17,6,0,4,ml_candidate,rule is not deterministic enough
wazuh-1788714563.1187716,2026-09-06T17:09:23.576000Z,film-laptop,591,3,ossec,ossec,none,logcollector,0,0,0,0,0,0,0,0,0,0,0,0,0,0,3,0,0,0,0,0,7,17,6,0,1,ml_candidate,rule is not deterministic enough
wazuh-1788714647.1191190,2026-09-06T17:10:47.859000Z,lab-sensor-01,31101,5,accesslog|attack|web,web-accesslog,none,/var/log/apache2/access.log,0,0,1,0,0,0,1,0,0,0,0,0,8,3,4,0,9,0,0,70,6,17,6,0,4,ml_candidate,rule is not deterministic enough
wazuh-1788714649.1191632,2026-09-06T17:10:49.863000Z,lab-sensor-01,31101,5,accesslog|attack|web,web-accesslog,none,/var/log/apache2/access.log,0,0,1,0,0,0,1,0,0,0,0,0,9,4,4,0,9,0,0,70,6,17,6,0,5,ml_candidate,rule is not deterministic enough
wazuh-1788714651.1192074,2026-09-06T17:10:51.865000Z,lab-sensor-01,31101,5,accesslog|attack|web,web-accesslog,none,/var/log/apache2/access.log,0,0,1,0,0,0,1,0,0,0,0,0,10,5,4,0,9,0,0,70,6,17,6,0,6,ml_candidate,rule is not deterministic enough
wazuh-1788714653.1192522,2026-09-06T17:10:53.868000Z,lab-sensor-01,30305,5,access_denied|apache|web,apache-errorlog,none,/var/log/apache2/error.log,51236,0,1,0,0,0,1,0,0,0,0,0,11,1,4,0,9,0,0,69,6,17,6,0,2,ml_candidate,rule is not deterministic enough
wazuh-1788714653.1193122,2026-09-06T17:10:53.868000Z,lab-sensor-01,31516,6,appsec|attack|web,web-accesslog,T1055,/var/log/apache2/access.log,0,0,1,0,0,0,1,0,0,0,0,0,12,1,4,0,9,0,0,69,6,17,6,0,2,ml_candidate,rule is not deterministic enough
wazuh-1788714666.1193565,2026-09-06T17:11:06.178000Z,film-laptop,86601,3,ids|suricata,json,none,/var/log/suricata/eve.json,68,67,1,1,0,0,1,0,0,0,0,0,1,0,2,0,0,0,0,0,7,17,6,0,1,ml_candidate,rule is not deterministic enough
wazuh-1788714666.1195769,2026-09-06T17:11:06.180000Z,film-laptop,86601,3,ids|suricata,json,none,/var/log/suricata/eve.json,68,67,1,1,0,0,1,0,0,0,0,0,2,1,3,0,0,0,0,0,7,17,6,0,2,ml_candidate,rule is not deterministic enough
wazuh-1788714684.1198859,2026-09-06T17:11:24.336000Z,lab-sensor-01,31101,5,accesslog|attack|web,web-accesslog,none,/var/log/apache2/access.log,0,0,1,0,0,0,1,0,0,0,0,0,12,6,4,0,9,0,0,67,6,17,6,0,7,ml_candidate,rule is not deterministic enough
wazuh-1788714686.1199301,2026-09-06T17:11:26.340000Z,lab-sensor-01,31101,5,accesslog|attack|web,web-accesslog,none,/var/log/apache2/access.log,0,0,1,0,0,0,1,0,0,0,0,0,12,7,4,0,9,0,0,67,6,17,6,0,8,ml_candidate,rule is not deterministic enough
wazuh-1788714688.1199743,2026-09-06T17:11:28.344000Z,lab-sensor-01,31101,5,accesslog|attack|web,web-accesslog,none,/var/log/apache2/access.log,0,0,1,0,0,0,1,0,0,0,0,0,13,8,4,0,9,0,0,67,6,17,6,0,9,ml_candidate,rule is not deterministic enough
wazuh-1788714690.1200191,2026-09-06T17:11:30.344000Z,lab-sensor-01,30305,5,access_denied|apache|web,apache-errorlog,none,/var/log/apache2/error.log,34392,0,1,0,0,0,1,0,0,0,0,0,13,2,4,0,9,0,0,67,6,17,6,0,3,ml_candidate,rule is not deterministic enough
wazuh-1788714690.1200791,2026-09-06T17:11:30.344000Z,lab-sensor-01,31516,6,appsec|attack|web,web-accesslog,T1055,/var/log/apache2/access.log,0,0,1,0,0,0,1,0,0,0,0,0,14,2,4,0,9,0,0,67,6,17,6,0,3,ml_candidate,rule is not deterministic enough
wazuh-1788714726.1202120,2026-09-06T17:12:06.282000Z,film-laptop,86601,3,ids|suricata,json,none,/var/log/suricata/eve.json,68,67,1,1,0,0,1,0,0,0,0,0,3,2,2,0,0,0,0,0,3,17,6,0,3,ml_candidate,rule is not deterministic enough
wazuh-1788714726.1204326,2026-09-06T17:12:06.282000Z,film-laptop,86601,3,ids|suricata,json,none,/var/log/suricata/eve.json,68,67,1,1,0,0,1,0,0,0,0,0,4,3,2,0,0,0,0,0,3,17,6,0,4,ml_candidate,rule is not deterministic enough
wazuh-1788714766.1207418,2026-09-06T17:12:46.107000Z,lab-sensor-01,5710,5,authentication_failed|invalid_login|sshd|syslog,sshd,T1021.004|T1110.001,journald,42666,0,1,0,0,0,1,0,0,0,1,0,10,0,4,0,6,0,0,68,6,17,6,0,1,ml_candidate,rule is not deterministic enough
wazuh-1788714770.1208410,2026-09-06T17:12:50.112000Z,lab-sensor-01,5710,5,authentication_failed|invalid_login|sshd|syslog,sshd,T1021.004|T1110.001,journald,42678,0,1,0,0,0,1,0,0,0,1,0,11,1,4,0,7,0,0,69,6,17,6,0,2,ml_candidate,rule is not deterministic enough
wazuh-1788714772.1208959,2026-09-06T17:12:52.116000Z,lab-sensor-01,5710,5,authentication_failed|invalid_login|sshd|syslog,sshd,T1021.004|T1110.001,journald,42690,0,1,0,0,0,1,0,0,0,1,0,12,2,4,0,8,0,0,70,6,17,6,0,3,ml_candidate,rule is not deterministic enough
wazuh-1788714788.1209951,2026-09-06T17:13:08.470000Z,film-laptop,86601,3,ids|suricata,json,none,/var/log/suricata/eve.json,68,67,1,1,0,0,1,0,0,0,0,0,5,4,2,0,0,0,0,0,3,17,6,0,5,ml_candidate,rule is not deterministic enough
wazuh-1788714788.1212155,2026-09-06T17:13:08.470000Z,film-laptop,86601,3,ids|suricata,json,none,/var/log/suricata/eve.json,68,67,1,1,0,0,1,0,0,0,0,0,6,5,2,0,0,0,0,0,3,17,6,0,6,ml_candidate,rule is not deterministic enough
wazuh-1788714789.1214359,2026-09-06T17:13:09.786000Z,lab-sensor-01,31101,5,accesslog|attack|web,web-accesslog,none,/var/log/apache2/access.log,0,0,1,0,0,0,1,0,0,0,0,0,13,6,4,0,8,0,0,71,6,17,6,0,7,ml_candidate,rule is not deterministic enough
wazuh-1788714791.1214801,2026-09-06T17:13:11.788000Z,lab-sensor-01,31101,5,accesslog|attack|web,web-accesslog,none,/var/log/apache2/access.log,0,0,1,0,0,0,1,0,0,0,0,0,14,7,4,0,8,0,0,71,6,17,6,0,8,ml_candidate,rule is not deterministic enough
wazuh-1788714793.1215243,2026-09-06T17:13:13.790000Z,lab-sensor-01,31101,5,accesslog|attack|web,web-accesslog,none,/var/log/apache2/access.log,0,0,1,0,0,0,1,0,0,0,0,0,15,8,4,0,7,0,0,71,6,17,6,0,9,ml_candidate,rule is not deterministic enough
wazuh-1788714795.1215691,2026-09-06T17:13:15.794000Z,lab-sensor-01,30305,5,access_denied|apache|web,apache-errorlog,none,/var/log/apache2/error.log,33992,0,1,0,0,0,1,0,0,0,0,0,16,2,4,0,6,0,0,71,6,17,6,0,3,ml_candidate,rule is not deterministic enough
wazuh-1788714795.1216291,2026-09-06T17:13:15.796000Z,lab-sensor-01,31516,6,appsec|attack|web,web-accesslog,T1055,/var/log/apache2/access.log,0,0,1,0,0,0,1,0,0,0,0,0,17,2,4,0,6,0,0,71,6,17,6,0,3,ml_candidate,rule is not deterministic enough
wazuh-1788714826.1217620,2026-09-06T17:13:46.517000Z,film-laptop,11,4,stats,auditd,none,/var/log/audit/audit.log,0,0,0,0,0,0,0,1,0,0,0,0,7,0,2,0,0,0,0,0,3,17,6,0,1,ml_candidate,rule is not deterministic enough
wazuh-1788714848.1219207,2026-09-06T17:14:08.505000Z,film-laptop,86601,3,ids|suricata,json,none,/var/log/suricata/eve.json,68,67,1,1,0,0,1,0,0,0,0,0,8,6,3,0,0,0,0,0,4,17,6,0,7,ml_candidate,rule is not deterministic enough
wazuh-1788714848.1221413,2026-09-06T17:14:08.505000Z,film-laptop,86601,3,ids|suricata,json,none,/var/log/suricata/eve.json,68,67,1,1,0,0,1,0,0,0,0,0,9,7,3,0,0,0,0,0,4,17,6,0,8,ml_candidate,rule is not deterministic enough
wazuh-1788714853.1224509,2026-09-06T17:14:13.908000Z,lab-sensor-01,30305,5,access_denied|apache|web,apache-errorlog,none,/var/log/apache2/error.log,60280,0,1,0,0,0,1,0,0,0,0,0,21,3,4,0,6,0,0,72,6,17,6,0,4,ml_candidate,rule is not deterministic enough
wazuh-1788714853.1225109,2026-09-06T17:14:13.908000Z,lab-sensor-01,31516,6,appsec|attack|web,web-accesslog,T1055,/var/log/apache2/access.log,0,0,1,0,0,0,1,0,0,0,0,0,22,3,4,0,6,0,0,72,6,17,6,0,4,ml_candidate,rule is not deterministic enough
wazuh-1788714883.1226438,2026-09-06T17:14:43.608000Z,film-laptop,591,3,ossec,ossec,none,logcollector,0,0,0,0,0,0,0,0,0,0,0,0,9,0,3,0,0,0,0,0,4,17,6,0,1,ml_candidate,rule is not deterministic enough
wazuh-1788714905.1228586,2026-09-06T17:15:05.992000Z,lab-sensor-01,30305,5,access_denied|apache|web,apache-errorlog,none,/var/log/apache2/error.log,51114,0,1,0,0,0,1,0,0,0,0,0,26,4,4,0,6,0,0,65,6,17,6,0,5,ml_candidate,rule is not deterministic enough
wazuh-1788714905.1229186,2026-09-06T17:15:05.992000Z,lab-sensor-01,31516,6,appsec|attack|web,web-accesslog,T1055,/var/log/apache2/access.log,0,0,1,0,0,0,1,0,0,0,0,0,27,4,4,0,6,0,0,65,6,17,6,0,5,ml_candidate,rule is not deterministic enough
wazuh-1788714908.1229629,2026-09-06T17:15:08.508000Z,film-laptop,86601,3,ids|suricata,json,none,/var/log/suricata/eve.json,68,67,1,1,0,0,1,0,0,0,0,0,10,8,3,0,0,0,0,0,4,17,6,0,9,ml_candidate,rule is not deterministic enough
wazuh-1788714930.1234927,2026-09-06T17:15:30.462000Z,lab-sensor-01,31104,6,accesslog|attack|web,web-accesslog,T1055|T1083|T1190,/var/log/apache2/access.log,0,0,1,0,0,0,1,0,0,0,0,0,28,0,4,0,6,0,0,65,6,17,6,0,1,ml_candidate,rule is not deterministic enough
wazuh-1788714964.1236314,2026-09-06T17:16:04.468000Z,lab-sensor-01,5710,5,authentication_failed|invalid_login|sshd|syslog,sshd,T1021.004|T1110.001,journald,35032,0,1,0,0,0,1,0,0,0,1,0,25,3,6,0,6,0,0,64,6,17,6,0,4,ml_candidate,rule is not deterministic enough
wazuh-1788714968.1237306,2026-09-06T17:16:08.476000Z,lab-sensor-01,5710,5,authentication_failed|invalid_login|sshd|syslog,sshd,T1021.004|T1110.001,journald,35046,0,1,0,0,0,1,0,0,0,1,0,26,4,6,0,7,0,0,65,6,17,6,0,5,ml_candidate,rule is not deterministic enough
wazuh-1788714968.1237855,2026-09-06T17:16:08.528000Z,film-laptop,86601,3,ids|suricata,json,none,/var/log/suricata/eve.json,68,67,1,1,0,0,1,0,0,0,0,0,10,8,3,0,0,0,0,0,4,17,6,0,9,ml_candidate,rule is not deterministic enough
wazuh-1788714970.1242267,2026-09-06T17:16:10.480000Z,lab-sensor-01,5710,5,authentication_failed|invalid_login|sshd|syslog,sshd,T1021.004|T1110.001,journald,35048,0,1,0,0,0,1,0,0,0,1,0,27,5,6,0,8,0,0,66,6,17,6,0,6,ml_candidate,rule is not deterministic enough
wazuh-1788714984.1242816,2026-09-06T17:16:24.506000Z,lab-sensor-01,5710,5,authentication_failed|invalid_login|sshd|syslog,sshd,T1021.004|T1110.001,journald,54510,0,1,0,0,0,1,0,0,0,1,0,27,6,6,0,8,0,0,67,6,17,6,0,7,ml_candidate,rule is not deterministic enough
wazuh-1788714988.1243808,2026-09-06T17:16:28.513000Z,lab-sensor-01,5710,5,authentication_failed|invalid_login|sshd|syslog,sshd,T1021.004|T1110.001,journald,54522,0,1,0,0,0,1,0,0,0,1,0,26,7,6,0,8,0,0,68,6,17,6,0,8,ml_candidate,rule is not deterministic enough
wazuh-1788714992.1244357,2026-09-06T17:16:32.519000Z,lab-sensor-01,5710,5,authentication_failed|invalid_login|sshd|syslog,sshd,T1021.004|T1110.001,journald,54534,0,1,0,0,0,1,0,0,0,1,0,25,8,6,0,8,0,0,69,6,17,6,0,9,ml_candidate,rule is not deterministic enough
wazuh-1788715030.1246235,2026-09-06T17:17:10.656000Z,film-laptop,86601,3,ids|suricata,json,none,/var/log/suricata/eve.json,68,67,1,1,0,0,1,0,0,0,0,0,10,8,3,0,0,0,0,0,4,17,6,0,9,ml_candidate,rule is not deterministic enough
wazuh-1788715038.1251979,2026-09-06T17:17:18.230000Z,lab-sensor-01,30305,5,access_denied|apache|web,apache-errorlog,none,/var/log/apache2/error.log,40832,0,1,0,0,0,1,0,0,0,0,0,29,3,6,0,9,0,0,66,6,17,6,0,4,ml_candidate,rule is not deterministic enough
wazuh-1788715038.1252579,2026-09-06T17:17:18.230000Z,lab-sensor-01,31516,6,appsec|attack|web,web-accesslog,T1055,/var/log/apache2/access.log,0,0,1,0,0,0,1,0,0,0,0,0,30,3,6,0,9,0,0,66,6,17,6,0,4,ml_candidate,rule is not deterministic enough
wazuh-1788715070.1255240,2026-09-06T17:17:50.715000Z,lab-sensor-01,30305,5,access_denied|apache|web,apache-errorlog,none,/var/log/apache2/error.log,44206,0,1,0,0,0,1,0,0,0,0,0,32,4,6,0,9,0,0,64,6,17,6,0,5,ml_candidate,rule is not deterministic enough
wazuh-1788715070.1255840,2026-09-06T17:17:50.716000Z,lab-sensor-01,31516,6,appsec|attack|web,web-accesslog,T1055,/var/log/apache2/access.log,0,0,1,0,0,0,1,0,0,0,0,0,33,4,6,0,9,0,0,64,6,17,6,0,5,ml_candidate,rule is not deterministic enough
wazuh-1788715090.1256726,2026-09-06T17:18:10.656000Z,film-laptop,86601,3,ids|suricata,json,none,/var/log/suricata/eve.json,68,67,1,1,0,0,1,0,0,0,0,0,10,8,3,0,0,0,0,0,4,17,6,0,9,ml_candidate,rule is not deterministic enough
wazuh-1788715115.1261577,2026-09-06T17:18:35.174000Z,lab-sensor-01,31104,6,accesslog|attack|web,web-accesslog,T1055|T1083|T1190,/var/log/apache2/access.log,0,0,1,0,0,0,1,0,0,0,0,0,28,1,6,0,9,0,0,65,6,17,6,0,2,ml_candidate,rule is not deterministic enough
wazuh-1788715150.1263407,2026-09-06T17:19:10.493000Z,lab-sensor-01,31104,6,accesslog|attack|web,web-accesslog,T1055|T1083|T1190,/var/log/apache2/access.log,0,0,1,0,0,0,1,0,0,0,0,0,28,2,6,0,9,0,0,67,6,17,6,0,3,ml_candidate,rule is not deterministic enough
wazuh-1788715150.1264309,2026-09-06T17:19:10.802000Z,film-laptop,86601,3,ids|suricata,json,none,/var/log/suricata/eve.json,68,67,1,1,0,0,1,0,0,0,0,0,9,8,3,0,0,0,0,0,4,17,6,0,9,ml_candidate,rule is not deterministic enough
wazuh-1788715183.1269649,2026-09-06T17:19:43.305000Z,lab-sensor-01,31104,6,accesslog|attack|web,web-accesslog,T1055|T1083|T1190,/var/log/apache2/access.log,0,0,1,0,0,0,1,0,0,0,0,0,27,3,6,0,9,0,0,66,6,17,6,0,4,ml_candidate,rule is not deterministic enough
wazuh-1788715213.1271922,2026-09-06T17:20:13.043000Z,film-laptop,86601,3,ids|suricata,json,none,/var/log/suricata/eve.json,68,67,1,1,0,0,1,0,0,0,0,0,8,8,3,0,0,0,0,0,4,17,6,0,9,ml_candidate,rule is not deterministic enough
wazuh-1788715262.1277663,2026-09-06T17:21:02.724000Z,lab-sensor-01,31104,6,accesslog|attack|web,web-accesslog,T1055|T1083|T1190,/var/log/apache2/access.log,0,0,1,0,0,0,1,0,0,0,0,0,22,3,6,0,9,0,0,63,6,17,6,0,4,ml_candidate,rule is not deterministic enough
wazuh-1788715267.1279050,2026-09-06T17:21:07.648000Z,film-laptop,591,3,ossec,ossec,none,logcollector,0,0,0,0,0,0,0,0,0,0,0,0,10,0,3,0,0,0,0,0,4,17,6,0,1,ml_candidate,rule is not deterministic enough
wazuh-1788715273.1279423,2026-09-06T17:21:13.124000Z,film-laptop,86601,3,ids|suricata,json,none,/var/log/suricata/eve.json,68,67,1,1,0,0,1,0,0,0,0,0,9,8,3,0,0,0,0,0,4,17,6,0,9,ml_candidate,rule is not deterministic enough
wazuh-1788715285.1283827,2026-09-06T17:21:25.190000Z,lab-sensor-01,5710,5,authentication_failed|invalid_login|sshd|syslog,sshd,T1021.004|T1110.001,journald,48740,0,1,0,0,0,1,0,0,0,1,0,20,2,6,0,9,0,0,65,6,17,6,0,3,ml_candidate,rule is not deterministic enough
wazuh-1788715287.1284819,2026-09-06T17:21:27.192000Z,lab-sensor-01,5710,5,authentication_failed|invalid_login|sshd|syslog,sshd,T1021.004|T1110.001,journald,48752,0,1,0,0,0,1,0,0,0,1,0,21,3,6,0,10,0,0,66,6,17,6,0,4,ml_candidate,rule is not deterministic enough
wazuh-1788715291.1285368,2026-09-06T17:21:31.197000Z,lab-sensor-01,5710,5,authentication_failed|invalid_login|sshd|syslog,sshd,T1021.004|T1110.001,journald,48760,0,1,0,0,0,1,0,0,0,1,0,21,3,6,0,11,0,0,67,6,17,6,0,4,ml_candidate,rule is not deterministic enough
wazuh-1788715335.1286803,2026-09-06T17:22:15.046000Z,film-laptop,86601,3,ids|suricata,json,none,/var/log/suricata/eve.json,68,67,1,1,0,0,1,0,0,0,0,0,9,8,3,0,0,0,0,0,4,17,6,0,9,ml_candidate,rule is not deterministic enough
wazuh-1788715373.1292544,2026-09-06T17:22:53.625000Z,lab-sensor-01,31104,6,accesslog|attack|web,web-accesslog,T1055|T1083|T1190,/var/log/apache2/access.log,0,0,1,0,0,0,1,0,0,0,0,0,11,4,6,0,9,0,0,63,6,17,6,0,5,ml_candidate,rule is not deterministic enough
wazuh-1788715395.1294374,2026-09-06T17:23:15.062000Z,film-laptop,86601,3,ids|suricata,json,none,/var/log/suricata/eve.json,68,67,1,1,0,0,1,0,0,0,0,0,9,8,3,0,0,0,0,0,4,17,6,0,9,ml_candidate,rule is not deterministic enough
wazuh-1788715395.1298782,2026-09-06T17:23:15.442000Z,lab-sensor-01,5710,5,authentication_failed|invalid_login|sshd|syslog,sshd,T1021.004|T1110.001,journald,40084,0,1,0,0,0,1,0,0,0,1,0,13,3,6,0,9,0,0,65,6,17,6,0,4,ml_candidate,rule is not deterministic enough
wazuh-1788715399.1299331,2026-09-06T17:23:19.447000Z,lab-sensor-01,5710,5,authentication_failed|invalid_login|sshd|syslog,sshd,T1021.004|T1110.001,journald,40094,0,1,0,0,0,1,0,0,0,1,0,14,4,6,0,10,0,0,66,6,17,6,0,5,ml_candidate,rule is not deterministic enough
wazuh-1788715401.1299880,2026-09-06T17:23:21.450000Z,lab-sensor-01,5710,5,authentication_failed|invalid_login|sshd|syslog,sshd,T1021.004|T1110.001,journald,40108,0,1,0,0,0,1,0,0,0,1,0,15,5,6,0,11,0,0,67,6,17,6,0,6,ml_candidate,rule is not deterministic enough
wazuh-1788715429.1301315,2026-09-06T17:23:49.037000Z,lab-sensor-01,31104,6,accesslog|attack|web,web-accesslog,T1055|T1083|T1190,/var/log/apache2/access.log,0,0,1,0,0,0,1,0,0,0,0,0,14,4,6,0,12,0,0,67,6,17,6,0,5,ml_candidate,rule is not deterministic enough
wazuh-1788715457.1302702,2026-09-06T17:24:17.112000Z,film-laptop,86601,3,ids|suricata,json,none,/var/log/suricata/eve.json,68,67,1,1,0,0,1,0,0,0,0,0,9,8,2,0,0,0,0,0,3,17,6,0,9,ml_candidate,rule is not deterministic enough
wazuh-1788715479.1307557,2026-09-06T17:24:39.624000Z,lab-sensor-01,5710,5,authentication_failed|invalid_login|sshd|syslog,sshd,T1021.004|T1110.001,journald,45736,0,1,0,0,0,1,0,0,0,1,0,14,6,6,0,12,0,0,67,6,17,6,0,7,ml_candidate,rule is not deterministic enough
wazuh-1788715483.1308549,2026-09-06T17:24:43.635000Z,lab-sensor-01,5710,5,authentication_failed|invalid_login|sshd|syslog,sshd,T1021.004|T1110.001,journald,45746,0,1,0,0,0,1,0,0,0,1,0,14,7,6,0,13,0,0,68,6,17,6,0,8,ml_candidate,rule is not deterministic enough
wazuh-1788715485.1309098,2026-09-06T17:24:45.642000Z,lab-sensor-01,5710,5,authentication_failed|invalid_login|sshd|syslog,sshd,T1021.004|T1110.001,journald,47326,0,1,0,0,0,1,0,0,0,1,0,15,8,6,0,14,0,0,69,6,17,6,0,9,ml_candidate,rule is not deterministic enough
wazuh-1788715517.1311082,2026-09-06T17:25:17.384000Z,film-laptop,86601,3,ids|suricata,json,none,/var/log/suricata/eve.json,68,67,1,1,0,0,1,0,0,0,0,0,9,8,2,0,0,0,0,0,3,17,6,0,9,ml_candidate,rule is not deterministic enough
wazuh-1788715577.1318909,2026-09-06T17:26:17.209000Z,film-laptop,86601,3,ids|suricata,json,none,/var/log/suricata/eve.json,68,67,1,1,0,0,1,0,0,0,0,0,8,8,2,0,0,0,0,0,3,17,6,0,9,ml_candidate,rule is not deterministic enough
wazuh-1788715587.1325196,2026-09-06T17:26:27.681000Z,film-laptop,591,3,ossec,ossec,none,logcollector,0,0,0,0,0,0,0,0,0,0,0,0,10,0,2,0,0,0,0,0,3,17,6,0,1,ml_candidate,rule is not deterministic enough
wazuh-1788715637.1326898,2026-09-06T17:27:17.546000Z,film-laptop,86601,3,ids|suricata,json,none,/var/log/suricata/eve.json,68,67,1,1,0,0,1,0,0,0,0,0,9,8,2,0,0,0,0,0,3,17,6,0,9,ml_candidate,rule is not deterministic enough
wazuh-1788715653.1331753,2026-09-06T17:27:33.456000Z,lab-sensor-01,31104,6,accesslog|attack|web,web-accesslog,T1055|T1083|T1190,/var/log/apache2/access.log,0,0,1,0,0,0,1,0,0,0,0,0,16,2,7,1,15,0,0,71,10,17,6,0,3,ml_candidate,rule is not deterministic enough
wazuh-1788715697.1334026,2026-09-06T17:28:17.379000Z,film-laptop,86601,3,ids|suricata,json,none,/var/log/suricata/eve.json,68,67,1,1,0,0,1,0,0,0,0,0,9,8,2,0,0,0,0,0,3,17,6,0,9,ml_candidate,rule is not deterministic enough
wazuh-1788715734.1339320,2026-09-06T17:28:54.187000Z,lab-sensor-01,5710,5,authentication_failed|invalid_login|sshd|syslog,sshd,T1021.004|T1110.001,journald,43468,0,1,0,0,0,1,0,0,0,1,0,11,8,4,1,15,0,0,64,10,17,6,0,9,ml_candidate,rule is not deterministic enough
wazuh-1788715757.1341853,2026-09-06T17:29:17.629000Z,film-laptop,86601,3,ids|suricata,json,none,/var/log/suricata/eve.json,68,67,1,1,0,0,1,0,0,0,0,0,9,8,2,0,0,0,0,0,3,17,6,0,9,ml_candidate,rule is not deterministic enough
wazuh-1788715764.1346273,2026-09-06T17:29:24.279000Z,lab-sensor-01,31104,6,accesslog|attack|web,web-accesslog,T1055|T1083|T1190,/var/log/apache2/access.log,0,0,1,0,0,0,1,0,0,0,0,0,14,1,4,1,18,0,0,67,10,17,6,0,2,ml_candidate,rule is not deterministic enough
wazuh-1788715819.1348989,2026-09-06T17:30:19.480000Z,film-laptop,86601,3,ids|suricata,json,none,/var/log/suricata/eve.json,68,67,1,1,0,0,1,0,0,0,0,0,9,8,2,0,0,0,0,0,3,17,6,0,9,ml_candidate,rule is not deterministic enough
wazuh-1788715836.1353397,2026-09-06T17:30:36.427000Z,lab-sensor-01,31104,6,accesslog|attack|web,web-accesslog,T1055|T1083|T1190,/var/log/apache2/access.log,0,0,1,0,0,0,1,0,0,0,0,0,10,2,4,1,18,0,0,65,10,17,6,0,3,ml_candidate,rule is not deterministic enough
wazuh-1788715856.1355227,2026-09-06T17:30:56.453000Z,lab-sensor-01,5710,5,authentication_failed|invalid_login|sshd|syslog,sshd,T1021.004|T1110.001,journald,59132,0,1,0,0,0,1,0,0,0,1,0,12,5,4,1,18,0,0,67,10,17,6,0,6,ml_candidate,rule is not deterministic enough
wazuh-1788715858.1355776,2026-09-06T17:30:58.460000Z,lab-sensor-01,5710,5,authentication_failed|invalid_login|sshd|syslog,sshd,T1021.004|T1110.001,journald,59140,0,1,0,0,0,1,0,0,0,1,0,13,6,4,1,19,0,0,68,10,17,6,0,7,ml_candidate,rule is not deterministic enough
wazuh-1788715862.1356325,2026-09-06T17:31:02.466000Z,lab-sensor-01,5710,5,authentication_failed|invalid_login|sshd|syslog,sshd,T1021.004|T1110.001,journald,59144,0,1,0,0,0,1,0,0,0,1,0,14,7,4,1,20,0,0,69,10,17,6,0,8,ml_candidate,rule is not deterministic enough
wazuh-1788715879.1357317,2026-09-06T17:31:19.548000Z,film-laptop,86601,3,ids|suricata,json,none,/var/log/suricata/eve.json,68,67,1,1,0,0,1,0,0,0,0,0,9,8,2,0,0,0,0,0,3,17,6,0,9,ml_candidate,rule is not deterministic enough
wazuh-1788715898.1362172,2026-09-06T17:31:38.195000Z,lab-sensor-01,31104,6,accesslog|attack|web,web-accesslog,T1055|T1083|T1190,/var/log/apache2/access.log,0,0,1,0,0,0,1,0,0,0,0,0,12,3,4,1,18,0,0,70,10,17,6,0,4,ml_candidate,rule is not deterministic enough
wazuh-1788715939.1364002,2026-09-06T17:32:19.612000Z,film-laptop,86601,3,ids|suricata,json,none,/var/log/suricata/eve.json,68,67,1,1,0,0,1,0,0,0,0,0,8,8,2,0,0,0,0,0,3,17,6,0,9,ml_candidate,rule is not deterministic enough
wazuh-1788715950.1368853,2026-09-06T17:32:30.659000Z,lab-sensor-01,5710,5,authentication_failed|invalid_login|sshd|syslog,sshd,T1021.004|T1110.001,journald,54444,0,1,0,0,0,1,0,0,0,1,0,14,6,4,1,18,0,0,69,10,17,6,0,7,ml_candidate,rule is not deterministic enough
wazuh-1788715952.1369402,2026-09-06T17:32:32.661000Z,lab-sensor-01,5710,5,authentication_failed|invalid_login|sshd|syslog,sshd,T1021.004|T1110.001,journald,54446,0,1,0,0,0,1,0,0,0,1,0,15,7,4,1,19,0,0,70,10,17,6,0,8,ml_candidate,rule is not deterministic enough
wazuh-1788715956.1369951,2026-09-06T17:32:36.668000Z,lab-sensor-01,5710,5,authentication_failed|invalid_login|sshd|syslog,sshd,T1021.004|T1110.001,journald,56764,0,1,0,0,0,1,0,0,0,1,0,15,8,4,1,20,0,0,71,10,17,6,0,9,ml_candidate,rule is not deterministic enough
wazuh-1788715971.1370943,2026-09-06T17:32:51.719000Z,film-laptop,591,3,ossec,ossec,none,logcollector,0,0,0,0,0,0,0,0,0,0,0,0,10,0,2,0,0,0,0,0,3,17,6,0,1,ml_candidate,rule is not deterministic enough
wazuh-1788715972.1371316,2026-09-06T17:32:52.321000Z,lab-sensor-01,31104,6,accesslog|attack|web,web-accesslog,T1055|T1083|T1190,/var/log/apache2/access.log,0,0,1,0,0,0,1,0,0,0,0,0,15,3,4,1,21,0,0,72,10,17,6,0,4,ml_candidate,rule is not deterministic enough
wazuh-1788715990.1372703,2026-09-06T17:33:10.394000Z,lab-sensor-01,31104,6,accesslog|attack|web,web-accesslog,T1055|T1083|T1190,/var/log/apache2/access.log,0,0,1,0,0,0,1,0,0,0,0,0,17,4,4,1,21,0,0,72,10,17,6,0,5,ml_candidate,rule is not deterministic enough
wazuh-1788715999.1373647,2026-09-06T17:33:19.677000Z,film-laptop,86601,3,ids|suricata,json,none,/var/log/suricata/eve.json,68,67,1,1,0,0,1,0,0,0,0,0,9,8,2,0,0,0,0,0,3,17,6,0,9,ml_candidate,rule is not deterministic enough
wazuh-1788716059.1379388,2026-09-06T17:34:19.818000Z,film-laptop,86601,3,ids|suricata,json,none,/var/log/suricata/eve.json,68,67,1,1,0,0,1,0,0,0,0,0,9,8,2,0,0,0,0,0,3,17,6,0,9,ml_candidate,rule is not deterministic enough
wazuh-1788716115.1386015,2026-09-06T17:35:15.026000Z,lab-sensor-01,5710,5,authentication_failed|invalid_login|sshd|syslog,sshd,T1021.004|T1110.001,journald,34766,0,1,0,0,0,1,0,0,0,1,0,14,6,4,1,15,0,0,70,10,17,6,0,7,ml_candidate,rule is not deterministic enough
wazuh-1788716117.1386564,2026-09-06T17:35:17.029000Z,lab-sensor-01,5710,5,authentication_failed|invalid_login|sshd|syslog,sshd,T1021.004|T1110.001,journald,34776,0,1,0,0,0,1,0,0,0,1,0,15,7,4,1,15,0,0,71,10,17,6,0,8,ml_candidate,rule is not deterministic enough
wazuh-1788716121.1387113,2026-09-06T17:35:21.045000Z,lab-sensor-01,5710,5,authentication_failed|invalid_login|sshd|syslog,sshd,T1021.004|T1110.001,journald,34790,0,1,0,0,0,1,0,0,0,1,0,16,8,4,1,15,0,0,72,10,17,6,0,9,ml_candidate,rule is not deterministic enough
wazuh-1788716121.1387662,2026-09-06T17:35:21.996000Z,film-laptop,86601,3,ids|suricata,json,none,/var/log/suricata/eve.json,68,67,1,1,0,0,1,0,0,0,0,0,9,8,2,0,0,0,0,0,3,17,6,0,9,ml_candidate,rule is not deterministic enough
wazuh-1788716175.1393842,2026-09-06T17:36:15.192000Z,lab-sensor-01,5710,5,authentication_failed|invalid_login|sshd|syslog,sshd,T1021.004|T1110.001,journald,44242,0,1,0,0,0,1,0,0,0,1,0,12,6,4,1,14,0,0,73,10,17,6,0,7,ml_candidate,rule is not deterministic enough
wazuh-1788716179.1394391,2026-09-06T17:36:19.204000Z,lab-sensor-01,5710,5,authentication_failed|invalid_login|sshd|syslog,sshd,T1021.004|T1110.001,journald,44256,0,1,0,0,0,1,0,0,0,1,0,13,7,3,0,14,0,0,74,6,17,6,0,8,ml_candidate,rule is not deterministic enough
wazuh-1788716181.1394940,2026-09-06T17:36:21.210000Z,lab-sensor-01,5710,5,authentication_failed|invalid_login|sshd|syslog,sshd,T1021.004|T1110.001,journald,44264,0,1,0,0,0,1,0,0,0,1,0,14,8,3,0,14,0,0,75,6,17,6,0,9,ml_candidate,rule is not deterministic enough
wazuh-1788716181.1395489,2026-09-06T17:36:21.965000Z,film-laptop,86601,3,ids|suricata,json,none,/var/log/suricata/eve.json,68,67,1,1,0,0,1,0,0,0,0,0,9,8,2,0,0,0,0,0,3,17,6,0,9,ml_candidate,rule is not deterministic enough
wazuh-1788716196.1400344,2026-09-06T17:36:36.741000Z,lab-sensor-01,31101,5,accesslog|attack|web,web-accesslog,none,/var/log/apache2/access.log,0,0,1,0,0,0,1,0,0,0,0,0,15,0,3,0,15,0,0,73,6,17,6,0,1,ml_candidate,rule is not deterministic enough
wazuh-1788716198.1400786,2026-09-06T17:36:38.743000Z,lab-sensor-01,31101,5,accesslog|attack|web,web-accesslog,none,/var/log/apache2/access.log,0,0,1,0,0,0,1,0,0,0,0,0,15,1,4,0,15,0,0,73,6,17,6,0,2,ml_candidate,rule is not deterministic enough
wazuh-1788716200.1401228,2026-09-06T17:36:40.748000Z,lab-sensor-01,31101,5,accesslog|attack|web,web-accesslog,none,/var/log/apache2/access.log,0,0,1,0,0,0,1,0,0,0,0,0,16,2,4,0,15,0,0,73,6,17,6,0,3,ml_candidate,rule is not deterministic enough
wazuh-1788716202.1401676,2026-09-06T17:36:42.750000Z,lab-sensor-01,30305,5,access_denied|apache|web,apache-errorlog,none,/var/log/apache2/error.log,50804,0,1,0,0,0,1,0,0,0,0,0,16,0,4,0,15,0,0,73,6,17,6,0,1,ml_candidate,rule is not deterministic enough
wazuh-1788716202.1402276,2026-09-06T17:36:42.750000Z,lab-sensor-01,31516,6,appsec|attack|web,web-accesslog,T1055,/var/log/apache2/access.log,0,0,1,0,0,0,1,0,0,0,0,0,17,0,5,0,15,0,0,73,6,17,6,0,1,ml_candidate,rule is not deterministic enough
wazuh-1788716243.1404048,2026-09-06T17:37:23.958000Z,film-laptop,86601,3,ids|suricata,json,none,/var/log/suricata/eve.json,68,67,1,1,0,0,1,0,0,0,0,0,9,8,2,0,0,0,0,0,3,17,6,0,9,ml_candidate,rule is not deterministic enough
wazuh-1788716282.1409785,2026-09-06T17:38:02.943000Z,lab-sensor-01,31101,5,accesslog|attack|web,web-accesslog,none,/var/log/apache2/access.log,0,0,1,0,0,0,1,0,0,0,0,0,13,3,6,0,15,0,0,73,6,17,6,0,4,ml_candidate,rule is not deterministic enough
wazuh-1788716284.1410227,2026-09-06T17:38:04.946000Z,lab-sensor-01,31101,5,accesslog|attack|web,web-accesslog,none,/var/log/apache2/access.log,0,0,1,0,0,0,1,0,0,0,0,0,14,4,6,0,15,0,0,73,6,17,6,0,5,ml_candidate,rule is not deterministic enough
wazuh-1788716286.1410669,2026-09-06T17:38:06.949000Z,lab-sensor-01,31101,5,accesslog|attack|web,web-accesslog,none,/var/log/apache2/access.log,0,0,1,0,0,0,1,0,0,0,0,0,15,5,6,0,15,0,0,73,6,17,6,0,6,ml_candidate,rule is not deterministic enough
wazuh-1788716288.1411117,2026-09-06T17:38:08.953000Z,lab-sensor-01,30305,5,access_denied|apache|web,apache-errorlog,none,/var/log/apache2/error.log,36550,0,1,0,0,0,1,0,0,0,0,0,16,1,6,0,15,0,0,73,6,17,6,0,2,ml_candidate,rule is not deterministic enough
wazuh-1788716288.1411717,2026-09-06T17:38:08.953000Z,lab-sensor-01,31516,6,appsec|attack|web,web-accesslog,T1055,/var/log/apache2/access.log,0,0,1,0,0,0,1,0,0,0,0,0,17,1,6,0,15,0,0,73,6,17,6,0,2,ml_candidate,rule is not deterministic enough
wazuh-1788716291.1412160,2026-09-06T17:38:11.752000Z,film-laptop,591,3,ossec,ossec,none,logcollector,0,0,0,0,0,0,0,0,0,0,0,0,10,0,2,0,0,0,0,0,3,17,6,0,1,ml_candidate,rule is not deterministic enough
wazuh-1788716303.1412533,2026-09-06T17:38:23.488000Z,lab-sensor-01,31104,6,accesslog|attack|web,web-accesslog,T1055|T1083|T1190,/var/log/apache2/access.log,0,0,1,0,0,0,1,0,0,0,0,0,16,0,6,0,15,0,0,74,6,17,6,0,1,ml_candidate,rule is not deterministic enough
wazuh-1788716304.1413435,2026-09-06T17:38:24.066000Z,film-laptop,86601,3,ids|suricata,json,none,/var/log/suricata/eve.json,68,67,1,1,0,0,1,0,0,0,0,0,9,8,2,0,0,0,0,0,3,17,6,0,9,ml_candidate,rule is not deterministic enough
wazuh-1788716365.1419661,2026-09-06T17:39:25.586000Z,lab-sensor-01,5710,5,authentication_failed|invalid_login|sshd|syslog,sshd,T1021.004|T1110.001,journald,44830,0,1,0,0,0,1,0,0,0,1,0,18,6,6,0,12,0,0,76,6,17,6,0,7,ml_candidate,rule is not deterministic enough
wazuh-1788716366.1420653,2026-09-06T17:39:26.133000Z,film-laptop,86601,3,ids|suricata,json,none,/var/log/suricata/eve.json,68,67,1,1,0,0,1,0,0,0,0,0,9,8,2,0,0,0,0,0,3,17,6,0,9,ml_candidate,rule is not deterministic enough
wazuh-1788716369.1425065,2026-09-06T17:39:29.591000Z,lab-sensor-01,5710,5,authentication_failed|invalid_login|sshd|syslog,sshd,T1021.004|T1110.001,journald,44842,0,1,0,0,0,1,0,0,0,1,0,19,7,6,0,13,0,0,77,6,17,6,0,8,ml_candidate,rule is not deterministic enough
wazuh-1788716373.1425614,2026-09-06T17:39:33.599000Z,lab-sensor-01,5710,5,authentication_failed|invalid_login|sshd|syslog,sshd,T1021.004|T1110.001,journald,44844,0,1,0,0,0,1,0,0,0,1,0,20,8,6,0,14,0,0,78,6,17,6,0,9,ml_candidate,rule is not deterministic enough
wazuh-1788716426.1427492,2026-09-06T17:40:26.159000Z,film-laptop,86601,3,ids|suricata,json,none,/var/log/suricata/eve.json,68,67,1,1,0,0,1,0,0,0,0,0,9,8,2,0,0,0,0,0,3,17,6,0,9,ml_candidate,rule is not deterministic enough
wazuh-1788716427.1431896,2026-09-06T17:40:27.711000Z,lab-sensor-01,5710,5,authentication_failed|invalid_login|sshd|syslog,sshd,T1021.004|T1110.001,journald,54532,0,1,0,0,0,1,0,0,0,1,0,18,6,6,0,15,0,0,79,6,17,6,0,7,ml_candidate,rule is not deterministic enough
wazuh-1788716431.1432888,2026-09-06T17:40:31.719000Z,lab-sensor-01,5710,5,authentication_failed|invalid_login|sshd|syslog,sshd,T1021.004|T1110.001,journald,54546,0,1,0,0,0,1,0,0,0,1,0,19,7,6,0,16,0,0,80,6,17,6,0,8,ml_candidate,rule is not deterministic enough
wazuh-1788716433.1433437,2026-09-06T17:40:33.723000Z,lab-sensor-01,5710,5,authentication_failed|invalid_login|sshd|syslog,sshd,T1021.004|T1110.001,journald,56368,0,1,0,0,0,1,0,0,0,1,0,20,8,6,0,17,0,0,81,6,17,6,0,9,ml_candidate,rule is not deterministic enough
wazuh-1788716486.1435758,2026-09-06T17:41:26.257000Z,film-laptop,86601,3,ids|suricata,json,none,/var/log/suricata/eve.json,68,67,1,1,0,0,1,0,0,0,0,0,9,8,2,0,0,0,0,0,3,17,6,0,9,ml_candidate,rule is not deterministic enough
wazuh-1788716499.1440621,2026-09-06T17:41:39.460000Z,lab-sensor-01,31101,5,accesslog|attack|web,web-accesslog,none,/var/log/apache2/access.log,0,0,1,0,0,0,1,0,0,0,0,0,16,4,6,0,15,0,0,80,6,17,6,0,5,ml_candidate,rule is not deterministic enough
wazuh-1788716501.1441063,2026-09-06T17:41:41.463000Z,lab-sensor-01,31101,5,accesslog|attack|web,web-accesslog,none,/var/log/apache2/access.log,0,0,1,0,0,0,1,0,0,0,0,0,16,4,6,0,15,0,0,80,6,17,6,0,5,ml_candidate,rule is not deterministic enough
wazuh-1788716503.1441505,2026-09-06T17:41:43.488000Z,lab-sensor-01,31101,5,accesslog|attack|web,web-accesslog,none,/var/log/apache2/access.log,0,0,1,0,0,0,1,0,0,0,0,0,15,5,6,0,15,0,0,80,6,17,6,0,6,ml_candidate,rule is not deterministic enough
wazuh-1788716505.1441953,2026-09-06T17:41:45.478000Z,lab-sensor-01,30305,5,access_denied|apache|web,apache-errorlog,none,/var/log/apache2/error.log,36912,0,1,0,0,0,1,0,0,0,0,0,16,1,6,0,15,0,0,80,6,17,6,0,2,ml_candidate,rule is not deterministic enough
wazuh-1788716505.1442553,2026-09-06T17:41:45.518000Z,lab-sensor-01,31516,6,appsec|attack|web,web-accesslog,T1055,/var/log/apache2/access.log,0,0,1,0,0,0,1,0,0,0,0,0,17,1,6,0,15,0,0,80,6,17,6,0,2,ml_candidate,rule is not deterministic enough
wazuh-1788716546.1443882,2026-09-06T17:42:26.343000Z,film-laptop,86601,3,ids|suricata,json,none,/var/log/suricata/eve.json,68,67,1,1,0,0,1,0,0,0,0,0,9,8,2,0,0,0,0,0,3,17,6,0,9,ml_candidate,rule is not deterministic enough
wazuh-1788716606.1450505,2026-09-06T17:43:26.376000Z,film-laptop,86601,3,ids|suricata,json,none,/var/log/suricata/eve.json,68,67,1,1,0,0,1,0,0,0,0,0,8,8,2,0,0,0,0,0,3,17,6,0,9,ml_candidate,rule is not deterministic enough
wazuh-1788716611.1454917,2026-09-06T17:43:31.784000Z,film-laptop,591,3,ossec,ossec,none,logcollector,0,0,0,0,0,0,0,0,0,0,0,0,10,0,2,0,0,0,0,0,3,17,6,0,1,ml_candidate,rule is not deterministic enough
wazuh-1788716639.1456619,2026-09-06T17:43:59.760000Z,lab-sensor-01,31101,5,accesslog|attack|web,web-accesslog,none,/var/log/apache2/access.log,0,0,1,0,0,0,1,0,0,0,0,0,11,3,6,0,12,0,0,77,6,17,6,0,4,ml_candidate,rule is not deterministic enough
wazuh-1788716641.1457061,2026-09-06T17:44:01.762000Z,lab-sensor-01,31101,5,accesslog|attack|web,web-accesslog,none,/var/log/apache2/access.log,0,0,1,0,0,0,1,0,0,0,0,0,12,4,6,0,12,0,0,77,6,17,6,0,5,ml_candidate,rule is not deterministic enough
wazuh-1788716643.1457503,2026-09-06T17:44:03.765000Z,lab-sensor-01,31101,5,accesslog|attack|web,web-accesslog,none,/var/log/apache2/access.log,0,0,1,0,0,0,1,0,0,0,0,0,13,5,6,0,12,0,0,77,6,17,6,0,6,ml_candidate,rule is not deterministic enough
wazuh-1788716645.1457951,2026-09-06T17:44:05.765000Z,lab-sensor-01,30305,5,access_denied|apache|web,apache-errorlog,none,/var/log/apache2/error.log,52414,0,1,0,0,0,1,0,0,0,0,0,14,1,6,0,12,0,0,77,6,17,6,0,2,ml_candidate,rule is not deterministic enough
wazuh-1788716645.1458551,2026-09-06T17:44:05.807000Z,lab-sensor-01,31516,6,appsec|attack|web,web-accesslog,T1055,/var/log/apache2/access.log,0,0,1,0,0,0,1,0,0,0,0,0,15,1,6,0,12,0,0,77,6,17,6,0,2,ml_candidate,rule is not deterministic enough
wazuh-1788716666.1459437,2026-09-06T17:44:26.557000Z,film-laptop,86601,3,ids|suricata,json,none,/var/log/suricata/eve.json,68,67,1,1,0,0,1,0,0,0,0,0,9,8,2,0,0,0,0,0,3,17,6,0,9,ml_candidate,rule is not deterministic enough
wazuh-1788716681.1464288,2026-09-06T17:44:41.833000Z,lab-sensor-01,31101,5,accesslog|attack|web,web-accesslog,none,/var/log/apache2/access.log,0,0,1,0,0,0,1,0,0,0,0,0,13,6,6,0,12,0,0,77,6,17,6,0,7,ml_candidate,rule is not deterministic enough
wazuh-1788716683.1464730,2026-09-06T17:44:43.835000Z,lab-sensor-01,31101,5,accesslog|attack|web,web-accesslog,none,/var/log/apache2/access.log,0,0,1,0,0,0,1,0,0,0,0,0,14,7,6,0,12,0,0,77,6,17,6,0,8,ml_candidate,rule is not deterministic enough
wazuh-1788716685.1465172,2026-09-06T17:44:45.836000Z,lab-sensor-01,31101,5,accesslog|attack|web,web-accesslog,none,/var/log/apache2/access.log,0,0,1,0,0,0,1,0,0,0,0,0,15,8,6,0,12,0,0,77,6,17,6,0,9,ml_candidate,rule is not deterministic enough
wazuh-1788716687.1465620,2026-09-06T17:44:47.836000Z,lab-sensor-01,30305,5,access_denied|apache|web,apache-errorlog,none,/var/log/apache2/error.log,32932,0,1,0,0,0,1,0,0,0,0,0,16,2,6,0,12,0,0,77,6,17,6,0,3,ml_candidate,rule is not deterministic enough
wazuh-1788716687.1466220,2026-09-06T17:44:47.837000Z,lab-sensor-01,31516,6,appsec|attack|web,web-accesslog,T1055,/var/log/apache2/access.log,0,0,1,0,0,0,1,0,0,0,0,0,17,2,6,0,12,0,0,77,6,17,6,0,3,ml_candidate,rule is not deterministic enough
wazuh-1788716698.1466663,2026-09-06T17:44:58.340000Z,lab-sensor-01,31104,6,accesslog|attack|web,web-accesslog,T1055|T1083|T1190,/var/log/apache2/access.log,0,0,1,0,0,0,1,0,0,0,0,0,18,0,6,0,12,0,0,78,6,17,6,0,1,ml_candidate,rule is not deterministic enough
wazuh-1788716726.1468493,2026-09-06T17:45:26.599000Z,film-laptop,86601,3,ids|suricata,json,none,/var/log/suricata/eve.json,68,67,1,1,0,0,1,0,0,0,0,0,9,8,2,0,0,0,0,0,3,17,6,0,9,ml_candidate,rule is not deterministic enough
wazuh-1788716758.1474242,2026-09-06T17:45:58.430000Z,lab-sensor-01,5710,5,authentication_failed|invalid_login|sshd|syslog,sshd,T1021.004|T1110.001,journald,34062,0,1,0,0,0,1,0,0,0,1,0,17,0,6,0,9,0,0,77,6,17,6,0,1,ml_candidate,rule is not deterministic enough
wazuh-1788716762.1474791,2026-09-06T17:46:02.438000Z,lab-sensor-01,5710,5,authentication_failed|invalid_login|sshd|syslog,sshd,T1021.004|T1110.001,journald,34074,0,1,0,0,0,1,0,0,0,1,0,18,1,6,0,10,0,0,78,6,17,6,0,2,ml_candidate,rule is not deterministic enough
wazuh-1788716764.1475340,2026-09-06T17:46:04.441000Z,lab-sensor-01,5710,5,authentication_failed|invalid_login|sshd|syslog,sshd,T1021.004|T1110.001,journald,48452,0,1,0,0,0,1,0,0,0,1,0,19,2,6,0,11,0,0,79,6,17,6,0,3,ml_candidate,rule is not deterministic enough
wazuh-1788716788.1476332,2026-09-06T17:46:28.574000Z,film-laptop,86601,3,ids|suricata,json,none,/var/log/suricata/eve.json,68,67,1,1,0,0,1,0,0,0,0,0,9,8,2,0,0,0,0,0,3,17,6,0,9,ml_candidate,rule is not deterministic enough
wazuh-1788716818.1481626,2026-09-06T17:46:58.146000Z,lab-sensor-01,31104,6,accesslog|attack|web,web-accesslog,T1055|T1083|T1190,/var/log/apache2/access.log,0,0,1,0,0,0,1,0,0,0,0,0,15,1,6,0,9,0,0,74,6,17,6,0,2,ml_candidate,rule is not deterministic enough
wazuh-1788716848.1483456,2026-09-06T17:47:28.634000Z,film-laptop,86601,3,ids|suricata,json,none,/var/log/suricata/eve.json,68,67,1,1,0,0,1,0,0,0,0,0,9,8,2,0,0,0,0,0,3,17,6,0,9,ml_candidate,rule is not deterministic enough
wazuh-1788716894.1489197,2026-09-06T17:48:14.758000Z,lab-sensor-01,80730,3,audit|audit_selinux,auditd,none,/var/log/audit/audit.log,0,0,0,0,0,0,0,1,1,0,0,0,17,0,6,0,9,0,0,74,6,17,6,0,1,ml_candidate,rule is not deterministic enough
wazuh-1788716894.1490378,2026-09-06T17:48:14.758000Z,lab-sensor-01,80730,3,audit|audit_selinux,auditd,none,/var/log/audit/audit.log,0,0,0,0,0,0,0,1,1,0,0,0,18,1,7,0,9,0,0,74,6,17,6,0,2,ml_candidate,rule is not deterministic enough
wazuh-1788716908.1492349,2026-09-06T17:48:28.700000Z,film-laptop,86601,3,ids|suricata,json,none,/var/log/suricata/eve.json,68,67,1,1,0,0,1,0,0,0,0,0,9,8,2,0,0,0,0,0,3,17,6,0,9,ml_candidate,rule is not deterministic enough
wazuh-1788716937.1497647,2026-09-06T17:48:57.817000Z,lab-sensor-01,591,3,ossec,ossec,none,logcollector,0,0,0,0,0,0,0,0,0,0,0,0,19,0,7,0,9,0,0,72,6,17,6,0,1,ml_candidate,rule is not deterministic enough
wazuh-1788716937.1498024,2026-09-06T17:48:57.817000Z,lab-sensor-01,591,3,ossec,ossec,none,logcollector,0,0,0,0,0,0,0,0,0,0,0,0,20,1,8,0,9,0,0,72,6,17,6,0,2,ml_candidate,rule is not deterministic enough
wazuh-1788716938.1498402,2026-09-06T17:48:58.380000Z,lab-sensor-01,30305,5,access_denied|apache|web,apache-errorlog,none,/var/log/apache2/error.log,60334,0,1,0,0,0,1,0,0,0,0,0,21,2,8,0,9,0,0,72,6,17,6,0,3,ml_candidate,rule is not deterministic enough
wazuh-1788716938.1499002,2026-09-06T17:48:58.386000Z,lab-sensor-01,31101,5,accesslog|attack|web,web-accesslog,none,/var/log/apache2/access.log,0,0,1,0,0,0,1,0,0,0,0,0,22,6,8,0,9,0,0,72,6,17,6,0,7,ml_candidate,rule is not deterministic enough
wazuh-1788716938.1499444,2026-09-06T17:48:58.388000Z,lab-sensor-01,31101,5,accesslog|attack|web,web-accesslog,none,/var/log/apache2/access.log,0,0,1,0,0,0,1,0,0,0,0,0,23,7,8,0,9,0,0,72,6,17,6,0,8,ml_candidate,rule is not deterministic enough
wazuh-1788716938.1499886,2026-09-06T17:48:58.390000Z,lab-sensor-01,31101,5,accesslog|attack|web,web-accesslog,none,/var/log/apache2/access.log,0,0,1,0,0,0,1,0,0,0,0,0,24,8,8,0,9,0,0,72,6,17,6,0,9,ml_candidate,rule is not deterministic enough
wazuh-1788716938.1500334,2026-09-06T17:48:58.392000Z,lab-sensor-01,31516,6,appsec|attack|web,web-accesslog,T1055,/var/log/apache2/access.log,0,0,1,0,0,0,1,0,0,0,0,0,25,2,8,0,9,0,0,72,6,17,6,0,3,ml_candidate,rule is not deterministic enough
wazuh-1788716968.1501220,2026-09-06T17:49:28.773000Z,film-laptop,86601,3,ids|suricata,json,none,/var/log/suricata/eve.json,68,67,1,1,0,0,1,0,0,0,0,0,8,8,2,0,0,0,0,0,3,17,6,0,9,ml_candidate,rule is not deterministic enough
wazuh-1788716995.1506953,2026-09-06T17:49:55.823000Z,film-laptop,591,3,ossec,ossec,none,logcollector,0,0,0,0,0,0,0,0,0,0,0,0,10,0,2,0,0,0,0,0,3,17,6,0,1,ml_candidate,rule is not deterministic enough
wazuh-1788717028.1508212,2026-09-06T17:50:28.835000Z,film-laptop,86601,3,ids|suricata,json,none,/var/log/suricata/eve.json,68,67,1,1,0,0,1,0,0,0,0,0,9,8,2,0,0,0,0,0,3,17,6,0,9,ml_candidate,rule is not deterministic enough
wazuh-1788717090.1514396,2026-09-06T17:51:30.918000Z,film-laptop,86601,3,ids|suricata,json,none,/var/log/suricata/eve.json,68,67,1,1,0,0,1,0,0,0,0,0,9,8,2,0,0,0,0,0,3,17,6,0,9,ml_candidate,rule is not deterministic enough
wazuh-1788717091.1518804,2026-09-06T17:51:31.146000Z,lab-sensor-01,5710,5,authentication_failed|invalid_login|sshd|syslog,sshd,T1021.004|T1110.001,journald,44234,0,1,0,0,0,1,0,0,0,1,0,11,0,8,0,3,0,0,65,6,17,6,0,1,ml_candidate,rule is not deterministic enough
wazuh-1788717093.1519796,2026-09-06T17:51:33.149000Z,lab-sensor-01,5710,5,authentication_failed|invalid_login|sshd|syslog,sshd,T1021.004|T1110.001,journald,44238,0,1,0,0,0,1,0,0,0,1,0,12,1,8,0,4,0,0,65,6,17,6,0,2,ml_candidate,rule is not deterministic enough
wazuh-1788717097.1520345,2026-09-06T17:51:37.153000Z,lab-sensor-01,5710,5,authentication_failed|invalid_login|sshd|syslog,sshd,T1021.004|T1110.001,journald,40320,0,1,0,0,0,1,0,0,0,1,0,13,2,8,0,5,0,0,66,6,17,6,0,3,ml_candidate,rule is not deterministic enough
wazuh-1788717136.1522223,2026-09-06T17:52:16.798000Z,lab-sensor-01,31101,5,accesslog|attack|web,web-accesslog,none,/var/log/apache2/access.log,0,0,1,0,0,0,1,0,0,0,0,0,12,3,8,0,6,0,0,67,6,17,6,0,4,ml_candidate,rule is not deterministic enough
wazuh-1788717138.1522665,2026-09-06T17:52:18.801000Z,lab-sensor-01,31101,5,accesslog|attack|web,web-accesslog,none,/var/log/apache2/access.log,0,0,1,0,0,0,1,0,0,0,0,0,13,4,8,0,6,0,0,67,6,17,6,0,5,ml_candidate,rule is not deterministic enough
wazuh-1788717140.1523107,2026-09-06T17:52:20.803000Z,lab-sensor-01,31101,5,accesslog|attack|web,web-accesslog,none,/var/log/apache2/access.log,0,0,1,0,0,0,1,0,0,0,0,0,14,5,8,0,6,0,0,67,6,17,6,0,6,ml_candidate,rule is not deterministic enough
wazuh-1788717142.1523555,2026-09-06T17:52:22.808000Z,lab-sensor-01,30305,5,access_denied|apache|web,apache-errorlog,none,/var/log/apache2/error.log,57582,0,1,0,0,0,1,0,0,0,0,0,15,1,8,0,6,0,0,67,6,17,6,0,2,ml_candidate,rule is not deterministic enough
wazuh-1788717142.1524155,2026-09-06T17:52:22.808000Z,lab-sensor-01,31516,6,appsec|attack|web,web-accesslog,T1055,/var/log/apache2/access.log,0,0,1,0,0,0,1,0,0,0,0,0,16,1,8,0,6,0,0,67,6,17,6,0,2,ml_candidate,rule is not deterministic enough
wazuh-1788717150.1524598,2026-09-06T17:52:30.974000Z,film-laptop,86601,3,ids|suricata,json,none,/var/log/suricata/eve.json,68,67,1,1,0,0,1,0,0,0,0,0,9,8,2,0,0,0,0,0,3,17,6,0,9,ml_candidate,rule is not deterministic enough
wazuh-1788717186.1530339,2026-09-06T17:53:06.892000Z,lab-sensor-01,31101,5,accesslog|attack|web,web-accesslog,none,/var/log/apache2/access.log,0,0,1,0,0,0,1,0,0,0,0,0,17,6,8,0,6,0,0,66,6,17,6,0,7,ml_candidate,rule is not deterministic enough
wazuh-1788717188.1530781,2026-09-06T17:53:08.896000Z,lab-sensor-01,31101,5,accesslog|attack|web,web-accesslog,none,/var/log/apache2/access.log,0,0,1,0,0,0,1,0,0,0,0,0,18,7,8,0,6,0,0,66,6,17,6,0,8,ml_candidate,rule is not deterministic enough
wazuh-1788717190.1531223,2026-09-06T17:53:10.898000Z,lab-sensor-01,31101,5,accesslog|attack|web,web-accesslog,none,/var/log/apache2/access.log,0,0,1,0,0,0,1,0,0,0,0,0,19,8,8,0,6,0,0,66,6,17,6,0,9,ml_candidate,rule is not deterministic enough
wazuh-1788717192.1531671,2026-09-06T17:53:12.901000Z,lab-sensor-01,30305,5,access_denied|apache|web,apache-errorlog,none,/var/log/apache2/error.log,56548,0,1,0,0,0,1,0,0,0,0,0,20,2,8,0,6,0,0,66,6,17,6,0,3,ml_candidate,rule is not deterministic enough
wazuh-1788717192.1532271,2026-09-06T17:53:12.901000Z,lab-sensor-01,31516,6,appsec|attack|web,web-accesslog,T1055,/var/log/apache2/access.log,0,0,1,0,0,0,1,0,0,0,0,0,21,2,8,0,6,0,0,66,6,17,6,0,3,ml_candidate,rule is not deterministic enough
wazuh-1788717211.1533157,2026-09-06T17:53:31.040000Z,film-laptop,86601,3,ids|suricata,json,none,/var/log/suricata/eve.json,68,67,1,1,0,0,1,0,0,0,0,0,9,8,2,0,0,0,0,0,3,17,6,0,9,ml_candidate,rule is not deterministic enough
wazuh-1788717226.1538008,2026-09-06T17:53:46.957000Z,lab-sensor-01,31104,6,accesslog|attack|web,web-accesslog,T1055|T1083|T1190,/var/log/apache2/access.log,0,0,1,0,0,0,1,0,0,0,0,0,20,0,8,0,6,0,0,64,6,17,6,0,1,ml_candidate,rule is not deterministic enough
wazuh-1788717273.1539838,2026-09-06T17:54:33.353000Z,film-laptop,86601,3,ids|suricata,json,none,/var/log/suricata/eve.json,68,67,1,1,0,0,1,0,0,0,0,0,9,8,2,0,0,0,0,0,3,17,6,0,9,ml_candidate,rule is not deterministic enough
wazuh-1788717315.1545579,2026-09-06T17:55:15.856000Z,film-laptop,591,3,ossec,ossec,none,logcollector,0,0,0,0,0,0,0,0,0,0,0,0,10,0,2,0,0,0,0,0,3,17,6,0,1,ml_candidate,rule is not deterministic enough
wazuh-1788717333.1546395,2026-09-06T17:55:33.458000Z,film-laptop,86601,3,ids|suricata,json,none,/var/log/suricata/eve.json,68,67,1,1,0,0,1,0,0,0,0,0,9,8,2,0,0,0,0,0,3,17,6,0,9,ml_candidate,rule is not deterministic enough
wazuh-1788717349.1551693,2026-09-06T17:55:49.664000Z,lab-sensor-01,31101,5,accesslog|attack|web,web-accesslog,none,/var/log/apache2/access.log,0,0,1,0,0,0,1,0,0,0,0,0,15,6,8,0,6,0,0,58,6,17,6,0,7,ml_candidate,rule is not deterministic enough
wazuh-1788717351.1552135,2026-09-06T17:55:51.665000Z,lab-sensor-01,31101,5,accesslog|attack|web,web-accesslog,none,/var/log/apache2/access.log,0,0,1,0,0,0,1,0,0,0,0,0,16,7,8,0,6,0,0,58,6,17,6,0,8,ml_candidate,rule is not deterministic enough
wazuh-1788717353.1552577,2026-09-06T17:55:53.668000Z,lab-sensor-01,31101,5,accesslog|attack|web,web-accesslog,none,/var/log/apache2/access.log,0,0,1,0,0,0,1,0,0,0,0,0,17,8,8,0,6,0,0,58,6,17,6,0,9,ml_candidate,rule is not deterministic enough
wazuh-1788717355.1553025,2026-09-06T17:55:55.672000Z,lab-sensor-01,31516,6,appsec|attack|web,web-accesslog,T1055,/var/log/apache2/access.log,0,0,1,0,0,0,1,0,0,0,0,0,18,2,8,0,6,0,0,58,6,17,6,0,3,ml_candidate,rule is not deterministic enough
wazuh-1788717355.1553468,2026-09-06T17:55:55.672000Z,lab-sensor-01,30305,5,access_denied|apache|web,apache-errorlog,none,/var/log/apache2/error.log,59804,0,1,0,0,0,1,0,0,0,0,0,19,2,8,0,6,0,0,59,6,17,6,0,3,ml_candidate,rule is not deterministic enough
wazuh-1788717367.1554068,2026-09-06T17:56:07.190000Z,lab-sensor-01,86601,3,ids|suricata,json,none,/var/log/suricata/eve.json,68,67,1,1,0,0,1,0,0,0,0,0,20,0,8,0,3,0,0,59,6,17,6,0,1,ml_candidate,rule is not deterministic enough
wazuh-1788717369.1561183,2026-09-06T17:56:09.193000Z,lab-sensor-01,31104,6,accesslog|attack|web,web-accesslog,T1055|T1083|T1190,/var/log/apache2/access.log,0,0,1,0,0,0,1,0,0,0,0,0,21,1,9,0,3,0,0,59,6,17,6,0,2,ml_candidate,rule is not deterministic enough
wazuh-1788717417.1563013,2026-09-06T17:56:57.763000Z,lab-sensor-01,5710,5,authentication_failed|invalid_login|sshd|syslog,sshd,T1021.004|T1110.001,journald,60564,0,1,0,0,0,1,0,0,0,1,0,20,0,9,0,3,0,0,58,6,17,6,0,1,ml_candidate,rule is not deterministic enough
wazuh-1788717421.1564005,2026-09-06T17:57:01.767000Z,lab-sensor-01,5710,5,authentication_failed|invalid_login|sshd|syslog,sshd,T1021.004|T1110.001,journald,60580,0,1,0,0,0,1,0,0,0,1,0,21,1,9,0,4,0,0,59,6,17,6,0,2,ml_candidate,rule is not deterministic enough
wazuh-1788717423.1564554,2026-09-06T17:57:03.796000Z,lab-sensor-01,5710,5,authentication_failed|invalid_login|sshd|syslog,sshd,T1021.004|T1110.001,journald,60584,0,1,0,0,0,1,0,0,0,1,0,22,2,9,0,5,0,0,60,6,17,6,0,3,ml_candidate,rule is not deterministic enough
wazuh-1788717451.1565989,2026-09-06T17:57:31.353000Z,lab-sensor-01,31104,6,accesslog|attack|web,web-accesslog,T1055|T1083|T1190,/var/log/apache2/access.log,0,0,1,0,0,0,1,0,0,0,0,0,18,2,9,0,6,0,0,61,6,17,6,0,3,ml_candidate,rule is not deterministic enough
wazuh-1788717563.1570034,2026-09-06T17:59:23.559000Z,lab-sensor-01,31101,5,accesslog|attack|web,web-accesslog,none,/var/log/apache2/access.log,0,0,1,0,0,0,1,0,0,0,0,0,13,3,7,0,6,0,0,58,6,17,6,0,4,ml_candidate,rule is not deterministic enough
wazuh-1788717565.1570476,2026-09-06T17:59:25.561000Z,lab-sensor-01,31101,5,accesslog|attack|web,web-accesslog,none,/var/log/apache2/access.log,0,0,1,0,0,0,1,0,0,0,0,0,14,4,7,0,6,0,0,57,6,17,6,0,5,ml_candidate,rule is not deterministic enough
wazuh-1788717567.1570918,2026-09-06T17:59:27.563000Z,lab-sensor-01,31101,5,accesslog|attack|web,web-accesslog,none,/var/log/apache2/access.log,0,0,1,0,0,0,1,0,0,0,0,0,15,5,7,0,6,0,0,57,6,17,6,0,6,ml_candidate,rule is not deterministic enough
wazuh-1788717569.1571366,2026-09-06T17:59:29.569000Z,lab-sensor-01,30305,5,access_denied|apache|web,apache-errorlog,none,/var/log/apache2/error.log,50168,0,1,0,0,0,1,0,0,0,0,0,16,1,7,0,6,0,0,56,6,17,6,0,2,ml_candidate,rule is not deterministic enough
wazuh-1788717569.1571966,2026-09-06T17:59:29.569000Z,lab-sensor-01,31516,6,appsec|attack|web,web-accesslog,T1055,/var/log/apache2/access.log,0,0,1,0,0,0,1,0,0,0,0,0,17,1,7,0,6,0,0,56,6,17,6,0,2,ml_candidate,rule is not deterministic enough
wazuh-1788717636.1574624,2026-09-06T18:00:36.243000Z,lab-sensor-01,5710,5,authentication_failed|invalid_login|sshd|syslog,sshd,T1021.004|T1110.001,journald,49860,0,1,0,0,0,1,0,0,0,1,0,18,3,7,0,6,0,0,57,6,18,6,1,4,ml_candidate,rule is not deterministic enough
wazuh-1788717640.1575173,2026-09-06T18:00:40.251000Z,lab-sensor-01,5710,5,authentication_failed|invalid_login|sshd|syslog,sshd,T1021.004|T1110.001,journald,49870,0,1,0,0,0,1,0,0,0,1,0,19,4,7,0,7,0,0,57,6,18,6,1,5,ml_candidate,rule is not deterministic enough
wazuh-1788717642.1575722,2026-09-06T18:00:42.253000Z,lab-sensor-01,5710,5,authentication_failed|invalid_login|sshd|syslog,sshd,T1021.004|T1110.001,journald,49884,0,1,0,0,0,1,0,0,0,1,0,20,5,7,0,8,0,0,57,6,18,6,1,6,ml_candidate,rule is not deterministic enough
wazuh-1788717657.1576714,2026-09-06T18:00:57.723000Z,lab-sensor-01,31101,5,accesslog|attack|web,web-accesslog,none,/var/log/apache2/access.log,0,0,1,0,0,0,1,0,0,0,0,0,16,3,7,0,9,0,0,57,6,18,6,1,4,ml_candidate,rule is not deterministic enough
wazuh-1788717659.1577156,2026-09-06T18:00:59.724000Z,lab-sensor-01,31101,5,accesslog|attack|web,web-accesslog,none,/var/log/apache2/access.log,0,0,1,0,0,0,1,0,0,0,0,0,17,4,7,0,9,0,0,56,6,18,6,1,5,ml_candidate,rule is not deterministic enough
wazuh-1788717661.1577598,2026-09-06T18:01:01.727000Z,lab-sensor-01,31101,5,accesslog|attack|web,web-accesslog,none,/var/log/apache2/access.log,0,0,1,0,0,0,1,0,0,0,0,0,18,5,7,0,9,0,0,56,6,18,6,1,6,ml_candidate,rule is not deterministic enough
wazuh-1788717663.1578046,2026-09-06T18:01:03.729000Z,lab-sensor-01,30305,5,access_denied|apache|web,apache-errorlog,none,/var/log/apache2/error.log,50684,0,1,0,0,0,1,0,0,0,0,0,19,1,7,0,9,0,0,55,6,18,6,1,2,ml_candidate,rule is not deterministic enough
wazuh-1788717663.1578646,2026-09-06T18:01:03.730000Z,lab-sensor-01,31516,6,appsec|attack|web,web-accesslog,T1055,/var/log/apache2/access.log,0,0,1,0,0,0,1,0,0,0,0,0,20,1,7,0,9,0,0,55,6,18,6,1,2,ml_candidate,rule is not deterministic enough
wazuh-1788717699.1579975,2026-09-06T18:01:39.896000Z,film-laptop,591,3,ossec,ossec,none,logcollector,0,0,0,0,0,0,0,0,0,0,0,0,0,0,2,0,0,0,0,0,3,18,6,1,1,ml_candidate,rule is not deterministic enough
wazuh-1788717709.1580791,2026-09-06T18:01:49.812000Z,lab-sensor-01,31101,5,accesslog|attack|web,web-accesslog,none,/var/log/apache2/access.log,0,0,1,0,0,0,1,0,0,0,0,0,18,6,7,0,6,0,0,54,6,18,6,1,7,ml_candidate,rule is not deterministic enough
wazuh-1788717711.1581233,2026-09-06T18:01:51.817000Z,lab-sensor-01,31101,5,accesslog|attack|web,web-accesslog,none,/var/log/apache2/access.log,0,0,1,0,0,0,1,0,0,0,0,0,19,7,7,0,6,0,0,54,6,18,6,1,8,ml_candidate,rule is not deterministic enough
wazuh-1788717713.1581675,2026-09-06T18:01:53.819000Z,lab-sensor-01,31101,5,accesslog|attack|web,web-accesslog,none,/var/log/apache2/access.log,0,0,1,0,0,0,1,0,0,0,0,0,20,8,7,0,6,0,0,54,6,18,6,1,9,ml_candidate,rule is not deterministic enough
wazuh-1788717715.1582123,2026-09-06T18:01:55.822000Z,lab-sensor-01,30305,5,access_denied|apache|web,apache-errorlog,none,/var/log/apache2/error.log,50974,0,1,0,0,0,1,0,0,0,0,0,21,2,7,0,6,0,0,54,6,18,6,1,3,ml_candidate,rule is not deterministic enough
wazuh-1788717715.1582723,2026-09-06T18:01:55.863000Z,lab-sensor-01,31516,6,appsec|attack|web,web-accesslog,T1055,/var/log/apache2/access.log,0,0,1,0,0,0,1,0,0,0,0,0,22,2,7,0,6,0,0,54,6,18,6,1,3,ml_candidate,rule is not deterministic enough
wazuh-1788717733.1583609,2026-09-06T18:02:13.635000Z,film-laptop,80730,3,audit|audit_selinux,auditd,none,/var/log/audit/audit.log,0,0,0,0,0,0,0,1,1,0,0,0,1,0,2,0,0,0,0,0,3,18,6,1,1,ml_candidate,rule is not deterministic enough
wazuh-1788717754.1588201,2026-09-06T18:02:34.457000Z,lab-sensor-01,30305,5,access_denied|apache|web,apache-errorlog,none,/var/log/apache2/error.log,58774,0,1,0,0,0,1,0,0,0,0,0,22,3,7,0,6,0,0,53,6,18,6,1,4,ml_candidate,rule is not deterministic enough
wazuh-1788717754.1588801,2026-09-06T18:02:34.457000Z,lab-sensor-01,31516,6,appsec|attack|web,web-accesslog,T1055,/var/log/apache2/access.log,0,0,1,0,0,0,1,0,0,0,0,0,23,3,7,0,6,0,0,53,6,18,6,1,4,ml_candidate,rule is not deterministic enough
wazuh-1788717790.1590130,2026-09-06T18:03:10.535000Z,lab-sensor-01,5710,5,authentication_failed|invalid_login|sshd|syslog,sshd,T1021.004|T1110.001,journald,45648,0,1,0,0,0,1,0,0,0,1,0,23,3,7,0,6,0,0,50,6,18,6,1,4,ml_candidate,rule is not deterministic enough
wazuh-1788717792.1590679,2026-09-06T18:03:12.537000Z,lab-sensor-01,5710,5,authentication_failed|invalid_login|sshd|syslog,sshd,T1021.004|T1110.001,journald,45664,0,1,0,0,0,1,0,0,0,1,0,24,4,7,0,7,0,0,51,6,18,6,1,5,ml_candidate,rule is not deterministic enough
wazuh-1788717796.1591228,2026-09-06T18:03:16.543000Z,lab-sensor-01,5710,5,authentication_failed|invalid_login|sshd|syslog,sshd,T1021.004|T1110.001,journald,43244,0,1,0,0,0,1,0,0,0,1,0,25,5,7,0,8,0,0,51,6,18,6,1,6,ml_candidate,rule is not deterministic enough
wazuh-1788717811.1591777,2026-09-06T18:03:31.977000Z,lab-sensor-01,31104,6,accesslog|attack|web,web-accesslog,T1055|T1083|T1190,/var/log/apache2/access.log,0,0,1,0,0,0,1,0,0,0,0,0,26,0,7,0,9,0,0,52,6,18,6,1,1,ml_candidate,rule is not deterministic enough
wazuh-1788717832.1593164,2026-09-06T18:03:52.047000Z,lab-sensor-01,31104,6,accesslog|attack|web,web-accesslog,T1055|T1083|T1190,/var/log/apache2/access.log,0,0,1,0,0,0,1,0,0,0,0,0,28,1,7,0,9,0,0,54,6,18,6,1,2,ml_candidate,rule is not deterministic enough
wazuh-1788717921.1598098,2026-09-06T18:05:21.966000Z,film-laptop,11,4,stats,auditd,none,/var/log/audit/audit.log,0,0,0,0,0,0,0,1,1,0,0,0,2,0,3,0,0,0,0,0,3,18,6,1,1,ml_candidate,rule is not deterministic enough
wazuh-1788717922.1598774,2026-09-06T18:05:22.244000Z,lab-sensor-01,30305,5,access_denied|apache|web,apache-errorlog,none,/var/log/apache2/error.log,44520,0,1,0,0,0,1,0,0,0,0,0,28,3,7,0,9,0,0,53,6,18,6,1,4,ml_candidate,rule is not deterministic enough
wazuh-1788717922.1599374,2026-09-06T18:05:22.244000Z,lab-sensor-01,31516,6,appsec|attack|web,web-accesslog,T1055,/var/log/apache2/access.log,0,0,1,0,0,0,1,0,0,0,0,0,29,3,7,0,9,0,0,53,6,18,6,1,4,ml_candidate,rule is not deterministic enough
wazuh-1788718000.1601589,2026-09-06T18:06:40.926000Z,lab-sensor-01,5710,5,authentication_failed|invalid_login|sshd|syslog,sshd,T1021.004|T1110.001,journald,53656,0,1,0,0,0,1,0,0,0,1,0,22,3,6,0,9,0,0,51,6,18,6,1,4,ml_candidate,rule is not deterministic enough
wazuh-1788718004.1602581,2026-09-06T18:06:44.929000Z,lab-sensor-01,5710,5,authentication_failed|invalid_login|sshd|syslog,sshd,T1021.004|T1110.001,journald,51730,0,1,0,0,0,1,0,0,0,1,0,23,4,6,0,10,0,0,51,6,18,6,1,5,ml_candidate,rule is not deterministic enough
wazuh-1788718008.1603130,2026-09-06T18:06:48.935000Z,lab-sensor-01,5710,5,authentication_failed|invalid_login|sshd|syslog,sshd,T1021.004|T1110.001,journald,51738,0,1,0,0,0,1,0,0,0,1,0,24,5,6,0,11,0,0,52,6,18,6,1,6,ml_candidate,rule is not deterministic enough
wazuh-1788718019.1603679,2026-09-06T18:06:59.929000Z,film-laptop,591,3,ossec,ossec,none,logcollector,0,0,0,0,0,0,0,0,0,0,0,0,2,0,3,0,0,0,0,0,4,18,6,1,1,ml_candidate,rule is not deterministic enough
wazuh-1788718036.1604938,2026-09-06T18:07:16.445000Z,lab-sensor-01,31101,5,accesslog|attack|web,web-accesslog,none,/var/log/apache2/access.log,0,0,1,0,0,0,1,0,0,0,0,0,20,6,6,0,9,0,0,53,6,18,6,1,7,ml_candidate,rule is not deterministic enough
wazuh-1788718038.1605380,2026-09-06T18:07:18.449000Z,lab-sensor-01,31101,5,accesslog|attack|web,web-accesslog,none,/var/log/apache2/access.log,0,0,1,0,0,0,1,0,0,0,0,0,21,7,6,0,9,0,0,53,6,18,6,1,8,ml_candidate,rule is not deterministic enough
wazuh-1788718040.1605822,2026-09-06T18:07:20.450000Z,lab-sensor-01,31101,5,accesslog|attack|web,web-accesslog,none,/var/log/apache2/access.log,0,0,1,0,0,0,1,0,0,0,0,0,22,8,6,0,9,0,0,53,6,18,6,1,9,ml_candidate,rule is not deterministic enough
wazuh-1788718042.1606270,2026-09-06T18:07:22.453000Z,lab-sensor-01,30305,5,access_denied|apache|web,apache-errorlog,none,/var/log/apache2/error.log,50446,0,1,0,0,0,1,0,0,0,0,0,23,2,6,0,9,0,0,53,6,18,6,1,3,ml_candidate,rule is not deterministic enough
wazuh-1788718042.1606870,2026-09-06T18:07:22.453000Z,lab-sensor-01,31516,6,appsec|attack|web,web-accesslog,T1055,/var/log/apache2/access.log,0,0,1,0,0,0,1,0,0,0,0,0,24,2,6,0,9,0,0,53,6,18,6,1,3,ml_candidate,rule is not deterministic enough
wazuh-1788718075.1607756,2026-09-06T18:07:55.036000Z,lab-sensor-01,5710,5,authentication_failed|invalid_login|sshd|syslog,sshd,T1021.004|T1110.001,journald,34338,0,1,0,0,0,1,0,0,0,1,0,20,6,6,0,9,0,0,54,6,18,6,1,7,ml_candidate,rule is not deterministic enough
wazuh-1788718079.1608748,2026-09-06T18:07:59.040000Z,lab-sensor-01,5710,5,authentication_failed|invalid_login|sshd|syslog,sshd,T1021.004|T1110.001,journald,34346,0,1,0,0,0,1,0,0,0,1,0,21,7,6,0,10,0,0,55,6,18,6,1,8,ml_candidate,rule is not deterministic enough
wazuh-1788718081.1609297,2026-09-06T18:08:01.042000Z,lab-sensor-01,5710,5,authentication_failed|invalid_login|sshd|syslog,sshd,T1021.004|T1110.001,journald,34352,0,1,0,0,0,1,0,0,0,1,0,22,8,6,0,11,0,0,56,6,18,6,1,9,ml_candidate,rule is not deterministic enough
wazuh-1788718149.1612061,2026-09-06T18:09:09.200000Z,lab-sensor-01,5710,5,authentication_failed|invalid_login|sshd|syslog,sshd,T1021.004|T1110.001,journald,53488,0,1,0,0,0,1,0,0,0,1,0,16,6,6,0,12,0,0,54,6,18,6,1,7,ml_candidate,rule is not deterministic enough
wazuh-1788718151.1612610,2026-09-06T18:09:11.204000Z,lab-sensor-01,5710,5,authentication_failed|invalid_login|sshd|syslog,sshd,T1021.004|T1110.001,journald,53504,0,1,0,0,0,1,0,0,0,1,0,17,7,6,0,13,0,0,55,6,18,6,1,8,ml_candidate,rule is not deterministic enough
wazuh-1788718155.1613159,2026-09-06T18:09:15.234000Z,lab-sensor-01,5710,5,authentication_failed|invalid_login|sshd|syslog,sshd,T1021.004|T1110.001,journald,57676,0,1,0,0,0,1,0,0,0,1,0,18,8,6,0,14,0,0,56,6,18,6,1,9,ml_candidate,rule is not deterministic enough
wazuh-1788718238.1615923,2026-09-06T18:10:38.892000Z,lab-sensor-01,31104,6,accesslog|attack|web,web-accesslog,T1055|T1083|T1190,/var/log/apache2/access.log,0,0,1,0,0,0,1,0,0,0,0,0,14,0,6,0,14,0,0,51,6,18,6,1,1,ml_candidate,rule is not deterministic enough
wazuh-1788718268.1617753,2026-09-06T18:11:08.931000Z,lab-sensor-01,31104,6,accesslog|attack|web,web-accesslog,T1055|T1083|T1190,/var/log/apache2/access.log,0,0,1,0,0,0,1,0,0,0,0,0,16,1,6,0,12,0,0,53,6,18,6,1,2,ml_candidate,rule is not deterministic enough
wazuh-1788718302.1621230,2026-09-06T18:11:42.621000Z,film-laptop,86601,3,ids|suricata,json,none,/var/log/suricata/eve.json,43026,80,1,0,0,0,1,0,0,0,0,0,1,0,3,0,0,0,0,0,4,18,6,1,1,ml_candidate,rule is not deterministic enough
wazuh-1788718302.1623745,2026-09-06T18:11:42.629000Z,film-laptop,86601,3,ids|suricata,json,none,/var/log/suricata/eve.json,43196,80,1,0,0,0,1,0,0,0,0,0,2,1,4,0,0,0,0,0,4,18,6,1,2,ml_candidate,rule is not deterministic enough
wazuh-1788718302.1626280,2026-09-06T18:11:42.633000Z,film-laptop,86601,3,ids|suricata,json,none,/var/log/suricata/eve.json,41278,80,1,0,0,0,1,0,0,0,0,0,3,2,4,0,0,0,0,0,4,18,6,1,3,ml_candidate,rule is not deterministic enough
wazuh-1788718302.1628861,2026-09-06T18:11:42.643000Z,film-laptop,86601,3,ids|suricata,json,none,/var/log/suricata/eve.json,43026,80,1,0,0,0,1,0,0,0,0,0,4,3,4,0,0,0,0,0,4,18,6,1,4,ml_candidate,rule is not deterministic enough
wazuh-1788718302.1631394,2026-09-06T18:11:42.647000Z,film-laptop,5402,3,sudo|syslog,sudo,T1548.003,journald,0,0,0,0,0,0,0,0,0,0,0,1,5,0,4,0,0,0,0,0,4,18,6,1,1,ml_candidate,rule is not deterministic enough
wazuh-1788718302.1631937,2026-09-06T18:11:42.649000Z,film-laptop,5501,3,authentication_success|pam|syslog,pam,T1078,journald,0,0,0,0,0,0,0,0,0,0,1,0,6,0,5,0,0,0,1,1,4,18,6,1,1,ml_candidate,rule is not deterministic enough
wazuh-1788718304.1632410,2026-09-06T18:11:44.300000Z,film-laptop,86601,3,ids|suricata,json,none,/var/log/suricata/eve.json,41278,80,1,0,0,0,1,0,0,0,0,0,7,4,6,0,1,0,1,2,4,18,6,1,5,ml_candidate,rule is not deterministic enough
wazuh-1788718304.1635013,2026-09-06T18:11:44.300000Z,film-laptop,86601,3,ids|suricata,json,none,/var/log/suricata/eve.json,43026,80,1,0,0,0,1,0,0,0,0,0,8,5,6,0,1,0,1,2,4,18,6,1,6,ml_candidate,rule is not deterministic enough
wazuh-1788718362.1639736,2026-09-06T18:12:42.411000Z,film-laptop,86601,3,ids|suricata,json,none,/var/log/suricata/eve.json,46224,80,1,0,0,0,1,0,0,0,0,0,9,6,6,0,2,0,1,2,4,18,6,1,7,ml_candidate,rule is not deterministic enough
wazuh-1788718362.1642311,2026-09-06T18:12:42.415000Z,film-laptop,86601,3,ids|suricata,json,none,/var/log/suricata/eve.json,45052,80,1,0,0,0,1,0,0,0,0,0,10,7,6,0,2,0,1,2,4,18,6,1,8,ml_candidate,rule is not deterministic enough
wazuh-1788718362.1644824,2026-09-06T18:12:42.419000Z,film-laptop,86601,3,ids|suricata,json,none,/var/log/suricata/eve.json,42028,80,1,0,0,0,1,0,0,0,0,0,11,8,6,0,2,0,1,2,4,18,6,1,9,ml_candidate,rule is not deterministic enough
wazuh-1788718362.1649888,2026-09-06T18:12:42.433000Z,film-laptop,5402,3,sudo|syslog,sudo,T1548.003,journald,0,0,0,0,0,0,0,0,0,0,0,1,13,1,6,0,2,0,1,2,4,18,6,1,2,ml_candidate,rule is not deterministic enough
wazuh-1788718362.1650431,2026-09-06T18:12:42.435000Z,film-laptop,5501,3,authentication_success|pam|syslog,pam,T1078,journald,0,0,0,0,0,0,0,0,0,0,1,0,14,1,6,0,2,0,2,3,4,18,6,1,2,ml_candidate,rule is not deterministic enough
wazuh-1788718403.1657779,2026-09-06T18:13:23.969000Z,film-laptop,591,3,ossec,ossec,none,logcollector,0,0,0,0,0,0,0,0,0,0,0,0,18,0,6,0,4,0,2,4,4,18,6,1,1,ml_candidate,rule is not deterministic enough
wazuh-1788718405.1658595,2026-09-06T18:13:25.162000Z,lab-sensor-01,31104,6,accesslog|attack|web,web-accesslog,T1055|T1083|T1190,/var/log/apache2/access.log,0,0,1,0,0,0,1,0,0,0,0,0,10,2,6,0,12,0,0,57,6,18,6,1,3,ml_candidate,rule is not deterministic enough
wazuh-1788718621.1666184,2026-09-06T18:17:01.576000Z,lab-sensor-01,31104,6,accesslog|attack|web,web-accesslog,T1055|T1083|T1190,/var/log/apache2/access.log,0,0,1,0,0,0,1,0,0,0,0,0,2,1,6,0,9,0,0,51,6,18,6,1,2,ml_candidate,rule is not deterministic enough
wazuh-1788718672.1668014,2026-09-06T18:17:52.321000Z,lab-sensor-01,5710,5,authentication_failed|invalid_login|sshd|syslog,sshd,T1021.004|T1110.001,journald,45666,0,1,0,0,0,1,0,0,0,1,0,4,0,3,0,9,0,0,52,6,18,6,1,1,ml_candidate,rule is not deterministic enough
wazuh-1788718676.1669006,2026-09-06T18:17:56.344000Z,lab-sensor-01,5710,5,authentication_failed|invalid_login|sshd|syslog,sshd,T1021.004|T1110.001,journald,48482,0,1,0,0,0,1,0,0,0,1,0,5,1,3,0,9,0,0,53,6,18,6,1,2,ml_candidate,rule is not deterministic enough
wazuh-1788718678.1669555,2026-09-06T18:17:58.346000Z,lab-sensor-01,5710,5,authentication_failed|invalid_login|sshd|syslog,sshd,T1021.004|T1110.001,journald,48496,0,1,0,0,0,1,0,0,0,1,0,6,2,3,0,10,0,0,54,6,18,6,1,3,ml_candidate,rule is not deterministic enough
wazuh-1788718724.1670990,2026-09-06T18:18:44.002000Z,film-laptop,591,3,ossec,ossec,none,logcollector,0,0,0,0,0,0,0,0,0,0,0,0,0,0,5,0,4,0,2,4,3,18,6,1,1,ml_candidate,rule is not deterministic enough
wazuh-1788718743.1672249,2026-09-06T18:19:03.745000Z,lab-sensor-01,31101,5,accesslog|attack|web,web-accesslog,none,/var/log/apache2/access.log,0,0,1,0,0,0,1,0,0,0,0,0,5,0,3,0,9,0,0,54,6,18,6,1,1,ml_candidate,rule is not deterministic enough
wazuh-1788718745.1672691,2026-09-06T18:19:05.766000Z,lab-sensor-01,31101,5,accesslog|attack|web,web-accesslog,none,/var/log/apache2/access.log,0,0,1,0,0,0,1,0,0,0,0,0,6,1,4,0,9,0,0,54,6,18,6,1,2,ml_candidate,rule is not deterministic enough
wazuh-1788718747.1673133,2026-09-06T18:19:07.767000Z,lab-sensor-01,31101,5,accesslog|attack|web,web-accesslog,none,/var/log/apache2/access.log,0,0,1,0,0,0,1,0,0,0,0,0,7,2,4,0,9,0,0,54,6,18,6,1,3,ml_candidate,rule is not deterministic enough
wazuh-1788718749.1673581,2026-09-06T18:19:09.769000Z,lab-sensor-01,30305,5,access_denied|apache|web,apache-errorlog,none,/var/log/apache2/error.log,47022,0,1,0,0,0,1,0,0,0,0,0,8,0,4,0,8,0,0,54,6,18,6,1,1,ml_candidate,rule is not deterministic enough
wazuh-1788718749.1674181,2026-09-06T18:19:09.769000Z,lab-sensor-01,31516,6,appsec|attack|web,web-accesslog,T1055,/var/log/apache2/access.log,0,0,1,0,0,0,1,0,0,0,0,0,9,0,5,0,8,0,0,54,6,18,6,1,1,ml_candidate,rule is not deterministic enough
wazuh-1788718763.1675067,2026-09-06T18:19:23.802000Z,lab-sensor-01,31101,5,accesslog|attack|web,web-accesslog,none,/var/log/apache2/access.log,0,0,1,0,0,0,1,0,0,0,0,0,10,3,6,0,6,0,0,55,6,18,6,1,4,ml_candidate,rule is not deterministic enough
wazuh-1788718765.1675509,2026-09-06T18:19:25.812000Z,lab-sensor-01,31101,5,accesslog|attack|web,web-accesslog,none,/var/log/apache2/access.log,0,0,1,0,0,0,1,0,0,0,0,0,11,4,6,0,6,0,0,55,6,18,6,1,5,ml_candidate,rule is not deterministic enough
wazuh-1788718767.1675951,2026-09-06T18:19:27.817000Z,lab-sensor-01,31101,5,accesslog|attack|web,web-accesslog,none,/var/log/apache2/access.log,0,0,1,0,0,0,1,0,0,0,0,0,12,5,6,0,6,0,0,55,6,18,6,1,6,ml_candidate,rule is not deterministic enough
wazuh-1788718769.1676399,2026-09-06T18:19:29.823000Z,lab-sensor-01,30305,5,access_denied|apache|web,apache-errorlog,none,/var/log/apache2/error.log,44744,0,1,0,0,0,1,0,0,0,0,0,13,1,6,0,6,0,0,55,6,18,6,1,2,ml_candidate,rule is not deterministic enough
wazuh-1788718769.1676999,2026-09-06T18:19:29.823000Z,lab-sensor-01,31516,6,appsec|attack|web,web-accesslog,T1055,/var/log/apache2/access.log,0,0,1,0,0,0,1,0,0,0,0,0,14,1,6,0,6,0,0,55,6,18,6,1,2,ml_candidate,rule is not deterministic enough
wazuh-1788718794.1678328,2026-09-06T18:19:54.694000Z,lab-sensor-01,5710,5,authentication_failed|invalid_login|sshd|syslog,sshd,T1021.004|T1110.001,journald,49072,0,1,0,0,0,1,0,0,0,1,0,15,3,6,0,6,0,0,56,6,18,6,1,4,ml_candidate,rule is not deterministic enough
wazuh-1788718796.1678877,2026-09-06T18:19:56.698000Z,lab-sensor-01,5710,5,authentication_failed|invalid_login|sshd|syslog,sshd,T1021.004|T1110.001,journald,47664,0,1,0,0,0,1,0,0,0,1,0,16,4,6,0,7,0,0,57,6,18,6,1,5,ml_candidate,rule is not deterministic enough
wazuh-1788718800.1679426,2026-09-06T18:20:00.737000Z,lab-sensor-01,5710,5,authentication_failed|invalid_login|sshd|syslog,sshd,T1021.004|T1110.001,journald,47678,0,1,0,0,0,1,0,0,0,1,0,17,5,6,0,8,0,0,58,6,18,6,1,6,ml_candidate,rule is not deterministic enough
wazuh-1788718856.1681304,2026-09-06T18:20:56.056000Z,lab-sensor-01,31104,6,accesslog|attack|web,web-accesslog,T1055|T1083|T1190,/var/log/apache2/access.log,0,0,1,0,0,0,1,0,0,0,0,0,18,1,6,0,9,0,0,59,6,18,6,1,2,ml_candidate,rule is not deterministic enough
wazuh-1788718904.1684020,2026-09-06T18:21:44.938000Z,lab-sensor-01,5710,5,authentication_failed|invalid_login|sshd|syslog,sshd,T1021.004|T1110.001,journald,60426,0,1,0,0,0,1,0,0,0,1,0,20,6,6,0,6,0,0,58,6,18,6,1,7,ml_candidate,rule is not deterministic enough
wazuh-1788718908.1684569,2026-09-06T18:21:48.947000Z,lab-sensor-01,5710,5,authentication_failed|invalid_login|sshd|syslog,sshd,T1021.004|T1110.001,journald,44656,0,1,0,0,0,1,0,0,0,1,0,21,7,6,0,7,0,0,59,6,18,6,1,8,ml_candidate,rule is not deterministic enough
wazuh-1788718910.1685118,2026-09-06T18:21:50.949000Z,lab-sensor-01,5710,5,authentication_failed|invalid_login|sshd|syslog,sshd,T1021.004|T1110.001,journald,44666,0,1,0,0,0,1,0,0,0,1,0,22,8,6,0,8,0,0,60,6,18,6,1,9,ml_candidate,rule is not deterministic enough
wazuh-1788718977.1687439,2026-09-06T18:22:57.102000Z,lab-sensor-01,31104,6,accesslog|attack|web,web-accesslog,T1055|T1083|T1190,/var/log/apache2/access.log,0,0,1,0,0,0,1,0,0,0,0,0,19,1,6,0,9,0,0,60,6,18,6,1,2,ml_candidate,rule is not deterministic enough
wazuh-1788718998.1689269,2026-09-06T18:23:18.309000Z,lab-sensor-01,31104,6,accesslog|attack|web,web-accesslog,T1055|T1083|T1190,/var/log/apache2/access.log,0,0,1,0,0,0,1,0,0,0,0,0,20,2,6,0,9,0,0,61,6,18,6,1,3,ml_candidate,rule is not deterministic enough
wazuh-1788719044.1691099,2026-09-06T18:24:04.034000Z,film-laptop,591,3,ossec,ossec,none,logcollector,0,0,0,0,0,0,0,0,0,0,0,0,0,0,1,0,0,0,2,4,3,18,6,1,1,ml_candidate,rule is not deterministic enough
wazuh-1788719060.1691915,2026-09-06T18:24:20.422000Z,lab-sensor-01,31104,6,accesslog|attack|web,web-accesslog,T1055|T1083|T1190,/var/log/apache2/access.log,0,0,1,0,0,0,1,0,0,0,0,0,17,3,6,0,9,0,0,61,6,18,6,1,4,ml_candidate,rule is not deterministic enough
wazuh-1788719097.1694188,2026-09-06T18:24:57.269000Z,lab-sensor-01,5710,5,authentication_failed|invalid_login|sshd|syslog,sshd,T1021.004|T1110.001,journald,41384,0,1,0,0,0,1,0,0,0,1,0,12,4,6,0,9,0,0,63,6,18,6,1,5,ml_candidate,rule is not deterministic enough
wazuh-1788719099.1694737,2026-09-06T18:24:59.270000Z,lab-sensor-01,5710,5,authentication_failed|invalid_login|sshd|syslog,sshd,T1021.004|T1110.001,journald,41386,0,1,0,0,0,1,0,0,0,1,0,13,5,6,0,10,0,0,64,6,18,6,1,6,ml_candidate,rule is not deterministic enough
wazuh-1788719103.1695286,2026-09-06T18:25:03.301000Z,lab-sensor-01,5710,5,authentication_failed|invalid_login|sshd|syslog,sshd,T1021.004|T1110.001,journald,41392,0,1,0,0,0,1,0,0,0,1,0,13,5,6,0,11,0,0,65,6,18,6,1,6,ml_candidate,rule is not deterministic enough
wazuh-1788719118.1696278,2026-09-06T18:25:18.550000Z,lab-sensor-01,31101,5,accesslog|attack|web,web-accesslog,none,/var/log/apache2/access.log,0,0,1,0,0,0,1,0,0,0,0,0,14,0,6,0,12,0,0,66,6,18,6,1,1,ml_candidate,rule is not deterministic enough
wazuh-1788719120.1696720,2026-09-06T18:25:20.554000Z,lab-sensor-01,31101,5,accesslog|attack|web,web-accesslog,none,/var/log/apache2/access.log,0,0,1,0,0,0,1,0,0,0,0,0,15,1,6,0,12,0,0,66,6,18,6,1,2,ml_candidate,rule is not deterministic enough
wazuh-1788719122.1697162,2026-09-06T18:25:22.556000Z,lab-sensor-01,31101,5,accesslog|attack|web,web-accesslog,none,/var/log/apache2/access.log,0,0,1,0,0,0,1,0,0,0,0,0,16,2,6,0,12,0,0,66,6,18,6,1,3,ml_candidate,rule is not deterministic enough
wazuh-1788719124.1697610,2026-09-06T18:25:24.561000Z,lab-sensor-01,30305,5,access_denied|apache|web,apache-errorlog,none,/var/log/apache2/error.log,34974,0,1,0,0,0,1,0,0,0,0,0,17,0,6,0,12,0,0,66,6,18,6,1,1,ml_candidate,rule is not deterministic enough
wazuh-1788719124.1698210,2026-09-06T18:25:24.561000Z,lab-sensor-01,31516,6,appsec|attack|web,web-accesslog,T1055,/var/log/apache2/access.log,0,0,1,0,0,0,1,0,0,0,0,0,18,0,6,0,12,0,0,66,6,18,6,1,1,ml_candidate,rule is not deterministic enough
wazuh-1788719141.1699096,2026-09-06T18:25:41.360000Z,lab-sensor-01,31101,5,accesslog|attack|web,web-accesslog,none,/var/log/apache2/access.log,0,0,1,0,0,0,1,0,0,0,0,0,19,3,6,0,12,0,0,67,6,18,6,1,4,ml_candidate,rule is not deterministic enough
wazuh-1788719143.1699538,2026-09-06T18:25:43.373000Z,lab-sensor-01,31101,5,accesslog|attack|web,web-accesslog,none,/var/log/apache2/access.log,0,0,1,0,0,0,1,0,0,0,0,0,20,4,6,0,12,0,0,67,6,18,6,1,5,ml_candidate,rule is not deterministic enough
wazuh-1788719145.1699980,2026-09-06T18:25:45.375000Z,lab-sensor-01,31101,5,accesslog|attack|web,web-accesslog,none,/var/log/apache2/access.log,0,0,1,0,0,0,1,0,0,0,0,0,21,5,6,0,12,0,0,67,6,18,6,1,6,ml_candidate,rule is not deterministic enough
wazuh-1788719147.1700428,2026-09-06T18:25:47.378000Z,lab-sensor-01,30305,5,access_denied|apache|web,apache-errorlog,none,/var/log/apache2/error.log,60348,0,1,0,0,0,1,0,0,0,0,0,22,1,6,0,12,0,0,67,6,18,6,1,2,ml_candidate,rule is not deterministic enough
wazuh-1788719147.1701028,2026-09-06T18:25:47.419000Z,lab-sensor-01,31516,6,appsec|attack|web,web-accesslog,T1055,/var/log/apache2/access.log,0,0,1,0,0,0,1,0,0,0,0,0,23,1,6,0,12,0,0,67,6,18,6,1,2,ml_candidate,rule is not deterministic enough
wazuh-1788719191.1702357,2026-09-06T18:26:31.443000Z,lab-sensor-01,5710,5,authentication_failed|invalid_login|sshd|syslog,sshd,T1021.004|T1110.001,journald,56036,0,1,0,0,0,1,0,0,0,1,0,22,6,6,0,12,0,0,65,6,18,6,1,7,ml_candidate,rule is not deterministic enough
wazuh-1788719193.1703349,2026-09-06T18:26:33.446000Z,lab-sensor-01,5710,5,authentication_failed|invalid_login|sshd|syslog,sshd,T1021.004|T1110.001,journald,56042,0,1,0,0,0,1,0,0,0,1,0,23,7,6,0,13,0,0,66,6,18,6,1,8,ml_candidate,rule is not deterministic enough
wazuh-1788719197.1703898,2026-09-06T18:26:37.453000Z,lab-sensor-01,5710,5,authentication_failed|invalid_login|sshd|syslog,sshd,T1021.004|T1110.001,journald,46886,0,1,0,0,0,1,0,0,0,1,0,24,8,6,0,14,0,0,67,6,18,6,1,9,ml_candidate,rule is not deterministic enough
wazuh-1788719243.1705333,2026-09-06T18:27:23.552000Z,lab-sensor-01,5710,5,authentication_failed|invalid_login|sshd|syslog,sshd,T1021.004|T1110.001,journald,41432,0,1,0,0,0,1,0,0,0,1,0,22,6,6,0,15,0,0,65,6,18,6,1,7,ml_candidate,rule is not deterministic enough
wazuh-1788719247.1706325,2026-09-06T18:27:27.559000Z,lab-sensor-01,5710,5,authentication_failed|invalid_login|sshd|syslog,sshd,T1021.004|T1110.001,journald,46226,0,1,0,0,0,1,0,0,0,1,0,23,7,6,0,16,0,0,66,6,18,6,1,8,ml_candidate,rule is not deterministic enough
wazuh-1788719251.1706874,2026-09-06T18:27:31.567000Z,lab-sensor-01,5710,5,authentication_failed|invalid_login|sshd|syslog,sshd,T1021.004|T1110.001,journald,46232,0,1,0,0,0,1,0,0,0,1,0,24,8,6,0,17,0,0,66,6,18,6,1,9,ml_candidate,rule is not deterministic enough
wazuh-1788719267.1707866,2026-09-06T18:27:47.623000Z,lab-sensor-01,31101,5,accesslog|attack|web,web-accesslog,none,/var/log/apache2/access.log,0,0,1,0,0,0,1,0,0,0,0,0,25,6,6,0,18,0,0,66,6,18,6,1,7,ml_candidate,rule is not deterministic enough
wazuh-1788719269.1708308,2026-09-06T18:27:49.624000Z,lab-sensor-01,31101,5,accesslog|attack|web,web-accesslog,none,/var/log/apache2/access.log,0,0,1,0,0,0,1,0,0,0,0,0,26,7,6,0,18,0,0,66,6,18,6,1,8,ml_candidate,rule is not deterministic enough
wazuh-1788719271.1708750,2026-09-06T18:27:51.627000Z,lab-sensor-01,31101,5,accesslog|attack|web,web-accesslog,none,/var/log/apache2/access.log,0,0,1,0,0,0,1,0,0,0,0,0,27,8,6,0,18,0,0,66,6,18,6,1,9,ml_candidate,rule is not deterministic enough
wazuh-1788719273.1709198,2026-09-06T18:27:53.632000Z,lab-sensor-01,30305,5,access_denied|apache|web,apache-errorlog,none,/var/log/apache2/error.log,38386,0,1,0,0,0,1,0,0,0,0,0,28,2,6,0,17,0,0,66,6,18,6,1,3,ml_candidate,rule is not deterministic enough
wazuh-1788719273.1709798,2026-09-06T18:27:53.632000Z,lab-sensor-01,31516,6,appsec|attack|web,web-accesslog,T1055,/var/log/apache2/access.log,0,0,1,0,0,0,1,0,0,0,0,0,29,2,6,0,17,0,0,66,6,18,6,1,3,ml_candidate,rule is not deterministic enough
wazuh-1788719409.1719196,2026-09-06T18:30:09.175000Z,lab-sensor-01,30305,5,access_denied|apache|web,apache-errorlog,none,/var/log/apache2/error.log,60792,0,1,0,0,0,1,0,0,0,0,0,30,3,7,1,18,0,0,72,10,18,6,1,4,ml_candidate,rule is not deterministic enough
wazuh-1788719409.1719796,2026-09-06T18:30:09.215000Z,lab-sensor-01,31516,6,appsec|attack|web,web-accesslog,T1055,/var/log/apache2/access.log,0,0,1,0,0,0,1,0,0,0,0,0,31,3,7,1,18,0,0,72,10,18,6,1,4,ml_candidate,rule is not deterministic enough
wazuh-1788719423.1720682,2026-09-06T18:30:23.233000Z,lab-sensor-01,31104,6,accesslog|attack|web,web-accesslog,T1055|T1083|T1190,/var/log/apache2/access.log,0,0,1,0,0,0,1,0,0,0,0,0,29,0,7,1,18,0,0,73,10,18,6,1,1,ml_candidate,rule is not deterministic enough
wazuh-1788719428.1721626,2026-09-06T18:30:28.075000Z,film-laptop,591,3,ossec,ossec,none,logcollector,0,0,0,0,0,0,0,0,0,0,0,0,0,0,1,0,0,0,2,4,3,18,6,1,1,ml_candidate,rule is not deterministic enough
wazuh-1788719442.1721999,2026-09-06T18:30:42.048000Z,lab-sensor-01,31104,6,accesslog|attack|web,web-accesslog,T1055|T1083|T1190,/var/log/apache2/access.log,0,0,1,0,0,0,1,0,0,0,0,0,28,1,7,1,18,0,0,73,10,18,6,1,2,ml_candidate,rule is not deterministic enough
wazuh-1788719499.1726362,2026-09-06T18:31:39.430000Z,lab-sensor-01,31104,6,accesslog|attack|web,web-accesslog,T1055|T1083|T1190,/var/log/apache2/access.log,0,0,1,0,0,0,1,0,0,0,0,0,26,2,7,1,21,0,0,76,10,18,6,1,3,ml_candidate,rule is not deterministic enough
wazuh-1788719562.1729078,2026-09-06T18:32:42.220000Z,lab-sensor-01,5710,5,authentication_failed|invalid_login|sshd|syslog,sshd,T1021.004|T1110.001,journald,41184,0,1,0,0,0,1,0,0,0,1,0,25,8,7,1,18,0,0,76,10,18,6,1,9,ml_candidate,rule is not deterministic enough
wazuh-1788719579.1730725,2026-09-06T18:32:59.595000Z,lab-sensor-01,31104,6,accesslog|attack|web,web-accesslog,T1055|T1083|T1190,/var/log/apache2/access.log,0,0,1,0,0,0,1,0,0,0,0,0,23,3,7,1,21,0,0,79,10,18,6,1,4,ml_candidate,rule is not deterministic enough
wazuh-1788719638.1733441,2026-09-06T18:33:58.401000Z,lab-sensor-01,31104,6,accesslog|attack|web,web-accesslog,T1055|T1083|T1190,/var/log/apache2/access.log,0,0,1,0,0,0,1,0,0,0,0,0,22,4,7,1,21,0,0,74,10,18,6,1,5,ml_candidate,rule is not deterministic enough
wazuh-1788719659.1734828,2026-09-06T18:34:19.678000Z,lab-sensor-01,31101,5,accesslog|attack|web,web-accesslog,none,/var/log/apache2/access.log,0,0,1,0,0,0,1,0,0,0,0,0,24,3,7,1,21,0,0,76,10,18,6,1,4,ml_candidate,rule is not deterministic enough
wazuh-1788719661.1735270,2026-09-06T18:34:21.681000Z,lab-sensor-01,31101,5,accesslog|attack|web,web-accesslog,none,/var/log/apache2/access.log,0,0,1,0,0,0,1,0,0,0,0,0,24,4,7,1,21,0,0,76,10,18,6,1,5,ml_candidate,rule is not deterministic enough
wazuh-1788719663.1735712,2026-09-06T18:34:23.684000Z,lab-sensor-01,31101,5,accesslog|attack|web,web-accesslog,none,/var/log/apache2/access.log,0,0,1,0,0,0,1,0,0,0,0,0,25,5,7,1,21,0,0,76,10,18,6,1,6,ml_candidate,rule is not deterministic enough
wazuh-1788719665.1736160,2026-09-06T18:34:25.694000Z,lab-sensor-01,30305,5,access_denied|apache|web,apache-errorlog,none,/var/log/apache2/error.log,59430,0,1,0,0,0,1,0,0,0,0,0,25,1,7,1,21,0,0,76,10,18,6,1,2,ml_candidate,rule is not deterministic enough
wazuh-1788719665.1736760,2026-09-06T18:34:25.694000Z,lab-sensor-01,31516,6,appsec|attack|web,web-accesslog,T1055,/var/log/apache2/access.log,0,0,1,0,0,0,1,0,0,0,0,0,26,1,7,1,21,0,0,76,10,18,6,1,2,ml_candidate,rule is not deterministic enough
wazuh-1788719711.1738975,2026-09-06T18:35:11.879000Z,lab-sensor-01,31104,6,accesslog|attack|web,web-accesslog,T1055|T1083|T1190,/var/log/apache2/access.log,0,0,1,0,0,0,1,0,0,0,0,0,21,5,7,1,18,0,0,77,10,18,6,1,6,ml_candidate,rule is not deterministic enough
wazuh-1788719748.1740362,2026-09-06T18:35:48.110000Z,film-laptop,591,3,ossec,ossec,none,logcollector,0,0,0,0,0,0,0,0,0,0,0,0,0,0,1,0,0,0,2,4,3,18,6,1,1,ml_candidate,rule is not deterministic enough
wazuh-1788719751.1740735,2026-09-06T18:35:51.959000Z,lab-sensor-01,31104,6,accesslog|attack|web,web-accesslog,T1055|T1083|T1190,/var/log/apache2/access.log,0,0,1,0,0,0,1,0,0,0,0,0,19,4,7,1,18,0,0,78,10,18,6,1,5,ml_candidate,rule is not deterministic enough
wazuh-1788719820.1743451,2026-09-06T18:37:00.126000Z,lab-sensor-01,31104,6,accesslog|attack|web,web-accesslog,T1055|T1083|T1190,/var/log/apache2/access.log,0,0,1,0,0,0,1,0,0,0,0,0,16,4,7,1,15,0,0,77,10,18,6,1,5,ml_candidate,rule is not deterministic enough
wazuh-1788719920.1747496,2026-09-06T18:38:40.252000Z,lab-sensor-01,31104,6,accesslog|attack|web,web-accesslog,T1055|T1083|T1190,/var/log/apache2/access.log,0,0,1,0,0,0,1,0,0,0,0,0,13,4,7,1,12,0,0,75,10,18,6,1,5,ml_candidate,rule is not deterministic enough
wazuh-1788719974.1749769,2026-09-06T18:39:34.410000Z,lab-sensor-01,31104,6,accesslog|attack|web,web-accesslog,T1055|T1083|T1190,/var/log/apache2/access.log,0,0,1,0,0,0,1,0,0,0,0,0,8,4,6,0,6,0,0,74,6,18,6,1,5,ml_candidate,rule is not deterministic enough
wazuh-1788719996.1751599,2026-09-06T18:39:56.431000Z,lab-sensor-01,31101,5,accesslog|attack|web,web-accesslog,none,/var/log/apache2/access.log,0,0,1,0,0,0,1,0,0,0,0,0,10,0,6,0,6,0,0,76,6,18,6,1,1,ml_candidate,rule is not deterministic enough
wazuh-1788719998.1752041,2026-09-06T18:39:58.448000Z,lab-sensor-01,31101,5,accesslog|attack|web,web-accesslog,none,/var/log/apache2/access.log,0,0,1,0,0,0,1,0,0,0,0,0,11,1,6,0,6,0,0,76,6,18,6,1,2,ml_candidate,rule is not deterministic enough
wazuh-1788720000.1752483,2026-09-06T18:40:00.450000Z,lab-sensor-01,31101,5,accesslog|attack|web,web-accesslog,none,/var/log/apache2/access.log,0,0,1,0,0,0,1,0,0,0,0,0,12,2,6,0,6,0,0,76,6,18,6,1,3,ml_candidate,rule is not deterministic enough
wazuh-1788720002.1752931,2026-09-06T18:40:02.452000Z,lab-sensor-01,30305,5,access_denied|apache|web,apache-errorlog,none,/var/log/apache2/error.log,56394,0,1,0,0,0,1,0,0,0,0,0,13,0,6,0,6,0,0,76,6,18,6,1,1,ml_candidate,rule is not deterministic enough
wazuh-1788720002.1753531,2026-09-06T18:40:02.452000Z,lab-sensor-01,31516,6,appsec|attack|web,web-accesslog,T1055,/var/log/apache2/access.log,0,0,1,0,0,0,1,0,0,0,0,0,14,0,6,0,6,0,0,76,6,18,6,1,1,ml_candidate,rule is not deterministic enough
wazuh-1788720045.1755303,2026-09-06T18:40:45.086000Z,lab-sensor-01,31101,5,accesslog|attack|web,web-accesslog,none,/var/log/apache2/access.log,0,0,1,0,0,0,1,0,0,0,0,0,13,3,6,0,6,0,0,75,6,18,6,1,4,ml_candidate,rule is not deterministic enough
wazuh-1788720047.1755745,2026-09-06T18:40:47.086000Z,lab-sensor-01,31101,5,accesslog|attack|web,web-accesslog,none,/var/log/apache2/access.log,0,0,1,0,0,0,1,0,0,0,0,0,14,4,6,0,6,0,0,75,6,18,6,1,5,ml_candidate,rule is not deterministic enough
wazuh-1788720049.1756187,2026-09-06T18:40:49.091000Z,lab-sensor-01,31101,5,accesslog|attack|web,web-accesslog,none,/var/log/apache2/access.log,0,0,1,0,0,0,1,0,0,0,0,0,15,5,6,0,6,0,0,75,6,18,6,1,6,ml_candidate,rule is not deterministic enough
wazuh-1788720051.1756635,2026-09-06T18:40:51.092000Z,lab-sensor-01,30305,5,access_denied|apache|web,apache-errorlog,none,/var/log/apache2/error.log,47812,0,1,0,0,0,1,0,0,0,0,0,16,1,6,0,6,0,0,75,6,18,6,1,2,ml_candidate,rule is not deterministic enough
wazuh-1788720051.1757235,2026-09-06T18:40:51.093000Z,lab-sensor-01,31516,6,appsec|attack|web,web-accesslog,T1055,/var/log/apache2/access.log,0,0,1,0,0,0,1,0,0,0,0,0,17,1,6,0,6,0,0,75,6,18,6,1,2,ml_candidate,rule is not deterministic enough
wazuh-1788720067.1758121,2026-09-06T18:41:07.138000Z,lab-sensor-01,31101,5,accesslog|attack|web,web-accesslog,none,/var/log/apache2/access.log,0,0,1,0,0,0,1,0,0,0,0,0,16,6,6,0,6,0,0,76,6,18,6,1,7,ml_candidate,rule is not deterministic enough
wazuh-1788720069.1758563,2026-09-06T18:41:09.141000Z,lab-sensor-01,31101,5,accesslog|attack|web,web-accesslog,none,/var/log/apache2/access.log,0,0,1,0,0,0,1,0,0,0,0,0,17,7,6,0,6,0,0,75,6,18,6,1,8,ml_candidate,rule is not deterministic enough
wazuh-1788720071.1759005,2026-09-06T18:41:11.144000Z,lab-sensor-01,31101,5,accesslog|attack|web,web-accesslog,none,/var/log/apache2/access.log,0,0,1,0,0,0,1,0,0,0,0,0,18,8,6,0,6,0,0,75,6,18,6,1,9,ml_candidate,rule is not deterministic enough
wazuh-1788720073.1759453,2026-09-06T18:41:13.146000Z,lab-sensor-01,30305,5,access_denied|apache|web,apache-errorlog,none,/var/log/apache2/error.log,54332,0,1,0,0,0,1,0,0,0,0,0,19,2,6,0,6,0,0,74,6,18,6,1,3,ml_candidate,rule is not deterministic enough
wazuh-1788720073.1760053,2026-09-06T18:41:13.146000Z,lab-sensor-01,31516,6,appsec|attack|web,web-accesslog,T1055,/var/log/apache2/access.log,0,0,1,0,0,0,1,0,0,0,0,0,20,2,6,0,6,0,0,74,6,18,6,1,3,ml_candidate,rule is not deterministic enough
wazuh-1788720132.1761825,2026-09-06T18:42:12.149000Z,film-laptop,591,3,ossec,ossec,none,logcollector,0,0,0,0,0,0,0,0,0,0,0,0,0,0,1,0,0,0,1,2,3,18,6,1,1,ml_candidate,rule is not deterministic enough
wazuh-1788720157.1763527,2026-09-06T18:42:37.333000Z,lab-sensor-01,5710,5,authentication_failed|invalid_login|sshd|syslog,sshd,T1021.004|T1110.001,journald,49536,0,1,0,0,0,1,0,0,0,1,0,19,0,6,0,3,0,0,72,6,18,6,1,1,ml_candidate,rule is not deterministic enough
wazuh-1788720159.1764076,2026-09-06T18:42:39.337000Z,lab-sensor-01,5710,5,authentication_failed|invalid_login|sshd|syslog,sshd,T1021.004|T1110.001,journald,49542,0,1,0,0,0,1,0,0,0,1,0,20,1,6,0,4,0,0,73,6,18,6,1,2,ml_candidate,rule is not deterministic enough
wazuh-1788720163.1764625,2026-09-06T18:42:43.343000Z,lab-sensor-01,5710,5,authentication_failed|invalid_login|sshd|syslog,sshd,T1021.004|T1110.001,journald,49556,0,1,0,0,0,1,0,0,0,1,0,21,2,6,0,4,0,0,74,6,18,6,1,3,ml_candidate,rule is not deterministic enough
wazuh-1788720191.1766060,2026-09-06T18:43:11.389000Z,lab-sensor-01,5710,5,authentication_failed|invalid_login|sshd|syslog,sshd,T1021.004|T1110.001,journald,43628,0,1,0,0,0,1,0,0,0,1,0,22,3,6,0,3,0,0,75,6,18,6,1,4,ml_candidate,rule is not deterministic enough
wazuh-1788720193.1766609,2026-09-06T18:43:13.393000Z,lab-sensor-01,5710,5,authentication_failed|invalid_login|sshd|syslog,sshd,T1021.004|T1110.001,journald,43634,0,1,0,0,0,1,0,0,0,1,0,23,4,6,0,4,0,0,76,6,18,6,1,5,ml_candidate,rule is not deterministic enough
wazuh-1788720197.1767158,2026-09-06T18:43:17.404000Z,lab-sensor-01,5710,5,authentication_failed|invalid_login|sshd|syslog,sshd,T1021.004|T1110.001,journald,58686,0,1,0,0,0,1,0,0,0,1,0,24,5,6,0,5,0,0,77,6,18,6,1,6,ml_candidate,rule is not deterministic enough
wazuh-1788720222.1768150,2026-09-06T18:43:42.983000Z,lab-sensor-01,31104,6,accesslog|attack|web,web-accesslog,T1055|T1083|T1190,/var/log/apache2/access.log,0,0,1,0,0,0,1,0,0,0,0,0,24,1,6,0,6,0,0,76,6,18,6,1,2,ml_candidate,rule is not deterministic enough
wazuh-1788720243.1769537,2026-09-06T18:44:03.062000Z,lab-sensor-01,31104,6,accesslog|attack|web,web-accesslog,T1055|T1083|T1190,/var/log/apache2/access.log,0,0,1,0,0,0,1,0,0,0,0,0,25,2,6,0,6,0,0,78,6,18,6,1,3,ml_candidate,rule is not deterministic enough
wazuh-1788720397.1775797,2026-09-06T18:46:37.339000Z,lab-sensor-01,31101,5,accesslog|attack|web,web-accesslog,none,/var/log/apache2/access.log,0,0,1,0,0,0,1,0,0,0,0,0,10,0,6,0,6,0,0,80,6,18,6,1,1,ml_candidate,rule is not deterministic enough
wazuh-1788720399.1776239,2026-09-06T18:46:39.341000Z,lab-sensor-01,31101,5,accesslog|attack|web,web-accesslog,none,/var/log/apache2/access.log,0,0,1,0,0,0,1,0,0,0,0,0,11,1,6,0,6,0,0,80,6,18,6,1,2,ml_candidate,rule is not deterministic enough
wazuh-1788720401.1776681,2026-09-06T18:46:41.345000Z,lab-sensor-01,31101,5,accesslog|attack|web,web-accesslog,none,/var/log/apache2/access.log,0,0,1,0,0,0,1,0,0,0,0,0,12,2,6,0,6,0,0,80,6,18,6,1,3,ml_candidate,rule is not deterministic enough
wazuh-1788720403.1777129,2026-09-06T18:46:43.347000Z,lab-sensor-01,30305,5,access_denied|apache|web,apache-errorlog,none,/var/log/apache2/error.log,47716,0,1,0,0,0,1,0,0,0,0,0,13,0,6,0,6,0,0,80,6,18,6,1,1,ml_candidate,rule is not deterministic enough
wazuh-1788720403.1777729,2026-09-06T18:46:43.347000Z,lab-sensor-01,31516,6,appsec|attack|web,web-accesslog,T1055,/var/log/apache2/access.log,0,0,1,0,0,0,1,0,0,0,0,0,14,0,6,0,6,0,0,80,6,18,6,1,1,ml_candidate,rule is not deterministic enough
wazuh-1788720429.1779058,2026-09-06T18:47:09.403000Z,lab-sensor-01,31101,5,accesslog|attack|web,web-accesslog,none,/var/log/apache2/access.log,0,0,1,0,0,0,1,0,0,0,0,0,15,3,6,0,6,0,0,79,6,18,6,1,4,ml_candidate,rule is not deterministic enough
wazuh-1788720431.1779500,2026-09-06T18:47:11.406000Z,lab-sensor-01,31101,5,accesslog|attack|web,web-accesslog,none,/var/log/apache2/access.log,0,0,1,0,0,0,1,0,0,0,0,0,16,4,6,0,6,0,0,79,6,18,6,1,5,ml_candidate,rule is not deterministic enough
wazuh-1788720433.1779942,2026-09-06T18:47:13.410000Z,lab-sensor-01,31101,5,accesslog|attack|web,web-accesslog,none,/var/log/apache2/access.log,0,0,1,0,0,0,1,0,0,0,0,0,17,5,6,0,6,0,0,79,6,18,6,1,6,ml_candidate,rule is not deterministic enough
wazuh-1788720435.1780390,2026-09-06T18:47:15.413000Z,lab-sensor-01,30305,5,access_denied|apache|web,apache-errorlog,none,/var/log/apache2/error.log,33208,0,1,0,0,0,1,0,0,0,0,0,18,1,6,0,6,0,0,79,6,18,6,1,2,ml_candidate,rule is not deterministic enough
wazuh-1788720435.1780990,2026-09-06T18:47:15.414000Z,lab-sensor-01,31516,6,appsec|attack|web,web-accesslog,T1055,/var/log/apache2/access.log,0,0,1,0,0,0,1,0,0,0,0,0,19,1,6,0,6,0,0,79,6,18,6,1,2,ml_candidate,rule is not deterministic enough
wazuh-1788720452.1781876,2026-09-06T18:47:32.181000Z,film-laptop,591,3,ossec,ossec,none,logcollector,0,0,0,0,0,0,0,0,0,0,0,0,0,0,1,0,0,0,0,0,3,18,6,1,1,ml_candidate,rule is not deterministic enough
wazuh-1788720473.1783135,2026-09-06T18:47:53.585000Z,lab-sensor-01,31104,6,accesslog|attack|web,web-accesslog,T1055|T1083|T1190,/var/log/apache2/access.log,0,0,1,0,0,0,1,0,0,0,0,0,17,2,6,0,6,0,0,79,6,18,6,1,3,ml_candidate,rule is not deterministic enough
wazuh-1788720513.1784965,2026-09-06T18:48:33.606000Z,lab-sensor-01,31104,6,accesslog|attack|web,web-accesslog,T1055|T1083|T1190,/var/log/apache2/access.log,0,0,1,0,0,0,1,0,0,0,0,0,16,3,6,0,6,0,0,79,6,18,6,1,4,ml_candidate,rule is not deterministic enough
wazuh-1788720547.1787238,2026-09-06T18:49:07.688000Z,lab-sensor-01,31101,5,accesslog|attack|web,web-accesslog,none,/var/log/apache2/access.log,0,0,1,0,0,0,1,0,0,0,0,0,14,6,6,0,6,0,0,81,6,18,6,1,7,ml_candidate,rule is not deterministic enough
wazuh-1788720549.1787680,2026-09-06T18:49:09.689000Z,lab-sensor-01,31101,5,accesslog|attack|web,web-accesslog,none,/var/log/apache2/access.log,0,0,1,0,0,0,1,0,0,0,0,0,15,7,6,0,6,0,0,81,6,18,6,1,8,ml_candidate,rule is not deterministic enough
wazuh-1788720551.1788122,2026-09-06T18:49:11.694000Z,lab-sensor-01,31101,5,accesslog|attack|web,web-accesslog,none,/var/log/apache2/access.log,0,0,1,0,0,0,1,0,0,0,0,0,16,8,6,0,6,0,0,80,6,18,6,1,9,ml_candidate,rule is not deterministic enough
wazuh-1788720553.1788570,2026-09-06T18:49:13.697000Z,lab-sensor-01,30305,5,access_denied|apache|web,apache-errorlog,none,/var/log/apache2/error.log,44022,0,1,0,0,0,1,0,0,0,0,0,17,2,6,0,6,0,0,80,6,18,6,1,3,ml_candidate,rule is not deterministic enough
wazuh-1788720553.1789170,2026-09-06T18:49:13.697000Z,lab-sensor-01,31516,6,appsec|attack|web,web-accesslog,T1055,/var/log/apache2/access.log,0,0,1,0,0,0,1,0,0,0,0,0,18,2,6,0,6,0,0,80,6,18,6,1,3,ml_candidate,rule is not deterministic enough
wazuh-1788720578.1790499,2026-09-06T18:49:38.236000Z,lab-sensor-01,5710,5,authentication_failed|invalid_login|sshd|syslog,sshd,T1021.004|T1110.001,journald,52974,0,1,0,0,0,1,0,0,0,1,0,19,0,6,0,6,0,0,80,6,18,6,1,1,ml_candidate,rule is not deterministic enough
wazuh-1788720580.1791048,2026-09-06T18:49:40.238000Z,lab-sensor-01,5710,5,authentication_failed|invalid_login|sshd|syslog,sshd,T1021.004|T1110.001,journald,52986,0,1,0,0,0,1,0,0,0,1,0,20,1,6,0,7,0,0,81,6,18,6,1,2,ml_candidate,rule is not deterministic enough
wazuh-1788720584.1791597,2026-09-06T18:49:44.244000Z,lab-sensor-01,5710,5,authentication_failed|invalid_login|sshd|syslog,sshd,T1021.004|T1110.001,journald,53000,0,1,0,0,0,1,0,0,0,1,0,21,2,6,0,8,0,0,82,6,18,6,1,3,ml_candidate,rule is not deterministic enough
wazuh-1788720621.1793032,2026-09-06T18:50:21.796000Z,lab-sensor-01,31104,6,accesslog|attack|web,web-accesslog,T1055|T1083|T1190,/var/log/apache2/access.log,0,0,1,0,0,0,1,0,0,0,0,0,22,2,6,0,9,0,0,80,6,18,6,1,3,ml_candidate,rule is not deterministic enough
wazuh-1788720742.1797520,2026-09-06T18:52:22.039000Z,lab-sensor-01,31101,5,accesslog|attack|web,web-accesslog,none,/var/log/apache2/access.log,0,0,1,0,0,0,1,0,0,0,0,0,14,3,6,0,9,0,0,77,6,18,6,1,4,ml_candidate,rule is not deterministic enough
wazuh-1788720744.1797962,2026-09-06T18:52:24.053000Z,lab-sensor-01,31101,5,accesslog|attack|web,web-accesslog,none,/var/log/apache2/access.log,0,0,1,0,0,0,1,0,0,0,0,0,15,4,6,0,9,0,0,77,6,18,6,1,5,ml_candidate,rule is not deterministic enough
wazuh-1788720746.1798404,2026-09-06T18:52:26.055000Z,lab-sensor-01,31101,5,accesslog|attack|web,web-accesslog,none,/var/log/apache2/access.log,0,0,1,0,0,0,1,0,0,0,0,0,16,5,6,0,9,0,0,77,6,18,6,1,6,ml_candidate,rule is not deterministic enough
wazuh-1788720748.1798852,2026-09-06T18:52:28.059000Z,lab-sensor-01,30305,5,access_denied|apache|web,apache-errorlog,none,/var/log/apache2/error.log,36388,0,1,0,0,0,1,0,0,0,0,0,17,1,6,0,9,0,0,77,6,18,6,1,2,ml_candidate,rule is not deterministic enough
wazuh-1788720748.1799452,2026-09-06T18:52:28.099000Z,lab-sensor-01,31516,6,appsec|attack|web,web-accesslog,T1055,/var/log/apache2/access.log,0,0,1,0,0,0,1,0,0,0,0,0,18,1,6,0,9,0,0,77,6,18,6,1,2,ml_candidate,rule is not deterministic enough
wazuh-1788720762.1800338,2026-09-06T18:52:42.306000Z,lab-sensor-01,31101,5,accesslog|attack|web,web-accesslog,none,/var/log/apache2/access.log,0,0,1,0,0,0,1,0,0,0,0,0,19,6,6,0,7,0,0,78,6,18,6,1,7,ml_candidate,rule is not deterministic enough
wazuh-1788720764.1800780,2026-09-06T18:52:44.308000Z,lab-sensor-01,31101,5,accesslog|attack|web,web-accesslog,none,/var/log/apache2/access.log,0,0,1,0,0,0,1,0,0,0,0,0,20,7,6,0,6,0,0,78,6,18,6,1,8,ml_candidate,rule is not deterministic enough
wazuh-1788720766.1801222,2026-09-06T18:52:46.311000Z,lab-sensor-01,31101,5,accesslog|attack|web,web-accesslog,none,/var/log/apache2/access.log,0,0,1,0,0,0,1,0,0,0,0,0,21,8,6,0,6,0,0,78,6,18,6,1,9,ml_candidate,rule is not deterministic enough
wazuh-1788720768.1801670,2026-09-06T18:52:48.315000Z,lab-sensor-01,30305,5,access_denied|apache|web,apache-errorlog,none,/var/log/apache2/error.log,44642,0,1,0,0,0,1,0,0,0,0,0,22,2,6,0,6,0,0,78,6,18,6,1,3,ml_candidate,rule is not deterministic enough
wazuh-1788720768.1802270,2026-09-06T18:52:48.357000Z,lab-sensor-01,31516,6,appsec|attack|web,web-accesslog,T1055,/var/log/apache2/access.log,0,0,1,0,0,0,1,0,0,0,0,0,23,2,6,0,6,0,0,78,6,18,6,1,3,ml_candidate,rule is not deterministic enough
wazuh-1788720772.1802713,2026-09-06T18:52:52.214000Z,film-laptop,591,3,ossec,ossec,none,logcollector,0,0,0,0,0,0,0,0,0,0,0,0,0,0,1,0,0,0,0,0,3,18,6,1,1,ml_candidate,rule is not deterministic enough
wazuh-1788720792.1804861,2026-09-06T18:53:12.164000Z,lab-sensor-01,30305,5,access_denied|apache|web,apache-errorlog,none,/var/log/apache2/error.log,48122,0,1,0,0,0,1,0,0,0,0,0,25,3,6,0,5,0,0,77,6,18,6,1,4,ml_candidate,rule is not deterministic enough
wazuh-1788720792.1805461,2026-09-06T18:53:12.165000Z,lab-sensor-01,31516,6,appsec|attack|web,web-accesslog,T1055,/var/log/apache2/access.log,0,0,1,0,0,0,1,0,0,0,0,0,26,3,6,0,5,0,0,77,6,18,6,1,4,ml_candidate,rule is not deterministic enough
wazuh-1788720806.1805904,2026-09-06T18:53:26.399000Z,lab-sensor-01,31104,6,accesslog|attack|web,web-accesslog,T1055|T1083|T1190,/var/log/apache2/access.log,0,0,1,0,0,0,1,0,0,0,0,0,27,2,6,0,3,0,0,76,6,18,6,1,3,ml_candidate,rule is not deterministic enough
wazuh-1788720856.1808177,2026-09-06T18:54:16.762000Z,lab-sensor-01,5710,5,authentication_failed|invalid_login|sshd|syslog,sshd,T1021.004|T1110.001,journald,32928,0,1,0,0,0,1,0,0,0,1,0,22,3,6,0,3,0,0,78,6,18,6,1,4,ml_candidate,rule is not deterministic enough
wazuh-1788720858.1809169,2026-09-06T18:54:18.806000Z,lab-sensor-01,5710,5,authentication_failed|invalid_login|sshd|syslog,sshd,T1021.004|T1110.001,journald,32938,0,1,0,0,0,1,0,0,0,1,0,23,4,6,0,4,0,0,79,6,18,6,1,5,ml_candidate,rule is not deterministic enough
wazuh-1788720862.1809718,2026-09-06T18:54:22.770000Z,lab-sensor-01,5710,5,authentication_failed|invalid_login|sshd|syslog,sshd,T1021.004|T1110.001,journald,32946,0,1,0,0,0,1,0,0,0,1,0,24,5,6,0,5,0,0,79,6,18,6,1,6,ml_candidate,rule is not deterministic enough
wazuh-1788720876.1810710,2026-09-06T18:54:36.791000Z,lab-sensor-01,5710,5,authentication_failed|invalid_login|sshd|syslog,sshd,T1021.004|T1110.001,journald,50688,0,1,0,0,0,1,0,0,0,1,0,25,6,6,0,6,0,0,79,6,18,6,1,7,ml_candidate,rule is not deterministic enough
wazuh-1788720878.1811259,2026-09-06T18:54:38.792000Z,lab-sensor-01,5710,5,authentication_failed|invalid_login|sshd|syslog,sshd,T1021.004|T1110.001,journald,50704,0,1,0,0,0,1,0,0,0,1,0,25,6,6,0,7,0,0,80,6,18,6,1,7,ml_candidate,rule is not deterministic enough
wazuh-1788720882.1811808,2026-09-06T18:54:42.797000Z,lab-sensor-01,5710,5,authentication_failed|invalid_login|sshd|syslog,sshd,T1021.004|T1110.001,journald,50710,0,1,0,0,0,1,0,0,0,1,0,25,6,6,0,8,0,0,81,6,18,6,1,7,ml_candidate,rule is not deterministic enough
wazuh-1788720936.1814129,2026-09-06T18:55:36.881000Z,lab-sensor-01,5710,5,authentication_failed|invalid_login|sshd|syslog,sshd,T1021.004|T1110.001,journald,37972,0,1,0,0,0,1,0,0,0,1,0,23,6,6,0,9,0,0,78,6,18,6,1,7,ml_candidate,rule is not deterministic enough
wazuh-1788720942.1816012,2026-09-06T18:55:42.906000Z,lab-sensor-01,5710,5,authentication_failed|invalid_login|sshd|syslog,sshd,T1021.004|T1110.001,journald,37990,0,1,0,0,0,1,0,0,0,1,0,25,7,7,1,11,0,0,80,10,18,6,1,8,ml_candidate,rule is not deterministic enough
wazuh-1788720969.1817447,2026-09-06T18:56:09.257000Z,film-laptop,86601,3,ids|suricata,json,none,/var/log/suricata/eve.json,68,67,1,1,0,0,1,0,0,0,0,0,1,0,1,0,0,0,0,0,3,18,6,1,1,ml_candidate,rule is not deterministic enough
wazuh-1788720969.1819651,2026-09-06T18:56:09.259000Z,film-laptop,86601,3,ids|suricata,json,none,/var/log/suricata/eve.json,68,67,1,1,0,0,1,0,0,0,0,0,2,1,2,0,0,0,0,0,3,18,6,1,2,ml_candidate,rule is not deterministic enough
wazuh-1788720995.1822298,2026-09-06T18:56:35.045000Z,lab-sensor-01,31104,6,accesslog|attack|web,web-accesslog,T1055|T1083|T1190,/var/log/apache2/access.log,0,0,1,0,0,0,1,0,0,0,0,0,26,1,7,1,12,0,0,78,10,18,6,1,2,ml_candidate,rule is not deterministic enough
wazuh-1788721030.1824128,2026-09-06T18:57:10.714000Z,lab-sensor-01,31104,6,accesslog|attack|web,web-accesslog,T1055|T1083|T1190,/var/log/apache2/access.log,0,0,1,0,0,0,1,0,0,0,0,0,28,2,7,1,12,0,0,79,10,18,6,1,3,ml_candidate,rule is not deterministic enough
wazuh-1788721031.1824587,2026-09-06T18:57:11.501000Z,film-laptop,86601,3,ids|suricata,json,none,/var/log/suricata/eve.json,68,67,1,1,0,0,1,0,0,0,0,0,3,2,2,0,0,0,0,0,3,18,6,1,3,ml_candidate,rule is not deterministic enough
wazuh-1788721031.1826793,2026-09-06T18:57:11.501000Z,film-laptop,86601,3,ids|suricata,json,none,/var/log/suricata/eve.json,68,67,1,1,0,0,1,0,0,0,0,0,4,3,2,0,0,0,0,0,3,18,6,1,4,ml_candidate,rule is not deterministic enough
wazuh-1788721064.1830813,2026-09-06T18:57:44.864000Z,lab-sensor-01,31104,6,accesslog|attack|web,web-accesslog,T1055|T1083|T1190,/var/log/apache2/access.log,0,0,1,0,0,0,1,0,0,0,0,0,23,3,7,1,12,0,0,78,10,18,6,1,4,ml_candidate,rule is not deterministic enough
wazuh-1788721091.1832200,2026-09-06T18:58:11.534000Z,film-laptop,86601,3,ids|suricata,json,none,/var/log/suricata/eve.json,68,67,1,1,0,0,1,0,0,0,0,0,4,4,2,0,0,0,0,0,3,18,6,1,5,ml_candidate,rule is not deterministic enough
wazuh-1788721091.1834404,2026-09-06T18:58:11.534000Z,film-laptop,86601,3,ids|suricata,json,none,/var/log/suricata/eve.json,68,67,1,1,0,0,1,0,0,0,0,0,5,5,2,0,0,0,0,0,3,18,6,1,6,ml_candidate,rule is not deterministic enough
wazuh-1788721151.1838380,2026-09-06T18:59:11.457000Z,film-laptop,86601,3,ids|suricata,json,none,/var/log/suricata/eve.json,68,67,1,1,0,0,1,0,0,0,0,0,6,6,2,0,0,0,0,0,3,18,6,1,7,ml_candidate,rule is not deterministic enough
wazuh-1788721151.1840586,2026-09-06T18:59:11.458000Z,film-laptop,86601,3,ids|suricata,json,none,/var/log/suricata/eve.json,68,67,1,1,0,0,1,0,0,0,0,0,7,7,2,0,0,0,0,0,3,18,6,1,8,ml_candidate,rule is not deterministic enough
wazuh-1788721156.1843235,2026-09-06T18:59:16.254000Z,film-laptop,591,3,ossec,ossec,none,logcollector,0,0,0,0,0,0,0,0,0,0,0,0,8,0,2,0,0,0,0,0,3,18,6,1,1,ml_candidate,rule is not deterministic enough
wazuh-1788721175.1844051,2026-09-06T18:59:35.079000Z,lab-sensor-01,31104,6,accesslog|attack|web,web-accesslog,T1055|T1083|T1190,/var/log/apache2/access.log,0,0,1,0,0,0,1,0,0,0,0,0,12,3,7,1,12,0,0,73,10,18,6,1,4,ml_candidate,rule is not deterministic enough
wazuh-1788721197.1845438,2026-09-06T18:59:57.126000Z,lab-sensor-01,31101,5,accesslog|attack|web,web-accesslog,none,/var/log/apache2/access.log,0,0,1,0,0,0,1,0,0,0,0,0,11,0,7,1,9,0,0,75,10,18,6,1,1,ml_candidate,rule is not deterministic enough
wazuh-1788721199.1845880,2026-09-06T18:59:59.132000Z,lab-sensor-01,31101,5,accesslog|attack|web,web-accesslog,none,/var/log/apache2/access.log,0,0,1,0,0,0,1,0,0,0,0,0,12,1,7,1,9,0,0,75,10,18,6,1,2,ml_candidate,rule is not deterministic enough
wazuh-1788721201.1846322,2026-09-06T19:00:01.134000Z,lab-sensor-01,31101,5,accesslog|attack|web,web-accesslog,none,/var/log/apache2/access.log,0,0,1,0,0,0,1,0,0,0,0,0,13,2,7,1,9,0,0,75,10,19,6,1,3,ml_candidate,rule is not deterministic enough
wazuh-1788721203.1846770,2026-09-06T19:00:03.145000Z,lab-sensor-01,30305,5,access_denied|apache|web,apache-errorlog,none,/var/log/apache2/error.log,38618,0,1,0,0,0,1,0,0,0,0,0,14,0,7,1,9,0,0,75,10,19,6,1,1,ml_candidate,rule is not deterministic enough
wazuh-1788721203.1847370,2026-09-06T19:00:03.145000Z,lab-sensor-01,31516,6,appsec|attack|web,web-accesslog,T1055,/var/log/apache2/access.log,0,0,1,0,0,0,1,0,0,0,0,0,15,0,7,1,9,0,0,75,10,19,6,1,1,ml_candidate,rule is not deterministic enough
wazuh-1788721213.1847813,2026-09-06T19:00:13.612000Z,film-laptop,86601,3,ids|suricata,json,none,/var/log/suricata/eve.json,68,67,1,1,0,0,1,0,0,0,0,0,9,8,2,0,0,0,0,0,3,19,6,1,9,ml_candidate,rule is not deterministic enough
wazuh-1788721273.1853993,2026-09-06T19:01:13.595000Z,film-laptop,86601,3,ids|suricata,json,none,/var/log/suricata/eve.json,68,67,1,1,0,0,1,0,0,0,0,0,9,8,2,0,0,0,0,0,3,19,6,1,9,ml_candidate,rule is not deterministic enough
wazuh-1788721277.1858844,2026-09-06T19:01:17.272000Z,lab-sensor-01,31104,6,accesslog|attack|web,web-accesslog,T1055|T1083|T1190,/var/log/apache2/access.log,0,0,1,0,0,0,1,0,0,0,0,0,13,4,7,1,9,0,0,71,10,19,6,1,5,ml_candidate,rule is not deterministic enough
wazuh-1788721299.1860231,2026-09-06T19:01:39.307000Z,lab-sensor-01,31101,5,accesslog|attack|web,web-accesslog,none,/var/log/apache2/access.log,0,0,1,0,0,0,1,0,0,0,0,0,13,3,7,1,9,0,0,70,10,19,6,1,4,ml_candidate,rule is not deterministic enough
wazuh-1788721301.1860673,2026-09-06T19:01:41.312000Z,lab-sensor-01,31101,5,accesslog|attack|web,web-accesslog,none,/var/log/apache2/access.log,0,0,1,0,0,0,1,0,0,0,0,0,14,4,7,1,9,0,0,69,10,19,6,1,5,ml_candidate,rule is not deterministic enough
wazuh-1788721303.1861115,2026-09-06T19:01:43.317000Z,lab-sensor-01,31101,5,accesslog|attack|web,web-accesslog,none,/var/log/apache2/access.log,0,0,1,0,0,0,1,0,0,0,0,0,15,5,7,1,9,0,0,69,10,19,6,1,6,ml_candidate,rule is not deterministic enough
wazuh-1788721305.1861563,2026-09-06T19:01:45.320000Z,lab-sensor-01,30305,5,access_denied|apache|web,apache-errorlog,none,/var/log/apache2/error.log,34774,0,1,0,0,0,1,0,0,0,0,0,16,1,7,1,9,0,0,68,10,19,6,1,2,ml_candidate,rule is not deterministic enough
wazuh-1788721305.1862163,2026-09-06T19:01:45.320000Z,lab-sensor-01,31516,6,appsec|attack|web,web-accesslog,T1055,/var/log/apache2/access.log,0,0,1,0,0,0,1,0,0,0,0,0,17,1,7,1,9,0,0,68,10,19,6,1,2,ml_candidate,rule is not deterministic enough
wazuh-1788721333.1863049,2026-09-06T19:02:13.680000Z,film-laptop,86601,3,ids|suricata,json,none,/var/log/suricata/eve.json,68,67,1,1,0,0,1,0,0,0,0,0,9,8,2,0,0,0,0,0,3,19,6,1,9,ml_candidate,rule is not deterministic enough
wazuh-1788721349.1868347,2026-09-06T19:02:29.391000Z,lab-sensor-01,31101,5,accesslog|attack|web,web-accesslog,none,/var/log/apache2/access.log,0,0,1,0,0,0,1,0,0,0,0,0,16,6,7,1,9,0,0,69,10,19,6,1,7,ml_candidate,rule is not deterministic enough
wazuh-1788721351.1868789,2026-09-06T19:02:31.394000Z,lab-sensor-01,31101,5,accesslog|attack|web,web-accesslog,none,/var/log/apache2/access.log,0,0,1,0,0,0,1,0,0,0,0,0,17,7,7,1,9,0,0,69,10,19,6,1,8,ml_candidate,rule is not deterministic enough
wazuh-1788721353.1869231,2026-09-06T19:02:33.395000Z,lab-sensor-01,31101,5,accesslog|attack|web,web-accesslog,none,/var/log/apache2/access.log,0,0,1,0,0,0,1,0,0,0,0,0,18,8,7,1,9,0,0,69,10,19,6,1,9,ml_candidate,rule is not deterministic enough
wazuh-1788721355.1869679,2026-09-06T19:02:35.399000Z,lab-sensor-01,30305,5,access_denied|apache|web,apache-errorlog,none,/var/log/apache2/error.log,37574,0,1,0,0,0,1,0,0,0,0,0,19,2,7,1,9,0,0,69,10,19,6,1,3,ml_candidate,rule is not deterministic enough
wazuh-1788721355.1870279,2026-09-06T19:02:35.399000Z,lab-sensor-01,31516,6,appsec|attack|web,web-accesslog,T1055,/var/log/apache2/access.log,0,0,1,0,0,0,1,0,0,0,0,0,20,2,7,1,9,0,0,69,10,19,6,1,3,ml_candidate,rule is not deterministic enough
wazuh-1788721393.1871608,2026-09-06T19:03:13.736000Z,film-laptop,86601,3,ids|suricata,json,none,/var/log/suricata/eve.json,68,67,1,1,0,0,1,0,0,0,0,0,9,8,2,0,0,0,0,0,3,19,6,1,9,ml_candidate,rule is not deterministic enough
wazuh-1788721397.1876016,2026-09-06T19:03:17.773000Z,lab-sensor-01,5710,5,authentication_failed|invalid_login|sshd|syslog,sshd,T1021.004|T1110.001,journald,45512,0,1,0,0,0,1,0,0,0,1,0,19,0,7,1,9,0,0,65,10,19,6,1,1,ml_candidate,rule is not deterministic enough
wazuh-1788721401.1877008,2026-09-06T19:03:21.781000Z,lab-sensor-01,5710,5,authentication_failed|invalid_login|sshd|syslog,sshd,T1021.004|T1110.001,journald,45516,0,1,0,0,0,1,0,0,0,1,0,20,1,7,1,10,0,0,66,10,19,6,1,2,ml_candidate,rule is not deterministic enough
wazuh-1788721403.1877557,2026-09-06T19:03:23.783000Z,lab-sensor-01,5710,5,authentication_failed|invalid_login|sshd|syslog,sshd,T1021.004|T1110.001,journald,45522,0,1,0,0,0,1,0,0,0,1,0,21,2,7,1,11,0,0,67,10,19,6,1,3,ml_candidate,rule is not deterministic enough
wazuh-1788721455.1879435,2026-09-06T19:04:15.805000Z,film-laptop,86601,3,ids|suricata,json,none,/var/log/suricata/eve.json,68,67,1,1,0,0,1,0,0,0,0,0,9,8,2,0,0,0,0,0,3,19,6,1,9,ml_candidate,rule is not deterministic enough
wazuh-1788721461.1884290,2026-09-06T19:04:21.862000Z,lab-sensor-01,5710,5,authentication_failed|invalid_login|sshd|syslog,sshd,T1021.004|T1110.001,journald,37346,0,1,0,0,0,1,0,0,0,1,0,22,3,7,1,10,0,0,66,10,19,6,1,4,ml_candidate,rule is not deterministic enough
wazuh-1788721465.1884839,2026-09-06T19:04:25.867000Z,lab-sensor-01,5710,5,authentication_failed|invalid_login|sshd|syslog,sshd,T1021.004|T1110.001,journald,37358,0,1,0,0,0,1,0,0,0,1,0,23,4,7,1,10,0,0,66,10,19,6,1,5,ml_candidate,rule is not deterministic enough
wazuh-1788721467.1885388,2026-09-06T19:04:27.871000Z,lab-sensor-01,5710,5,authentication_failed|invalid_login|sshd|syslog,sshd,T1021.004|T1110.001,journald,49258,0,1,0,0,0,1,0,0,0,1,0,24,5,7,1,11,0,0,67,10,19,6,1,6,ml_candidate,rule is not deterministic enough
wazuh-1788721476.1885937,2026-09-06T19:04:36.288000Z,film-laptop,591,3,ossec,ossec,none,logcollector,0,0,0,0,0,0,0,0,0,0,0,0,10,0,2,0,0,0,0,0,3,19,6,1,1,ml_candidate,rule is not deterministic enough
wazuh-1788721483.1886310,2026-09-06T19:04:43.932000Z,lab-sensor-01,5710,5,authentication_failed|invalid_login|sshd|syslog,sshd,T1021.004|T1110.001,journald,56742,0,1,0,0,0,1,0,0,0,1,0,23,6,7,1,9,0,0,68,10,19,6,1,7,ml_candidate,rule is not deterministic enough
wazuh-1788721489.1888636,2026-09-06T19:04:49.941000Z,lab-sensor-01,5710,5,authentication_failed|invalid_login|sshd|syslog,sshd,T1021.004|T1110.001,journald,56640,0,1,0,0,0,1,0,0,0,1,0,25,7,7,2,11,0,0,70,10,19,6,1,8,ml_candidate,rule is not deterministic enough
wazuh-1788721505.1889628,2026-09-06T19:05:05.649000Z,lab-sensor-01,31101,5,accesslog|attack|web,web-accesslog,none,/var/log/apache2/access.log,0,0,1,0,0,0,1,0,0,0,0,0,21,6,7,2,12,0,0,71,10,19,6,1,7,ml_candidate,rule is not deterministic enough
wazuh-1788721507.1890070,2026-09-06T19:05:07.651000Z,lab-sensor-01,31101,5,accesslog|attack|web,web-accesslog,none,/var/log/apache2/access.log,0,0,1,0,0,0,1,0,0,0,0,0,22,7,7,2,12,0,0,71,10,19,6,1,8,ml_candidate,rule is not deterministic enough
wazuh-1788721509.1890512,2026-09-06T19:05:09.653000Z,lab-sensor-01,31101,5,accesslog|attack|web,web-accesslog,none,/var/log/apache2/access.log,0,0,1,0,0,0,1,0,0,0,0,0,23,8,7,2,12,0,0,71,10,19,6,1,9,ml_candidate,rule is not deterministic enough
wazuh-1788721511.1890960,2026-09-06T19:05:11.659000Z,lab-sensor-01,30305,5,access_denied|apache|web,apache-errorlog,none,/var/log/apache2/error.log,54320,0,1,0,0,0,1,0,0,0,0,0,24,2,7,2,12,0,0,71,10,19,6,1,3,ml_candidate,rule is not deterministic enough
wazuh-1788721511.1891560,2026-09-06T19:05:11.659000Z,lab-sensor-01,31516,6,appsec|attack|web,web-accesslog,T1055,/var/log/apache2/access.log,0,0,1,0,0,0,1,0,0,0,0,0,25,2,7,2,12,0,0,71,10,19,6,1,3,ml_candidate,rule is not deterministic enough
wazuh-1788721515.1892003,2026-09-06T19:05:15.871000Z,film-laptop,86601,3,ids|suricata,json,none,/var/log/suricata/eve.json,68,67,1,1,0,0,1,0,0,0,0,0,9,8,2,0,0,0,0,0,3,19,6,1,9,ml_candidate,rule is not deterministic enough
wazuh-1788721523.1896411,2026-09-06T19:05:23.991000Z,lab-sensor-01,5710,5,authentication_failed|invalid_login|sshd|syslog,sshd,T1021.004|T1110.001,journald,57470,0,1,0,0,0,1,0,0,0,1,0,26,8,7,2,12,0,0,70,10,19,6,1,9,ml_candidate,rule is not deterministic enough
wazuh-1788721575.1899387,2026-09-06T19:06:15.995000Z,film-laptop,86601,3,ids|suricata,json,none,/var/log/suricata/eve.json,68,67,1,1,0,0,1,0,0,0,0,0,9,8,2,0,0,0,0,0,3,19,6,1,9,ml_candidate,rule is not deterministic enough
wazuh-1788721603.1906017,2026-09-06T19:06:43.871000Z,lab-sensor-01,30305,5,access_denied|apache|web,apache-errorlog,none,/var/log/apache2/error.log,53760,0,1,0,0,0,1,0,0,0,0,0,27,3,7,1,12,0,0,71,10,19,6,1,4,ml_candidate,rule is not deterministic enough
wazuh-1788721603.1906617,2026-09-06T19:06:43.871000Z,lab-sensor-01,31516,6,appsec|attack|web,web-accesslog,T1055,/var/log/apache2/access.log,0,0,1,0,0,0,1,0,0,0,0,0,28,3,7,1,12,0,0,71,10,19,6,1,4,ml_candidate,rule is not deterministic enough
wazuh-1788721615.1907503,2026-09-06T19:06:55.889000Z,lab-sensor-01,31104,6,accesslog|attack|web,web-accesslog,T1055|T1083|T1190,/var/log/apache2/access.log,0,0,1,0,0,0,1,0,0,0,0,0,27,0,7,1,12,0,0,72,10,19,6,1,1,ml_candidate,rule is not deterministic enough
wazuh-1788721636.1908890,2026-09-06T19:07:16.046000Z,film-laptop,86601,3,ids|suricata,json,none,/var/log/suricata/eve.json,68,67,1,1,0,0,1,0,0,0,0,0,9,8,2,0,0,0,0,0,3,19,6,1,9,ml_candidate,rule is not deterministic enough
wazuh-1788721654.1915073,2026-09-06T19:07:34.256000Z,lab-sensor-01,30305,5,access_denied|apache|web,apache-errorlog,none,/var/log/apache2/error.log,48560,0,1,0,0,0,1,0,0,0,0,0,29,3,7,1,12,0,0,72,10,19,6,1,4,ml_candidate,rule is not deterministic enough
wazuh-1788721654.1915673,2026-09-06T19:07:34.256000Z,lab-sensor-01,31516,6,appsec|attack|web,web-accesslog,T1055,/var/log/apache2/access.log,0,0,1,0,0,0,1,0,0,0,0,0,30,3,7,1,12,0,0,72,10,19,6,1,4,ml_candidate,rule is not deterministic enough
wazuh-1788721676.1917891,2026-09-06T19:07:56.015000Z,lab-sensor-01,30305,5,access_denied|apache|web,apache-errorlog,none,/var/log/apache2/error.log,41044,0,1,0,0,0,1,0,0,0,0,0,32,3,7,1,12,0,0,73,10,19,6,1,4,ml_candidate,rule is not deterministic enough
wazuh-1788721676.1918491,2026-09-06T19:07:56.015000Z,lab-sensor-01,31516,6,appsec|attack|web,web-accesslog,T1055,/var/log/apache2/access.log,0,0,1,0,0,0,1,0,0,0,0,0,33,3,7,1,12,0,0,73,10,19,6,1,4,ml_candidate,rule is not deterministic enough
wazuh-1788721696.1919377,2026-09-06T19:08:16.077000Z,film-laptop,86601,3,ids|suricata,json,none,/var/log/suricata/eve.json,68,67,1,1,0,0,1,0,0,0,0,0,9,8,2,0,0,0,0,0,3,19,6,1,9,ml_candidate,rule is not deterministic enough
wazuh-1788721748.1926765,2026-09-06T19:09:08.190000Z,lab-sensor-01,31104,6,accesslog|attack|web,web-accesslog,T1055|T1083|T1190,/var/log/apache2/access.log,0,0,1,0,0,0,1,0,0,0,0,0,34,1,7,1,15,0,0,75,10,19,6,1,2,ml_candidate,rule is not deterministic enough
wazuh-1788721756.1928152,2026-09-06T19:09:16.186000Z,film-laptop,86601,3,ids|suricata,json,none,/var/log/suricata/eve.json,68,67,1,1,0,0,1,0,0,0,0,0,9,8,2,0,0,0,0,0,3,19,6,1,9,ml_candidate,rule is not deterministic enough
wazuh-1788721818.1933893,2026-09-06T19:10:18.211000Z,film-laptop,86601,3,ids|suricata,json,none,/var/log/suricata/eve.json,68,67,1,1,0,0,1,0,0,0,0,0,8,8,2,0,0,0,0,0,3,19,6,1,9,ml_candidate,rule is not deterministic enough
wazuh-1788721822.1938301,2026-09-06T19:10:22.326000Z,lab-sensor-01,31104,6,accesslog|attack|web,web-accesslog,T1055|T1083|T1190,/var/log/apache2/access.log,0,0,1,0,0,0,1,0,0,0,0,0,25,2,7,1,15,0,0,74,10,19,6,1,3,ml_candidate,rule is not deterministic enough
wazuh-1788721840.1939688,2026-09-06T19:10:40.635000Z,lab-sensor-01,5710,5,authentication_failed|invalid_login|sshd|syslog,sshd,T1021.004|T1110.001,journald,46896,0,1,0,0,0,1,0,0,0,1,0,24,3,7,1,15,0,0,76,10,19,6,1,4,ml_candidate,rule is not deterministic enough
wazuh-1788721844.1940680,2026-09-06T19:10:44.641000Z,lab-sensor-01,5710,5,authentication_failed|invalid_login|sshd|syslog,sshd,T1021.004|T1110.001,journald,46904,0,1,0,0,0,1,0,0,0,1,0,25,4,7,1,16,0,0,77,10,19,6,1,5,ml_candidate,rule is not deterministic enough
wazuh-1788721846.1941229,2026-09-06T19:10:46.644000Z,lab-sensor-01,5710,5,authentication_failed|invalid_login|sshd|syslog,sshd,T1021.004|T1110.001,journald,40552,0,1,0,0,0,1,0,0,0,1,0,26,5,7,1,17,0,0,78,10,19,6,1,6,ml_candidate,rule is not deterministic enough
wazuh-1788721860.1941778,2026-09-06T19:11:00.327000Z,film-laptop,591,3,ossec,ossec,none,logcollector,0,0,0,0,0,0,0,0,0,0,0,0,10,0,2,0,0,0,0,0,3,19,6,1,1,ml_candidate,rule is not deterministic enough
wazuh-1788721878.1943037,2026-09-06T19:11:18.457000Z,film-laptop,86601,3,ids|suricata,json,none,/var/log/suricata/eve.json,68,67,1,1,0,0,1,0,0,0,0,0,9,8,2,0,0,0,0,0,3,19,6,1,9,ml_candidate,rule is not deterministic enough
wazuh-1788721938.1949221,2026-09-06T19:12:18.370000Z,film-laptop,86601,3,ids|suricata,json,none,/var/log/suricata/eve.json,68,67,1,1,0,0,1,0,0,0,0,0,9,8,2,0,0,0,0,0,3,19,6,1,9,ml_candidate,rule is not deterministic enough
wazuh-1788721946.1953629,2026-09-06T19:12:26.970000Z,lab-sensor-01,5710,5,authentication_failed|invalid_login|sshd|syslog,sshd,T1021.004|T1110.001,journald,44650,0,1,0,0,0,1,0,0,0,1,0,20,6,7,1,18,0,0,77,10,19,6,1,7,ml_candidate,rule is not deterministic enough
wazuh-1788721948.1954621,2026-09-06T19:12:28.972000Z,lab-sensor-01,5710,5,authentication_failed|invalid_login|sshd|syslog,sshd,T1021.004|T1110.001,journald,44666,0,1,0,0,0,1,0,0,0,1,0,20,7,7,1,19,0,0,78,10,19,6,1,8,ml_candidate,rule is not deterministic enough
wazuh-1788721952.1955170,2026-09-06T19:12:32.979000Z,lab-sensor-01,5710,5,authentication_failed|invalid_login|sshd|syslog,sshd,T1021.004|T1110.001,journald,44682,0,1,0,0,0,1,0,0,0,1,0,19,8,7,1,20,0,0,79,10,19,6,1,9,ml_candidate,rule is not deterministic enough
wazuh-1788721968.1956162,2026-09-06T19:12:48.552000Z,lab-sensor-01,31101,5,accesslog|attack|web,web-accesslog,none,/var/log/apache2/access.log,0,0,1,0,0,0,1,0,0,0,0,0,18,3,7,1,21,0,0,77,10,19,6,1,4,ml_candidate,rule is not deterministic enough
wazuh-1788721970.1956604,2026-09-06T19:12:50.554000Z,lab-sensor-01,31101,5,accesslog|attack|web,web-accesslog,none,/var/log/apache2/access.log,0,0,1,0,0,0,1,0,0,0,0,0,18,3,7,1,21,0,0,77,10,19,6,1,4,ml_candidate,rule is not deterministic enough
wazuh-1788721972.1957046,2026-09-06T19:12:52.556000Z,lab-sensor-01,31101,5,accesslog|attack|web,web-accesslog,none,/var/log/apache2/access.log,0,0,1,0,0,0,1,0,0,0,0,0,18,3,7,1,21,0,0,77,10,19,6,1,4,ml_candidate,rule is not deterministic enough
wazuh-1788721974.1957494,2026-09-06T19:12:54.559000Z,lab-sensor-01,30305,5,access_denied|apache|web,apache-errorlog,none,/var/log/apache2/error.log,41844,0,1,0,0,0,1,0,0,0,0,0,18,1,7,1,21,0,0,77,10,19,6,1,2,ml_candidate,rule is not deterministic enough
wazuh-1788721974.1958094,2026-09-06T19:12:54.559000Z,lab-sensor-01,31516,6,appsec|attack|web,web-accesslog,T1055,/var/log/apache2/access.log,0,0,1,0,0,0,1,0,0,0,0,0,19,1,7,1,21,0,0,77,10,19,6,1,2,ml_candidate,rule is not deterministic enough
wazuh-1788721998.1959423,2026-09-06T19:13:18.533000Z,film-laptop,86601,3,ids|suricata,json,none,/var/log/suricata/eve.json,68,67,1,1,0,0,1,0,0,0,0,0,9,8,2,0,0,0,0,0,3,19,6,1,9,ml_candidate,rule is not deterministic enough
wazuh-1788722038.1965164,2026-09-06T19:13:58.705000Z,lab-sensor-01,31104,6,accesslog|attack|web,web-accesslog,T1055|T1083|T1190,/var/log/apache2/access.log,0,0,1,0,0,0,1,0,0,0,0,0,15,2,7,1,18,0,0,73,10,19,6,1,3,ml_candidate,rule is not deterministic enough
wazuh-1788722060.1966551,2026-09-06T19:14:20.490000Z,film-laptop,86601,3,ids|suricata,json,none,/var/log/suricata/eve.json,68,67,1,1,0,0,1,0,0,0,0,0,9,8,2,0,0,0,0,0,3,19,6,1,9,ml_candidate,rule is not deterministic enough
wazuh-1788722117.1972288,2026-09-06T19:15:17.318000Z,lab-sensor-01,5710,5,authentication_failed|invalid_login|sshd|syslog,sshd,T1021.004|T1110.001,journald,53092,0,1,0,0,0,1,0,0,0,1,0,15,6,6,0,12,0,0,73,6,19,6,1,7,ml_candidate,rule is not deterministic enough
wazuh-1788722120.1973280,2026-09-06T19:15:20.552000Z,film-laptop,86601,3,ids|suricata,json,none,/var/log/suricata/eve.json,68,67,1,1,0,0,1,0,0,0,0,0,9,8,2,0,0,0,0,0,3,19,6,1,9,ml_candidate,rule is not deterministic enough
wazuh-1788722121.1977692,2026-09-06T19:15:21.324000Z,lab-sensor-01,5710,5,authentication_failed|invalid_login|sshd|syslog,sshd,T1021.004|T1110.001,journald,53102,0,1,0,0,0,1,0,0,0,1,0,16,7,6,0,13,0,0,74,6,19,6,1,8,ml_candidate,rule is not deterministic enough
wazuh-1788722123.1978241,2026-09-06T19:15:23.329000Z,lab-sensor-01,5710,5,authentication_failed|invalid_login|sshd|syslog,sshd,T1021.004|T1110.001,journald,53112,0,1,0,0,0,1,0,0,0,1,0,16,8,6,0,14,0,0,75,6,19,6,1,9,ml_candidate,rule is not deterministic enough
wazuh-1788722140.1979233,2026-09-06T19:15:40.926000Z,lab-sensor-01,31104,6,accesslog|attack|web,web-accesslog,T1055|T1083|T1190,/var/log/apache2/access.log,0,0,1,0,0,0,1,0,0,0,0,0,15,1,6,0,12,0,0,76,6,19,6,1,2,ml_candidate,rule is not deterministic enough
wazuh-1788722159.1980620,2026-09-06T19:15:59.377000Z,lab-sensor-01,5710,5,authentication_failed|invalid_login|sshd|syslog,sshd,T1021.004|T1110.001,journald,60020,0,1,0,0,0,1,0,0,0,1,0,15,6,6,0,12,0,0,78,6,19,6,1,7,ml_candidate,rule is not deterministic enough
wazuh-1788722163.1981169,2026-09-06T19:16:03.384000Z,lab-sensor-01,5710,5,authentication_failed|invalid_login|sshd|syslog,sshd,T1021.004|T1110.001,journald,60032,0,1,0,0,0,1,0,0,0,1,0,16,7,6,0,13,0,0,79,6,19,6,1,8,ml_candidate,rule is not deterministic enough
wazuh-1788722165.1981718,2026-09-06T19:16:05.386000Z,lab-sensor-01,5710,5,authentication_failed|invalid_login|sshd|syslog,sshd,T1021.004|T1110.001,journald,60038,0,1,0,0,0,1,0,0,0,1,0,17,8,6,0,14,0,0,80,6,19,6,1,9,ml_candidate,rule is not deterministic enough
wazuh-1788722180.1982710,2026-09-06T19:16:20.359000Z,film-laptop,591,3,ossec,ossec,none,logcollector,0,0,0,0,0,0,0,0,0,0,0,0,8,0,2,0,0,0,0,0,3,19,6,1,1,ml_candidate,rule is not deterministic enough
wazuh-1788722180.1983083,2026-09-06T19:16:20.931000Z,film-laptop,86601,3,ids|suricata,json,none,/var/log/suricata/eve.json,68,67,1,1,0,0,1,0,0,0,0,0,9,8,2,0,0,0,0,0,3,19,6,1,9,ml_candidate,rule is not deterministic enough
wazuh-1788722219.1988381,2026-09-06T19:16:59.029000Z,lab-sensor-01,31101,5,accesslog|attack|web,web-accesslog,none,/var/log/apache2/access.log,0,0,1,0,0,0,1,0,0,0,0,0,18,3,6,0,15,0,0,80,6,19,6,1,4,ml_candidate,rule is not deterministic enough
wazuh-1788722221.1988823,2026-09-06T19:17:01.031000Z,lab-sensor-01,31101,5,accesslog|attack|web,web-accesslog,none,/var/log/apache2/access.log,0,0,1,0,0,0,1,0,0,0,0,0,19,4,6,0,15,0,0,80,6,19,6,1,5,ml_candidate,rule is not deterministic enough
wazuh-1788722223.1989265,2026-09-06T19:17:03.040000Z,lab-sensor-01,31101,5,accesslog|attack|web,web-accesslog,none,/var/log/apache2/access.log,0,0,1,0,0,0,1,0,0,0,0,0,20,5,6,0,15,0,0,80,6,19,6,1,6,ml_candidate,rule is not deterministic enough
wazuh-1788722225.1989713,2026-09-06T19:17:05.062000Z,lab-sensor-01,30305,5,access_denied|apache|web,apache-errorlog,none,/var/log/apache2/error.log,46836,0,1,0,0,0,1,0,0,0,0,0,21,1,6,0,15,0,0,80,6,19,6,1,2,ml_candidate,rule is not deterministic enough
wazuh-1788722225.1990313,2026-09-06T19:17:05.062000Z,lab-sensor-01,31516,6,appsec|attack|web,web-accesslog,T1055,/var/log/apache2/access.log,0,0,1,0,0,0,1,0,0,0,0,0,22,1,6,0,15,0,0,80,6,19,6,1,2,ml_candidate,rule is not deterministic enough
wazuh-1788722242.1991199,2026-09-06T19:17:22.813000Z,film-laptop,86601,3,ids|suricata,json,none,/var/log/suricata/eve.json,68,67,1,1,0,0,1,0,0,0,0,0,9,8,2,0,0,0,0,0,3,19,6,1,9,ml_candidate,rule is not deterministic enough
wazuh-1788722253.1996046,2026-09-06T19:17:33.518000Z,lab-sensor-01,5710,5,authentication_failed|invalid_login|sshd|syslog,sshd,T1021.004|T1110.001,journald,42176,0,1,0,0,0,1,0,0,0,1,0,20,6,6,0,15,0,0,80,6,19,6,1,7,ml_candidate,rule is not deterministic enough
wazuh-1788722255.1996595,2026-09-06T19:17:35.520000Z,lab-sensor-01,5710,5,authentication_failed|invalid_login|sshd|syslog,sshd,T1021.004|T1110.001,journald,46934,0,1,0,0,0,1,0,0,0,1,0,21,7,6,0,16,0,0,81,6,19,6,1,8,ml_candidate,rule is not deterministic enough
wazuh-1788722259.1997144,2026-09-06T19:17:39.528000Z,lab-sensor-01,5710,5,authentication_failed|invalid_login|sshd|syslog,sshd,T1021.004|T1110.001,journald,46944,0,1,0,0,0,1,0,0,0,1,0,22,8,6,0,17,0,0,82,6,19,6,1,9,ml_candidate,rule is not deterministic enough
wazuh-1788722287.1998136,2026-09-06T19:18:07.211000Z,lab-sensor-01,31104,6,accesslog|attack|web,web-accesslog,T1055|T1083|T1190,/var/log/apache2/access.log,0,0,1,0,0,0,1,0,0,0,0,0,18,2,6,0,18,0,0,81,6,19,6,1,3,ml_candidate,rule is not deterministic enough
wazuh-1788722303.1999523,2026-09-06T19:18:23.002000Z,film-laptop,86601,3,ids|suricata,json,none,/var/log/suricata/eve.json,68,67,1,1,0,0,1,0,0,0,0,0,9,8,2,0,0,0,0,0,3,19,6,1,9,ml_candidate,rule is not deterministic enough
wazuh-1788722363.2007797,2026-09-06T19:19:23.036000Z,film-laptop,86601,3,ids|suricata,json,none,/var/log/suricata/eve.json,68,67,1,1,0,0,1,0,0,0,0,0,9,8,2,0,0,0,0,0,3,19,6,1,9,ml_candidate,rule is not deterministic enough
wazuh-1788722422.2013534,2026-09-06T19:20:22.917000Z,film-laptop,86601,3,ids|suricata,json,none,/var/log/suricata/eve.json,68,67,1,1,0,0,1,0,0,0,0,0,9,8,2,0,0,0,0,0,3,19,6,1,9,ml_candidate,rule is not deterministic enough
wazuh-1788722484.2019718,2026-09-06T19:21:24.960000Z,film-laptop,86601,3,ids|suricata,json,none,/var/log/suricata/eve.json,68,67,1,1,0,0,1,0,0,0,0,0,8,8,2,0,0,0,0,0,3,19,6,1,9,ml_candidate,rule is not deterministic enough
wazuh-1788722513.2025024,2026-09-06T19:21:53.681000Z,lab-sensor-01,31104,6,accesslog|attack|web,web-accesslog,T1055|T1083|T1190,/var/log/apache2/access.log,0,0,1,0,0,0,1,0,0,0,0,0,13,1,6,0,15,0,0,78,6,19,6,1,2,ml_candidate,rule is not deterministic enough
wazuh-1788722545.2026854,2026-09-06T19:22:25.022000Z,film-laptop,86601,3,ids|suricata,json,none,/var/log/suricata/eve.json,68,67,1,1,0,0,1,0,0,0,0,0,8,8,2,0,0,0,0,0,3,19,6,1,9,ml_candidate,rule is not deterministic enough
wazuh-1788722564.2031701,2026-09-06T19:22:44.398000Z,film-laptop,591,3,ossec,ossec,none,logcollector,0,0,0,0,0,0,0,0,0,0,0,0,10,0,2,0,0,0,0,0,3,19,6,1,1,ml_candidate,rule is not deterministic enough
wazuh-1788722598.2033403,2026-09-06T19:23:18.147000Z,lab-sensor-01,5710,5,authentication_failed|invalid_login|sshd|syslog,sshd,T1021.004|T1110.001,journald,57362,0,1,0,0,0,1,0,0,0,1,0,5,3,6,0,12,0,0,77,6,19,6,1,4,ml_candidate,rule is not deterministic enough
wazuh-1788722600.2033952,2026-09-06T19:23:20.151000Z,lab-sensor-01,5710,5,authentication_failed|invalid_login|sshd|syslog,sshd,T1021.004|T1110.001,journald,57366,0,1,0,0,0,1,0,0,0,1,0,6,4,6,0,13,0,0,78,6,19,6,1,5,ml_candidate,rule is not deterministic enough
wazuh-1788722604.2034501,2026-09-06T19:23:24.156000Z,lab-sensor-01,5710,5,authentication_failed|invalid_login|sshd|syslog,sshd,T1021.004|T1110.001,journald,57382,0,1,0,0,0,1,0,0,0,1,0,7,5,6,0,14,0,0,79,6,19,6,1,6,ml_candidate,rule is not deterministic enough
wazuh-1788722605.2035050,2026-09-06T19:23:25.091000Z,film-laptop,86601,3,ids|suricata,json,none,/var/log/suricata/eve.json,68,67,1,1,0,0,1,0,0,0,0,0,9,8,2,0,0,0,0,0,3,19,6,1,9,ml_candidate,rule is not deterministic enough
wazuh-1788722641.2040791,2026-09-06T19:24:01.981000Z,lab-sensor-01,31104,6,accesslog|attack|web,web-accesslog,T1055|T1083|T1190,/var/log/apache2/access.log,0,0,1,0,0,0,1,0,0,0,0,0,5,1,6,0,15,0,0,78,6,19,6,1,2,ml_candidate,rule is not deterministic enough
wazuh-1788722661.2041735,2026-09-06T19:24:21.985000Z,lab-sensor-01,31104,6,accesslog|attack|web,web-accesslog,T1055|T1083|T1190,/var/log/apache2/access.log,0,0,1,0,0,0,1,0,0,0,0,0,7,2,6,0,15,0,0,78,6,19,6,1,3,ml_candidate,rule is not deterministic enough
wazuh-1788722665.2042637,2026-09-06T19:24:25.155000Z,film-laptop,86601,3,ids|suricata,json,none,/var/log/suricata/eve.json,68,67,1,1,0,0,1,0,0,0,0,0,9,8,2,0,0,0,0,0,3,19,6,1,9,ml_candidate,rule is not deterministic enough
wazuh-1788722680.2047530,2026-09-06T19:24:40.057000Z,lab-sensor-01,31104,6,accesslog|attack|web,web-accesslog,T1055|T1083|T1190,/var/log/apache2/access.log,0,0,1,0,0,0,1,0,0,0,0,0,9,3,6,0,15,0,0,77,6,19,6,1,4,ml_candidate,rule is not deterministic enough
wazuh-1788722725.2049803,2026-09-06T19:25:25.227000Z,film-laptop,86601,3,ids|suricata,json,none,/var/log/suricata/eve.json,68,67,1,1,0,0,1,0,0,0,0,0,9,8,2,0,0,0,0,0,3,19,6,1,9,ml_candidate,rule is not deterministic enough
wazuh-1788722728.2054215,2026-09-06T19:25:28.399000Z,lab-sensor-01,5710,5,authentication_failed|invalid_login|sshd|syslog,sshd,T1021.004|T1110.001,journald,39792,0,1,0,0,0,1,0,0,0,1,0,11,3,6,0,12,0,0,78,6,19,6,1,4,ml_candidate,rule is not deterministic enough
wazuh-1788722732.2055207,2026-09-06T19:25:32.407000Z,lab-sensor-01,5710,5,authentication_failed|invalid_login|sshd|syslog,sshd,T1021.004|T1110.001,journald,39798,0,1,0,0,0,1,0,0,0,1,0,12,4,6,0,13,0,0,79,6,19,6,1,5,ml_candidate,rule is not deterministic enough
wazuh-1788722734.2055756,2026-09-06T19:25:34.410000Z,lab-sensor-01,5710,5,authentication_failed|invalid_login|sshd|syslog,sshd,T1021.004|T1110.001,journald,39814,0,1,0,0,0,1,0,0,0,1,0,13,5,6,0,14,0,0,80,6,19,6,1,6,ml_candidate,rule is not deterministic enough
wazuh-1788722768.2057191,2026-09-06T19:26:08.453000Z,lab-sensor-01,5710,5,authentication_failed|invalid_login|sshd|syslog,sshd,T1021.004|T1110.001,journald,41492,0,1,0,0,0,1,0,0,0,1,0,14,6,6,0,12,0,0,78,6,19,6,1,7,ml_candidate,rule is not deterministic enough
wazuh-1788722770.2057740,2026-09-06T19:26:10.458000Z,lab-sensor-01,5710,5,authentication_failed|invalid_login|sshd|syslog,sshd,T1021.004|T1110.001,journald,41496,0,1,0,0,0,1,0,0,0,1,0,15,7,6,0,13,0,0,79,6,19,6,1,8,ml_candidate,rule is not deterministic enough
wazuh-1788722774.2058289,2026-09-06T19:26:14.468000Z,lab-sensor-01,5710,5,authentication_failed|invalid_login|sshd|syslog,sshd,T1021.004|T1110.001,journald,41508,0,1,0,0,0,1,0,0,0,1,0,16,8,6,0,14,0,0,80,6,19,6,1,9,ml_candidate,rule is not deterministic enough
wazuh-1788722787.2058838,2026-09-06T19:26:27.427000Z,film-laptop,86601,3,ids|suricata,json,none,/var/log/suricata/eve.json,68,67,1,1,0,0,1,0,0,0,0,0,9,8,2,0,0,0,0,0,3,19,6,1,9,ml_candidate,rule is not deterministic enough
wazuh-1788722849.2067893,2026-09-06T19:27:29.368000Z,film-laptop,86601,3,ids|suricata,json,none,/var/log/suricata/eve.json,68,67,1,1,0,0,1,0,0,0,0,0,9,8,2,0,0,0,0,0,3,19,6,1,9,ml_candidate,rule is not deterministic enough
wazuh-1788722884.2073191,2026-09-06T19:28:04.430000Z,film-laptop,591,3,ossec,ossec,none,logcollector,0,0,0,0,0,0,0,0,0,0,0,0,10,0,2,0,0,0,0,0,3,19,6,1,1,ml_candidate,rule is not deterministic enough
wazuh-1788722909.2074450,2026-09-06T19:28:29.437000Z,film-laptop,86601,3,ids|suricata,json,none,/var/log/suricata/eve.json,68,67,1,1,0,0,1,0,0,0,0,0,9,8,2,0,0,0,0,0,3,19,6,1,9,ml_candidate,rule is not deterministic enough
wazuh-1788722954.2080199,2026-09-06T19:29:14.698000Z,lab-sensor-01,31104,6,accesslog|attack|web,web-accesslog,T1055|T1083|T1190,/var/log/apache2/access.log,0,0,1,0,0,0,1,0,0,0,0,0,13,2,4,1,12,0,0,78,10,19,6,1,3,ml_candidate,rule is not deterministic enough
wazuh-1788722969.2081143,2026-09-06T19:29:29.503000Z,film-laptop,86601,3,ids|suricata,json,none,/var/log/suricata/eve.json,68,67,1,1,0,0,1,0,0,0,0,0,9,8,2,0,0,0,0,0,3,19,6,1,9,ml_candidate,rule is not deterministic enough
wazuh-1788722992.2085994,2026-09-06T19:29:52.734000Z,lab-sensor-01,31104,6,accesslog|attack|web,web-accesslog,T1055|T1083|T1190,/var/log/apache2/access.log,0,0,1,0,0,0,1,0,0,0,0,0,11,1,4,1,12,0,0,78,10,19,6,1,2,ml_candidate,rule is not deterministic enough
wazuh-1788723014.2087824,2026-09-06T19:30:14.841000Z,lab-sensor-01,31101,5,accesslog|attack|web,web-accesslog,none,/var/log/apache2/access.log,0,0,1,0,0,0,1,0,0,0,0,0,13,0,4,1,12,0,0,79,10,19,6,1,1,ml_candidate,rule is not deterministic enough
wazuh-1788723016.2088266,2026-09-06T19:30:16.849000Z,lab-sensor-01,31101,5,accesslog|attack|web,web-accesslog,none,/var/log/apache2/access.log,0,0,1,0,0,0,1,0,0,0,0,0,14,1,5,1,12,0,0,79,10,19,6,1,2,ml_candidate,rule is not deterministic enough
wazuh-1788723018.2088708,2026-09-06T19:30:18.852000Z,lab-sensor-01,31101,5,accesslog|attack|web,web-accesslog,none,/var/log/apache2/access.log,0,0,1,0,0,0,1,0,0,0,0,0,15,2,5,1,12,0,0,79,10,19,6,1,3,ml_candidate,rule is not deterministic enough
wazuh-1788723020.2089156,2026-09-06T19:30:20.860000Z,lab-sensor-01,30305,5,access_denied|apache|web,apache-errorlog,none,/var/log/apache2/error.log,43010,0,1,0,0,0,1,0,0,0,0,0,16,0,5,1,12,0,0,79,10,19,6,1,1,ml_candidate,rule is not deterministic enough
wazuh-1788723020.2089756,2026-09-06T19:30:20.901000Z,lab-sensor-01,31516,6,appsec|attack|web,web-accesslog,T1055,/var/log/apache2/access.log,0,0,1,0,0,0,1,0,0,0,0,0,17,0,6,1,12,0,0,79,10,19,6,1,1,ml_candidate,rule is not deterministic enough
wazuh-1788723029.2090199,2026-09-06T19:30:29.571000Z,film-laptop,86601,3,ids|suricata,json,none,/var/log/suricata/eve.json,68,67,1,1,0,0,1,0,0,0,0,0,9,8,2,0,0,0,0,0,3,19,6,1,9,ml_candidate,rule is not deterministic enough
wazuh-1788723036.2095054,2026-09-06T19:30:36.888000Z,lab-sensor-01,31101,5,accesslog|attack|web,web-accesslog,none,/var/log/apache2/access.log,0,0,1,0,0,0,1,0,0,0,0,0,15,3,7,1,12,0,0,80,10,19,6,1,4,ml_candidate,rule is not deterministic enough
wazuh-1788723038.2095496,2026-09-06T19:30:38.901000Z,lab-sensor-01,31101,5,accesslog|attack|web,web-accesslog,none,/var/log/apache2/access.log,0,0,1,0,0,0,1,0,0,0,0,0,16,4,7,1,12,0,0,80,10,19,6,1,5,ml_candidate,rule is not deterministic enough
wazuh-1788723040.2095938,2026-09-06T19:30:40.906000Z,lab-sensor-01,31101,5,accesslog|attack|web,web-accesslog,none,/var/log/apache2/access.log,0,0,1,0,0,0,1,0,0,0,0,0,17,5,7,1,12,0,0,80,10,19,6,1,6,ml_candidate,rule is not deterministic enough
wazuh-1788723042.2096386,2026-09-06T19:30:42.907000Z,lab-sensor-01,30305,5,access_denied|apache|web,apache-errorlog,none,/var/log/apache2/error.log,39900,0,1,0,0,0,1,0,0,0,0,0,18,1,7,1,12,0,0,80,10,19,6,1,2,ml_candidate,rule is not deterministic enough
wazuh-1788723042.2096986,2026-09-06T19:30:42.907000Z,lab-sensor-01,31516,6,appsec|attack|web,web-accesslog,T1055,/var/log/apache2/access.log,0,0,1,0,0,0,1,0,0,0,0,0,19,1,7,1,12,0,0,80,10,19,6,1,2,ml_candidate,rule is not deterministic enough
wazuh-1788723091.2099201,2026-09-06T19:31:31.769000Z,film-laptop,86601,3,ids|suricata,json,none,/var/log/suricata/eve.json,68,67,1,1,0,0,1,0,0,0,0,0,9,8,2,0,0,0,0,0,3,19,6,1,9,ml_candidate,rule is not deterministic enough
wazuh-1788723151.2104938,2026-09-06T19:32:31.905000Z,film-laptop,86601,3,ids|suricata,json,none,/var/log/suricata/eve.json,68,67,1,1,0,0,1,0,0,0,0,0,9,8,2,0,0,0,0,0,3,19,6,1,9,ml_candidate,rule is not deterministic enough
wazuh-1788723187.2110236,2026-09-06T19:33:07.300000Z,lab-sensor-01,31104,6,accesslog|attack|web,web-accesslog,T1055|T1083|T1190,/var/log/apache2/access.log,0,0,1,0,0,0,1,0,0,0,0,0,14,2,7,1,12,0,0,77,10,19,6,1,3,ml_candidate,rule is not deterministic enough
wazuh-1788723204.2111623,2026-09-06T19:33:24.462000Z,film-laptop,591,3,ossec,ossec,none,logcollector,0,0,0,0,0,0,0,0,0,0,0,0,10,0,2,0,0,0,0,0,3,19,6,1,1,ml_candidate,rule is not deterministic enough
wazuh-1788723213.2112439,2026-09-06T19:33:33.781000Z,film-laptop,86601,3,ids|suricata,json,none,/var/log/suricata/eve.json,68,67,1,1,0,0,1,0,0,0,0,0,9,8,2,0,0,0,0,0,3,19,6,1,9,ml_candidate,rule is not deterministic enough
wazuh-1788723275.2119066,2026-09-06T19:34:35.919000Z,film-laptop,86601,3,ids|suricata,json,none,/var/log/suricata/eve.json,68,67,1,1,0,0,1,0,0,0,0,0,9,8,2,0,0,0,0,0,3,19,6,1,9,ml_candidate,rule is not deterministic enough
wazuh-1788723289.2123921,2026-09-06T19:34:49.585000Z,lab-sensor-01,31101,5,accesslog|attack|web,web-accesslog,none,/var/log/apache2/access.log,0,0,1,0,0,0,1,0,0,0,0,0,14,6,7,1,9,0,0,71,10,19,6,1,7,ml_candidate,rule is not deterministic enough
wazuh-1788723291.2124363,2026-09-06T19:34:51.588000Z,lab-sensor-01,31101,5,accesslog|attack|web,web-accesslog,none,/var/log/apache2/access.log,0,0,1,0,0,0,1,0,0,0,0,0,15,7,7,1,9,0,0,70,10,19,6,1,8,ml_candidate,rule is not deterministic enough
wazuh-1788723293.2124805,2026-09-06T19:34:53.590000Z,lab-sensor-01,31101,5,accesslog|attack|web,web-accesslog,none,/var/log/apache2/access.log,0,0,1,0,0,0,1,0,0,0,0,0,15,8,7,1,9,0,0,70,10,19,6,1,9,ml_candidate,rule is not deterministic enough
wazuh-1788723295.2125253,2026-09-06T19:34:55.593000Z,lab-sensor-01,30305,5,access_denied|apache|web,apache-errorlog,none,/var/log/apache2/error.log,58088,0,1,0,0,0,1,0,0,0,0,0,16,2,7,1,9,0,0,70,10,19,6,1,3,ml_candidate,rule is not deterministic enough
wazuh-1788723295.2125853,2026-09-06T19:34:55.593000Z,lab-sensor-01,31516,6,appsec|attack|web,web-accesslog,T1055,/var/log/apache2/access.log,0,0,1,0,0,0,1,0,0,0,0,0,17,2,7,1,9,0,0,70,10,19,6,1,3,ml_candidate,rule is not deterministic enough
wazuh-1788723309.2126296,2026-09-06T19:35:09.372000Z,lab-sensor-01,31104,6,accesslog|attack|web,web-accesslog,T1055|T1083|T1190,/var/log/apache2/access.log,0,0,1,0,0,0,1,0,0,0,0,0,17,1,7,1,9,0,0,71,10,19,6,1,2,ml_candidate,rule is not deterministic enough
wazuh-1788723331.2128126,2026-09-06T19:35:31.432000Z,lab-sensor-01,31104,6,accesslog|attack|web,web-accesslog,T1055|T1083|T1190,/var/log/apache2/access.log,0,0,1,0,0,0,1,0,0,0,0,0,14,2,7,1,8,0,0,69,10,19,6,1,3,ml_candidate,rule is not deterministic enough
wazuh-1788723335.2129070,2026-09-06T19:35:35.915000Z,film-laptop,86601,3,ids|suricata,json,none,/var/log/suricata/eve.json,68,67,1,1,0,0,1,0,0,0,0,0,9,8,2,0,0,0,0,0,3,19,6,1,9,ml_candidate,rule is not deterministic enough
wazuh-1788723353.2133925,2026-09-06T19:35:53.700000Z,lab-sensor-01,31101,5,accesslog|attack|web,web-accesslog,none,/var/log/apache2/access.log,0,0,1,0,0,0,1,0,0,0,0,0,11,3,7,1,6,0,0,71,10,19,6,1,4,ml_candidate,rule is not deterministic enough
wazuh-1788723355.2134367,2026-09-06T19:35:55.703000Z,lab-sensor-01,31101,5,accesslog|attack|web,web-accesslog,none,/var/log/apache2/access.log,0,0,1,0,0,0,1,0,0,0,0,0,12,4,7,1,6,0,0,71,10,19,6,1,5,ml_candidate,rule is not deterministic enough
wazuh-1788723357.2134809,2026-09-06T19:35:57.705000Z,lab-sensor-01,31101,5,accesslog|attack|web,web-accesslog,none,/var/log/apache2/access.log,0,0,1,0,0,0,1,0,0,0,0,0,13,5,7,1,6,0,0,71,10,19,6,1,6,ml_candidate,rule is not deterministic enough
wazuh-1788723359.2135257,2026-09-06T19:35:59.707000Z,lab-sensor-01,30305,5,access_denied|apache|web,apache-errorlog,none,/var/log/apache2/error.log,55740,0,1,0,0,0,1,0,0,0,0,0,14,1,7,1,6,0,0,71,10,19,6,1,2,ml_candidate,rule is not deterministic enough
wazuh-1788723359.2135857,2026-09-06T19:35:59.747000Z,lab-sensor-01,31516,6,appsec|attack|web,web-accesslog,T1055,/var/log/apache2/access.log,0,0,1,0,0,0,1,0,0,0,0,0,15,1,7,1,6,0,0,71,10,19,6,1,2,ml_candidate,rule is not deterministic enough
wazuh-1788723375.2136743,2026-09-06T19:36:15.539000Z,lab-sensor-01,31104,6,accesslog|attack|web,web-accesslog,T1055|T1083|T1190,/var/log/apache2/access.log,0,0,1,0,0,0,1,0,0,0,0,0,16,3,7,1,3,0,0,72,10,19,6,1,4,ml_candidate,rule is not deterministic enough
wazuh-1788723396.2138130,2026-09-06T19:36:36.037000Z,film-laptop,86601,3,ids|suricata,json,none,/var/log/suricata/eve.json,68,67,1,1,0,0,1,0,0,0,0,0,9,8,2,0,0,0,0,0,3,19,6,1,9,ml_candidate,rule is not deterministic enough
wazuh-1788723409.2142538,2026-09-06T19:36:49.597000Z,lab-sensor-01,31104,6,accesslog|attack|web,web-accesslog,T1055|T1083|T1190,/var/log/apache2/access.log,0,0,1,0,0,0,1,0,0,0,0,0,18,4,7,1,3,0,0,73,10,19,6,1,5,ml_candidate,rule is not deterministic enough
wazuh-1788723431.2143925,2026-09-06T19:37:11.632000Z,lab-sensor-01,31104,6,accesslog|attack|web,web-accesslog,T1055|T1083|T1190,/var/log/apache2/access.log,0,0,1,0,0,0,1,0,0,0,0,0,20,5,5,0,0,0,0,73,6,19,6,1,6,ml_candidate,rule is not deterministic enough
wazuh-1788723458.2145755,2026-09-06T19:37:38.134000Z,film-laptop,86601,3,ids|suricata,json,none,/var/log/suricata/eve.json,68,67,1,1,0,0,1,0,0,0,0,0,9,8,2,0,0,0,0,0,3,19,6,1,9,ml_candidate,rule is not deterministic enough
wazuh-1788723509.2151492,2026-09-06T19:38:29.955000Z,lab-sensor-01,5710,5,authentication_failed|invalid_login|sshd|syslog,sshd,T1021.004|T1110.001,journald,56948,0,1,0,0,0,1,0,0,0,1,0,20,0,5,0,0,0,0,70,6,19,6,1,1,ml_candidate,rule is not deterministic enough
wazuh-1788723513.2152484,2026-09-06T19:38:33.950000Z,lab-sensor-01,5710,5,authentication_failed|invalid_login|sshd|syslog,sshd,T1021.004|T1110.001,journald,56962,0,1,0,0,0,1,0,0,0,1,0,21,1,6,0,1,0,0,71,6,19,6,1,2,ml_candidate,rule is not deterministic enough
wazuh-1788723515.2153033,2026-09-06T19:38:35.952000Z,lab-sensor-01,5710,5,authentication_failed|invalid_login|sshd|syslog,sshd,T1021.004|T1110.001,journald,35738,0,1,0,0,0,1,0,0,0,1,0,22,2,6,0,2,0,0,72,6,19,6,1,3,ml_candidate,rule is not deterministic enough
wazuh-1788723518.2153582,2026-09-06T19:38:38.204000Z,film-laptop,86601,3,ids|suricata,json,none,/var/log/suricata/eve.json,68,67,1,1,0,0,1,0,0,0,0,0,8,8,2,0,0,0,0,0,3,19,6,1,9,ml_candidate,rule is not deterministic enough
wazuh-1788723543.2158888,2026-09-06T19:39:03.806000Z,lab-sensor-01,31104,6,accesslog|attack|web,web-accesslog,T1055|T1083|T1190,/var/log/apache2/access.log,0,0,1,0,0,0,1,0,0,0,0,0,23,5,6,0,3,0,0,73,6,19,6,1,6,ml_candidate,rule is not deterministic enough
wazuh-1788723578.2160275,2026-09-06T19:39:38.187000Z,film-laptop,86601,3,ids|suricata,json,none,/var/log/suricata/eve.json,68,67,1,1,0,0,1,0,0,0,0,0,8,8,2,0,0,0,0,0,3,19,6,1,9,ml_candidate,rule is not deterministic enough
wazuh-1788723588.2165126,2026-09-06T19:39:48.501000Z,film-laptop,591,3,ossec,ossec,none,logcollector,0,0,0,0,0,0,0,0,0,0,0,0,10,0,2,0,0,0,0,0,3,19,6,1,1,ml_candidate,rule is not deterministic enough
wazuh-1788723618.2166385,2026-09-06T19:40:18.024000Z,lab-sensor-01,31101,5,accesslog|attack|web,web-accesslog,none,/var/log/apache2/access.log,0,0,1,0,0,0,1,0,0,0,0,0,18,3,6,0,3,0,0,73,6,19,6,1,4,ml_candidate,rule is not deterministic enough
wazuh-1788723620.2166827,2026-09-06T19:40:20.036000Z,lab-sensor-01,31101,5,accesslog|attack|web,web-accesslog,none,/var/log/apache2/access.log,0,0,1,0,0,0,1,0,0,0,0,0,19,4,6,0,3,0,0,73,6,19,6,1,5,ml_candidate,rule is not deterministic enough
wazuh-1788723622.2167269,2026-09-06T19:40:22.043000Z,lab-sensor-01,31101,5,accesslog|attack|web,web-accesslog,none,/var/log/apache2/access.log,0,0,1,0,0,0,1,0,0,0,0,0,20,5,6,0,3,0,0,73,6,19,6,1,6,ml_candidate,rule is not deterministic enough
wazuh-1788723624.2167717,2026-09-06T19:40:24.046000Z,lab-sensor-01,30305,5,access_denied|apache|web,apache-errorlog,none,/var/log/apache2/error.log,47290,0,1,0,0,0,1,0,0,0,0,0,21,1,6,0,3,0,0,72,6,19,6,1,2,ml_candidate,rule is not deterministic enough
wazuh-1788723624.2168317,2026-09-06T19:40:24.046000Z,lab-sensor-01,31516,6,appsec|attack|web,web-accesslog,T1055,/var/log/apache2/access.log,0,0,1,0,0,0,1,0,0,0,0,0,22,1,6,0,3,0,0,72,6,19,6,1,2,ml_candidate,rule is not deterministic enough
wazuh-1788723638.2169203,2026-09-06T19:40:38.185000Z,lab-sensor-01,5710,5,authentication_failed|invalid_login|sshd|syslog,sshd,T1021.004|T1110.001,journald,48424,0,1,0,0,0,1,0,0,0,1,0,21,3,6,0,3,0,0,72,6,19,6,1,4,ml_candidate,rule is not deterministic enough
wazuh-1788723638.2169752,2026-09-06T19:40:38.326000Z,film-laptop,86601,3,ids|suricata,json,none,/var/log/suricata/eve.json,68,67,1,1,0,0,1,0,0,0,0,0,9,8,2,0,0,0,0,0,3,19,6,1,9,ml_candidate,rule is not deterministic enough
wazuh-1788723642.2174164,2026-09-06T19:40:42.193000Z,lab-sensor-01,5710,5,authentication_failed|invalid_login|sshd|syslog,sshd,T1021.004|T1110.001,journald,48426,0,1,0,0,0,1,0,0,0,1,0,22,4,6,0,4,0,0,72,6,19,6,1,5,ml_candidate,rule is not deterministic enough
wazuh-1788723644.2174713,2026-09-06T19:40:44.195000Z,lab-sensor-01,5710,5,authentication_failed|invalid_login|sshd|syslog,sshd,T1021.004|T1110.001,journald,48436,0,1,0,0,0,1,0,0,0,1,0,23,5,6,0,5,0,0,73,6,19,6,1,6,ml_candidate,rule is not deterministic enough
wazuh-1788723670.2175705,2026-09-06T19:41:10.152000Z,lab-sensor-01,86601,3,ids|suricata,json,none,/var/log/suricata/eve.json,68,67,1,1,0,0,1,0,0,0,0,0,19,0,6,0,6,0,0,72,6,19,6,1,1,ml_candidate,rule is not deterministic enough
wazuh-1788723684.2183259,2026-09-06T19:41:24.172000Z,lab-sensor-01,31101,5,accesslog|attack|web,web-accesslog,none,/var/log/apache2/access.log,0,0,1,0,0,0,1,0,0,0,0,0,18,3,7,0,6,0,0,72,6,19,6,1,4,ml_candidate,rule is not deterministic enough
wazuh-1788723686.2183701,2026-09-06T19:41:26.175000Z,lab-sensor-01,31101,5,accesslog|attack|web,web-accesslog,none,/var/log/apache2/access.log,0,0,1,0,0,0,1,0,0,0,0,0,19,4,7,0,6,0,0,72,6,19,6,1,5,ml_candidate,rule is not deterministic enough
wazuh-1788723688.2184143,2026-09-06T19:41:28.178000Z,lab-sensor-01,31101,5,accesslog|attack|web,web-accesslog,none,/var/log/apache2/access.log,0,0,1,0,0,0,1,0,0,0,0,0,20,5,7,0,6,0,0,72,6,19,6,1,6,ml_candidate,rule is not deterministic enough
wazuh-1788723690.2184591,2026-09-06T19:41:30.180000Z,lab-sensor-01,30305,5,access_denied|apache|web,apache-errorlog,none,/var/log/apache2/error.log,47406,0,1,0,0,0,1,0,0,0,0,0,21,1,7,0,6,0,0,72,6,19,6,1,2,ml_candidate,rule is not deterministic enough
wazuh-1788723690.2185191,2026-09-06T19:41:30.221000Z,lab-sensor-01,31516,6,appsec|attack|web,web-accesslog,T1055,/var/log/apache2/access.log,0,0,1,0,0,0,1,0,0,0,0,0,22,1,7,0,6,0,0,72,6,19,6,1,2,ml_candidate,rule is not deterministic enough
wazuh-1788723716.2186077,2026-09-06T19:41:56.340000Z,lab-sensor-01,5710,5,authentication_failed|invalid_login|sshd|syslog,sshd,T1021.004|T1110.001,journald,36052,0,1,0,0,0,1,0,0,0,1,0,21,6,7,0,6,0,0,73,6,19,6,1,7,ml_candidate,rule is not deterministic enough
wazuh-1788723718.2187069,2026-09-06T19:41:58.344000Z,lab-sensor-01,5710,5,authentication_failed|invalid_login|sshd|syslog,sshd,T1021.004|T1110.001,journald,33038,0,1,0,0,0,1,0,0,0,1,0,22,7,7,0,7,0,0,74,6,19,6,1,8,ml_candidate,rule is not deterministic enough
wazuh-1788723722.2187618,2026-09-06T19:42:02.349000Z,lab-sensor-01,5710,5,authentication_failed|invalid_login|sshd|syslog,sshd,T1021.004|T1110.001,journald,33048,0,1,0,0,0,1,0,0,0,1,0,23,8,7,0,8,0,0,75,6,19,6,1,9,ml_candidate,rule is not deterministic enough
wazuh-1788723754.2189053,2026-09-06T19:42:34.271000Z,lab-sensor-01,31104,6,accesslog|attack|web,web-accesslog,T1055|T1083|T1190,/var/log/apache2/access.log,0,0,1,0,0,0,1,0,0,0,0,0,22,1,7,0,9,0,0,73,6,19,6,1,2,ml_candidate,rule is not deterministic enough
wazuh-1788723838.2192212,2026-09-06T19:43:58.592000Z,lab-sensor-01,5710,5,authentication_failed|invalid_login|sshd|syslog,sshd,T1021.004|T1110.001,journald,42442,0,1,0,0,0,1,0,0,0,1,0,21,6,7,0,9,0,0,74,6,19,6,1,7,ml_candidate,rule is not deterministic enough
wazuh-1788723842.2193204,2026-09-06T19:44:02.582000Z,lab-sensor-01,5710,5,authentication_failed|invalid_login|sshd|syslog,sshd,T1021.004|T1110.001,journald,42452,0,1,0,0,0,1,0,0,0,1,0,22,7,7,0,10,0,0,74,6,19,6,1,8,ml_candidate,rule is not deterministic enough
wazuh-1788723846.2193753,2026-09-06T19:44:06.588000Z,lab-sensor-01,5710,5,authentication_failed|invalid_login|sshd|syslog,sshd,T1021.004|T1110.001,journald,42456,0,1,0,0,0,1,0,0,0,1,0,22,8,7,0,11,0,0,74,6,19,6,1,9,ml_candidate,rule is not deterministic enough
wazuh-1788723892.2195188,2026-09-06T19:44:52.589000Z,lab-sensor-01,31104,6,accesslog|attack|web,web-accesslog,T1055|T1083|T1190,/var/log/apache2/access.log,0,0,1,0,0,0,1,0,0,0,0,0,22,1,7,0,12,0,0,75,6,19,6,1,2,ml_candidate,rule is not deterministic enough
wazuh-1788723908.2196575,2026-09-06T19:45:08.534000Z,film-laptop,591,3,ossec,ossec,none,logcollector,0,0,0,0,0,0,0,0,0,0,0,0,4,0,2,0,0,0,0,0,3,19,6,1,1,ml_candidate,rule is not deterministic enough
wazuh-1788723922.2197391,2026-09-06T19:45:22.641000Z,lab-sensor-01,31104,6,accesslog|attack|web,web-accesslog,T1055|T1083|T1190,/var/log/apache2/access.log,0,0,1,0,0,0,1,0,0,0,0,0,21,2,7,0,12,0,0,75,6,19,6,1,3,ml_candidate,rule is not deterministic enough
wazuh-1788723986.2200550,2026-09-06T19:46:26.913000Z,lab-sensor-01,5710,5,authentication_failed|invalid_login|sshd|syslog,sshd,T1021.004|T1110.001,journald,37554,0,1,0,0,0,1,0,0,0,1,0,15,6,7,0,12,0,0,71,6,19,6,1,7,ml_candidate,rule is not deterministic enough
wazuh-1788723988.2201099,2026-09-06T19:46:28.916000Z,lab-sensor-01,5710,5,authentication_failed|invalid_login|sshd|syslog,sshd,T1021.004|T1110.001,journald,60540,0,1,0,0,0,1,0,0,0,1,0,15,7,7,0,13,0,0,72,6,19,6,1,8,ml_candidate,rule is not deterministic enough
wazuh-1788723992.2201648,2026-09-06T19:46:32.923000Z,lab-sensor-01,5710,5,authentication_failed|invalid_login|sshd|syslog,sshd,T1021.004|T1110.001,journald,60556,0,1,0,0,0,1,0,0,0,1,0,14,8,7,0,14,0,0,73,6,19,6,1,9,ml_candidate,rule is not deterministic enough
wazuh-1788724076.2205616,2026-09-06T19:47:56.885000Z,lab-sensor-01,31104,6,accesslog|attack|web,web-accesslog,T1055|T1083|T1190,/var/log/apache2/access.log,0,0,1,0,0,0,1,0,0,0,0,0,13,2,7,0,18,0,0,73,6,19,6,1,3,ml_candidate,rule is not deterministic enough
wazuh-1788724217.2210990,2026-09-06T19:50:17.386000Z,lab-sensor-01,5710,5,authentication_failed|invalid_login|sshd|syslog,sshd,T1021.004|T1110.001,journald,57478,0,1,0,0,0,1,0,0,0,1,0,10,6,7,0,15,0,0,70,6,19,6,1,7,ml_candidate,rule is not deterministic enough
wazuh-1788724219.2211539,2026-09-06T19:50:19.391000Z,lab-sensor-01,5710,5,authentication_failed|invalid_login|sshd|syslog,sshd,T1021.004|T1110.001,journald,38472,0,1,0,0,0,1,0,0,0,1,0,11,7,7,0,16,0,0,71,6,19,6,1,8,ml_candidate,rule is not deterministic enough
wazuh-1788724223.2212088,2026-09-06T19:50:23.403000Z,lab-sensor-01,5710,5,authentication_failed|invalid_login|sshd|syslog,sshd,T1021.004|T1110.001,journald,38482,0,1,0,0,0,1,0,0,0,1,0,11,8,7,0,17,0,0,72,6,19,6,1,9,ml_candidate,rule is not deterministic enough
wazuh-1788724292.2214409,2026-09-06T19:51:32.574000Z,film-laptop,591,3,ossec,ossec,none,logcollector,0,0,0,0,0,0,0,0,0,0,0,0,0,0,1,0,0,0,0,0,3,19,6,1,1,ml_candidate,rule is not deterministic enough
wazuh-1788724297.2215225,2026-09-06T19:51:37.288000Z,lab-sensor-01,31104,6,accesslog|attack|web,web-accesslog,T1055|T1083|T1190,/var/log/apache2/access.log,0,0,1,0,0,0,1,0,0,0,0,0,8,1,3,0,15,0,0,73,6,19,6,1,2,ml_candidate,rule is not deterministic enough
wazuh-1788724333.2217055,2026-09-06T19:52:13.339000Z,lab-sensor-01,31101,5,accesslog|attack|web,web-accesslog,none,/var/log/apache2/access.log,0,0,1,0,0,0,1,0,0,0,0,0,7,0,3,0,12,0,0,73,6,19,6,1,1,ml_candidate,rule is not deterministic enough
wazuh-1788724335.2217497,2026-09-06T19:52:15.345000Z,lab-sensor-01,31101,5,accesslog|attack|web,web-accesslog,none,/var/log/apache2/access.log,0,0,1,0,0,0,1,0,0,0,0,0,8,1,4,0,12,0,0,73,6,19,6,1,2,ml_candidate,rule is not deterministic enough
wazuh-1788724337.2217939,2026-09-06T19:52:17.355000Z,lab-sensor-01,31101,5,accesslog|attack|web,web-accesslog,none,/var/log/apache2/access.log,0,0,1,0,0,0,1,0,0,0,0,0,9,2,4,0,12,0,0,73,6,19,6,1,3,ml_candidate,rule is not deterministic enough
wazuh-1788724339.2218387,2026-09-06T19:52:19.365000Z,lab-sensor-01,30305,5,access_denied|apache|web,apache-errorlog,none,/var/log/apache2/error.log,47180,0,1,0,0,0,1,0,0,0,0,0,10,0,4,0,12,0,0,73,6,19,6,1,1,ml_candidate,rule is not deterministic enough
wazuh-1788724339.2218987,2026-09-06T19:52:19.366000Z,lab-sensor-01,31516,6,appsec|attack|web,web-accesslog,T1055,/var/log/apache2/access.log,0,0,1,0,0,0,1,0,0,0,0,0,11,0,5,0,12,0,0,73,6,19,6,1,1,ml_candidate,rule is not deterministic enough
wazuh-1788724431.2221645,2026-09-06T19:53:51.544000Z,lab-sensor-01,31104,6,accesslog|attack|web,web-accesslog,T1055|T1083|T1190,/var/log/apache2/access.log,0,0,1,0,0,0,1,0,0,0,0,0,10,1,6,0,12,0,0,71,6,19,6,1,2,ml_candidate,rule is not deterministic enough
wazuh-1788724471.2223918,2026-09-06T19:54:31.774000Z,lab-sensor-01,5710,5,authentication_failed|invalid_login|sshd|syslog,sshd,T1021.004|T1110.001,journald,40304,0,1,0,0,0,1,0,0,0,1,0,12,3,6,0,9,0,0,69,6,19,6,1,4,ml_candidate,rule is not deterministic enough
wazuh-1788724473.2224467,2026-09-06T19:54:33.784000Z,lab-sensor-01,5710,5,authentication_failed|invalid_login|sshd|syslog,sshd,T1021.004|T1110.001,journald,40312,0,1,0,0,0,1,0,0,0,1,0,13,4,6,0,10,0,0,70,6,19,6,1,5,ml_candidate,rule is not deterministic enough
wazuh-1788724477.2225016,2026-09-06T19:54:37.789000Z,lab-sensor-01,5710,5,authentication_failed|invalid_login|sshd|syslog,sshd,T1021.004|T1110.001,journald,39218,0,1,0,0,0,1,0,0,0,1,0,14,5,6,0,11,0,0,71,6,19,6,1,6,ml_candidate,rule is not deterministic enough
wazuh-1788724489.2225565,2026-09-06T19:54:49.707000Z,lab-sensor-01,31104,6,accesslog|attack|web,web-accesslog,T1055|T1083|T1190,/var/log/apache2/access.log,0,0,1,0,0,0,1,0,0,0,0,0,15,2,6,0,12,0,0,70,6,19,6,1,3,ml_candidate,rule is not deterministic enough
wazuh-1788724529.2227838,2026-09-06T19:55:29.791000Z,lab-sensor-01,31101,5,accesslog|attack|web,web-accesslog,none,/var/log/apache2/access.log,0,0,1,0,0,0,1,0,0,0,0,0,14,3,6,0,12,0,0,71,6,19,6,1,4,ml_candidate,rule is not deterministic enough
wazuh-1788724531.2228280,2026-09-06T19:55:31.795000Z,lab-sensor-01,31101,5,accesslog|attack|web,web-accesslog,none,/var/log/apache2/access.log,0,0,1,0,0,0,1,0,0,0,0,0,15,4,6,0,12,0,0,71,6,19,6,1,5,ml_candidate,rule is not deterministic enough
wazuh-1788724533.2228722,2026-09-06T19:55:33.808000Z,lab-sensor-01,31101,5,accesslog|attack|web,web-accesslog,none,/var/log/apache2/access.log,0,0,1,0,0,0,1,0,0,0,0,0,16,5,6,0,12,0,0,70,6,19,6,1,6,ml_candidate,rule is not deterministic enough
wazuh-1788724535.2229170,2026-09-06T19:55:35.812000Z,lab-sensor-01,30305,5,access_denied|apache|web,apache-errorlog,none,/var/log/apache2/error.log,50750,0,1,0,0,0,1,0,0,0,0,0,17,1,6,0,12,0,0,69,6,19,6,1,2,ml_candidate,rule is not deterministic enough
wazuh-1788724535.2229770,2026-09-06T19:55:35.812000Z,lab-sensor-01,31516,6,appsec|attack|web,web-accesslog,T1055,/var/log/apache2/access.log,0,0,1,0,0,0,1,0,0,0,0,0,18,1,6,0,12,0,0,69,6,19,6,1,2,ml_candidate,rule is not deterministic enough
wazuh-1788724551.2230656,2026-09-06T19:55:51.834000Z,lab-sensor-01,31101,5,accesslog|attack|web,web-accesslog,none,/var/log/apache2/access.log,0,0,1,0,0,0,1,0,0,0,0,0,19,6,6,0,12,0,0,70,6,19,6,1,7,ml_candidate,rule is not deterministic enough
wazuh-1788724553.2231098,2026-09-06T19:55:53.843000Z,lab-sensor-01,31101,5,accesslog|attack|web,web-accesslog,none,/var/log/apache2/access.log,0,0,1,0,0,0,1,0,0,0,0,0,20,7,6,0,12,0,0,70,6,19,6,1,8,ml_candidate,rule is not deterministic enough
wazuh-1788724555.2231540,2026-09-06T19:55:55.858000Z,lab-sensor-01,31101,5,accesslog|attack|web,web-accesslog,none,/var/log/apache2/access.log,0,0,1,0,0,0,1,0,0,0,0,0,21,8,6,0,12,0,0,70,6,19,6,1,9,ml_candidate,rule is not deterministic enough
wazuh-1788724557.2231988,2026-09-06T19:55:57.862000Z,lab-sensor-01,30305,5,access_denied|apache|web,apache-errorlog,none,/var/log/apache2/error.log,54754,0,1,0,0,0,1,0,0,0,0,0,22,2,6,0,12,0,0,70,6,19,6,1,3,ml_candidate,rule is not deterministic enough
wazuh-1788724557.2232588,2026-09-06T19:55:57.862000Z,lab-sensor-01,31516,6,appsec|attack|web,web-accesslog,T1055,/var/log/apache2/access.log,0,0,1,0,0,0,1,0,0,0,0,0,23,2,6,0,12,0,0,70,6,19,6,1,3,ml_candidate,rule is not deterministic enough
wazuh-1788724612.2234803,2026-09-06T19:56:52.608000Z,film-laptop,591,3,ossec,ossec,none,logcollector,0,0,0,0,0,0,0,0,0,0,0,0,0,0,1,0,0,0,0,0,3,19,6,1,1,ml_candidate,rule is not deterministic enough
wazuh-1788724622.2235176,2026-09-06T19:57:02.098000Z,lab-sensor-01,5710,5,authentication_failed|invalid_login|sshd|syslog,sshd,T1021.004|T1110.001,journald,53668,0,1,0,0,0,1,0,0,0,1,0,22,3,6,0,6,0,0,67,6,19,6,1,4,ml_candidate,rule is not deterministic enough
wazuh-1788724626.2236168,2026-09-06T19:57:06.120000Z,lab-sensor-01,5710,5,authentication_failed|invalid_login|sshd|syslog,sshd,T1021.004|T1110.001,journald,53674,0,1,0,0,0,1,0,0,0,1,0,23,4,6,0,7,0,0,66,6,19,6,1,5,ml_candidate,rule is not deterministic enough
wazuh-1788724628.2236717,2026-09-06T19:57:08.135000Z,lab-sensor-01,5710,5,authentication_failed|invalid_login|sshd|syslog,sshd,T1021.004|T1110.001,journald,48746,0,1,0,0,0,1,0,0,0,1,0,24,5,6,0,8,0,0,67,6,19,6,1,6,ml_candidate,rule is not deterministic enough
wazuh-1788724644.2237709,2026-09-06T19:57:24.124000Z,lab-sensor-01,31101,5,accesslog|attack|web,web-accesslog,none,/var/log/apache2/access.log,0,0,1,0,0,0,1,0,0,0,0,0,20,6,6,0,9,0,0,68,6,19,6,1,7,ml_candidate,rule is not deterministic enough
wazuh-1788724646.2238151,2026-09-06T19:57:26.128000Z,lab-sensor-01,31101,5,accesslog|attack|web,web-accesslog,none,/var/log/apache2/access.log,0,0,1,0,0,0,1,0,0,0,0,0,21,7,6,0,9,0,0,68,6,19,6,1,8,ml_candidate,rule is not deterministic enough
wazuh-1788724648.2238593,2026-09-06T19:57:28.134000Z,lab-sensor-01,31101,5,accesslog|attack|web,web-accesslog,none,/var/log/apache2/access.log,0,0,1,0,0,0,1,0,0,0,0,0,22,8,6,0,9,0,0,68,6,19,6,1,9,ml_candidate,rule is not deterministic enough
wazuh-1788724650.2239041,2026-09-06T19:57:30.136000Z,lab-sensor-01,30305,5,access_denied|apache|web,apache-errorlog,none,/var/log/apache2/error.log,50136,0,1,0,0,0,1,0,0,0,0,0,23,2,6,0,9,0,0,68,6,19,6,1,3,ml_candidate,rule is not deterministic enough
wazuh-1788724650.2239641,2026-09-06T19:57:30.137000Z,lab-sensor-01,31516,6,appsec|attack|web,web-accesslog,T1055,/var/log/apache2/access.log,0,0,1,0,0,0,1,0,0,0,0,0,24,2,6,0,9,0,0,68,6,19,6,1,3,ml_candidate,rule is not deterministic enough
wazuh-1788724666.2240084,2026-09-06T19:57:46.235000Z,lab-sensor-01,5710,5,authentication_failed|invalid_login|sshd|syslog,sshd,T1021.004|T1110.001,journald,45298,0,1,0,0,0,1,0,0,0,1,0,25,6,6,0,9,0,0,69,6,19,6,1,7,ml_candidate,rule is not deterministic enough
wazuh-1788724670.2241076,2026-09-06T19:57:50.240000Z,lab-sensor-01,5710,5,authentication_failed|invalid_login|sshd|syslog,sshd,T1021.004|T1110.001,journald,43528,0,1,0,0,0,1,0,0,0,1,0,26,7,6,0,10,0,0,70,6,19,6,1,8,ml_candidate,rule is not deterministic enough
wazuh-1788724672.2241625,2026-09-06T19:57:52.244000Z,lab-sensor-01,5710,5,authentication_failed|invalid_login|sshd|syslog,sshd,T1021.004|T1110.001,journald,43540,0,1,0,0,0,1,0,0,0,1,0,27,8,6,0,11,0,0,71,6,19,6,1,9,ml_candidate,rule is not deterministic enough
wazuh-1788724696.2243949,2026-09-06T19:58:16.122000Z,lab-sensor-01,30305,5,access_denied|apache|web,apache-errorlog,none,/var/log/apache2/error.log,57180,0,1,0,0,0,1,0,0,0,0,0,31,3,6,0,12,0,0,72,6,19,6,1,4,ml_candidate,rule is not deterministic enough
wazuh-1788724696.2244549,2026-09-06T19:58:16.122000Z,lab-sensor-01,31516,6,appsec|attack|web,web-accesslog,T1055,/var/log/apache2/access.log,0,0,1,0,0,0,1,0,0,0,0,0,32,3,6,0,12,0,0,72,6,19,6,1,4,ml_candidate,rule is not deterministic enough
wazuh-1788724740.2249642,2026-09-06T19:59:00.227000Z,lab-sensor-01,30305,5,access_denied|apache|web,apache-errorlog,none,/var/log/apache2/error.log,46174,0,1,0,0,0,1,0,0,0,0,0,37,4,7,1,15,0,0,76,10,19,6,1,5,ml_candidate,rule is not deterministic enough
wazuh-1788724740.2250242,2026-09-06T19:59:00.227000Z,lab-sensor-01,31516,6,appsec|attack|web,web-accesslog,T1055,/var/log/apache2/access.log,0,0,1,0,0,0,1,0,0,0,0,0,38,4,7,1,15,0,0,76,10,19,6,1,5,ml_candidate,rule is not deterministic enough
wazuh-1788724764.2252460,2026-09-06T19:59:24.298000Z,lab-sensor-01,30305,5,access_denied|apache|web,apache-errorlog,none,/var/log/apache2/error.log,41876,0,1,0,0,0,1,0,0,0,0,0,42,5,7,1,15,0,0,75,10,19,6,1,6,ml_candidate,rule is not deterministic enough
wazuh-1788724764.2253060,2026-09-06T19:59:24.298000Z,lab-sensor-01,31516,6,appsec|attack|web,web-accesslog,T1055,/var/log/apache2/access.log,0,0,1,0,0,0,1,0,0,0,0,0,43,5,7,1,15,0,0,75,10,19,6,1,6,ml_candidate,rule is not deterministic enough
wazuh-1788724778.2253946,2026-09-06T19:59:38.323000Z,lab-sensor-01,31104,6,accesslog|attack|web,web-accesslog,T1055|T1083|T1190,/var/log/apache2/access.log,0,0,1,0,0,0,1,0,0,0,0,0,41,1,7,1,15,0,0,76,10,19,6,1,2,ml_candidate,rule is not deterministic enough
wazuh-1788724800.2255333,2026-09-06T20:00:00.393000Z,lab-sensor-01,80730,3,audit|audit_selinux,auditd,none,/var/log/audit/audit.log,0,0,0,0,0,0,0,1,1,0,0,0,41,0,7,1,15,0,0,76,10,20,6,1,1,ml_candidate,rule is not deterministic enough
wazuh-1788724800.2257125,2026-09-06T20:00:00.434000Z,lab-sensor-01,80730,3,audit|audit_selinux,auditd,none,/var/log/audit/audit.log,0,0,0,0,0,0,0,1,1,0,0,0,42,1,8,1,15,0,0,76,10,20,6,1,2,ml_candidate,rule is not deterministic enough
wazuh-1788724800.2258862,2026-09-06T20:00:00.527000Z,lab-sensor-01,40704,5,local|systemd,systemd,none,journald,0,0,0,0,0,0,0,0,0,0,0,0,43,0,8,1,15,0,0,76,10,20,6,1,1,ml_candidate,rule is not deterministic enough
wazuh-1788724802.2259199,2026-09-06T20:00:02.375000Z,lab-sensor-01,80730,3,audit|audit_selinux,auditd,none,/var/log/audit/audit.log,0,0,0,0,0,0,0,1,1,0,0,0,44,2,9,1,15,0,0,76,10,20,6,1,3,ml_candidate,rule is not deterministic enough
wazuh-1788724802.2260990,2026-09-06T20:00:02.375000Z,lab-sensor-01,80730,3,audit|audit_selinux,auditd,none,/var/log/audit/audit.log,0,0,0,0,0,0,0,1,1,0,0,0,45,3,9,1,15,0,0,76,10,20,6,1,4,ml_candidate,rule is not deterministic enough
wazuh-1788724802.2262811,2026-09-06T20:00:02.403000Z,lab-sensor-01,80730,3,audit|audit_selinux,auditd,none,/var/log/audit/audit.log,0,0,0,0,0,0,0,1,1,0,0,0,46,4,9,1,15,0,0,76,10,20,6,1,5,ml_candidate,rule is not deterministic enough
wazuh-1788724802.2264603,2026-09-06T20:00:02.406000Z,lab-sensor-01,80730,3,audit|audit_selinux,auditd,none,/var/log/audit/audit.log,0,0,0,0,0,0,0,1,1,0,0,0,47,5,9,1,15,0,0,76,10,20,6,1,6,ml_candidate,rule is not deterministic enough
wazuh-1788724802.2266424,2026-09-06T20:00:02.431000Z,lab-sensor-01,80730,3,audit|audit_selinux,auditd,none,/var/log/audit/audit.log,0,0,0,0,0,0,0,1,1,0,0,0,48,6,9,1,15,0,0,76,10,20,6,1,7,ml_candidate,rule is not deterministic enough
wazuh-1788724802.2268216,2026-09-06T20:00:02.436000Z,lab-sensor-01,80730,3,audit|audit_selinux,auditd,none,/var/log/audit/audit.log,0,0,0,0,0,0,0,1,1,0,0,0,49,7,9,1,15,0,0,76,10,20,6,1,8,ml_candidate,rule is not deterministic enough
wazuh-1788724802.2269953,2026-09-06T20:00:02.456000Z,lab-sensor-01,80730,3,audit|audit_selinux,auditd,none,/var/log/audit/audit.log,0,0,0,0,0,0,0,1,1,0,0,0,50,8,9,1,15,0,0,76,10,20,6,1,9,ml_candidate,rule is not deterministic enough
wazuh-1788724802.2273482,2026-09-06T20:00:02.522000Z,lab-sensor-01,40704,5,local|systemd,systemd,none,journald,0,0,0,0,0,0,0,0,0,0,0,0,52,1,9,1,15,0,0,76,10,20,6,1,2,ml_candidate,rule is not deterministic enough
wazuh-1788724802.2273819,2026-09-06T20:00:02.539000Z,lab-sensor-01,40704,5,local|systemd,systemd,none,journald,0,0,0,0,0,0,0,0,0,0,0,0,53,2,9,1,15,0,0,76,10,20,6,1,3,ml_candidate,rule is not deterministic enough
wazuh-1788724802.2274156,2026-09-06T20:00:02.559000Z,lab-sensor-01,40704,5,local|systemd,systemd,none,journald,0,0,0,0,0,0,0,0,0,0,0,0,54,3,9,1,15,0,0,76,10,20,6,1,4,ml_candidate,rule is not deterministic enough
wazuh-1788724802.2274493,2026-09-06T20:00:02.576000Z,lab-sensor-01,40704,5,local|systemd,systemd,none,journald,0,0,0,0,0,0,0,0,0,0,0,0,55,4,9,1,15,0,0,76,10,20,6,1,5,ml_candidate,rule is not deterministic enough
wazuh-1788724812.2275273,2026-09-06T20:00:12.528000Z,lab-sensor-01,5710,5,authentication_failed|invalid_login|sshd|syslog,sshd,T1021.004|T1110.001,journald,59162,0,1,0,0,0,1,0,0,0,1,0,56,8,9,1,15,0,0,76,10,20,6,1,9,ml_candidate,rule is not deterministic enough
wazuh-1788724914.2282557,2026-09-06T20:01:54.558000Z,lab-sensor-01,30305,5,access_denied|apache|web,apache-errorlog,none,/var/log/apache2/error.log,59548,0,1,0,0,0,1,0,0,0,0,0,55,4,9,1,18,0,0,80,10,20,6,1,5,ml_candidate,rule is not deterministic enough
wazuh-1788724914.2283157,2026-09-06T20:01:54.558000Z,lab-sensor-01,31516,6,appsec|attack|web,web-accesslog,T1055,/var/log/apache2/access.log,0,0,1,0,0,0,1,0,0,0,0,0,56,4,9,1,18,0,0,80,10,20,6,1,5,ml_candidate,rule is not deterministic enough
wazuh-1788724933.2284043,2026-09-06T20:02:13.698000Z,film-laptop,80730,3,audit|audit_selinux,auditd,none,/var/log/audit/audit.log,0,0,0,0,0,0,0,1,1,0,0,0,0,0,1,0,0,0,0,0,3,20,6,1,1,ml_candidate,rule is not deterministic enough
wazuh-1788724962.2289078,2026-09-06T20:02:42.636000Z,lab-sensor-01,30305,5,access_denied|apache|web,apache-errorlog,none,/var/log/apache2/error.log,58730,0,1,0,0,0,1,0,0,0,0,0,52,4,9,1,18,0,0,81,10,20,6,1,5,ml_candidate,rule is not deterministic enough
wazuh-1788724962.2289678,2026-09-06T20:02:42.677000Z,lab-sensor-01,31516,6,appsec|attack|web,web-accesslog,T1055,/var/log/apache2/access.log,0,0,1,0,0,0,1,0,0,0,0,0,53,4,9,1,18,0,0,81,10,20,6,1,5,ml_candidate,rule is not deterministic enough
wazuh-1788724996.2291007,2026-09-06T20:03:16.647000Z,film-laptop,591,3,ossec,ossec,none,logcollector,0,0,0,0,0,0,0,0,0,0,0,0,1,0,2,0,0,0,0,0,3,20,6,1,1,ml_candidate,rule is not deterministic enough
wazuh-1788725010.2293155,2026-09-06T20:03:30.752000Z,lab-sensor-01,30305,5,access_denied|apache|web,apache-errorlog,none,/var/log/apache2/error.log,33326,0,1,0,0,0,1,0,0,0,0,0,48,4,9,1,18,0,0,80,10,20,6,1,5,ml_candidate,rule is not deterministic enough
wazuh-1788725010.2293755,2026-09-06T20:03:30.793000Z,lab-sensor-01,31516,6,appsec|attack|web,web-accesslog,T1055,/var/log/apache2/access.log,0,0,1,0,0,0,1,0,0,0,0,0,49,4,9,1,18,0,0,80,10,20,6,1,5,ml_candidate,rule is not deterministic enough
wazuh-1788725185.2300403,2026-09-06T20:06:25.080000Z,lab-sensor-01,30305,5,access_denied|apache|web,apache-errorlog,none,/var/log/apache2/error.log,34026,0,1,0,0,0,1,0,0,0,0,0,20,3,9,1,15,0,0,73,10,20,6,1,4,ml_candidate,rule is not deterministic enough
wazuh-1788725185.2301003,2026-09-06T20:06:25.080000Z,lab-sensor-01,31516,6,appsec|attack|web,web-accesslog,T1055,/var/log/apache2/access.log,0,0,1,0,0,0,1,0,0,0,0,0,21,3,9,1,15,0,0,73,10,20,6,1,4,ml_candidate,rule is not deterministic enough
wazuh-1788725213.2301889,2026-09-06T20:06:53.306000Z,lab-sensor-01,5710,5,authentication_failed|invalid_login|sshd|syslog,sshd,T1021.004|T1110.001,journald,48996,0,1,0,0,0,1,0,0,0,1,0,17,0,9,1,15,0,0,73,10,20,6,1,1,ml_candidate,rule is not deterministic enough
wazuh-1788725217.2302881,2026-09-06T20:06:57.311000Z,lab-sensor-01,5710,5,authentication_failed|invalid_login|sshd|syslog,sshd,T1021.004|T1110.001,journald,49012,0,1,0,0,0,1,0,0,0,1,0,16,1,9,1,16,0,0,73,10,20,6,1,2,ml_candidate,rule is not deterministic enough
wazuh-1788725219.2303430,2026-09-06T20:06:59.315000Z,lab-sensor-01,5710,5,authentication_failed|invalid_login|sshd|syslog,sshd,T1021.004|T1110.001,journald,36500,0,1,0,0,0,1,0,0,0,1,0,17,2,9,1,17,0,0,74,10,20,6,1,3,ml_candidate,rule is not deterministic enough
wazuh-1788725237.2304422,2026-09-06T20:07:17.231000Z,lab-sensor-01,31104,6,accesslog|attack|web,web-accesslog,T1055|T1083|T1190,/var/log/apache2/access.log,0,0,1,0,0,0,1,0,0,0,0,0,18,0,9,1,15,0,0,73,10,20,6,1,1,ml_candidate,rule is not deterministic enough
wazuh-1788725255.2305809,2026-09-06T20:07:35.367000Z,lab-sensor-01,5710,5,authentication_failed|invalid_login|sshd|syslog,sshd,T1021.004|T1110.001,journald,56348,0,1,0,0,0,1,0,0,0,1,0,20,3,9,1,15,0,0,75,10,20,6,1,4,ml_candidate,rule is not deterministic enough
wazuh-1788725257.2306358,2026-09-06T20:07:37.371000Z,lab-sensor-01,5710,5,authentication_failed|invalid_login|sshd|syslog,sshd,T1021.004|T1110.001,journald,39018,0,1,0,0,0,1,0,0,0,1,0,20,4,9,1,16,0,0,76,10,20,6,1,5,ml_candidate,rule is not deterministic enough
wazuh-1788725261.2306907,2026-09-06T20:07:41.377000Z,lab-sensor-01,5710,5,authentication_failed|invalid_login|sshd|syslog,sshd,T1021.004|T1110.001,journald,39022,0,1,0,0,0,1,0,0,0,1,0,19,5,9,1,17,0,0,77,10,20,6,1,6,ml_candidate,rule is not deterministic enough
wazuh-1788725316.2308785,2026-09-06T20:08:36.680000Z,film-laptop,591,3,ossec,ossec,none,logcollector,0,0,0,0,0,0,0,0,0,0,0,0,0,0,2,0,0,0,0,0,3,20,6,1,1,ml_candidate,rule is not deterministic enough
wazuh-1788725319.2309601,2026-09-06T20:08:39.478000Z,lab-sensor-01,5710,5,authentication_failed|invalid_login|sshd|syslog,sshd,T1021.004|T1110.001,journald,34662,0,1,0,0,0,1,0,0,0,1,0,13,6,8,0,12,0,0,75,6,20,6,1,7,ml_candidate,rule is not deterministic enough
wazuh-1788725325.2311484,2026-09-06T20:08:45.485000Z,lab-sensor-01,5710,5,authentication_failed|invalid_login|sshd|syslog,sshd,T1021.004|T1110.001,journald,34680,0,1,0,0,0,1,0,0,0,1,0,15,7,9,1,14,0,0,77,10,20,6,1,8,ml_candidate,rule is not deterministic enough
wazuh-1788725355.2312476,2026-09-06T20:09:15.567000Z,lab-sensor-01,5710,5,authentication_failed|invalid_login|sshd|syslog,sshd,T1021.004|T1110.001,journald,38102,0,1,0,0,0,1,0,0,0,1,0,16,8,9,1,15,0,0,76,10,20,6,1,9,ml_candidate,rule is not deterministic enough
wazuh-1788725443.2317224,2026-09-06T20:10:43.523000Z,lab-sensor-01,31101,5,accesslog|attack|web,web-accesslog,none,/var/log/apache2/access.log,0,0,1,0,0,0,1,0,0,0,0,0,19,3,7,1,15,0,0,76,10,20,6,1,4,ml_candidate,rule is not deterministic enough
wazuh-1788725445.2317666,2026-09-06T20:10:45.544000Z,lab-sensor-01,31101,5,accesslog|attack|web,web-accesslog,none,/var/log/apache2/access.log,0,0,1,0,0,0,1,0,0,0,0,0,20,4,7,1,15,0,0,75,10,20,6,1,5,ml_candidate,rule is not deterministic enough
wazuh-1788725447.2318108,2026-09-06T20:10:47.554000Z,lab-sensor-01,31101,5,accesslog|attack|web,web-accesslog,none,/var/log/apache2/access.log,0,0,1,0,0,0,1,0,0,0,0,0,21,5,7,1,15,0,0,75,10,20,6,1,6,ml_candidate,rule is not deterministic enough
wazuh-1788725449.2318556,2026-09-06T20:10:49.559000Z,lab-sensor-01,30305,5,access_denied|apache|web,apache-errorlog,none,/var/log/apache2/error.log,58714,0,1,0,0,0,1,0,0,0,0,0,22,1,7,1,15,0,0,75,10,20,6,1,2,ml_candidate,rule is not deterministic enough
wazuh-1788725449.2319156,2026-09-06T20:10:49.559000Z,lab-sensor-01,31516,6,appsec|attack|web,web-accesslog,T1055,/var/log/apache2/access.log,0,0,1,0,0,0,1,0,0,0,0,0,23,1,7,1,15,0,0,75,10,20,6,1,2,ml_candidate,rule is not deterministic enough
wazuh-1788725502.2322132,2026-09-06T20:11:42.680000Z,film-laptop,86601,3,ids|suricata,json,none,/var/log/suricata/eve.json,40678,80,1,0,0,0,1,0,0,0,0,0,1,0,2,0,0,0,0,0,3,20,6,1,1,ml_candidate,rule is not deterministic enough
wazuh-1788725502.2324675,2026-09-06T20:11:42.690000Z,film-laptop,86601,3,ids|suricata,json,none,/var/log/suricata/eve.json,48986,80,1,0,0,0,1,0,0,0,0,0,2,1,3,0,0,0,0,0,3,20,6,1,2,ml_candidate,rule is not deterministic enough
wazuh-1788725502.2327252,2026-09-06T20:11:42.694000Z,film-laptop,86601,3,ids|suricata,json,none,/var/log/suricata/eve.json,56270,80,1,0,0,0,1,0,0,0,0,0,3,2,3,0,0,0,0,0,3,20,6,1,3,ml_candidate,rule is not deterministic enough
wazuh-1788725502.2329767,2026-09-06T20:11:42.706000Z,film-laptop,86601,3,ids|suricata,json,none,/var/log/suricata/eve.json,56270,80,1,0,0,0,1,0,0,0,0,0,4,3,3,0,0,0,0,0,3,20,6,1,4,ml_candidate,rule is not deterministic enough
wazuh-1788725502.2332300,2026-09-06T20:11:42.718000Z,film-laptop,86601,3,ids|suricata,json,none,/var/log/suricata/eve.json,48986,80,1,0,0,0,1,0,0,0,0,0,5,4,3,0,0,0,0,0,3,20,6,1,5,ml_candidate,rule is not deterministic enough
wazuh-1788725502.2334899,2026-09-06T20:11:42.734000Z,film-laptop,5402,3,sudo|syslog,sudo,T1548.003,journald,0,0,0,0,0,0,0,0,0,0,0,1,6,0,3,0,0,0,0,0,3,20,6,1,1,ml_candidate,rule is not deterministic enough
wazuh-1788725502.2335442,2026-09-06T20:11:42.736000Z,film-laptop,5501,3,authentication_success|pam|syslog,pam,T1078,journald,0,0,0,0,0,0,0,0,0,0,1,0,7,0,4,0,0,0,1,1,3,20,6,1,1,ml_candidate,rule is not deterministic enough
wazuh-1788725504.2335915,2026-09-06T20:11:44.414000Z,film-laptop,86601,3,ids|suricata,json,none,/var/log/suricata/eve.json,56270,80,1,0,0,0,1,0,0,0,0,0,8,5,5,0,1,0,1,2,3,20,6,1,6,ml_candidate,rule is not deterministic enough
wazuh-1788725562.2341081,2026-09-06T20:12:42.733000Z,film-laptop,86601,3,ids|suricata,json,none,/var/log/suricata/eve.json,55670,80,1,0,0,0,1,0,0,0,0,0,10,6,5,0,2,0,1,2,3,20,6,1,7,ml_candidate,rule is not deterministic enough
wazuh-1788725562.2343656,2026-09-06T20:12:42.734000Z,film-laptop,86601,3,ids|suricata,json,none,/var/log/suricata/eve.json,59774,80,1,0,0,0,1,0,0,0,0,0,11,7,5,0,2,0,1,2,3,20,6,1,8,ml_candidate,rule is not deterministic enough
wazuh-1788725562.2346169,2026-09-06T20:12:42.740000Z,film-laptop,86601,3,ids|suricata,json,none,/var/log/suricata/eve.json,59790,80,1,0,0,0,1,0,0,0,0,0,12,8,5,0,2,0,1,2,3,20,6,1,9,ml_candidate,rule is not deterministic enough
wazuh-1788725562.2351299,2026-09-06T20:12:42.757000Z,film-laptop,5402,3,sudo|syslog,sudo,T1548.003,journald,0,0,0,0,0,0,0,0,0,0,0,1,14,1,5,0,2,0,1,2,3,20,6,1,2,ml_candidate,rule is not deterministic enough
wazuh-1788725562.2351842,2026-09-06T20:12:42.759000Z,film-laptop,5501,3,authentication_success|pam|syslog,pam,T1078,journald,0,0,0,0,0,0,0,0,0,0,1,0,15,1,5,0,2,0,2,3,3,20,6,1,2,ml_candidate,rule is not deterministic enough
wazuh-1788725588.2358238,2026-09-06T20:13:08.028000Z,lab-sensor-01,5710,5,authentication_failed|invalid_login|sshd|syslog,sshd,T1021.004|T1110.001,journald,52700,0,1,0,0,0,1,0,0,0,1,0,14,8,7,1,15,0,0,73,10,20,6,1,9,ml_candidate,rule is not deterministic enough
wazuh-1788725636.2362861,2026-09-06T20:13:56.714000Z,film-laptop,591,3,ossec,ossec,none,logcollector,0,0,0,0,0,0,0,0,0,0,0,0,18,0,5,0,4,0,2,4,3,20,6,1,1,ml_candidate,rule is not deterministic enough
wazuh-1788725680.2364563,2026-09-06T20:14:40.022000Z,lab-sensor-01,31101,5,accesslog|attack|web,web-accesslog,none,/var/log/apache2/access.log,0,0,1,0,0,0,1,0,0,0,0,0,14,3,7,1,21,0,0,76,10,20,6,1,4,ml_candidate,rule is not deterministic enough
wazuh-1788725682.2365005,2026-09-06T20:14:42.027000Z,lab-sensor-01,31101,5,accesslog|attack|web,web-accesslog,none,/var/log/apache2/access.log,0,0,1,0,0,0,1,0,0,0,0,0,15,4,7,1,21,0,0,76,10,20,6,1,5,ml_candidate,rule is not deterministic enough
wazuh-1788725684.2365447,2026-09-06T20:14:44.028000Z,lab-sensor-01,31101,5,accesslog|attack|web,web-accesslog,none,/var/log/apache2/access.log,0,0,1,0,0,0,1,0,0,0,0,0,16,5,7,1,21,0,0,76,10,20,6,1,6,ml_candidate,rule is not deterministic enough
wazuh-1788725686.2365895,2026-09-06T20:14:46.031000Z,lab-sensor-01,30305,5,access_denied|apache|web,apache-errorlog,none,/var/log/apache2/error.log,60774,0,1,0,0,0,1,0,0,0,0,0,17,1,7,1,21,0,0,76,10,20,6,1,2,ml_candidate,rule is not deterministic enough
wazuh-1788725686.2366495,2026-09-06T20:14:46.031000Z,lab-sensor-01,31516,6,appsec|attack|web,web-accesslog,T1055,/var/log/apache2/access.log,0,0,1,0,0,0,1,0,0,0,0,0,18,1,7,1,21,0,0,76,10,20,6,1,2,ml_candidate,rule is not deterministic enough
wazuh-1788725702.2367381,2026-09-06T20:15:02.095000Z,lab-sensor-01,31104,6,accesslog|attack|web,web-accesslog,T1055|T1083|T1190,/var/log/apache2/access.log,0,0,1,0,0,0,1,0,0,0,0,0,19,0,7,1,21,0,0,75,10,20,6,1,1,ml_candidate,rule is not deterministic enough
wazuh-1788725816.2371426,2026-09-06T20:16:56.472000Z,lab-sensor-01,31101,5,accesslog|attack|web,web-accesslog,none,/var/log/apache2/access.log,0,0,1,0,0,0,1,0,0,0,0,0,13,3,7,1,20,0,0,69,10,20,6,1,4,ml_candidate,rule is not deterministic enough
wazuh-1788725818.2371868,2026-09-06T20:16:58.484000Z,lab-sensor-01,31101,5,accesslog|attack|web,web-accesslog,none,/var/log/apache2/access.log,0,0,1,0,0,0,1,0,0,0,0,0,14,4,7,1,19,0,0,69,10,20,6,1,5,ml_candidate,rule is not deterministic enough
wazuh-1788725820.2372310,2026-09-06T20:17:00.491000Z,lab-sensor-01,31101,5,accesslog|attack|web,web-accesslog,none,/var/log/apache2/access.log,0,0,1,0,0,0,1,0,0,0,0,0,15,5,7,1,18,0,0,69,10,20,6,1,6,ml_candidate,rule is not deterministic enough
wazuh-1788725822.2372758,2026-09-06T20:17:02.495000Z,lab-sensor-01,30305,5,access_denied|apache|web,apache-errorlog,none,/var/log/apache2/error.log,42158,0,1,0,0,0,1,0,0,0,0,0,16,1,7,1,18,0,0,69,10,20,6,1,2,ml_candidate,rule is not deterministic enough
wazuh-1788725822.2373358,2026-09-06T20:17:02.498000Z,lab-sensor-01,31516,6,appsec|attack|web,web-accesslog,T1055,/var/log/apache2/access.log,0,0,1,0,0,0,1,0,0,0,0,0,17,1,7,1,18,0,0,69,10,20,6,1,2,ml_candidate,rule is not deterministic enough
wazuh-1788725834.2373801,2026-09-06T20:17:14.535000Z,lab-sensor-01,5710,5,authentication_failed|invalid_login|sshd|syslog,sshd,T1021.004|T1110.001,journald,60542,0,1,0,0,0,1,0,0,0,1,0,18,6,7,1,18,0,0,70,10,20,6,1,7,ml_candidate,rule is not deterministic enough
wazuh-1788725838.2374793,2026-09-06T20:17:18.544000Z,lab-sensor-01,5710,5,authentication_failed|invalid_login|sshd|syslog,sshd,T1021.004|T1110.001,journald,51864,0,1,0,0,0,1,0,0,0,1,0,19,7,7,1,19,0,0,71,10,20,6,1,8,ml_candidate,rule is not deterministic enough
wazuh-1788725842.2375342,2026-09-06T20:17:22.549000Z,lab-sensor-01,5710,5,authentication_failed|invalid_login|sshd|syslog,sshd,T1021.004|T1110.001,journald,51880,0,1,0,0,0,1,0,0,0,1,0,20,8,7,1,20,0,0,72,10,20,6,1,9,ml_candidate,rule is not deterministic enough
wazuh-1788725856.2375891,2026-09-06T20:17:36.610000Z,lab-sensor-01,31104,6,accesslog|attack|web,web-accesslog,T1055|T1083|T1190,/var/log/apache2/access.log,0,0,1,0,0,0,1,0,0,0,0,0,21,1,7,1,20,0,0,73,10,20,6,1,2,ml_candidate,rule is not deterministic enough
wazuh-1788725918.2379050,2026-09-06T20:18:38.457000Z,lab-sensor-01,31101,5,accesslog|attack|web,web-accesslog,none,/var/log/apache2/access.log,0,0,1,0,0,0,1,0,0,0,0,0,17,6,7,1,18,0,0,73,10,20,6,1,7,ml_candidate,rule is not deterministic enough
wazuh-1788725920.2379492,2026-09-06T20:18:40.461000Z,lab-sensor-01,31101,5,accesslog|attack|web,web-accesslog,none,/var/log/apache2/access.log,0,0,1,0,0,0,1,0,0,0,0,0,18,7,7,1,17,0,0,73,10,20,6,1,8,ml_candidate,rule is not deterministic enough
wazuh-1788725922.2379934,2026-09-06T20:18:42.462000Z,lab-sensor-01,31101,5,accesslog|attack|web,web-accesslog,none,/var/log/apache2/access.log,0,0,1,0,0,0,1,0,0,0,0,0,19,8,6,0,16,0,0,73,6,20,6,1,9,ml_candidate,rule is not deterministic enough
wazuh-1788725924.2380382,2026-09-06T20:18:44.464000Z,lab-sensor-01,30305,5,access_denied|apache|web,apache-errorlog,none,/var/log/apache2/error.log,33678,0,1,0,0,0,1,0,0,0,0,0,20,2,6,0,16,0,0,73,6,20,6,1,3,ml_candidate,rule is not deterministic enough
wazuh-1788725924.2380982,2026-09-06T20:18:44.464000Z,lab-sensor-01,31516,6,appsec|attack|web,web-accesslog,T1055,/var/log/apache2/access.log,0,0,1,0,0,0,1,0,0,0,0,0,21,2,6,0,16,0,0,73,6,20,6,1,3,ml_candidate,rule is not deterministic enough
wazuh-1788725982.2383197,2026-09-06T20:19:42.570000Z,lab-sensor-01,31101,5,accesslog|attack|web,web-accesslog,none,/var/log/apache2/access.log,0,0,1,0,0,0,1,0,0,0,0,0,20,7,6,0,12,0,0,74,6,20,6,1,8,ml_candidate,rule is not deterministic enough
wazuh-1788725984.2383639,2026-09-06T20:19:44.573000Z,lab-sensor-01,31101,5,accesslog|attack|web,web-accesslog,none,/var/log/apache2/access.log,0,0,1,0,0,0,1,0,0,0,0,0,20,7,6,0,12,0,0,74,6,20,6,1,8,ml_candidate,rule is not deterministic enough
wazuh-1788725986.2384081,2026-09-06T20:19:46.578000Z,lab-sensor-01,31101,5,accesslog|attack|web,web-accesslog,none,/var/log/apache2/access.log,0,0,1,0,0,0,1,0,0,0,0,0,19,8,6,0,12,0,0,74,6,20,6,1,9,ml_candidate,rule is not deterministic enough
wazuh-1788725988.2384529,2026-09-06T20:19:48.580000Z,lab-sensor-01,30305,5,access_denied|apache|web,apache-errorlog,none,/var/log/apache2/error.log,38082,0,1,0,0,0,1,0,0,0,0,0,20,2,6,0,12,0,0,74,6,20,6,1,3,ml_candidate,rule is not deterministic enough
wazuh-1788725988.2385129,2026-09-06T20:19:48.580000Z,lab-sensor-01,31516,6,appsec|attack|web,web-accesslog,T1055,/var/log/apache2/access.log,0,0,1,0,0,0,1,0,0,0,0,0,21,2,6,0,12,0,0,74,6,20,6,1,3,ml_candidate,rule is not deterministic enough
wazuh-1788726020.2386015,2026-09-06T20:20:20.754000Z,film-laptop,591,3,ossec,ossec,none,logcollector,0,0,0,0,0,0,0,0,0,0,0,0,0,0,5,0,4,0,2,4,3,20,6,1,1,ml_candidate,rule is not deterministic enough
wazuh-1788726090.2389935,2026-09-06T20:21:30.829000Z,lab-sensor-01,30305,5,access_denied|apache|web,apache-errorlog,none,/var/log/apache2/error.log,53444,0,1,0,0,0,1,0,0,0,0,0,23,3,6,0,9,0,0,72,6,20,6,1,4,ml_candidate,rule is not deterministic enough
wazuh-1788726090.2390535,2026-09-06T20:21:30.830000Z,lab-sensor-01,31516,6,appsec|attack|web,web-accesslog,T1055,/var/log/apache2/access.log,0,0,1,0,0,0,1,0,0,0,0,0,24,3,6,0,9,0,0,72,6,20,6,1,4,ml_candidate,rule is not deterministic enough
wazuh-1788726128.2393196,2026-09-06T20:22:08.920000Z,lab-sensor-01,30305,5,access_denied|apache|web,apache-errorlog,none,/var/log/apache2/error.log,60780,0,1,0,0,0,1,0,0,0,0,0,23,3,6,0,9,0,0,71,6,20,6,1,4,ml_candidate,rule is not deterministic enough
wazuh-1788726128.2393796,2026-09-06T20:22:08.920000Z,lab-sensor-01,31516,6,appsec|attack|web,web-accesslog,T1055,/var/log/apache2/access.log,0,0,1,0,0,0,1,0,0,0,0,0,24,3,6,0,9,0,0,71,6,20,6,1,4,ml_candidate,rule is not deterministic enough
wazuh-1788726193.2396454,2026-09-06T20:23:13.298000Z,lab-sensor-01,5710,5,authentication_failed|invalid_login|sshd|syslog,sshd,T1021.004|T1110.001,journald,44868,0,1,0,0,0,1,0,0,0,1,0,20,0,6,0,7,0,0,71,6,20,6,1,1,ml_candidate,rule is not deterministic enough
wazuh-1788726195.2397003,2026-09-06T20:23:15.301000Z,lab-sensor-01,5710,5,authentication_failed|invalid_login|sshd|syslog,sshd,T1021.004|T1110.001,journald,44878,0,1,0,0,0,1,0,0,0,1,0,21,1,6,0,7,0,0,72,6,20,6,1,2,ml_candidate,rule is not deterministic enough
wazuh-1788726199.2397552,2026-09-06T20:23:19.307000Z,lab-sensor-01,5710,5,authentication_failed|invalid_login|sshd|syslog,sshd,T1021.004|T1110.001,journald,55568,0,1,0,0,0,1,0,0,0,1,0,22,2,6,0,8,0,0,73,6,20,6,1,3,ml_candidate,rule is not deterministic enough
wazuh-1788726213.2398544,2026-09-06T20:23:33.088000Z,lab-sensor-01,31104,6,accesslog|attack|web,web-accesslog,T1055|T1083|T1190,/var/log/apache2/access.log,0,0,1,0,0,0,1,0,0,0,0,0,23,0,6,0,7,0,0,74,6,20,6,1,1,ml_candidate,rule is not deterministic enough
wazuh-1788726243.2401263,2026-09-06T20:24:03.111000Z,lab-sensor-01,30305,5,access_denied|apache|web,apache-errorlog,none,/var/log/apache2/error.log,33906,0,1,0,0,0,1,0,0,0,0,0,23,3,6,0,6,0,0,74,6,20,6,1,4,ml_candidate,rule is not deterministic enough
wazuh-1788726243.2401863,2026-09-06T20:24:03.111000Z,lab-sensor-01,31516,6,appsec|attack|web,web-accesslog,T1055,/var/log/apache2/access.log,0,0,1,0,0,0,1,0,0,0,0,0,24,3,6,0,6,0,0,74,6,20,6,1,4,ml_candidate,rule is not deterministic enough
wazuh-1788726311.2405410,2026-09-06T20:25:11.226000Z,lab-sensor-01,30305,5,access_denied|apache|web,apache-errorlog,none,/var/log/apache2/error.log,45636,0,1,0,0,0,1,0,0,0,0,0,23,3,6,0,6,0,0,70,6,20,6,1,4,ml_candidate,rule is not deterministic enough
wazuh-1788726311.2406010,2026-09-06T20:25:11.229000Z,lab-sensor-01,31516,6,appsec|attack|web,web-accesslog,T1055,/var/log/apache2/access.log,0,0,1,0,0,0,1,0,0,0,0,0,24,3,6,0,6,0,0,70,6,20,6,1,4,ml_candidate,rule is not deterministic enough
wazuh-1788726335.2408228,2026-09-06T20:25:35.259000Z,lab-sensor-01,30305,5,access_denied|apache|web,apache-errorlog,none,/var/log/apache2/error.log,59542,0,1,0,0,0,1,0,0,0,0,0,28,4,6,0,6,0,0,71,6,20,6,1,5,ml_candidate,rule is not deterministic enough
wazuh-1788726335.2408828,2026-09-06T20:25:35.259000Z,lab-sensor-01,31516,6,appsec|attack|web,web-accesslog,T1055,/var/log/apache2/access.log,0,0,1,0,0,0,1,0,0,0,0,0,29,4,6,0,6,0,0,71,6,20,6,1,5,ml_candidate,rule is not deterministic enough
wazuh-1788726340.2409271,2026-09-06T20:25:40.786000Z,film-laptop,591,3,ossec,ossec,none,logcollector,0,0,0,0,0,0,0,0,0,0,0,0,0,0,1,0,0,0,2,4,3,20,6,1,1,ml_candidate,rule is not deterministic enough
wazuh-1788726359.2410087,2026-09-06T20:25:59.626000Z,lab-sensor-01,5710,5,authentication_failed|invalid_login|sshd|syslog,sshd,T1021.004|T1110.001,journald,53182,0,1,0,0,0,1,0,0,0,1,0,30,3,6,0,6,0,0,70,6,20,6,1,4,ml_candidate,rule is not deterministic enough
wazuh-1788726363.2411079,2026-09-06T20:26:03.635000Z,lab-sensor-01,5710,5,authentication_failed|invalid_login|sshd|syslog,sshd,T1021.004|T1110.001,journald,53186,0,1,0,0,0,1,0,0,0,1,0,31,4,6,0,7,0,0,71,6,20,6,1,5,ml_candidate,rule is not deterministic enough
wazuh-1788726365.2411628,2026-09-06T20:26:05.640000Z,lab-sensor-01,5710,5,authentication_failed|invalid_login|sshd|syslog,sshd,T1021.004|T1110.001,journald,53190,0,1,0,0,0,1,0,0,0,1,0,32,5,6,0,8,0,0,72,6,20,6,1,6,ml_candidate,rule is not deterministic enough
wazuh-1788726401.2414395,2026-09-06T20:26:41.363000Z,lab-sensor-01,30305,5,access_denied|apache|web,apache-errorlog,none,/var/log/apache2/error.log,43102,0,1,0,0,0,1,0,0,0,0,0,31,4,6,0,9,0,0,73,6,20,6,1,5,ml_candidate,rule is not deterministic enough
wazuh-1788726401.2414995,2026-09-06T20:26:41.404000Z,lab-sensor-01,31516,6,appsec|attack|web,web-accesslog,T1055,/var/log/apache2/access.log,0,0,1,0,0,0,1,0,0,0,0,0,32,4,6,0,9,0,0,73,6,20,6,1,5,ml_candidate,rule is not deterministic enough
wazuh-1788726429.2416324,2026-09-06T20:27:09.789000Z,lab-sensor-01,5710,5,authentication_failed|invalid_login|sshd|syslog,sshd,T1021.004|T1110.001,journald,35064,0,1,0,0,0,1,0,0,0,1,0,28,6,6,0,9,0,0,71,6,20,6,1,7,ml_candidate,rule is not deterministic enough
wazuh-1788726433.2416873,2026-09-06T20:27:13.794000Z,lab-sensor-01,5710,5,authentication_failed|invalid_login|sshd|syslog,sshd,T1021.004|T1110.001,journald,35080,0,1,0,0,0,1,0,0,0,1,0,29,7,6,0,10,0,0,72,6,20,6,1,8,ml_candidate,rule is not deterministic enough
wazuh-1788726435.2417422,2026-09-06T20:27:15.797000Z,lab-sensor-01,5710,5,authentication_failed|invalid_login|sshd|syslog,sshd,T1021.004|T1110.001,journald,35090,0,1,0,0,0,1,0,0,0,1,0,30,8,6,0,10,0,0,73,6,20,6,1,9,ml_candidate,rule is not deterministic enough
wazuh-1788726505.2423507,2026-09-06T20:28:25.954000Z,lab-sensor-01,30305,5,access_denied|apache|web,apache-errorlog,none,/var/log/apache2/error.log,45188,0,1,0,0,0,1,0,0,0,0,0,34,4,7,1,12,0,0,72,10,20,6,1,5,ml_candidate,rule is not deterministic enough
wazuh-1788726505.2424107,2026-09-06T20:28:25.954000Z,lab-sensor-01,31516,6,appsec|attack|web,web-accesslog,T1055,/var/log/apache2/access.log,0,0,1,0,0,0,1,0,0,0,0,0,35,4,7,1,12,0,0,72,10,20,6,1,5,ml_candidate,rule is not deterministic enough
wazuh-1788726536.2424993,2026-09-06T20:28:56.039000Z,lab-sensor-01,5710,5,authentication_failed|invalid_login|sshd|syslog,sshd,T1021.004|T1110.001,journald,39602,0,1,0,0,0,1,0,0,0,1,0,34,8,7,1,12,0,0,70,10,20,6,1,9,ml_candidate,rule is not deterministic enough
wazuh-1788726555.2427083,2026-09-06T20:29:15.729000Z,lab-sensor-01,31104,6,accesslog|attack|web,web-accesslog,T1055|T1083|T1190,/var/log/apache2/access.log,0,0,1,0,0,0,1,0,0,0,0,0,32,0,7,1,15,0,0,72,10,20,6,1,1,ml_candidate,rule is not deterministic enough
wazuh-1788726598.2430560,2026-09-06T20:29:58.233000Z,lab-sensor-01,31104,6,accesslog|attack|web,web-accesslog,T1055|T1083|T1190,/var/log/apache2/access.log,0,0,1,0,0,0,1,0,0,0,0,0,37,1,7,1,18,0,0,74,10,20,6,1,2,ml_candidate,rule is not deterministic enough
wazuh-1788726651.2435708,2026-09-06T20:30:51.957000Z,lab-sensor-01,31104,6,accesslog|attack|web,web-accesslog,T1055|T1083|T1190,/var/log/apache2/access.log,0,0,1,0,0,0,1,0,0,0,0,0,32,2,7,2,21,0,0,76,10,20,6,1,3,ml_candidate,rule is not deterministic enough
wazuh-1788726724.2438424,2026-09-06T20:32:04.825000Z,film-laptop,591,3,ossec,ossec,none,logcollector,0,0,0,0,0,0,0,0,0,0,0,0,0,0,1,0,0,0,2,4,3,20,6,1,1,ml_candidate,rule is not deterministic enough
wazuh-1788726752.2439683,2026-09-06T20:32:32.185000Z,lab-sensor-01,31101,5,accesslog|attack|web,web-accesslog,none,/var/log/apache2/access.log,0,0,1,0,0,0,1,0,0,0,0,0,23,3,7,2,21,0,0,74,10,20,6,1,4,ml_candidate,rule is not deterministic enough
wazuh-1788726754.2440125,2026-09-06T20:32:34.195000Z,lab-sensor-01,31101,5,accesslog|attack|web,web-accesslog,none,/var/log/apache2/access.log,0,0,1,0,0,0,1,0,0,0,0,0,24,4,7,2,21,0,0,74,10,20,6,1,5,ml_candidate,rule is not deterministic enough
wazuh-1788726756.2440567,2026-09-06T20:32:36.198000Z,lab-sensor-01,31101,5,accesslog|attack|web,web-accesslog,none,/var/log/apache2/access.log,0,0,1,0,0,0,1,0,0,0,0,0,25,5,7,2,21,0,0,74,10,20,6,1,6,ml_candidate,rule is not deterministic enough
wazuh-1788726758.2441015,2026-09-06T20:32:38.212000Z,lab-sensor-01,30305,5,access_denied|apache|web,apache-errorlog,none,/var/log/apache2/error.log,52718,0,1,0,0,0,1,0,0,0,0,0,26,1,7,2,21,0,0,74,10,20,6,1,2,ml_candidate,rule is not deterministic enough
wazuh-1788726758.2441615,2026-09-06T20:32:38.213000Z,lab-sensor-01,31516,6,appsec|attack|web,web-accesslog,T1055,/var/log/apache2/access.log,0,0,1,0,0,0,1,0,0,0,0,0,27,1,7,2,21,0,0,74,10,20,6,1,2,ml_candidate,rule is not deterministic enough
wazuh-1788726842.2444716,2026-09-06T20:34:02.550000Z,lab-sensor-01,5710,5,authentication_failed|invalid_login|sshd|syslog,sshd,T1021.004|T1110.001,journald,38430,0,1,0,0,0,1,0,0,0,1,0,17,5,7,2,18,0,0,73,10,20,6,1,6,ml_candidate,rule is not deterministic enough
wazuh-1788726844.2445265,2026-09-06T20:34:04.555000Z,lab-sensor-01,5710,5,authentication_failed|invalid_login|sshd|syslog,sshd,T1021.004|T1110.001,journald,38438,0,1,0,0,0,1,0,0,0,1,0,18,6,7,2,19,0,0,74,10,20,6,1,7,ml_candidate,rule is not deterministic enough
wazuh-1788726848.2445814,2026-09-06T20:34:08.564000Z,lab-sensor-01,5710,5,authentication_failed|invalid_login|sshd|syslog,sshd,T1021.004|T1110.001,journald,38454,0,1,0,0,0,1,0,0,0,1,0,19,7,7,2,20,0,0,75,10,20,6,1,8,ml_candidate,rule is not deterministic enough
wazuh-1788726874.2446806,2026-09-06T20:34:34.615000Z,lab-sensor-01,5710,5,authentication_failed|invalid_login|sshd|syslog,sshd,T1021.004|T1110.001,journald,52382,0,1,0,0,0,1,0,0,0,1,0,18,8,7,2,21,0,0,76,10,20,6,1,9,ml_candidate,rule is not deterministic enough
wazuh-1788726878.2447798,2026-09-06T20:34:38.620000Z,lab-sensor-01,5710,5,authentication_failed|invalid_login|sshd|syslog,sshd,T1021.004|T1110.001,journald,52394,0,1,0,0,0,1,0,0,0,1,0,17,7,7,2,22,0,0,77,10,20,6,1,8,ml_candidate,rule is not deterministic enough
wazuh-1788726880.2448347,2026-09-06T20:34:40.621000Z,lab-sensor-01,5710,5,authentication_failed|invalid_login|sshd|syslog,sshd,T1021.004|T1110.001,journald,60824,0,1,0,0,0,1,0,0,0,1,0,18,8,7,2,23,0,0,78,10,20,6,1,9,ml_candidate,rule is not deterministic enough
wazuh-1788726894.2449339,2026-09-06T20:34:54.495000Z,lab-sensor-01,31104,6,accesslog|attack|web,web-accesslog,T1055|T1083|T1190,/var/log/apache2/access.log,0,0,1,0,0,0,1,0,0,0,0,0,18,2,7,2,24,0,0,79,10,20,6,1,3,ml_candidate,rule is not deterministic enough
wazuh-1788726912.2450283,2026-09-06T20:35:12.735000Z,lab-sensor-01,5710,5,authentication_failed|invalid_login|sshd|syslog,sshd,T1021.004|T1110.001,journald,41352,0,1,0,0,0,1,0,0,0,1,0,18,8,7,2,24,0,0,81,10,20,6,1,9,ml_candidate,rule is not deterministic enough
wazuh-1788726948.2454044,2026-09-06T20:35:48.842000Z,lab-sensor-01,5710,5,authentication_failed|invalid_login|sshd|syslog,sshd,T1021.004|T1110.001,journald,47386,0,1,0,0,0,1,0,0,0,1,0,18,8,7,3,27,0,0,84,10,20,6,1,9,ml_candidate,rule is not deterministic enough
wazuh-1788727006.2458667,2026-09-06T20:36:46.742000Z,lab-sensor-01,31104,6,accesslog|attack|web,web-accesslog,T1055|T1083|T1190,/var/log/apache2/access.log,0,0,1,0,0,0,1,0,0,0,0,0,22,1,7,3,30,0,0,89,10,20,6,1,2,ml_candidate,rule is not deterministic enough
wazuh-1788727044.2462929,2026-09-06T20:37:24.856000Z,film-laptop,591,3,ossec,ossec,none,logcollector,0,0,0,0,0,0,0,0,0,0,0,0,0,0,1,0,0,0,2,4,3,20,6,1,1,ml_candidate,rule is not deterministic enough
wazuh-1788727120.2467164,2026-09-06T20:38:40.975000Z,lab-sensor-01,31101,5,accesslog|attack|web,web-accesslog,none,/var/log/apache2/access.log,0,0,1,0,0,0,1,0,0,0,0,0,25,0,7,3,30,0,0,88,10,20,6,1,1,ml_candidate,rule is not deterministic enough
wazuh-1788727122.2467606,2026-09-06T20:38:42.977000Z,lab-sensor-01,31101,5,accesslog|attack|web,web-accesslog,none,/var/log/apache2/access.log,0,0,1,0,0,0,1,0,0,0,0,0,26,1,7,3,30,0,0,87,10,20,6,1,2,ml_candidate,rule is not deterministic enough
wazuh-1788727124.2468048,2026-09-06T20:38:44.979000Z,lab-sensor-01,31101,5,accesslog|attack|web,web-accesslog,none,/var/log/apache2/access.log,0,0,1,0,0,0,1,0,0,0,0,0,27,2,7,3,30,0,0,87,10,20,6,1,3,ml_candidate,rule is not deterministic enough
wazuh-1788727127.2468496,2026-09-06T20:38:47.013000Z,lab-sensor-01,30305,5,access_denied|apache|web,apache-errorlog,none,/var/log/apache2/error.log,33542,0,1,0,0,0,1,0,0,0,0,0,28,0,7,3,30,0,0,86,10,20,6,1,1,ml_candidate,rule is not deterministic enough
wazuh-1788727127.2469096,2026-09-06T20:38:47.013000Z,lab-sensor-01,31516,6,appsec|attack|web,web-accesslog,T1055,/var/log/apache2/access.log,0,0,1,0,0,0,1,0,0,0,0,0,29,0,7,3,30,0,0,86,10,20,6,1,1,ml_candidate,rule is not deterministic enough
wazuh-1788727141.2469982,2026-09-06T20:39:01.090000Z,lab-sensor-01,31104,6,accesslog|attack|web,web-accesslog,T1055|T1083|T1190,/var/log/apache2/access.log,0,0,1,0,0,0,1,0,0,0,0,0,30,2,7,3,28,0,0,87,10,20,6,1,3,ml_candidate,rule is not deterministic enough
wazuh-1788727272.2476117,2026-09-06T20:41:12.401000Z,film-laptop,86601,3,ids|suricata,json,none,/var/log/suricata/eve.json,68,67,1,1,0,0,1,0,0,0,0,0,1,0,1,0,0,0,2,4,3,20,6,1,1,ml_candidate,rule is not deterministic enough
wazuh-1788727272.2478323,2026-09-06T20:41:12.401000Z,film-laptop,86601,3,ids|suricata,json,none,/var/log/suricata/eve.json,68,67,1,1,0,0,1,0,0,0,0,0,2,1,2,0,0,0,2,4,3,20,6,1,2,ml_candidate,rule is not deterministic enough
wazuh-1788727285.2480529,2026-09-06T20:41:25.414000Z,lab-sensor-01,31104,6,accesslog|attack|web,web-accesslog,T1055|T1083|T1190,/var/log/apache2/access.log,0,0,1,0,0,0,1,0,0,0,0,0,20,2,7,2,24,0,0,87,10,20,6,1,3,ml_candidate,rule is not deterministic enough
wazuh-1788727309.2482359,2026-09-06T20:41:49.406000Z,lab-sensor-01,31101,5,accesslog|attack|web,web-accesslog,none,/var/log/apache2/access.log,0,0,1,0,0,0,1,0,0,0,0,0,19,3,7,2,24,0,0,87,10,20,6,1,4,ml_candidate,rule is not deterministic enough
wazuh-1788727311.2482801,2026-09-06T20:41:51.408000Z,lab-sensor-01,31101,5,accesslog|attack|web,web-accesslog,none,/var/log/apache2/access.log,0,0,1,0,0,0,1,0,0,0,0,0,19,4,7,2,24,0,0,87,10,20,6,1,5,ml_candidate,rule is not deterministic enough
wazuh-1788727313.2483243,2026-09-06T20:41:53.410000Z,lab-sensor-01,31101,5,accesslog|attack|web,web-accesslog,none,/var/log/apache2/access.log,0,0,1,0,0,0,1,0,0,0,0,0,20,5,7,2,24,0,0,87,10,20,6,1,6,ml_candidate,rule is not deterministic enough
wazuh-1788727315.2483691,2026-09-06T20:41:55.415000Z,lab-sensor-01,30305,5,access_denied|apache|web,apache-errorlog,none,/var/log/apache2/error.log,58400,0,1,0,0,0,1,0,0,0,0,0,21,1,7,2,24,0,0,87,10,20,6,1,2,ml_candidate,rule is not deterministic enough
wazuh-1788727315.2484291,2026-09-06T20:41:55.416000Z,lab-sensor-01,31516,6,appsec|attack|web,web-accesslog,T1055,/var/log/apache2/access.log,0,0,1,0,0,0,1,0,0,0,0,0,22,1,7,2,24,0,0,87,10,20,6,1,2,ml_candidate,rule is not deterministic enough
wazuh-1788727332.2485177,2026-09-06T20:42:12.493000Z,film-laptop,86601,3,ids|suricata,json,none,/var/log/suricata/eve.json,68,67,1,1,0,0,1,0,0,0,0,0,3,2,2,0,0,0,1,2,3,20,6,1,3,ml_candidate,rule is not deterministic enough
wazuh-1788727332.2487381,2026-09-06T20:42:12.493000Z,film-laptop,86601,3,ids|suricata,json,none,/var/log/suricata/eve.json,68,67,1,1,0,0,1,0,0,0,0,0,4,3,2,0,0,0,1,2,3,20,6,1,4,ml_candidate,rule is not deterministic enough
wazuh-1788727361.2490471,2026-09-06T20:42:41.711000Z,lab-sensor-01,31104,6,accesslog|attack|web,web-accesslog,T1055|T1083|T1190,/var/log/apache2/access.log,0,0,1,0,0,0,1,0,0,0,0,0,20,2,7,2,24,0,0,88,10,20,6,1,3,ml_candidate,rule is not deterministic enough
wazuh-1788727383.2492301,2026-09-06T20:43:03.771000Z,lab-sensor-01,5710,5,authentication_failed|invalid_login|sshd|syslog,sshd,T1021.004|T1110.001,journald,51506,0,1,0,0,0,1,0,0,0,1,0,22,6,7,2,24,0,0,90,10,20,6,1,7,ml_candidate,rule is not deterministic enough
wazuh-1788727387.2492850,2026-09-06T20:43:07.790000Z,lab-sensor-01,5710,5,authentication_failed|invalid_login|sshd|syslog,sshd,T1021.004|T1110.001,journald,51518,0,1,0,0,0,1,0,0,0,1,0,23,7,7,2,25,0,0,91,10,20,6,1,8,ml_candidate,rule is not deterministic enough
wazuh-1788727389.2493399,2026-09-06T20:43:09.793000Z,lab-sensor-01,5710,5,authentication_failed|invalid_login|sshd|syslog,sshd,T1021.004|T1110.001,journald,56960,0,1,0,0,0,1,0,0,0,1,0,24,8,7,2,26,0,0,91,10,20,6,1,9,ml_candidate,rule is not deterministic enough
wazuh-1788727392.2493948,2026-09-06T20:43:12.451000Z,film-laptop,86601,3,ids|suricata,json,none,/var/log/suricata/eve.json,68,67,1,1,0,0,1,0,0,0,0,0,4,4,2,0,0,0,0,0,3,20,6,1,5,ml_candidate,rule is not deterministic enough
wazuh-1788727392.2496152,2026-09-06T20:43:12.451000Z,film-laptop,86601,3,ids|suricata,json,none,/var/log/suricata/eve.json,68,67,1,1,0,0,1,0,0,0,0,0,5,5,2,0,0,0,0,0,3,20,6,1,6,ml_candidate,rule is not deterministic enough
wazuh-1788727428.2499242,2026-09-06T20:43:48.896000Z,film-laptop,591,3,ossec,ossec,none,logcollector,0,0,0,0,0,0,0,0,0,0,0,0,6,0,2,0,0,0,0,0,3,20,6,1,1,ml_candidate,rule is not deterministic enough
wazuh-1788727454.2500501,2026-09-06T20:44:14.527000Z,film-laptop,86601,3,ids|suricata,json,none,/var/log/suricata/eve.json,68,67,1,1,0,0,1,0,0,0,0,0,7,6,2,0,0,0,0,0,3,20,6,1,7,ml_candidate,rule is not deterministic enough
wazuh-1788727454.2502707,2026-09-06T20:44:14.527000Z,film-laptop,86601,3,ids|suricata,json,none,/var/log/suricata/eve.json,68,67,1,1,0,0,1,0,0,0,0,0,8,7,2,0,0,0,0,0,3,20,6,1,8,ml_candidate,rule is not deterministic enough
wazuh-1788727471.2505799,2026-09-06T20:44:31.901000Z,lab-sensor-01,5710,5,authentication_failed|invalid_login|sshd|syslog,sshd,T1021.004|T1110.001,journald,58718,0,1,0,0,0,1,0,0,0,1,0,15,6,7,2,24,0,0,87,10,20,6,1,7,ml_candidate,rule is not deterministic enough
wazuh-1788727475.2506348,2026-09-06T20:44:35.937000Z,lab-sensor-01,5710,5,authentication_failed|invalid_login|sshd|syslog,sshd,T1021.004|T1110.001,journald,58724,0,1,0,0,0,1,0,0,0,1,0,16,7,7,2,24,0,0,88,10,20,6,1,8,ml_candidate,rule is not deterministic enough
wazuh-1788727477.2506897,2026-09-06T20:44:37.938000Z,lab-sensor-01,5710,5,authentication_failed|invalid_login|sshd|syslog,sshd,T1021.004|T1110.001,journald,45110,0,1,0,0,0,1,0,0,0,1,0,17,8,7,2,25,0,0,89,10,20,6,1,9,ml_candidate,rule is not deterministic enough
wazuh-1788727491.2507446,2026-09-06T20:44:51.792000Z,lab-sensor-01,31104,6,accesslog|attack|web,web-accesslog,T1055|T1083|T1190,/var/log/apache2/access.log,0,0,1,0,0,0,1,0,0,0,0,0,18,2,7,2,24,0,0,89,10,20,6,1,3,ml_candidate,rule is not deterministic enough
wazuh-1788727514.2509276,2026-09-06T20:45:14.594000Z,film-laptop,86601,3,ids|suricata,json,none,/var/log/suricata/eve.json,68,67,1,1,0,0,1,0,0,0,0,0,9,8,2,0,0,0,0,0,3,20,6,1,9,ml_candidate,rule is not deterministic enough
wazuh-1788727548.2514570,2026-09-06T20:45:48.051000Z,lab-sensor-01,5710,5,authentication_failed|invalid_login|sshd|syslog,sshd,T1021.004|T1110.001,journald,40838,0,1,0,0,0,1,0,0,0,1,0,17,6,7,1,21,0,0,89,10,20,6,1,7,ml_candidate,rule is not deterministic enough
wazuh-1788727550.2515119,2026-09-06T20:45:50.053000Z,lab-sensor-01,5710,5,authentication_failed|invalid_login|sshd|syslog,sshd,T1021.004|T1110.001,journald,39994,0,1,0,0,0,1,0,0,0,1,0,18,7,7,1,21,0,0,90,10,20,6,1,8,ml_candidate,rule is not deterministic enough
wazuh-1788727554.2515668,2026-09-06T20:45:54.057000Z,lab-sensor-01,5710,5,authentication_failed|invalid_login|sshd|syslog,sshd,T1021.004|T1110.001,journald,39996,0,1,0,0,0,1,0,0,0,1,0,19,8,7,1,21,0,0,91,10,20,6,1,9,ml_candidate,rule is not deterministic enough
wazuh-1788727574.2516660,2026-09-06T20:46:14.662000Z,film-laptop,86601,3,ids|suricata,json,none,/var/log/suricata/eve.json,68,67,1,1,0,0,1,0,0,0,0,0,9,8,2,0,0,0,0,0,3,20,6,1,9,ml_candidate,rule is not deterministic enough
wazuh-1788727622.2522401,2026-09-06T20:47:02.198000Z,lab-sensor-01,31104,6,accesslog|attack|web,web-accesslog,T1055|T1083|T1190,/var/log/apache2/access.log,0,0,1,0,0,0,1,0,0,0,0,0,13,2,7,1,18,0,0,92,10,20,6,1,3,ml_candidate,rule is not deterministic enough
wazuh-1788727634.2523788,2026-09-06T20:47:14.730000Z,film-laptop,86601,3,ids|suricata,json,none,/var/log/suricata/eve.json,68,67,1,1,0,0,1,0,0,0,0,0,9,8,2,0,0,0,0,0,3,20,6,1,9,ml_candidate,rule is not deterministic enough
wazuh-1788727642.2528639,2026-09-06T20:47:22.175000Z,lab-sensor-01,31101,5,accesslog|attack|web,web-accesslog,none,/var/log/apache2/access.log,0,0,1,0,0,0,1,0,0,0,0,0,15,0,6,0,16,0,0,91,6,20,6,1,1,ml_candidate,rule is not deterministic enough
wazuh-1788727644.2529081,2026-09-06T20:47:24.178000Z,lab-sensor-01,31101,5,accesslog|attack|web,web-accesslog,none,/var/log/apache2/access.log,0,0,1,0,0,0,1,0,0,0,0,0,16,1,6,0,15,0,0,90,6,20,6,1,2,ml_candidate,rule is not deterministic enough
wazuh-1788727646.2529523,2026-09-06T20:47:26.179000Z,lab-sensor-01,31101,5,accesslog|attack|web,web-accesslog,none,/var/log/apache2/access.log,0,0,1,0,0,0,1,0,0,0,0,0,17,2,6,0,15,0,0,90,6,20,6,1,3,ml_candidate,rule is not deterministic enough
wazuh-1788727648.2529971,2026-09-06T20:47:28.181000Z,lab-sensor-01,30305,5,access_denied|apache|web,apache-errorlog,none,/var/log/apache2/error.log,39136,0,1,0,0,0,1,0,0,0,0,0,18,0,6,0,15,0,0,90,6,20,6,1,1,ml_candidate,rule is not deterministic enough
wazuh-1788727648.2530571,2026-09-06T20:47:28.181000Z,lab-sensor-01,31516,6,appsec|attack|web,web-accesslog,T1055,/var/log/apache2/access.log,0,0,1,0,0,0,1,0,0,0,0,0,19,0,6,0,15,0,0,90,6,20,6,1,1,ml_candidate,rule is not deterministic enough
wazuh-1788727666.2531457,2026-09-06T20:47:46.127000Z,lab-sensor-01,31101,5,accesslog|attack|web,web-accesslog,none,/var/log/apache2/access.log,0,0,1,0,0,0,1,0,0,0,0,0,18,3,6,0,15,0,0,89,6,20,6,1,4,ml_candidate,rule is not deterministic enough
wazuh-1788727668.2531899,2026-09-06T20:47:48.130000Z,lab-sensor-01,31101,5,accesslog|attack|web,web-accesslog,none,/var/log/apache2/access.log,0,0,1,0,0,0,1,0,0,0,0,0,19,4,6,0,15,0,0,89,6,20,6,1,5,ml_candidate,rule is not deterministic enough
wazuh-1788727670.2532341,2026-09-06T20:47:50.131000Z,lab-sensor-01,31101,5,accesslog|attack|web,web-accesslog,none,/var/log/apache2/access.log,0,0,1,0,0,0,1,0,0,0,0,0,20,5,6,0,15,0,0,89,6,20,6,1,6,ml_candidate,rule is not deterministic enough
wazuh-1788727672.2532789,2026-09-06T20:47:52.134000Z,lab-sensor-01,30305,5,access_denied|apache|web,apache-errorlog,none,/var/log/apache2/error.log,33490,0,1,0,0,0,1,0,0,0,0,0,21,1,6,0,15,0,0,89,6,20,6,1,2,ml_candidate,rule is not deterministic enough
wazuh-1788727672.2533389,2026-09-06T20:47:52.136000Z,lab-sensor-01,31516,6,appsec|attack|web,web-accesslog,T1055,/var/log/apache2/access.log,0,0,1,0,0,0,1,0,0,0,0,0,22,1,6,0,15,0,0,89,6,20,6,1,2,ml_candidate,rule is not deterministic enough
wazuh-1788727694.2534275,2026-09-06T20:48:14.795000Z,film-laptop,86601,3,ids|suricata,json,none,/var/log/suricata/eve.json,68,67,1,1,0,0,1,0,0,0,0,0,9,8,2,0,0,0,0,0,3,20,6,1,9,ml_candidate,rule is not deterministic enough
wazuh-1788727748.2540902,2026-09-06T20:49:08.930000Z,film-laptop,591,3,ossec,ossec,none,logcollector,0,0,0,0,0,0,0,0,0,0,0,0,10,0,2,0,0,0,0,0,3,20,6,1,1,ml_candidate,rule is not deterministic enough
wazuh-1788727756.2541275,2026-09-06T20:49:16.985000Z,film-laptop,86601,3,ids|suricata,json,none,/var/log/suricata/eve.json,68,67,1,1,0,0,1,0,0,0,0,0,9,8,2,0,0,0,0,0,3,20,6,1,9,ml_candidate,rule is not deterministic enough
wazuh-1788727816.2547898,2026-09-06T20:50:16.974000Z,film-laptop,86601,3,ids|suricata,json,none,/var/log/suricata/eve.json,68,67,1,1,0,0,1,0,0,0,0,0,9,8,2,0,0,0,0,0,3,20,6,1,9,ml_candidate,rule is not deterministic enough
wazuh-1788727824.2552310,2026-09-06T20:50:24.483000Z,lab-sensor-01,5710,5,authentication_failed|invalid_login|sshd|syslog,sshd,T1021.004|T1110.001,journald,56786,0,1,0,0,0,1,0,0,0,1,0,15,3,6,0,10,0,0,88,6,20,6,1,4,ml_candidate,rule is not deterministic enough
wazuh-1788727828.2553302,2026-09-06T20:50:28.485000Z,lab-sensor-01,5710,5,authentication_failed|invalid_login|sshd|syslog,sshd,T1021.004|T1110.001,journald,56798,0,1,0,0,0,1,0,0,0,1,0,16,4,6,0,10,0,0,89,6,20,6,1,5,ml_candidate,rule is not deterministic enough
wazuh-1788727830.2553851,2026-09-06T20:50:30.525000Z,lab-sensor-01,5710,5,authentication_failed|invalid_login|sshd|syslog,sshd,T1021.004|T1110.001,journald,46686,0,1,0,0,0,1,0,0,0,1,0,17,5,6,0,11,0,0,90,6,20,6,1,6,ml_candidate,rule is not deterministic enough
wazuh-1788727848.2554843,2026-09-06T20:50:48.539000Z,lab-sensor-01,5710,5,authentication_failed|invalid_login|sshd|syslog,sshd,T1021.004|T1110.001,journald,42724,0,1,0,0,0,1,0,0,0,1,0,17,5,6,0,12,0,0,91,6,20,6,1,6,ml_candidate,rule is not deterministic enough
wazuh-1788727850.2555392,2026-09-06T20:50:50.571000Z,lab-sensor-01,5710,5,authentication_failed|invalid_login|sshd|syslog,sshd,T1021.004|T1110.001,journald,34478,0,1,0,0,0,1,0,0,0,1,0,17,5,6,0,13,0,0,92,6,20,6,1,6,ml_candidate,rule is not deterministic enough
wazuh-1788727854.2555941,2026-09-06T20:50:54.576000Z,lab-sensor-01,5710,5,authentication_failed|invalid_login|sshd|syslog,sshd,T1021.004|T1110.001,journald,34488,0,1,0,0,0,1,0,0,0,1,0,17,5,6,0,14,0,0,93,6,20,6,1,6,ml_candidate,rule is not deterministic enough
wazuh-1788727877.2556933,2026-09-06T20:51:17.210000Z,film-laptop,86601,3,ids|suricata,json,none,/var/log/suricata/eve.json,68,67,1,1,0,0,1,0,0,0,0,0,9,8,2,0,0,0,0,0,3,20,6,1,9,ml_candidate,rule is not deterministic enough
wazuh-1788727884.2561788,2026-09-06T20:51:24.581000Z,lab-sensor-01,31104,6,accesslog|attack|web,web-accesslog,T1055|T1083|T1190,/var/log/apache2/access.log,0,0,1,0,0,0,1,0,0,0,0,0,18,1,6,0,15,0,0,94,6,20,6,1,2,ml_candidate,rule is not deterministic enough
wazuh-1788727939.2564061,2026-09-06T20:52:19.068000Z,film-laptop,86601,3,ids|suricata,json,none,/var/log/suricata/eve.json,68,67,1,1,0,0,1,0,0,0,0,0,9,8,2,0,0,0,0,0,3,20,6,1,9,ml_candidate,rule is not deterministic enough
wazuh-1788727946.2568912,2026-09-06T20:52:26.718000Z,lab-sensor-01,31101,5,accesslog|attack|web,web-accesslog,none,/var/log/apache2/access.log,0,0,1,0,0,0,1,0,0,0,0,0,15,3,6,0,15,0,0,94,6,20,6,1,4,ml_candidate,rule is not deterministic enough
wazuh-1788727948.2569354,2026-09-06T20:52:28.721000Z,lab-sensor-01,31101,5,accesslog|attack|web,web-accesslog,none,/var/log/apache2/access.log,0,0,1,0,0,0,1,0,0,0,0,0,14,4,6,0,15,0,0,94,6,20,6,1,5,ml_candidate,rule is not deterministic enough
wazuh-1788727950.2569796,2026-09-06T20:52:30.723000Z,lab-sensor-01,31101,5,accesslog|attack|web,web-accesslog,none,/var/log/apache2/access.log,0,0,1,0,0,0,1,0,0,0,0,0,15,5,6,0,15,0,0,94,6,20,6,1,6,ml_candidate,rule is not deterministic enough
wazuh-1788727952.2570244,2026-09-06T20:52:32.725000Z,lab-sensor-01,30305,5,access_denied|apache|web,apache-errorlog,none,/var/log/apache2/error.log,54972,0,1,0,0,0,1,0,0,0,0,0,16,1,6,0,15,0,0,94,6,20,6,1,2,ml_candidate,rule is not deterministic enough
wazuh-1788727952.2570844,2026-09-06T20:52:32.730000Z,lab-sensor-01,31516,6,appsec|attack|web,web-accesslog,T1055,/var/log/apache2/access.log,0,0,1,0,0,0,1,0,0,0,0,0,17,1,6,0,15,0,0,94,6,20,6,1,2,ml_candidate,rule is not deterministic enough
wazuh-1788727966.2571730,2026-09-06T20:52:46.792000Z,lab-sensor-01,5710,5,authentication_failed|invalid_login|sshd|syslog,sshd,T1021.004|T1110.001,journald,40442,0,1,0,0,0,1,0,0,0,1,0,17,6,6,0,15,0,0,95,6,20,6,1,7,ml_candidate,rule is not deterministic enough
wazuh-1788727968.2572279,2026-09-06T20:52:48.763000Z,lab-sensor-01,5710,5,authentication_failed|invalid_login|sshd|syslog,sshd,T1021.004|T1110.001,journald,53994,0,1,0,0,0,1,0,0,0,1,0,17,7,6,0,16,0,0,96,6,20,6,1,8,ml_candidate,rule is not deterministic enough
wazuh-1788727972.2572828,2026-09-06T20:52:52.805000Z,lab-sensor-01,5710,5,authentication_failed|invalid_login|sshd|syslog,sshd,T1021.004|T1110.001,journald,54010,0,1,0,0,0,1,0,0,0,1,0,15,8,6,0,17,0,0,97,6,20,6,1,9,ml_candidate,rule is not deterministic enough
wazuh-1788727999.2573820,2026-09-06T20:53:19.134000Z,film-laptop,86601,3,ids|suricata,json,none,/var/log/suricata/eve.json,68,67,1,1,0,0,1,0,0,0,0,0,9,8,2,0,0,0,0,0,3,20,6,1,9,ml_candidate,rule is not deterministic enough
wazuh-1788728024.2579118,2026-09-06T20:53:44.846000Z,lab-sensor-01,31104,6,accesslog|attack|web,web-accesslog,T1055|T1083|T1190,/var/log/apache2/access.log,0,0,1,0,0,0,1,0,0,0,0,0,16,1,6,0,15,0,0,93,6,20,6,1,2,ml_candidate,rule is not deterministic enough
wazuh-1788728056.2581391,2026-09-06T20:54:16.908000Z,lab-sensor-01,31104,6,accesslog|attack|web,web-accesslog,T1055|T1083|T1190,/var/log/apache2/access.log,0,0,1,0,0,0,1,0,0,0,0,0,18,2,6,0,15,0,0,94,6,20,6,1,3,ml_candidate,rule is not deterministic enough
wazuh-1788728059.2581850,2026-09-06T20:54:19.202000Z,film-laptop,86601,3,ids|suricata,json,none,/var/log/suricata/eve.json,68,67,1,1,0,0,1,0,0,0,0,0,8,8,2,0,0,0,0,0,3,20,6,1,9,ml_candidate,rule is not deterministic enough
wazuh-1788728068.2586743,2026-09-06T20:54:28.962000Z,film-laptop,591,3,ossec,ossec,none,logcollector,0,0,0,0,0,0,0,0,0,0,0,0,10,0,2,0,0,0,0,0,3,20,6,1,1,ml_candidate,rule is not deterministic enough
wazuh-1788728089.2588002,2026-09-06T20:54:49.351000Z,lab-sensor-01,31101,5,accesslog|attack|web,web-accesslog,none,/var/log/apache2/access.log,0,0,1,0,0,0,1,0,0,0,0,0,20,3,6,0,12,0,0,96,6,20,6,1,4,ml_candidate,rule is not deterministic enough
wazuh-1788728091.2588444,2026-09-06T20:54:51.354000Z,lab-sensor-01,31101,5,accesslog|attack|web,web-accesslog,none,/var/log/apache2/access.log,0,0,1,0,0,0,1,0,0,0,0,0,21,4,6,0,12,0,0,96,6,20,6,1,5,ml_candidate,rule is not deterministic enough
wazuh-1788728093.2588886,2026-09-06T20:54:53.357000Z,lab-sensor-01,31101,5,accesslog|attack|web,web-accesslog,none,/var/log/apache2/access.log,0,0,1,0,0,0,1,0,0,0,0,0,22,5,6,0,12,0,0,96,6,20,6,1,6,ml_candidate,rule is not deterministic enough
wazuh-1788728095.2589334,2026-09-06T20:54:55.361000Z,lab-sensor-01,30305,5,access_denied|apache|web,apache-errorlog,none,/var/log/apache2/error.log,42918,0,1,0,0,0,1,0,0,0,0,0,23,1,6,0,12,0,0,96,6,20,6,1,2,ml_candidate,rule is not deterministic enough
wazuh-1788728095.2589934,2026-09-06T20:54:55.361000Z,lab-sensor-01,31516,6,appsec|attack|web,web-accesslog,T1055,/var/log/apache2/access.log,0,0,1,0,0,0,1,0,0,0,0,0,24,1,6,0,12,0,0,96,6,20,6,1,2,ml_candidate,rule is not deterministic enough
wazuh-1788728110.2590820,2026-09-06T20:55:10.999000Z,lab-sensor-01,31101,5,accesslog|attack|web,web-accesslog,none,/var/log/apache2/access.log,0,0,1,0,0,0,1,0,0,0,0,0,25,6,6,0,12,0,0,97,6,20,6,1,7,ml_candidate,rule is not deterministic enough
wazuh-1788728113.2591262,2026-09-06T20:55:13.012000Z,lab-sensor-01,31101,5,accesslog|attack|web,web-accesslog,none,/var/log/apache2/access.log,0,0,1,0,0,0,1,0,0,0,0,0,26,7,6,0,12,0,0,96,6,20,6,1,8,ml_candidate,rule is not deterministic enough
wazuh-1788728115.2591704,2026-09-06T20:55:15.014000Z,lab-sensor-01,31101,5,accesslog|attack|web,web-accesslog,none,/var/log/apache2/access.log,0,0,1,0,0,0,1,0,0,0,0,0,27,8,6,0,12,0,0,96,6,20,6,1,9,ml_candidate,rule is not deterministic enough
wazuh-1788728117.2592152,2026-09-06T20:55:17.016000Z,lab-sensor-01,30305,5,access_denied|apache|web,apache-errorlog,none,/var/log/apache2/error.log,42106,0,1,0,0,0,1,0,0,0,0,0,28,2,6,0,12,0,0,96,6,20,6,1,3,ml_candidate,rule is not deterministic enough
wazuh-1788728117.2592752,2026-09-06T20:55:17.016000Z,lab-sensor-01,31516,6,appsec|attack|web,web-accesslog,T1055,/var/log/apache2/access.log,0,0,1,0,0,0,1,0,0,0,0,0,29,2,6,0,12,0,0,96,6,20,6,1,3,ml_candidate,rule is not deterministic enough
wazuh-1788728119.2593195,2026-09-06T20:55:19.268000Z,film-laptop,86601,3,ids|suricata,json,none,/var/log/suricata/eve.json,68,67,1,1,0,0,1,0,0,0,0,0,9,8,2,0,0,0,0,0,3,20,6,1,9,ml_candidate,rule is not deterministic enough
wazuh-1788728139.2599382,2026-09-06T20:55:39.047000Z,lab-sensor-01,30305,5,access_denied|apache|web,apache-errorlog,none,/var/log/apache2/error.log,58362,0,1,0,0,0,1,0,0,0,0,0,30,3,6,0,12,0,0,96,6,20,6,1,4,ml_candidate,rule is not deterministic enough
wazuh-1788728139.2599982,2026-09-06T20:55:39.047000Z,lab-sensor-01,31516,6,appsec|attack|web,web-accesslog,T1055,/var/log/apache2/access.log,0,0,1,0,0,0,1,0,0,0,0,0,31,3,6,0,12,0,0,96,6,20,6,1,4,ml_candidate,rule is not deterministic enough
wazuh-1788728179.2601311,2026-09-06T20:56:19.347000Z,film-laptop,86601,3,ids|suricata,json,none,/var/log/suricata/eve.json,68,67,1,1,0,0,1,0,0,0,0,0,9,8,2,0,0,0,0,0,3,20,6,1,9,ml_candidate,rule is not deterministic enough
wazuh-1788728213.2607048,2026-09-06T20:56:53.225000Z,lab-sensor-01,31104,6,accesslog|attack|web,web-accesslog,T1055|T1083|T1190,/var/log/apache2/access.log,0,0,1,0,0,0,1,0,0,0,0,0,27,2,6,0,9,0,0,93,6,20,6,1,3,ml_candidate,rule is not deterministic enough
wazuh-1788728239.2608435,2026-09-06T20:57:19.404000Z,film-laptop,86601,3,ids|suricata,json,none,/var/log/suricata/eve.json,68,67,1,1,0,0,1,0,0,0,0,0,9,8,2,0,0,0,0,0,3,20,6,1,9,ml_candidate,rule is not deterministic enough
wazuh-1788728267.2615065,2026-09-06T20:57:47.287000Z,lab-sensor-01,30305,5,access_denied|apache|web,apache-errorlog,none,/var/log/apache2/error.log,58030,0,1,0,0,0,1,0,0,0,0,0,26,3,6,0,9,0,0,92,6,20,6,1,4,ml_candidate,rule is not deterministic enough
wazuh-1788728267.2615665,2026-09-06T20:57:47.287000Z,lab-sensor-01,31516,6,appsec|attack|web,web-accesslog,T1055,/var/log/apache2/access.log,0,0,1,0,0,0,1,0,0,0,0,0,27,3,6,0,9,0,0,92,6,20,6,1,4,ml_candidate,rule is not deterministic enough
wazuh-1788728283.2616108,2026-09-06T20:58:03.356000Z,lab-sensor-01,31104,6,accesslog|attack|web,web-accesslog,T1055|T1083|T1190,/var/log/apache2/access.log,0,0,1,0,0,0,1,0,0,0,0,0,26,3,6,0,9,0,0,91,6,20,6,1,4,ml_candidate,rule is not deterministic enough
wazuh-1788728301.2617495,2026-09-06T20:58:21.724000Z,film-laptop,86601,3,ids|suricata,json,none,/var/log/suricata/eve.json,68,67,1,1,0,0,1,0,0,0,0,0,9,8,2,0,0,0,0,0,3,20,6,1,9,ml_candidate,rule is not deterministic enough
wazuh-1788728327.2623244,2026-09-06T20:58:47.424000Z,lab-sensor-01,5710,5,authentication_failed|invalid_login|sshd|syslog,sshd,T1021.004|T1110.001,journald,45466,0,1,0,0,0,1,0,0,0,1,0,27,0,6,0,9,0,0,91,6,20,6,1,1,ml_candidate,rule is not deterministic enough
wazuh-1788728329.2623793,2026-09-06T20:58:49.421000Z,lab-sensor-01,5710,5,authentication_failed|invalid_login|sshd|syslog,sshd,T1021.004|T1110.001,journald,54346,0,1,0,0,0,1,0,0,0,1,0,27,1,6,0,10,0,0,92,6,20,6,1,2,ml_candidate,rule is not deterministic enough
wazuh-1788728333.2624342,2026-09-06T20:58:53.427000Z,lab-sensor-01,5710,5,authentication_failed|invalid_login|sshd|syslog,sshd,T1021.004|T1110.001,journald,54362,0,1,0,0,0,1,0,0,0,1,0,28,2,6,0,11,0,0,93,6,20,6,1,3,ml_candidate,rule is not deterministic enough
wazuh-1788728361.2625334,2026-09-06T20:59:21.618000Z,film-laptop,86601,3,ids|suricata,json,none,/var/log/suricata/eve.json,68,67,1,1,0,0,1,0,0,0,0,0,9,8,2,0,0,0,0,0,3,20,6,1,9,ml_candidate,rule is not deterministic enough
wazuh-1788728362.2629742,2026-09-06T20:59:22.062000Z,lab-sensor-01,31104,6,accesslog|attack|web,web-accesslog,T1055|T1083|T1190,/var/log/apache2/access.log,0,0,1,0,0,0,1,0,0,0,0,0,27,2,6,0,12,0,0,89,6,20,6,1,3,ml_candidate,rule is not deterministic enough
wazuh-1788728401.2632015,2026-09-06T21:00:01.540000Z,lab-sensor-01,5710,5,authentication_failed|invalid_login|sshd|syslog,sshd,T1021.004|T1110.001,journald,50192,0,1,0,0,0,1,0,0,0,1,0,24,3,6,0,12,0,0,87,6,21,6,1,4,ml_candidate,rule is not deterministic enough
wazuh-1788728405.2632564,2026-09-06T21:00:05.541000Z,lab-sensor-01,5710,5,authentication_failed|invalid_login|sshd|syslog,sshd,T1021.004|T1110.001,journald,50198,0,1,0,0,0,1,0,0,0,1,0,25,4,6,0,13,0,0,87,6,21,6,1,5,ml_candidate,rule is not deterministic enough
wazuh-1788728407.2633113,2026-09-06T21:00:07.543000Z,lab-sensor-01,5710,5,authentication_failed|invalid_login|sshd|syslog,sshd,T1021.004|T1110.001,journald,50200,0,1,0,0,0,1,0,0,0,1,0,26,5,6,0,14,0,0,88,6,21,6,1,6,ml_candidate,rule is not deterministic enough
wazuh-1788728421.2633662,2026-09-06T21:00:21.621000Z,film-laptop,86601,3,ids|suricata,json,none,/var/log/suricata/eve.json,68,67,1,1,0,0,1,0,0,0,0,0,8,8,2,0,0,0,0,0,3,21,6,1,9,ml_candidate,rule is not deterministic enough
wazuh-1788728441.2638960,2026-09-06T21:00:41.588000Z,lab-sensor-01,31101,5,accesslog|attack|web,web-accesslog,none,/var/log/apache2/access.log,0,0,1,0,0,0,1,0,0,0,0,0,17,3,6,0,12,0,0,86,6,21,6,1,4,ml_candidate,rule is not deterministic enough
wazuh-1788728443.2639402,2026-09-06T21:00:43.589000Z,lab-sensor-01,31101,5,accesslog|attack|web,web-accesslog,none,/var/log/apache2/access.log,0,0,1,0,0,0,1,0,0,0,0,0,18,4,6,0,12,0,0,86,6,21,6,1,5,ml_candidate,rule is not deterministic enough
wazuh-1788728445.2639844,2026-09-06T21:00:45.596000Z,lab-sensor-01,31101,5,accesslog|attack|web,web-accesslog,none,/var/log/apache2/access.log,0,0,1,0,0,0,1,0,0,0,0,0,19,5,6,0,12,0,0,86,6,21,6,1,6,ml_candidate,rule is not deterministic enough
wazuh-1788728447.2640292,2026-09-06T21:00:47.597000Z,lab-sensor-01,30305,5,access_denied|apache|web,apache-errorlog,none,/var/log/apache2/error.log,44400,0,1,0,0,0,1,0,0,0,0,0,20,1,6,0,12,0,0,86,6,21,6,1,2,ml_candidate,rule is not deterministic enough
wazuh-1788728447.2640892,2026-09-06T21:00:47.598000Z,lab-sensor-01,31516,6,appsec|attack|web,web-accesslog,T1055,/var/log/apache2/access.log,0,0,1,0,0,0,1,0,0,0,0,0,21,1,6,0,12,0,0,86,6,21,6,1,2,ml_candidate,rule is not deterministic enough
wazuh-1788728453.2641335,2026-09-06T21:00:53.002000Z,film-laptop,591,3,ossec,ossec,none,logcollector,0,0,0,0,0,0,0,0,0,0,0,0,10,0,2,0,0,0,0,0,3,21,6,1,1,ml_candidate,rule is not deterministic enough
wazuh-1788728483.2642594,2026-09-06T21:01:23.673000Z,film-laptop,86601,3,ids|suricata,json,none,/var/log/suricata/eve.json,68,67,1,1,0,0,1,0,0,0,0,0,9,8,2,0,0,0,0,0,3,21,6,1,9,ml_candidate,rule is not deterministic enough
wazuh-1788728503.2647445,2026-09-06T21:01:43.710000Z,lab-sensor-01,5710,5,authentication_failed|invalid_login|sshd|syslog,sshd,T1021.004|T1110.001,journald,40378,0,1,0,0,0,1,0,0,0,1,0,22,6,6,0,9,0,0,85,6,21,6,1,7,ml_candidate,rule is not deterministic enough
wazuh-1788728505.2648437,2026-09-06T21:01:45.715000Z,lab-sensor-01,5710,5,authentication_failed|invalid_login|sshd|syslog,sshd,T1021.004|T1110.001,journald,40384,0,1,0,0,0,1,0,0,0,1,0,23,7,6,0,10,0,0,86,6,21,6,1,8,ml_candidate,rule is not deterministic enough
wazuh-1788728509.2648986,2026-09-06T21:01:49.731000Z,lab-sensor-01,5710,5,authentication_failed|invalid_login|sshd|syslog,sshd,T1021.004|T1110.001,journald,39376,0,1,0,0,0,1,0,0,0,1,0,24,8,6,0,11,0,0,87,6,21,6,1,9,ml_candidate,rule is not deterministic enough
wazuh-1788728525.2649978,2026-09-06T21:02:05.761000Z,lab-sensor-01,31101,5,accesslog|attack|web,web-accesslog,none,/var/log/apache2/access.log,0,0,1,0,0,0,1,0,0,0,0,0,23,6,6,0,12,0,0,88,6,21,6,1,7,ml_candidate,rule is not deterministic enough
wazuh-1788728527.2650420,2026-09-06T21:02:07.766000Z,lab-sensor-01,31101,5,accesslog|attack|web,web-accesslog,none,/var/log/apache2/access.log,0,0,1,0,0,0,1,0,0,0,0,0,24,7,6,0,12,0,0,88,6,21,6,1,8,ml_candidate,rule is not deterministic enough
wazuh-1788728529.2650862,2026-09-06T21:02:09.768000Z,lab-sensor-01,31101,5,accesslog|attack|web,web-accesslog,none,/var/log/apache2/access.log,0,0,1,0,0,0,1,0,0,0,0,0,25,8,6,0,12,0,0,88,6,21,6,1,9,ml_candidate,rule is not deterministic enough
wazuh-1788728531.2651310,2026-09-06T21:02:11.770000Z,lab-sensor-01,30305,5,access_denied|apache|web,apache-errorlog,none,/var/log/apache2/error.log,39132,0,1,0,0,0,1,0,0,0,0,0,26,2,6,0,12,0,0,88,6,21,6,1,3,ml_candidate,rule is not deterministic enough
wazuh-1788728531.2651910,2026-09-06T21:02:11.812000Z,lab-sensor-01,31516,6,appsec|attack|web,web-accesslog,T1055,/var/log/apache2/access.log,0,0,1,0,0,0,1,0,0,0,0,0,27,2,6,0,12,0,0,88,6,21,6,1,3,ml_candidate,rule is not deterministic enough
wazuh-1788728543.2652353,2026-09-06T21:02:23.775000Z,film-laptop,86601,3,ids|suricata,json,none,/var/log/suricata/eve.json,68,67,1,1,0,0,1,0,0,0,0,0,9,8,2,0,0,0,0,0,3,21,6,1,9,ml_candidate,rule is not deterministic enough
wazuh-1788728559.2657208,2026-09-06T21:02:39.850000Z,lab-sensor-01,31104,6,accesslog|attack|web,web-accesslog,T1055|T1083|T1190,/var/log/apache2/access.log,0,0,1,0,0,0,1,0,0,0,0,0,28,2,6,0,12,0,0,88,6,21,6,1,3,ml_candidate,rule is not deterministic enough
wazuh-1788728603.2659481,2026-09-06T21:03:23.812000Z,film-laptop,86601,3,ids|suricata,json,none,/var/log/suricata/eve.json,68,67,1,1,0,0,1,0,0,0,0,0,9,8,2,0,0,0,0,0,3,21,6,1,9,ml_candidate,rule is not deterministic enough
wazuh-1788728613.2664336,2026-09-06T21:03:33.909000Z,lab-sensor-01,31101,5,accesslog|attack|web,web-accesslog,none,/var/log/apache2/access.log,0,0,1,0,0,0,1,0,0,0,0,0,23,6,6,0,9,0,0,90,6,21,6,1,7,ml_candidate,rule is not deterministic enough
wazuh-1788728615.2664778,2026-09-06T21:03:35.911000Z,lab-sensor-01,31101,5,accesslog|attack|web,web-accesslog,none,/var/log/apache2/access.log,0,0,1,0,0,0,1,0,0,0,0,0,24,7,6,0,9,0,0,90,6,21,6,1,8,ml_candidate,rule is not deterministic enough
wazuh-1788728617.2665220,2026-09-06T21:03:37.912000Z,lab-sensor-01,31101,5,accesslog|attack|web,web-accesslog,none,/var/log/apache2/access.log,0,0,1,0,0,0,1,0,0,0,0,0,25,8,6,0,9,0,0,90,6,21,6,1,9,ml_candidate,rule is not deterministic enough
wazuh-1788728619.2665668,2026-09-06T21:03:39.914000Z,lab-sensor-01,30305,5,access_denied|apache|web,apache-errorlog,none,/var/log/apache2/error.log,55574,0,1,0,0,0,1,0,0,0,0,0,26,2,6,0,9,0,0,90,6,21,6,1,3,ml_candidate,rule is not deterministic enough
wazuh-1788728619.2666268,2026-09-06T21:03:39.915000Z,lab-sensor-01,31516,6,appsec|attack|web,web-accesslog,T1055,/var/log/apache2/access.log,0,0,1,0,0,0,1,0,0,0,0,0,27,2,6,0,9,0,0,90,6,21,6,1,3,ml_candidate,rule is not deterministic enough
wazuh-1788728665.2668040,2026-09-06T21:04:25.882000Z,film-laptop,86601,3,ids|suricata,json,none,/var/log/suricata/eve.json,68,67,1,1,0,0,1,0,0,0,0,0,9,8,2,0,0,0,0,0,3,21,6,1,9,ml_candidate,rule is not deterministic enough
wazuh-1788728700.2674670,2026-09-06T21:05:00.043000Z,lab-sensor-01,30305,5,access_denied|apache|web,apache-errorlog,none,/var/log/apache2/error.log,49870,0,1,0,0,0,1,0,0,0,0,0,26,3,6,0,9,0,0,83,6,21,6,1,4,ml_candidate,rule is not deterministic enough
wazuh-1788728700.2675270,2026-09-06T21:05:00.044000Z,lab-sensor-01,31516,6,appsec|attack|web,web-accesslog,T1055,/var/log/apache2/access.log,0,0,1,0,0,0,1,0,0,0,0,0,27,3,6,0,9,0,0,83,6,21,6,1,4,ml_candidate,rule is not deterministic enough
wazuh-1788728712.2676156,2026-09-06T21:05:12.116000Z,lab-sensor-01,5710,5,authentication_failed|invalid_login|sshd|syslog,sshd,T1021.004|T1110.001,journald,38382,0,1,0,0,0,1,0,0,0,1,0,25,3,6,0,9,0,0,84,6,21,6,1,4,ml_candidate,rule is not deterministic enough
wazuh-1788728716.2676705,2026-09-06T21:05:16.104000Z,lab-sensor-01,5710,5,authentication_failed|invalid_login|sshd|syslog,sshd,T1021.004|T1110.001,journald,38394,0,1,0,0,0,1,0,0,0,1,0,26,4,6,0,10,0,0,84,6,21,6,1,5,ml_candidate,rule is not deterministic enough
wazuh-1788728718.2677254,2026-09-06T21:05:18.125000Z,lab-sensor-01,5710,5,authentication_failed|invalid_login|sshd|syslog,sshd,T1021.004|T1110.001,journald,34068,0,1,0,0,0,1,0,0,0,1,0,27,5,6,0,11,0,0,84,6,21,6,1,6,ml_candidate,rule is not deterministic enough
wazuh-1788728725.2677803,2026-09-06T21:05:25.990000Z,film-laptop,86601,3,ids|suricata,json,none,/var/log/suricata/eve.json,68,67,1,1,0,0,1,0,0,0,0,0,9,8,2,0,0,0,0,0,3,21,6,1,9,ml_candidate,rule is not deterministic enough
wazuh-1788728773.2683544,2026-09-06T21:06:13.034000Z,film-laptop,591,3,ossec,ossec,none,logcollector,0,0,0,0,0,0,0,0,0,0,0,0,10,0,2,0,0,0,0,0,3,21,6,1,1,ml_candidate,rule is not deterministic enough
wazuh-1788728778.2683917,2026-09-06T21:06:18.279000Z,lab-sensor-01,31104,6,accesslog|attack|web,web-accesslog,T1055|T1083|T1190,/var/log/apache2/access.log,0,0,1,0,0,0,1,0,0,0,0,0,23,1,6,0,12,0,0,81,6,21,6,1,2,ml_candidate,rule is not deterministic enough
wazuh-1788728786.2685304,2026-09-06T21:06:26.054000Z,film-laptop,86601,3,ids|suricata,json,none,/var/log/suricata/eve.json,68,67,1,1,0,0,1,0,0,0,0,0,9,8,2,0,0,0,0,0,3,21,6,1,9,ml_candidate,rule is not deterministic enough
wazuh-1788728834.2691041,2026-09-06T21:07:14.444000Z,lab-sensor-01,5710,5,authentication_failed|invalid_login|sshd|syslog,sshd,T1021.004|T1110.001,journald,50442,0,1,0,0,0,1,0,0,0,1,0,17,3,6,0,12,0,0,78,6,21,6,1,4,ml_candidate,rule is not deterministic enough
wazuh-1788728838.2692033,2026-09-06T21:07:18.454000Z,lab-sensor-01,5710,5,authentication_failed|invalid_login|sshd|syslog,sshd,T1021.004|T1110.001,journald,50448,0,1,0,0,0,1,0,0,0,1,0,18,4,6,0,13,0,0,78,6,21,6,1,5,ml_candidate,rule is not deterministic enough
wazuh-1788728840.2692582,2026-09-06T21:07:20.456000Z,lab-sensor-01,5710,5,authentication_failed|invalid_login|sshd|syslog,sshd,T1021.004|T1110.001,journald,44478,0,1,0,0,0,1,0,0,0,1,0,19,5,6,0,14,0,0,78,6,21,6,1,6,ml_candidate,rule is not deterministic enough
wazuh-1788728846.2693131,2026-09-06T21:07:26.121000Z,film-laptop,86601,3,ids|suricata,json,none,/var/log/suricata/eve.json,68,67,1,1,0,0,1,0,0,0,0,0,9,8,2,0,0,0,0,0,3,21,6,1,9,ml_candidate,rule is not deterministic enough
wazuh-1788728854.2697986,2026-09-06T21:07:34.479000Z,lab-sensor-01,5710,5,authentication_failed|invalid_login|sshd|syslog,sshd,T1021.004|T1110.001,journald,54146,0,1,0,0,0,1,0,0,0,1,0,20,6,6,0,15,0,0,78,6,21,6,1,7,ml_candidate,rule is not deterministic enough
wazuh-1788728858.2698535,2026-09-06T21:07:38.484000Z,lab-sensor-01,5710,5,authentication_failed|invalid_login|sshd|syslog,sshd,T1021.004|T1110.001,journald,54156,0,1,0,0,0,1,0,0,0,1,0,21,7,6,0,16,0,0,79,6,21,6,1,8,ml_candidate,rule is not deterministic enough
wazuh-1788728860.2699084,2026-09-06T21:07:40.489000Z,lab-sensor-01,5710,5,authentication_failed|invalid_login|sshd|syslog,sshd,T1021.004|T1110.001,journald,51006,0,1,0,0,0,1,0,0,0,1,0,21,8,6,0,17,0,0,80,6,21,6,1,9,ml_candidate,rule is not deterministic enough
wazuh-1788728908.2703394,2026-09-06T21:08:28.189000Z,film-laptop,86601,3,ids|suricata,json,none,/var/log/suricata/eve.json,68,67,1,1,0,0,1,0,0,0,0,0,9,8,2,0,0,0,0,0,3,21,6,1,9,ml_candidate,rule is not deterministic enough
wazuh-1788728968.2710778,2026-09-06T21:09:28.291000Z,film-laptop,86601,3,ids|suricata,json,none,/var/log/suricata/eve.json,68,67,1,1,0,0,1,0,0,0,0,0,9,8,2,0,0,0,0,0,3,21,6,1,9,ml_candidate,rule is not deterministic enough
wazuh-1788728982.2715633,2026-09-06T21:09:42.696000Z,lab-sensor-01,31101,5,accesslog|attack|web,web-accesslog,none,/var/log/apache2/access.log,0,0,1,0,0,0,1,0,0,0,0,0,22,3,7,1,21,0,0,81,10,21,6,1,4,ml_candidate,rule is not deterministic enough
wazuh-1788728984.2716075,2026-09-06T21:09:44.700000Z,lab-sensor-01,31101,5,accesslog|attack|web,web-accesslog,none,/var/log/apache2/access.log,0,0,1,0,0,0,1,0,0,0,0,0,23,4,7,1,21,0,0,81,10,21,6,1,5,ml_candidate,rule is not deterministic enough
wazuh-1788728986.2716517,2026-09-06T21:09:46.707000Z,lab-sensor-01,31101,5,accesslog|attack|web,web-accesslog,none,/var/log/apache2/access.log,0,0,1,0,0,0,1,0,0,0,0,0,24,5,7,1,21,0,0,81,10,21,6,1,6,ml_candidate,rule is not deterministic enough
wazuh-1788728988.2716965,2026-09-06T21:09:48.710000Z,lab-sensor-01,30305,5,access_denied|apache|web,apache-errorlog,none,/var/log/apache2/error.log,54328,0,1,0,0,0,1,0,0,0,0,0,25,1,7,1,21,0,0,81,10,21,6,1,2,ml_candidate,rule is not deterministic enough
wazuh-1788728988.2717565,2026-09-06T21:09:48.710000Z,lab-sensor-01,31516,6,appsec|attack|web,web-accesslog,T1055,/var/log/apache2/access.log,0,0,1,0,0,0,1,0,0,0,0,0,26,1,7,1,21,0,0,81,10,21,6,1,2,ml_candidate,rule is not deterministic enough
wazuh-1788729001.2718451,2026-09-06T21:10:01.260000Z,lab-sensor-01,31101,5,accesslog|attack|web,web-accesslog,none,/var/log/apache2/access.log,0,0,1,0,0,0,1,0,0,0,0,0,22,3,7,1,21,0,0,82,10,21,6,1,4,ml_candidate,rule is not deterministic enough
wazuh-1788729003.2718893,2026-09-06T21:10:03.262000Z,lab-sensor-01,31101,5,accesslog|attack|web,web-accesslog,none,/var/log/apache2/access.log,0,0,1,0,0,0,1,0,0,0,0,0,23,4,7,1,20,0,0,82,10,21,6,1,5,ml_candidate,rule is not deterministic enough
wazuh-1788729005.2719335,2026-09-06T21:10:05.264000Z,lab-sensor-01,31101,5,accesslog|attack|web,web-accesslog,none,/var/log/apache2/access.log,0,0,1,0,0,0,1,0,0,0,0,0,24,5,7,1,20,0,0,82,10,21,6,1,6,ml_candidate,rule is not deterministic enough
wazuh-1788729007.2719783,2026-09-06T21:10:07.267000Z,lab-sensor-01,30305,5,access_denied|apache|web,apache-errorlog,none,/var/log/apache2/error.log,47098,0,1,0,0,0,1,0,0,0,0,0,25,1,7,1,19,0,0,82,10,21,6,1,2,ml_candidate,rule is not deterministic enough
wazuh-1788729007.2720383,2026-09-06T21:10:07.267000Z,lab-sensor-01,31516,6,appsec|attack|web,web-accesslog,T1055,/var/log/apache2/access.log,0,0,1,0,0,0,1,0,0,0,0,0,26,1,7,1,19,0,0,82,10,21,6,1,2,ml_candidate,rule is not deterministic enough
wazuh-1788729028.2721269,2026-09-06T21:10:28.358000Z,film-laptop,86601,3,ids|suricata,json,none,/var/log/suricata/eve.json,68,67,1,1,0,0,1,0,0,0,0,0,9,8,2,0,0,0,0,0,3,21,6,1,9,ml_candidate,rule is not deterministic enough
wazuh-1788729083.2727453,2026-09-06T21:11:23.430000Z,lab-sensor-01,31101,5,accesslog|attack|web,web-accesslog,none,/var/log/apache2/access.log,0,0,1,0,0,0,1,0,0,0,0,0,22,6,7,1,18,0,0,80,10,21,6,1,7,ml_candidate,rule is not deterministic enough
wazuh-1788729085.2727895,2026-09-06T21:11:25.431000Z,lab-sensor-01,31101,5,accesslog|attack|web,web-accesslog,none,/var/log/apache2/access.log,0,0,1,0,0,0,1,0,0,0,0,0,23,7,7,1,18,0,0,79,10,21,6,1,8,ml_candidate,rule is not deterministic enough
wazuh-1788729087.2728337,2026-09-06T21:11:27.437000Z,lab-sensor-01,31101,5,accesslog|attack|web,web-accesslog,none,/var/log/apache2/access.log,0,0,1,0,0,0,1,0,0,0,0,0,24,8,7,1,18,0,0,79,10,21,6,1,9,ml_candidate,rule is not deterministic enough
wazuh-1788729089.2728785,2026-09-06T21:11:29.438000Z,lab-sensor-01,30305,5,access_denied|apache|web,apache-errorlog,none,/var/log/apache2/error.log,60430,0,1,0,0,0,1,0,0,0,0,0,25,2,7,1,18,0,0,78,10,21,6,1,3,ml_candidate,rule is not deterministic enough
wazuh-1788729089.2729385,2026-09-06T21:11:29.439000Z,lab-sensor-01,31516,6,appsec|attack|web,web-accesslog,T1055,/var/log/apache2/access.log,0,0,1,0,0,0,1,0,0,0,0,0,26,2,7,1,18,0,0,78,10,21,6,1,3,ml_candidate,rule is not deterministic enough
wazuh-1788729090.2729828,2026-09-06T21:11:30.343000Z,film-laptop,86601,3,ids|suricata,json,none,/var/log/suricata/eve.json,68,67,1,1,0,0,1,0,0,0,0,0,8,8,2,0,0,0,0,0,3,21,6,1,9,ml_candidate,rule is not deterministic enough
wazuh-1788729122.2736454,2026-09-06T21:12:02.953000Z,lab-sensor-01,30305,5,access_denied|apache|web,apache-errorlog,none,/var/log/apache2/error.log,49564,0,1,0,0,0,1,0,0,0,0,0,30,3,7,1,15,0,0,78,10,21,6,1,4,ml_candidate,rule is not deterministic enough
wazuh-1788729122.2737054,2026-09-06T21:12:02.953000Z,lab-sensor-01,31516,6,appsec|attack|web,web-accesslog,T1055,/var/log/apache2/access.log,0,0,1,0,0,0,1,0,0,0,0,0,31,3,7,1,15,0,0,78,10,21,6,1,4,ml_candidate,rule is not deterministic enough
wazuh-1788729150.2739587,2026-09-06T21:12:30.404000Z,film-laptop,86601,3,ids|suricata,json,none,/var/log/suricata/eve.json,68,67,1,1,0,0,1,0,0,0,0,0,8,8,2,0,0,0,0,0,3,21,6,1,9,ml_candidate,rule is not deterministic enough
wazuh-1788729157.2743999,2026-09-06T21:12:37.076000Z,film-laptop,591,3,ossec,ossec,none,logcollector,0,0,0,0,0,0,0,0,0,0,0,0,10,0,2,0,0,0,0,0,3,21,6,1,1,ml_candidate,rule is not deterministic enough
wazuh-1788729171.2744815,2026-09-06T21:12:51.097000Z,lab-sensor-01,31104,6,accesslog|attack|web,web-accesslog,T1055|T1083|T1190,/var/log/apache2/access.log,0,0,1,0,0,0,1,0,0,0,0,0,29,0,7,1,18,0,0,80,10,21,6,1,1,ml_candidate,rule is not deterministic enough
wazuh-1788729201.2747977,2026-09-06T21:13:21.144000Z,lab-sensor-01,30305,5,access_denied|apache|web,apache-errorlog,none,/var/log/apache2/error.log,49918,0,1,0,0,0,1,0,0,0,0,0,33,4,7,1,18,0,0,79,10,21,6,1,5,ml_candidate,rule is not deterministic enough
wazuh-1788729201.2748577,2026-09-06T21:13:21.147000Z,lab-sensor-01,31516,6,appsec|attack|web,web-accesslog,T1055,/var/log/apache2/access.log,0,0,1,0,0,0,1,0,0,0,0,0,34,4,7,1,18,0,0,79,10,21,6,1,5,ml_candidate,rule is not deterministic enough
wazuh-1788729210.2749020,2026-09-06T21:13:30.473000Z,film-laptop,86601,3,ids|suricata,json,none,/var/log/suricata/eve.json,68,67,1,1,0,0,1,0,0,0,0,0,9,8,2,0,0,0,0,0,3,21,6,1,9,ml_candidate,rule is not deterministic enough
wazuh-1788729221.2755203,2026-09-06T21:13:41.183000Z,lab-sensor-01,30305,5,access_denied|apache|web,apache-errorlog,none,/var/log/apache2/error.log,54468,0,1,0,0,0,1,0,0,0,0,0,36,5,7,1,18,0,0,80,10,21,6,1,6,ml_candidate,rule is not deterministic enough
wazuh-1788729221.2755803,2026-09-06T21:13:41.225000Z,lab-sensor-01,31516,6,appsec|attack|web,web-accesslog,T1055,/var/log/apache2/access.log,0,0,1,0,0,0,1,0,0,0,0,0,37,5,7,1,18,0,0,80,10,21,6,1,6,ml_candidate,rule is not deterministic enough
wazuh-1788729270.2757575,2026-09-06T21:14:30.541000Z,film-laptop,86601,3,ids|suricata,json,none,/var/log/suricata/eve.json,68,67,1,1,0,0,1,0,0,0,0,0,9,8,2,0,0,0,0,0,3,21,6,1,9,ml_candidate,rule is not deterministic enough
wazuh-1788729291.2762430,2026-09-06T21:14:51.387000Z,lab-sensor-01,31104,6,accesslog|attack|web,web-accesslog,T1055|T1083|T1190,/var/log/apache2/access.log,0,0,1,0,0,0,1,0,0,0,0,0,30,1,7,1,18,0,0,78,10,21,6,1,2,ml_candidate,rule is not deterministic enough
wazuh-1788729330.2764703,2026-09-06T21:15:30.607000Z,film-laptop,86601,3,ids|suricata,json,none,/var/log/suricata/eve.json,68,67,1,1,0,0,1,0,0,0,0,0,9,8,2,0,0,0,0,0,3,21,6,1,9,ml_candidate,rule is not deterministic enough
wazuh-1788729345.2770886,2026-09-06T21:15:45.447000Z,lab-sensor-01,30305,5,access_denied|apache|web,apache-errorlog,none,/var/log/apache2/error.log,60256,0,1,0,0,0,1,0,0,0,0,0,30,4,7,1,15,0,0,78,10,21,6,1,5,ml_candidate,rule is not deterministic enough
wazuh-1788729345.2771486,2026-09-06T21:15:45.448000Z,lab-sensor-01,31516,6,appsec|attack|web,web-accesslog,T1055,/var/log/apache2/access.log,0,0,1,0,0,0,1,0,0,0,0,0,31,4,7,1,15,0,0,78,10,21,6,1,5,ml_candidate,rule is not deterministic enough
wazuh-1788729371.2772372,2026-09-06T21:16:11.548000Z,lab-sensor-01,5710,5,authentication_failed|invalid_login|sshd|syslog,sshd,T1021.004|T1110.001,journald,34110,0,1,0,0,0,1,0,0,0,1,0,32,3,7,1,15,0,0,76,10,21,6,1,4,ml_candidate,rule is not deterministic enough
wazuh-1788729373.2773364,2026-09-06T21:16:13.538000Z,lab-sensor-01,5710,5,authentication_failed|invalid_login|sshd|syslog,sshd,T1021.004|T1110.001,journald,34114,0,1,0,0,0,1,0,0,0,1,0,33,4,7,1,16,0,0,77,10,21,6,1,5,ml_candidate,rule is not deterministic enough
wazuh-1788729377.2773913,2026-09-06T21:16:17.551000Z,lab-sensor-01,5710,5,authentication_failed|invalid_login|sshd|syslog,sshd,T1021.004|T1110.001,journald,34120,0,1,0,0,0,1,0,0,0,1,0,34,5,7,1,17,0,0,78,10,21,6,1,6,ml_candidate,rule is not deterministic enough
wazuh-1788729390.2774462,2026-09-06T21:16:30.756000Z,film-laptop,86601,3,ids|suricata,json,none,/var/log/suricata/eve.json,68,67,1,1,0,0,1,0,0,0,0,0,9,8,2,0,0,0,0,0,3,21,6,1,9,ml_candidate,rule is not deterministic enough
wazuh-1788729445.2781089,2026-09-06T21:17:25.708000Z,lab-sensor-01,5710,5,authentication_failed|invalid_login|sshd|syslog,sshd,T1021.004|T1110.001,journald,39238,0,1,0,0,0,1,0,0,0,1,0,22,3,7,1,15,0,0,77,10,21,6,1,4,ml_candidate,rule is not deterministic enough
wazuh-1788729447.2781638,2026-09-06T21:17:27.710000Z,lab-sensor-01,5710,5,authentication_failed|invalid_login|sshd|syslog,sshd,T1021.004|T1110.001,journald,39242,0,1,0,0,0,1,0,0,0,1,0,23,4,7,1,16,0,0,78,10,21,6,1,5,ml_candidate,rule is not deterministic enough
wazuh-1788729451.2782187,2026-09-06T21:17:31.715000Z,lab-sensor-01,5710,5,authentication_failed|invalid_login|sshd|syslog,sshd,T1021.004|T1110.001,journald,54534,0,1,0,0,0,1,0,0,0,1,0,24,5,7,1,17,0,0,78,10,21,6,1,6,ml_candidate,rule is not deterministic enough
wazuh-1788729452.2782736,2026-09-06T21:17:32.744000Z,film-laptop,86601,3,ids|suricata,json,none,/var/log/suricata/eve.json,68,67,1,1,0,0,1,0,0,0,0,0,9,8,2,0,0,0,0,0,3,21,6,1,9,ml_candidate,rule is not deterministic enough
wazuh-1788729477.2787587,2026-09-06T21:17:57.109000Z,film-laptop,591,3,ossec,ossec,none,logcollector,0,0,0,0,0,0,0,0,0,0,0,0,10,0,2,0,0,0,0,0,3,21,6,1,1,ml_candidate,rule is not deterministic enough
wazuh-1788729499.2788846,2026-09-06T21:18:19.761000Z,lab-sensor-01,31101,5,accesslog|attack|web,web-accesslog,none,/var/log/apache2/access.log,0,0,1,0,0,0,1,0,0,0,0,0,20,6,7,1,15,0,0,78,10,21,6,1,7,ml_candidate,rule is not deterministic enough
wazuh-1788729501.2789288,2026-09-06T21:18:21.770000Z,lab-sensor-01,31101,5,accesslog|attack|web,web-accesslog,none,/var/log/apache2/access.log,0,0,1,0,0,0,1,0,0,0,0,0,19,7,7,1,14,0,0,78,10,21,6,1,8,ml_candidate,rule is not deterministic enough
wazuh-1788729503.2789730,2026-09-06T21:18:23.775000Z,lab-sensor-01,31101,5,accesslog|attack|web,web-accesslog,none,/var/log/apache2/access.log,0,0,1,0,0,0,1,0,0,0,0,0,20,8,6,0,13,0,0,78,6,21,6,1,9,ml_candidate,rule is not deterministic enough
wazuh-1788729505.2790178,2026-09-06T21:18:25.777000Z,lab-sensor-01,30305,5,access_denied|apache|web,apache-errorlog,none,/var/log/apache2/error.log,58676,0,1,0,0,0,1,0,0,0,0,0,21,2,6,0,13,0,0,78,6,21,6,1,3,ml_candidate,rule is not deterministic enough
wazuh-1788729505.2790778,2026-09-06T21:18:25.777000Z,lab-sensor-01,31516,6,appsec|attack|web,web-accesslog,T1055,/var/log/apache2/access.log,0,0,1,0,0,0,1,0,0,0,0,0,22,2,6,0,13,0,0,78,6,21,6,1,3,ml_candidate,rule is not deterministic enough
wazuh-1788729512.2791221,2026-09-06T21:18:32.869000Z,film-laptop,86601,3,ids|suricata,json,none,/var/log/suricata/eve.json,68,67,1,1,0,0,1,0,0,0,0,0,9,8,2,0,0,0,0,0,3,21,6,1,9,ml_candidate,rule is not deterministic enough
wazuh-1788729573.2797844,2026-09-06T21:19:33.172000Z,film-laptop,86601,3,ids|suricata,json,none,/var/log/suricata/eve.json,68,67,1,1,0,0,1,0,0,0,0,0,9,8,2,0,0,0,0,0,3,21,6,1,9,ml_candidate,rule is not deterministic enough
wazuh-1788729599.2802699,2026-09-06T21:19:59.947000Z,lab-sensor-01,31104,6,accesslog|attack|web,web-accesslog,T1055|T1083|T1190,/var/log/apache2/access.log,0,0,1,0,0,0,1,0,0,0,0,0,16,0,6,0,9,0,0,79,6,21,6,1,1,ml_candidate,rule is not deterministic enough
wazuh-1788729620.2804529,2026-09-06T21:20:20.013000Z,lab-sensor-01,5710,5,authentication_failed|invalid_login|sshd|syslog,sshd,T1021.004|T1110.001,journald,41294,0,1,0,0,0,1,0,0,0,1,0,18,6,6,0,9,0,0,81,6,21,6,1,7,ml_candidate,rule is not deterministic enough
wazuh-1788729624.2805078,2026-09-06T21:20:24.042000Z,lab-sensor-01,5710,5,authentication_failed|invalid_login|sshd|syslog,sshd,T1021.004|T1110.001,journald,41310,0,1,0,0,0,1,0,0,0,1,0,19,7,6,0,10,0,0,82,6,21,6,1,8,ml_candidate,rule is not deterministic enough
wazuh-1788729626.2805627,2026-09-06T21:20:26.045000Z,lab-sensor-01,5710,5,authentication_failed|invalid_login|sshd|syslog,sshd,T1021.004|T1110.001,journald,41316,0,1,0,0,0,1,0,0,0,1,0,20,8,6,0,11,0,0,82,6,21,6,1,9,ml_candidate,rule is not deterministic enough
wazuh-1788729634.2806176,2026-09-06T21:20:34.951000Z,film-laptop,86601,3,ids|suricata,json,none,/var/log/suricata/eve.json,68,67,1,1,0,0,1,0,0,0,0,0,9,8,2,0,0,0,0,0,3,21,6,1,9,ml_candidate,rule is not deterministic enough
wazuh-1788729686.2814003,2026-09-06T21:21:26.124000Z,lab-sensor-01,31104,6,accesslog|attack|web,web-accesslog,T1055|T1083|T1190,/var/log/apache2/access.log,0,0,1,0,0,0,1,0,0,0,0,0,16,1,6,0,15,0,0,80,6,21,6,1,2,ml_candidate,rule is not deterministic enough
wazuh-1788729695.2814947,2026-09-06T21:21:35.020000Z,film-laptop,86601,3,ids|suricata,json,none,/var/log/suricata/eve.json,68,67,1,1,0,0,1,0,0,0,0,0,9,8,2,0,0,0,0,0,3,21,6,1,9,ml_candidate,rule is not deterministic enough
wazuh-1788729724.2819802,2026-09-06T21:22:04.760000Z,lab-sensor-01,31104,6,accesslog|attack|web,web-accesslog,T1055|T1083|T1190,/var/log/apache2/access.log,0,0,1,0,0,0,1,0,0,0,0,0,18,2,6,0,15,0,0,81,6,21,6,1,3,ml_candidate,rule is not deterministic enough
wazuh-1788729755.2821632,2026-09-06T21:22:35.130000Z,film-laptop,86601,3,ids|suricata,json,none,/var/log/suricata/eve.json,68,67,1,1,0,0,1,0,0,0,0,0,9,8,2,0,0,0,0,0,3,21,6,1,9,ml_candidate,rule is not deterministic enough
wazuh-1788729797.2827369,2026-09-06T21:23:17.174000Z,film-laptop,591,3,ossec,ossec,none,logcollector,0,0,0,0,0,0,0,0,0,0,0,0,10,0,2,0,0,0,0,0,3,21,6,1,1,ml_candidate,rule is not deterministic enough
wazuh-1788729802.2828185,2026-09-06T21:23:22.324000Z,lab-sensor-01,5710,5,authentication_failed|invalid_login|sshd|syslog,sshd,T1021.004|T1110.001,journald,53982,0,1,0,0,0,1,0,0,0,1,0,15,6,6,0,12,0,0,79,6,21,6,1,7,ml_candidate,rule is not deterministic enough
wazuh-1788729804.2828734,2026-09-06T21:23:24.327000Z,lab-sensor-01,5710,5,authentication_failed|invalid_login|sshd|syslog,sshd,T1021.004|T1110.001,journald,53994,0,1,0,0,0,1,0,0,0,1,0,15,7,6,0,13,0,0,80,6,21,6,1,8,ml_candidate,rule is not deterministic enough
wazuh-1788729808.2829283,2026-09-06T21:23:28.330000Z,lab-sensor-01,5710,5,authentication_failed|invalid_login|sshd|syslog,sshd,T1021.004|T1110.001,journald,54002,0,1,0,0,0,1,0,0,0,1,0,14,8,6,0,14,0,0,81,6,21,6,1,9,ml_candidate,rule is not deterministic enough
wazuh-1788729815.2829832,2026-09-06T21:23:35.154000Z,film-laptop,86601,3,ids|suricata,json,none,/var/log/suricata/eve.json,68,67,1,1,0,0,1,0,0,0,0,0,9,8,2,0,0,0,0,0,3,21,6,1,9,ml_candidate,rule is not deterministic enough
wazuh-1788729875.2837663,2026-09-06T21:24:35.262000Z,film-laptop,86601,3,ids|suricata,json,none,/var/log/suricata/eve.json,68,67,1,1,0,0,1,0,0,0,0,0,9,8,2,0,0,0,0,0,3,21,6,1,9,ml_candidate,rule is not deterministic enough
wazuh-1788729896.2842957,2026-09-06T21:24:56.519000Z,lab-sensor-01,31104,6,accesslog|attack|web,web-accesslog,T1055|T1083|T1190,/var/log/apache2/access.log,0,0,1,0,0,0,1,0,0,0,0,0,18,3,6,0,18,0,0,80,6,21,6,1,4,ml_candidate,rule is not deterministic enough
wazuh-1788729935.2844787,2026-09-06T21:25:35.289000Z,film-laptop,86601,3,ids|suricata,json,none,/var/log/suricata/eve.json,68,67,1,1,0,0,1,0,0,0,0,0,9,8,2,0,0,0,0,0,3,21,6,1,9,ml_candidate,rule is not deterministic enough
wazuh-1788729972.2850093,2026-09-06T21:26:12.710000Z,lab-sensor-01,86601,3,ids|suricata,json,none,/var/log/suricata/eve.json,68,67,1,1,0,0,1,0,0,0,0,0,12,0,6,0,17,0,0,80,6,21,6,1,1,ml_candidate,rule is not deterministic enough
wazuh-1788729986.2857204,2026-09-06T21:26:26.798000Z,lab-sensor-01,5710,5,authentication_failed|invalid_login|sshd|syslog,sshd,T1021.004|T1110.001,journald,51182,0,1,0,0,0,1,0,0,0,1,0,12,6,7,0,15,0,0,80,6,21,6,1,7,ml_candidate,rule is not deterministic enough
wazuh-1788729990.2858196,2026-09-06T21:26:30.803000Z,lab-sensor-01,5710,5,authentication_failed|invalid_login|sshd|syslog,sshd,T1021.004|T1110.001,journald,33054,0,1,0,0,0,1,0,0,0,1,0,12,7,7,0,16,0,0,81,6,21,6,1,8,ml_candidate,rule is not deterministic enough
wazuh-1788729994.2858745,2026-09-06T21:26:34.809000Z,lab-sensor-01,5710,5,authentication_failed|invalid_login|sshd|syslog,sshd,T1021.004|T1110.001,journald,33058,0,1,0,0,0,1,0,0,0,1,0,13,8,7,0,17,0,0,82,6,21,6,1,9,ml_candidate,rule is not deterministic enough
wazuh-1788730051.2861066,2026-09-06T21:27:31.379000Z,lab-sensor-01,31101,5,accesslog|attack|web,web-accesslog,none,/var/log/apache2/access.log,0,0,1,0,0,0,1,0,0,0,0,0,12,0,7,0,16,0,0,81,6,21,6,1,1,ml_candidate,rule is not deterministic enough
wazuh-1788730053.2861508,2026-09-06T21:27:33.381000Z,lab-sensor-01,31101,5,accesslog|attack|web,web-accesslog,none,/var/log/apache2/access.log,0,0,1,0,0,0,1,0,0,0,0,0,13,1,7,0,15,0,0,81,6,21,6,1,2,ml_candidate,rule is not deterministic enough
wazuh-1788730056.2861950,2026-09-06T21:27:36.797000Z,lab-sensor-01,31101,5,accesslog|attack|web,web-accesslog,none,/var/log/apache2/access.log,0,0,1,0,0,0,1,0,0,0,0,0,14,2,7,0,15,0,0,81,6,21,6,1,3,ml_candidate,rule is not deterministic enough
wazuh-1788730058.2862398,2026-09-06T21:27:38.803000Z,lab-sensor-01,30305,5,access_denied|apache|web,apache-errorlog,none,/var/log/apache2/error.log,41224,0,1,0,0,0,1,0,0,0,0,0,15,0,7,0,15,0,0,81,6,21,6,1,1,ml_candidate,rule is not deterministic enough
wazuh-1788730058.2862998,2026-09-06T21:27:38.803000Z,lab-sensor-01,31516,6,appsec|attack|web,web-accesslog,T1055,/var/log/apache2/access.log,0,0,1,0,0,0,1,0,0,0,0,0,16,0,7,0,15,0,0,81,6,21,6,1,1,ml_candidate,rule is not deterministic enough
wazuh-1788730152.2866099,2026-09-06T21:29:12.988000Z,lab-sensor-01,31101,5,accesslog|attack|web,web-accesslog,none,/var/log/apache2/access.log,0,0,1,0,0,0,1,0,0,0,0,0,11,3,7,0,15,0,0,76,6,21,6,1,4,ml_candidate,rule is not deterministic enough
wazuh-1788730154.2866541,2026-09-06T21:29:14.992000Z,lab-sensor-01,31101,5,accesslog|attack|web,web-accesslog,none,/var/log/apache2/access.log,0,0,1,0,0,0,1,0,0,0,0,0,12,4,7,0,15,0,0,76,6,21,6,1,5,ml_candidate,rule is not deterministic enough
wazuh-1788730156.2866983,2026-09-06T21:29:16.994000Z,lab-sensor-01,31101,5,accesslog|attack|web,web-accesslog,none,/var/log/apache2/access.log,0,0,1,0,0,0,1,0,0,0,0,0,13,5,7,0,15,0,0,76,6,21,6,1,6,ml_candidate,rule is not deterministic enough
wazuh-1788730158.2867431,2026-09-06T21:29:18.995000Z,lab-sensor-01,30305,5,access_denied|apache|web,apache-errorlog,none,/var/log/apache2/error.log,42794,0,1,0,0,0,1,0,0,0,0,0,14,1,7,0,15,0,0,76,6,21,6,1,2,ml_candidate,rule is not deterministic enough
wazuh-1788730158.2868031,2026-09-06T21:29:18.996000Z,lab-sensor-01,31516,6,appsec|attack|web,web-accesslog,T1055,/var/log/apache2/access.log,0,0,1,0,0,0,1,0,0,0,0,0,15,1,7,0,15,0,0,76,6,21,6,1,2,ml_candidate,rule is not deterministic enough
wazuh-1788730181.2868917,2026-09-06T21:29:41.182000Z,film-laptop,591,3,ossec,ossec,none,logcollector,0,0,0,0,0,0,0,0,0,0,0,0,4,0,2,0,0,0,0,0,3,21,6,1,1,ml_candidate,rule is not deterministic enough
wazuh-1788730201.2870176,2026-09-06T21:30:01.276000Z,lab-sensor-01,5710,5,authentication_failed|invalid_login|sshd|syslog,sshd,T1021.004|T1110.001,journald,52628,0,1,0,0,0,1,0,0,0,1,0,14,3,7,0,15,0,0,75,6,21,6,1,4,ml_candidate,rule is not deterministic enough
wazuh-1788730205.2870725,2026-09-06T21:30:05.278000Z,lab-sensor-01,5710,5,authentication_failed|invalid_login|sshd|syslog,sshd,T1021.004|T1110.001,journald,52634,0,1,0,0,0,1,0,0,0,1,0,15,4,7,0,16,0,0,75,6,21,6,1,5,ml_candidate,rule is not deterministic enough
wazuh-1788730207.2871274,2026-09-06T21:30:07.281000Z,lab-sensor-01,5710,5,authentication_failed|invalid_login|sshd|syslog,sshd,T1021.004|T1110.001,journald,52650,0,1,0,0,0,1,0,0,0,1,0,16,5,7,0,17,0,0,75,6,21,6,1,6,ml_candidate,rule is not deterministic enough
wazuh-1788730223.2872266,2026-09-06T21:30:23.741000Z,lab-sensor-01,31101,5,accesslog|attack|web,web-accesslog,none,/var/log/apache2/access.log,0,0,1,0,0,0,1,0,0,0,0,0,17,6,7,0,17,0,0,75,6,21,6,1,7,ml_candidate,rule is not deterministic enough
wazuh-1788730225.2872708,2026-09-06T21:30:25.757000Z,lab-sensor-01,31101,5,accesslog|attack|web,web-accesslog,none,/var/log/apache2/access.log,0,0,1,0,0,0,1,0,0,0,0,0,18,7,7,0,16,0,0,75,6,21,6,1,8,ml_candidate,rule is not deterministic enough
wazuh-1788730227.2873150,2026-09-06T21:30:27.759000Z,lab-sensor-01,31101,5,accesslog|attack|web,web-accesslog,none,/var/log/apache2/access.log,0,0,1,0,0,0,1,0,0,0,0,0,19,8,7,0,15,0,0,75,6,21,6,1,9,ml_candidate,rule is not deterministic enough
wazuh-1788730229.2873598,2026-09-06T21:30:29.761000Z,lab-sensor-01,30305,5,access_denied|apache|web,apache-errorlog,none,/var/log/apache2/error.log,56404,0,1,0,0,0,1,0,0,0,0,0,20,2,7,0,15,0,0,75,6,21,6,1,3,ml_candidate,rule is not deterministic enough
wazuh-1788730229.2874198,2026-09-06T21:30:29.761000Z,lab-sensor-01,31516,6,appsec|attack|web,web-accesslog,T1055,/var/log/apache2/access.log,0,0,1,0,0,0,1,0,0,0,0,0,21,2,7,0,15,0,0,75,6,21,6,1,3,ml_candidate,rule is not deterministic enough
wazuh-1788730279.2875527,2026-09-06T21:31:19.262000Z,lab-sensor-01,31104,6,accesslog|attack|web,web-accesslog,T1055|T1083|T1190,/var/log/apache2/access.log,0,0,1,0,0,0,1,0,0,0,0,0,21,0,7,0,12,0,0,75,6,21,6,1,1,ml_candidate,rule is not deterministic enough
wazuh-1788730299.2876914,2026-09-06T21:31:39.434000Z,lab-sensor-01,5710,5,authentication_failed|invalid_login|sshd|syslog,sshd,T1021.004|T1110.001,journald,59376,0,1,0,0,0,1,0,0,0,1,0,20,3,7,0,12,0,0,77,6,21,6,1,4,ml_candidate,rule is not deterministic enough
wazuh-1788730301.2877906,2026-09-06T21:31:41.436000Z,lab-sensor-01,5710,5,authentication_failed|invalid_login|sshd|syslog,sshd,T1021.004|T1110.001,journald,60936,0,1,0,0,0,1,0,0,0,1,0,21,4,7,0,13,0,0,78,6,21,6,1,5,ml_candidate,rule is not deterministic enough
wazuh-1788730305.2878455,2026-09-06T21:31:45.443000Z,lab-sensor-01,5710,5,authentication_failed|invalid_login|sshd|syslog,sshd,T1021.004|T1110.001,journald,60950,0,1,0,0,0,1,0,0,0,1,0,22,5,7,0,14,0,0,78,6,21,6,1,6,ml_candidate,rule is not deterministic enough
wazuh-1788730357.2879890,2026-09-06T21:32:37.644000Z,lab-sensor-01,5710,5,authentication_failed|invalid_login|sshd|syslog,sshd,T1021.004|T1110.001,journald,35530,0,1,0,0,0,1,0,0,0,1,0,20,6,7,0,15,0,0,76,6,21,6,1,7,ml_candidate,rule is not deterministic enough
wazuh-1788730361.2880882,2026-09-06T21:32:41.652000Z,lab-sensor-01,5710,5,authentication_failed|invalid_login|sshd|syslog,sshd,T1021.004|T1110.001,journald,39836,0,1,0,0,0,1,0,0,0,1,0,19,7,7,0,16,0,0,76,6,21,6,1,8,ml_candidate,rule is not deterministic enough
wazuh-1788730363.2881431,2026-09-06T21:32:43.658000Z,lab-sensor-01,5710,5,authentication_failed|invalid_login|sshd|syslog,sshd,T1021.004|T1110.001,journald,39842,0,1,0,0,0,1,0,0,0,1,0,20,8,7,0,17,0,0,77,6,21,6,1,9,ml_candidate,rule is not deterministic enough
wazuh-1788730393.2882423,2026-09-06T21:33:13.508000Z,lab-sensor-01,31104,6,accesslog|attack|web,web-accesslog,T1055|T1083|T1190,/var/log/apache2/access.log,0,0,1,0,0,0,1,0,0,0,0,0,21,1,7,0,18,0,0,77,6,21,6,1,2,ml_candidate,rule is not deterministic enough
wazuh-1788730456.2885139,2026-09-06T21:34:16.268000Z,lab-sensor-01,31101,5,accesslog|attack|web,web-accesslog,none,/var/log/apache2/access.log,0,0,1,0,0,0,1,0,0,0,0,0,21,4,7,0,12,0,0,78,6,21,6,1,5,ml_candidate,rule is not deterministic enough
wazuh-1788730458.2885581,2026-09-06T21:34:18.269000Z,lab-sensor-01,31101,5,accesslog|attack|web,web-accesslog,none,/var/log/apache2/access.log,0,0,1,0,0,0,1,0,0,0,0,0,21,4,7,0,12,0,0,78,6,21,6,1,5,ml_candidate,rule is not deterministic enough
wazuh-1788730460.2886023,2026-09-06T21:34:20.271000Z,lab-sensor-01,31101,5,accesslog|attack|web,web-accesslog,none,/var/log/apache2/access.log,0,0,1,0,0,0,1,0,0,0,0,0,20,5,7,0,12,0,0,78,6,21,6,1,6,ml_candidate,rule is not deterministic enough
wazuh-1788730462.2886471,2026-09-06T21:34:22.274000Z,lab-sensor-01,30305,5,access_denied|apache|web,apache-errorlog,none,/var/log/apache2/error.log,48340,0,1,0,0,0,1,0,0,0,0,0,21,1,7,0,12,0,0,78,6,21,6,1,2,ml_candidate,rule is not deterministic enough
wazuh-1788730462.2887071,2026-09-06T21:34:22.315000Z,lab-sensor-01,31516,6,appsec|attack|web,web-accesslog,T1055,/var/log/apache2/access.log,0,0,1,0,0,0,1,0,0,0,0,0,22,1,7,0,12,0,0,78,6,21,6,1,2,ml_candidate,rule is not deterministic enough
wazuh-1788730501.2888843,2026-09-06T21:35:01.214000Z,film-laptop,591,3,ossec,ossec,none,logcollector,0,0,0,0,0,0,0,0,0,0,0,0,0,0,2,0,0,0,0,0,3,21,6,1,1,ml_candidate,rule is not deterministic enough
wazuh-1788730513.2889216,2026-09-06T21:35:13.951000Z,lab-sensor-01,5710,5,authentication_failed|invalid_login|sshd|syslog,sshd,T1021.004|T1110.001,journald,36922,0,1,0,0,0,1,0,0,0,1,0,20,6,7,0,12,0,0,77,6,21,6,1,7,ml_candidate,rule is not deterministic enough
wazuh-1788730517.2890208,2026-09-06T21:35:17.968000Z,lab-sensor-01,5710,5,authentication_failed|invalid_login|sshd|syslog,sshd,T1021.004|T1110.001,journald,36926,0,1,0,0,0,1,0,0,0,1,0,21,7,7,0,13,0,0,77,6,21,6,1,8,ml_candidate,rule is not deterministic enough
wazuh-1788730519.2890757,2026-09-06T21:35:19.970000Z,lab-sensor-01,5710,5,authentication_failed|invalid_login|sshd|syslog,sshd,T1021.004|T1110.001,journald,57578,0,1,0,0,0,1,0,0,0,1,0,22,8,7,0,14,0,0,77,6,21,6,1,9,ml_candidate,rule is not deterministic enough
wazuh-1788730608.2893521,2026-09-06T21:36:48.002000Z,lab-sensor-01,31104,6,accesslog|attack|web,web-accesslog,T1055|T1083|T1190,/var/log/apache2/access.log,0,0,1,0,0,0,1,0,0,0,0,0,13,1,6,0,12,0,0,76,6,21,6,1,2,ml_candidate,rule is not deterministic enough
wazuh-1788730674.2896680,2026-09-06T21:37:54.108000Z,lab-sensor-01,31101,5,accesslog|attack|web,web-accesslog,none,/var/log/apache2/access.log,0,0,1,0,0,0,1,0,0,0,0,0,12,3,6,0,12,0,0,72,6,21,6,1,4,ml_candidate,rule is not deterministic enough
wazuh-1788730676.2897122,2026-09-06T21:37:56.109000Z,lab-sensor-01,31101,5,accesslog|attack|web,web-accesslog,none,/var/log/apache2/access.log,0,0,1,0,0,0,1,0,0,0,0,0,13,4,6,0,12,0,0,72,6,21,6,1,5,ml_candidate,rule is not deterministic enough
wazuh-1788730678.2897564,2026-09-06T21:37:58.119000Z,lab-sensor-01,31101,5,accesslog|attack|web,web-accesslog,none,/var/log/apache2/access.log,0,0,1,0,0,0,1,0,0,0,0,0,14,5,6,0,12,0,0,72,6,21,6,1,6,ml_candidate,rule is not deterministic enough
wazuh-1788730680.2898012,2026-09-06T21:38:00.122000Z,lab-sensor-01,30305,5,access_denied|apache|web,apache-errorlog,none,/var/log/apache2/error.log,34268,0,1,0,0,0,1,0,0,0,0,0,15,1,6,0,12,0,0,72,6,21,6,1,2,ml_candidate,rule is not deterministic enough
wazuh-1788730680.2898612,2026-09-06T21:38:00.123000Z,lab-sensor-01,31516,6,appsec|attack|web,web-accesslog,T1055,/var/log/apache2/access.log,0,0,1,0,0,0,1,0,0,0,0,0,16,1,6,0,12,0,0,72,6,21,6,1,2,ml_candidate,rule is not deterministic enough
wazuh-1788730800.2902156,2026-09-06T21:40:00.336000Z,lab-sensor-01,31104,6,accesslog|attack|web,web-accesslog,T1055|T1083|T1190,/var/log/apache2/access.log,0,0,1,0,0,0,1,0,0,0,0,0,10,1,6,0,12,0,0,66,6,21,6,1,2,ml_candidate,rule is not deterministic enough
wazuh-1788730824.2903986,2026-09-06T21:40:24.438000Z,lab-sensor-01,31101,5,accesslog|attack|web,web-accesslog,none,/var/log/apache2/access.log,0,0,1,0,0,0,1,0,0,0,0,0,9,3,6,0,9,0,0,67,6,21,6,1,4,ml_candidate,rule is not deterministic enough
wazuh-1788730826.2904428,2026-09-06T21:40:26.442000Z,lab-sensor-01,31101,5,accesslog|attack|web,web-accesslog,none,/var/log/apache2/access.log,0,0,1,0,0,0,1,0,0,0,0,0,10,4,6,0,9,0,0,67,6,21,6,1,5,ml_candidate,rule is not deterministic enough
wazuh-1788730828.2904870,2026-09-06T21:40:28.446000Z,lab-sensor-01,31101,5,accesslog|attack|web,web-accesslog,none,/var/log/apache2/access.log,0,0,1,0,0,0,1,0,0,0,0,0,11,5,6,0,9,0,0,67,6,21,6,1,6,ml_candidate,rule is not deterministic enough
wazuh-1788730830.2905318,2026-09-06T21:40:30.449000Z,lab-sensor-01,30305,5,access_denied|apache|web,apache-errorlog,none,/var/log/apache2/error.log,39962,0,1,0,0,0,1,0,0,0,0,0,12,1,6,0,9,0,0,67,6,21,6,1,2,ml_candidate,rule is not deterministic enough
wazuh-1788730830.2905918,2026-09-06T21:40:30.491000Z,lab-sensor-01,31516,6,appsec|attack|web,web-accesslog,T1055,/var/log/apache2/access.log,0,0,1,0,0,0,1,0,0,0,0,0,13,1,6,0,9,0,0,67,6,21,6,1,2,ml_candidate,rule is not deterministic enough
wazuh-1788730885.2908133,2026-09-06T21:41:25.253000Z,film-laptop,591,3,ossec,ossec,none,logcollector,0,0,0,0,0,0,0,0,0,0,0,0,0,0,1,0,0,0,0,0,3,21,6,1,1,ml_candidate,rule is not deterministic enough
wazuh-1788730898.2908949,2026-09-06T21:41:38.541000Z,lab-sensor-01,31101,5,accesslog|attack|web,web-accesslog,none,/var/log/apache2/access.log,0,0,1,0,0,0,1,0,0,0,0,0,14,6,6,0,9,0,0,67,6,21,6,1,7,ml_candidate,rule is not deterministic enough
wazuh-1788730900.2909391,2026-09-06T21:41:40.543000Z,lab-sensor-01,31101,5,accesslog|attack|web,web-accesslog,none,/var/log/apache2/access.log,0,0,1,0,0,0,1,0,0,0,0,0,15,7,6,0,8,0,0,67,6,21,6,1,8,ml_candidate,rule is not deterministic enough
wazuh-1788730902.2909833,2026-09-06T21:41:42.544000Z,lab-sensor-01,31101,5,accesslog|attack|web,web-accesslog,none,/var/log/apache2/access.log,0,0,1,0,0,0,1,0,0,0,0,0,16,8,6,0,7,0,0,67,6,21,6,1,9,ml_candidate,rule is not deterministic enough
wazuh-1788730904.2910281,2026-09-06T21:41:44.548000Z,lab-sensor-01,30305,5,access_denied|apache|web,apache-errorlog,none,/var/log/apache2/error.log,38988,0,1,0,0,0,1,0,0,0,0,0,17,2,6,0,7,0,0,67,6,21,6,1,3,ml_candidate,rule is not deterministic enough
wazuh-1788730904.2910881,2026-09-06T21:41:44.548000Z,lab-sensor-01,31516,6,appsec|attack|web,web-accesslog,T1055,/var/log/apache2/access.log,0,0,1,0,0,0,1,0,0,0,0,0,18,2,6,0,7,0,0,67,6,21,6,1,3,ml_candidate,rule is not deterministic enough
wazuh-1788730942.2913542,2026-09-06T21:42:22.637000Z,lab-sensor-01,30305,5,access_denied|apache|web,apache-errorlog,none,/var/log/apache2/error.log,59714,0,1,0,0,0,1,0,0,0,0,0,20,3,6,0,6,0,0,65,6,21,6,1,4,ml_candidate,rule is not deterministic enough
wazuh-1788730942.2914142,2026-09-06T21:42:22.637000Z,lab-sensor-01,31516,6,appsec|attack|web,web-accesslog,T1055,/var/log/apache2/access.log,0,0,1,0,0,0,1,0,0,0,0,0,21,3,6,0,6,0,0,65,6,21,6,1,4,ml_candidate,rule is not deterministic enough
wazuh-1788730988.2916357,2026-09-06T21:43:08.955000Z,lab-sensor-01,5710,5,authentication_failed|invalid_login|sshd|syslog,sshd,T1021.004|T1110.001,journald,52168,0,1,0,0,0,1,0,0,0,1,0,17,0,6,0,3,0,0,63,6,21,6,1,1,ml_candidate,rule is not deterministic enough
wazuh-1788730990.2916906,2026-09-06T21:43:10.957000Z,lab-sensor-01,5710,5,authentication_failed|invalid_login|sshd|syslog,sshd,T1021.004|T1110.001,journald,54416,0,1,0,0,0,1,0,0,0,1,0,18,1,6,0,4,0,0,64,6,21,6,1,2,ml_candidate,rule is not deterministic enough
wazuh-1788730994.2917455,2026-09-06T21:43:14.964000Z,lab-sensor-01,5710,5,authentication_failed|invalid_login|sshd|syslog,sshd,T1021.004|T1110.001,journald,54432,0,1,0,0,0,1,0,0,0,1,0,19,2,6,0,5,0,0,65,6,21,6,1,3,ml_candidate,rule is not deterministic enough
wazuh-1788731017.2918890,2026-09-06T21:43:37.000000Z,lab-sensor-01,5710,5,authentication_failed|invalid_login|sshd|syslog,sshd,T1021.004|T1110.001,journald,36692,0,1,0,0,0,1,0,0,0,1,0,20,3,6,0,6,0,0,65,6,21,6,1,4,ml_candidate,rule is not deterministic enough
wazuh-1788731021.2919439,2026-09-06T21:43:41.002000Z,lab-sensor-01,5710,5,authentication_failed|invalid_login|sshd|syslog,sshd,T1021.004|T1110.001,journald,38120,0,1,0,0,0,1,0,0,0,1,0,21,4,6,0,7,0,0,66,6,21,6,1,5,ml_candidate,rule is not deterministic enough
wazuh-1788731025.2919988,2026-09-06T21:43:45.036000Z,lab-sensor-01,5710,5,authentication_failed|invalid_login|sshd|syslog,sshd,T1021.004|T1110.001,journald,38132,0,1,0,0,0,1,0,0,0,1,0,22,5,6,0,8,0,0,66,6,21,6,1,6,ml_candidate,rule is not deterministic enough
wazuh-1788731049.2921423,2026-09-06T21:44:09.079000Z,lab-sensor-01,5710,5,authentication_failed|invalid_login|sshd|syslog,sshd,T1021.004|T1110.001,journald,33246,0,1,0,0,0,1,0,0,0,1,0,23,6,6,0,9,0,0,67,6,21,6,1,7,ml_candidate,rule is not deterministic enough
wazuh-1788731055.2923306,2026-09-06T21:44:15.089000Z,lab-sensor-01,5710,5,authentication_failed|invalid_login|sshd|syslog,sshd,T1021.004|T1110.001,journald,52166,0,1,0,0,0,1,0,0,0,1,0,25,7,7,1,11,0,0,69,10,21,6,1,8,ml_candidate,rule is not deterministic enough
wazuh-1788731107.2925627,2026-09-06T21:45:07.160000Z,lab-sensor-01,5710,5,authentication_failed|invalid_login|sshd|syslog,sshd,T1021.004|T1110.001,journald,51966,0,1,0,0,0,1,0,0,0,1,0,24,8,7,1,12,0,0,68,10,21,6,1,9,ml_candidate,rule is not deterministic enough
wazuh-1788731205.2931136,2026-09-06T21:46:45.286000Z,film-laptop,591,3,ossec,ossec,none,logcollector,0,0,0,0,0,0,0,0,0,0,0,0,0,0,1,0,0,0,0,0,3,21,6,1,1,ml_candidate,rule is not deterministic enough
wazuh-1788731361.2940461,2026-09-06T21:49:21.994000Z,lab-sensor-01,31101,5,accesslog|attack|web,web-accesslog,none,/var/log/apache2/access.log,0,0,1,0,0,0,1,0,0,0,0,0,12,0,7,2,21,0,0,72,10,21,6,1,1,ml_candidate,rule is not deterministic enough
wazuh-1788731363.2940903,2026-09-06T21:49:23.995000Z,lab-sensor-01,31101,5,accesslog|attack|web,web-accesslog,none,/var/log/apache2/access.log,0,0,1,0,0,0,1,0,0,0,0,0,13,1,7,2,21,0,0,72,10,21,6,1,2,ml_candidate,rule is not deterministic enough
wazuh-1788731366.2941345,2026-09-06T21:49:26.004000Z,lab-sensor-01,31101,5,accesslog|attack|web,web-accesslog,none,/var/log/apache2/access.log,0,0,1,0,0,0,1,0,0,0,0,0,14,2,7,2,21,0,0,72,10,21,6,1,3,ml_candidate,rule is not deterministic enough
wazuh-1788731368.2941793,2026-09-06T21:49:28.006000Z,lab-sensor-01,30305,5,access_denied|apache|web,apache-errorlog,none,/var/log/apache2/error.log,49986,0,1,0,0,0,1,0,0,0,0,0,15,0,7,2,21,0,0,72,10,21,6,1,1,ml_candidate,rule is not deterministic enough
wazuh-1788731368.2942393,2026-09-06T21:49:28.006000Z,lab-sensor-01,31516,6,appsec|attack|web,web-accesslog,T1055,/var/log/apache2/access.log,0,0,1,0,0,0,1,0,0,0,0,0,16,0,7,2,21,0,0,72,10,21,6,1,1,ml_candidate,rule is not deterministic enough
wazuh-1788731461.2945494,2026-09-06T21:51:01.833000Z,lab-sensor-01,5710,5,authentication_failed|invalid_login|sshd|syslog,sshd,T1021.004|T1110.001,journald,41222,0,1,0,0,0,1,0,0,0,1,0,14,8,5,2,21,0,0,65,10,21,6,1,9,ml_candidate,rule is not deterministic enough
wazuh-1788731495.2947584,2026-09-06T21:51:35.873000Z,lab-sensor-01,31104,6,accesslog|attack|web,web-accesslog,T1055|T1083|T1190,/var/log/apache2/access.log,0,0,1,0,0,0,1,0,0,0,0,0,14,0,5,2,24,0,0,66,10,21,6,1,1,ml_candidate,rule is not deterministic enough
wazuh-1788731582.2950743,2026-09-06T21:53:02.032000Z,lab-sensor-01,5710,5,authentication_failed|invalid_login|sshd|syslog,sshd,T1021.004|T1110.001,journald,57100,0,1,0,0,0,1,0,0,0,1,0,10,3,7,2,24,0,0,66,10,21,6,1,4,ml_candidate,rule is not deterministic enough
wazuh-1788731584.2951735,2026-09-06T21:53:04.036000Z,lab-sensor-01,5710,5,authentication_failed|invalid_login|sshd|syslog,sshd,T1021.004|T1110.001,journald,57104,0,1,0,0,0,1,0,0,0,1,0,11,4,7,2,25,0,0,67,10,21,6,1,5,ml_candidate,rule is not deterministic enough
wazuh-1788731588.2952284,2026-09-06T21:53:08.041000Z,lab-sensor-01,5710,5,authentication_failed|invalid_login|sshd|syslog,sshd,T1021.004|T1110.001,journald,57106,0,1,0,0,0,1,0,0,0,1,0,12,5,7,2,26,0,0,68,10,21,6,1,6,ml_candidate,rule is not deterministic enough
wazuh-1788731589.2952833,2026-09-06T21:53:09.325000Z,film-laptop,591,3,ossec,ossec,none,logcollector,0,0,0,0,0,0,0,0,0,0,0,0,0,0,1,0,0,0,0,0,3,21,6,1,1,ml_candidate,rule is not deterministic enough
wazuh-1788731634.2954535,2026-09-06T21:53:54.177000Z,lab-sensor-01,5710,5,authentication_failed|invalid_login|sshd|syslog,sshd,T1021.004|T1110.001,journald,37004,0,1,0,0,0,1,0,0,0,1,0,13,6,7,2,21,0,0,66,10,21,6,1,7,ml_candidate,rule is not deterministic enough
wazuh-1788731638.2955084,2026-09-06T21:53:58.181000Z,lab-sensor-01,5710,5,authentication_failed|invalid_login|sshd|syslog,sshd,T1021.004|T1110.001,journald,37020,0,1,0,0,0,1,0,0,0,1,0,14,7,7,2,22,0,0,65,10,21,6,1,8,ml_candidate,rule is not deterministic enough
wazuh-1788731640.2955633,2026-09-06T21:54:00.183000Z,lab-sensor-01,5710,5,authentication_failed|invalid_login|sshd|syslog,sshd,T1021.004|T1110.001,journald,34628,0,1,0,0,0,1,0,0,0,1,0,15,8,7,2,23,0,0,66,10,21,6,1,9,ml_candidate,rule is not deterministic enough
wazuh-1788731678.2959500,2026-09-06T21:54:38.258000Z,lab-sensor-01,31104,6,accesslog|attack|web,web-accesslog,T1055|T1083|T1190,/var/log/apache2/access.log,0,0,1,0,0,0,1,0,0,0,0,0,14,1,7,2,24,0,0,69,10,21,6,1,2,ml_candidate,rule is not deterministic enough
wazuh-1788731698.2960887,2026-09-06T21:54:58.273000Z,lab-sensor-01,31104,6,accesslog|attack|web,web-accesslog,T1055|T1083|T1190,/var/log/apache2/access.log,0,0,1,0,0,0,1,0,0,0,0,0,16,2,7,2,24,0,0,70,10,21,6,1,3,ml_candidate,rule is not deterministic enough
wazuh-1788731720.2962274,2026-09-06T21:55:20.313000Z,lab-sensor-01,31101,5,accesslog|attack|web,web-accesslog,none,/var/log/apache2/access.log,0,0,1,0,0,0,1,0,0,0,0,0,18,0,7,2,21,0,0,71,10,21,6,1,1,ml_candidate,rule is not deterministic enough
wazuh-1788731722.2962716,2026-09-06T21:55:22.314000Z,lab-sensor-01,31101,5,accesslog|attack|web,web-accesslog,none,/var/log/apache2/access.log,0,0,1,0,0,0,1,0,0,0,0,0,19,1,7,2,21,0,0,71,10,21,6,1,2,ml_candidate,rule is not deterministic enough
wazuh-1788731724.2963158,2026-09-06T21:55:24.317000Z,lab-sensor-01,31101,5,accesslog|attack|web,web-accesslog,none,/var/log/apache2/access.log,0,0,1,0,0,0,1,0,0,0,0,0,20,2,7,2,21,0,0,71,10,21,6,1,3,ml_candidate,rule is not deterministic enough
wazuh-1788731726.2963606,2026-09-06T21:55:26.321000Z,lab-sensor-01,30305,5,access_denied|apache|web,apache-errorlog,none,/var/log/apache2/error.log,36924,0,1,0,0,0,1,0,0,0,0,0,21,0,7,2,21,0,0,71,10,21,6,1,1,ml_candidate,rule is not deterministic enough
wazuh-1788731726.2964206,2026-09-06T21:55:26.321000Z,lab-sensor-01,31516,6,appsec|attack|web,web-accesslog,T1055,/var/log/apache2/access.log,0,0,1,0,0,0,1,0,0,0,0,0,22,0,7,2,21,0,0,71,10,21,6,1,1,ml_candidate,rule is not deterministic enough
wazuh-1788731738.2965092,2026-09-06T21:55:38.340000Z,lab-sensor-01,31104,6,accesslog|attack|web,web-accesslog,T1055|T1083|T1190,/var/log/apache2/access.log,0,0,1,0,0,0,1,0,0,0,0,0,23,3,7,2,21,0,0,72,10,21,6,1,4,ml_candidate,rule is not deterministic enough
wazuh-1788731772.2966922,2026-09-06T21:56:12.395000Z,lab-sensor-01,31101,5,accesslog|attack|web,web-accesslog,none,/var/log/apache2/access.log,0,0,1,0,0,0,1,0,0,0,0,0,22,3,7,2,21,0,0,74,10,21,6,1,4,ml_candidate,rule is not deterministic enough
wazuh-1788731774.2967364,2026-09-06T21:56:14.401000Z,lab-sensor-01,31101,5,accesslog|attack|web,web-accesslog,none,/var/log/apache2/access.log,0,0,1,0,0,0,1,0,0,0,0,0,23,4,7,2,21,0,0,74,10,21,6,1,5,ml_candidate,rule is not deterministic enough
wazuh-1788731776.2967806,2026-09-06T21:56:16.408000Z,lab-sensor-01,31101,5,accesslog|attack|web,web-accesslog,none,/var/log/apache2/access.log,0,0,1,0,0,0,1,0,0,0,0,0,24,5,7,2,20,0,0,74,10,21,6,1,6,ml_candidate,rule is not deterministic enough
wazuh-1788731778.2968254,2026-09-06T21:56:18.410000Z,lab-sensor-01,30305,5,access_denied|apache|web,apache-errorlog,none,/var/log/apache2/error.log,41912,0,1,0,0,0,1,0,0,0,0,0,25,1,7,2,20,0,0,74,10,21,6,1,2,ml_candidate,rule is not deterministic enough
wazuh-1788731778.2968854,2026-09-06T21:56:18.410000Z,lab-sensor-01,31516,6,appsec|attack|web,web-accesslog,T1055,/var/log/apache2/access.log,0,0,1,0,0,0,1,0,0,0,0,0,26,1,7,2,20,0,0,74,10,21,6,1,2,ml_candidate,rule is not deterministic enough
wazuh-1788731802.2969740,2026-09-06T21:56:42.771000Z,lab-sensor-01,31104,6,accesslog|attack|web,web-accesslog,T1055|T1083|T1190,/var/log/apache2/access.log,0,0,1,0,0,0,1,0,0,0,0,0,25,3,7,2,18,0,0,72,10,21,6,1,4,ml_candidate,rule is not deterministic enough
wazuh-1788731824.2971570,2026-09-06T21:57:04.517000Z,lab-sensor-01,31101,5,accesslog|attack|web,web-accesslog,none,/var/log/apache2/access.log,0,0,1,0,0,0,1,0,0,0,0,0,27,6,7,1,16,0,0,74,10,21,6,1,7,ml_candidate,rule is not deterministic enough
wazuh-1788731826.2972012,2026-09-06T21:57:06.519000Z,lab-sensor-01,31101,5,accesslog|attack|web,web-accesslog,none,/var/log/apache2/access.log,0,0,1,0,0,0,1,0,0,0,0,0,28,7,7,1,15,0,0,74,10,21,6,1,8,ml_candidate,rule is not deterministic enough
wazuh-1788731828.2972454,2026-09-06T21:57:08.522000Z,lab-sensor-01,31101,5,accesslog|attack|web,web-accesslog,none,/var/log/apache2/access.log,0,0,1,0,0,0,1,0,0,0,0,0,29,8,7,1,15,0,0,74,10,21,6,1,9,ml_candidate,rule is not deterministic enough
wazuh-1788731830.2972902,2026-09-06T21:57:10.524000Z,lab-sensor-01,30305,5,access_denied|apache|web,apache-errorlog,none,/var/log/apache2/error.log,55402,0,1,0,0,0,1,0,0,0,0,0,30,2,7,1,15,0,0,74,10,21,6,1,3,ml_candidate,rule is not deterministic enough
wazuh-1788731830.2973502,2026-09-06T21:57:10.566000Z,lab-sensor-01,31516,6,appsec|attack|web,web-accesslog,T1055,/var/log/apache2/access.log,0,0,1,0,0,0,1,0,0,0,0,0,31,2,7,1,15,0,0,74,10,21,6,1,3,ml_candidate,rule is not deterministic enough
wazuh-1788731846.2974388,2026-09-06T21:57:26.572000Z,lab-sensor-01,5710,5,authentication_failed|invalid_login|sshd|syslog,sshd,T1021.004|T1110.001,journald,40172,0,1,0,0,0,1,0,0,0,1,0,32,8,7,1,15,0,0,75,10,21,6,1,9,ml_candidate,rule is not deterministic enough
wazuh-1788731886.2976921,2026-09-06T21:58:06.666000Z,lab-sensor-01,31104,6,accesslog|attack|web,web-accesslog,T1055|T1083|T1190,/var/log/apache2/access.log,0,0,1,0,0,0,1,0,0,0,0,0,33,4,7,1,15,0,0,77,10,21,6,1,5,ml_candidate,rule is not deterministic enough
wazuh-1788731909.2978308,2026-09-06T21:58:29.358000Z,film-laptop,591,3,ossec,ossec,none,logcollector,0,0,0,0,0,0,0,0,0,0,0,0,0,0,1,0,0,0,0,0,3,21,6,1,1,ml_candidate,rule is not deterministic enough
wazuh-1788731994.2980896,2026-09-06T21:59:54.856000Z,lab-sensor-01,5710,5,authentication_failed|invalid_login|sshd|syslog,sshd,T1021.004|T1110.001,journald,35064,0,1,0,0,0,1,0,0,0,1,0,26,3,7,1,15,0,0,78,10,21,6,1,4,ml_candidate,rule is not deterministic enough
wazuh-1788731996.2981445,2026-09-06T21:59:56.858000Z,lab-sensor-01,5710,5,authentication_failed|invalid_login|sshd|syslog,sshd,T1021.004|T1110.001,journald,35066,0,1,0,0,0,1,0,0,0,1,0,27,4,7,1,16,0,0,79,10,21,6,1,5,ml_candidate,rule is not deterministic enough
wazuh-1788732000.2981994,2026-09-06T22:00:00.864000Z,lab-sensor-01,5710,5,authentication_failed|invalid_login|sshd|syslog,sshd,T1021.004|T1110.001,journald,44926,0,1,0,0,0,1,0,0,0,1,0,27,5,7,1,17,0,0,80,10,22,6,1,6,ml_candidate,rule is not deterministic enough
wazuh-1788732051.2983872,2026-09-06T22:00:51.023000Z,lab-sensor-01,31101,5,accesslog|attack|web,web-accesslog,none,/var/log/apache2/access.log,0,0,1,0,0,0,1,0,0,0,0,0,20,6,7,1,18,0,0,77,10,22,6,1,7,ml_candidate,rule is not deterministic enough
wazuh-1788732053.2984314,2026-09-06T22:00:53.024000Z,lab-sensor-01,31101,5,accesslog|attack|web,web-accesslog,none,/var/log/apache2/access.log,0,0,1,0,0,0,1,0,0,0,0,0,21,7,7,1,18,0,0,77,10,22,6,1,8,ml_candidate,rule is not deterministic enough
wazuh-1788732055.2984756,2026-09-06T22:00:55.035000Z,lab-sensor-01,31101,5,accesslog|attack|web,web-accesslog,none,/var/log/apache2/access.log,0,0,1,0,0,0,1,0,0,0,0,0,22,8,7,1,18,0,0,77,10,22,6,1,9,ml_candidate,rule is not deterministic enough
wazuh-1788732057.2985204,2026-09-06T22:00:57.049000Z,lab-sensor-01,30305,5,access_denied|apache|web,apache-errorlog,none,/var/log/apache2/error.log,57226,0,1,0,0,0,1,0,0,0,0,0,23,2,7,1,18,0,0,77,10,22,6,1,3,ml_candidate,rule is not deterministic enough
wazuh-1788732057.2985804,2026-09-06T22:00:57.049000Z,lab-sensor-01,31516,6,appsec|attack|web,web-accesslog,T1055,/var/log/apache2/access.log,0,0,1,0,0,0,1,0,0,0,0,0,24,2,7,1,18,0,0,77,10,22,6,1,3,ml_candidate,rule is not deterministic enough
wazuh-1788732101.2987576,2026-09-06T22:01:41.065000Z,lab-sensor-01,5710,5,authentication_failed|invalid_login|sshd|syslog,sshd,T1021.004|T1110.001,journald,35628,0,1,0,0,0,1,0,0,0,1,0,20,6,7,1,15,0,0,75,10,22,6,1,7,ml_candidate,rule is not deterministic enough
wazuh-1788732103.2988125,2026-09-06T22:01:43.062000Z,lab-sensor-01,5710,5,authentication_failed|invalid_login|sshd|syslog,sshd,T1021.004|T1110.001,journald,35636,0,1,0,0,0,1,0,0,0,1,0,20,7,7,1,16,0,0,75,10,22,6,1,8,ml_candidate,rule is not deterministic enough
wazuh-1788732107.2988674,2026-09-06T22:01:47.075000Z,lab-sensor-01,5710,5,authentication_failed|invalid_login|sshd|syslog,sshd,T1021.004|T1110.001,journald,35644,0,1,0,0,0,1,0,0,0,1,0,20,8,7,1,17,0,0,75,10,22,6,1,9,ml_candidate,rule is not deterministic enough
wazuh-1788732121.2989223,2026-09-06T22:02:01.222000Z,lab-sensor-01,31104,6,accesslog|attack|web,web-accesslog,T1055|T1083|T1190,/var/log/apache2/access.log,0,0,1,0,0,0,1,0,0,0,0,0,21,1,7,1,18,0,0,76,10,22,6,1,2,ml_candidate,rule is not deterministic enough
wazuh-1788732133.2990610,2026-09-06T22:02:13.748000Z,film-laptop,80730,3,audit|audit_selinux,auditd,none,/var/log/audit/audit.log,0,0,0,0,0,0,0,1,1,0,0,0,1,0,1,0,0,0,0,0,3,22,6,1,1,ml_candidate,rule is not deterministic enough
wazuh-1788732165.2995960,2026-09-06T22:02:45.125000Z,lab-sensor-01,31101,5,accesslog|attack|web,web-accesslog,none,/var/log/apache2/access.log,0,0,1,0,0,0,1,0,0,0,0,0,18,3,7,1,21,0,0,78,10,22,6,1,4,ml_candidate,rule is not deterministic enough
wazuh-1788732167.2996402,2026-09-06T22:02:47.127000Z,lab-sensor-01,31101,5,accesslog|attack|web,web-accesslog,none,/var/log/apache2/access.log,0,0,1,0,0,0,1,0,0,0,0,0,19,4,7,1,21,0,0,78,10,22,6,1,5,ml_candidate,rule is not deterministic enough
wazuh-1788732169.2996844,2026-09-06T22:02:49.129000Z,lab-sensor-01,31101,5,accesslog|attack|web,web-accesslog,none,/var/log/apache2/access.log,0,0,1,0,0,0,1,0,0,0,0,0,20,5,7,1,21,0,0,78,10,22,6,1,6,ml_candidate,rule is not deterministic enough
wazuh-1788732171.2997292,2026-09-06T22:02:51.135000Z,lab-sensor-01,30305,5,access_denied|apache|web,apache-errorlog,none,/var/log/apache2/error.log,50860,0,1,0,0,0,1,0,0,0,0,0,21,1,7,1,21,0,0,78,10,22,6,1,2,ml_candidate,rule is not deterministic enough
wazuh-1788732171.2997892,2026-09-06T22:02:51.177000Z,lab-sensor-01,31516,6,appsec|attack|web,web-accesslog,T1055,/var/log/apache2/access.log,0,0,1,0,0,0,1,0,0,0,0,0,22,1,7,1,21,0,0,78,10,22,6,1,2,ml_candidate,rule is not deterministic enough
wazuh-1788732171.2998335,2026-09-06T22:02:51.790000Z,film-laptop,80730,3,audit|audit_selinux,auditd,none,/var/log/audit/audit.log,0,0,0,0,0,0,0,1,1,0,0,0,2,1,2,0,0,0,0,0,3,22,6,1,2,ml_candidate,rule is not deterministic enough
wazuh-1788732229.3004681,2026-09-06T22:03:49.392000Z,film-laptop,591,3,ossec,ossec,none,logcollector,0,0,0,0,0,0,0,0,0,0,0,0,2,0,2,0,0,0,0,0,3,22,6,1,1,ml_candidate,rule is not deterministic enough
wazuh-1788732269.3006383,2026-09-06T22:04:29.306000Z,lab-sensor-01,31101,5,accesslog|attack|web,web-accesslog,none,/var/log/apache2/access.log,0,0,1,0,0,0,1,0,0,0,0,0,24,6,6,0,15,0,0,79,6,22,6,1,7,ml_candidate,rule is not deterministic enough
wazuh-1788732271.3006825,2026-09-06T22:04:31.315000Z,lab-sensor-01,31101,5,accesslog|attack|web,web-accesslog,none,/var/log/apache2/access.log,0,0,1,0,0,0,1,0,0,0,0,0,25,7,6,0,15,0,0,79,6,22,6,1,8,ml_candidate,rule is not deterministic enough
wazuh-1788732273.3007267,2026-09-06T22:04:33.338000Z,lab-sensor-01,31101,5,accesslog|attack|web,web-accesslog,none,/var/log/apache2/access.log,0,0,1,0,0,0,1,0,0,0,0,0,26,8,6,0,15,0,0,79,6,22,6,1,9,ml_candidate,rule is not deterministic enough
wazuh-1788732275.3007715,2026-09-06T22:04:35.340000Z,lab-sensor-01,30305,5,access_denied|apache|web,apache-errorlog,none,/var/log/apache2/error.log,47402,0,1,0,0,0,1,0,0,0,0,0,27,2,6,0,15,0,0,79,6,22,6,1,3,ml_candidate,rule is not deterministic enough
wazuh-1788732275.3008315,2026-09-06T22:04:35.340000Z,lab-sensor-01,31516,6,appsec|attack|web,web-accesslog,T1055,/var/log/apache2/access.log,0,0,1,0,0,0,1,0,0,0,0,0,28,2,6,0,15,0,0,79,6,22,6,1,3,ml_candidate,rule is not deterministic enough
wazuh-1788732305.3009644,2026-09-06T22:05:05.389000Z,lab-sensor-01,31104,6,accesslog|attack|web,web-accesslog,T1055|T1083|T1190,/var/log/apache2/access.log,0,0,1,0,0,0,1,0,0,0,0,0,26,1,6,0,15,0,0,80,6,22,6,1,2,ml_candidate,rule is not deterministic enough
wazuh-1788732363.3011917,2026-09-06T22:06:03.552000Z,lab-sensor-01,31104,6,accesslog|attack|web,web-accesslog,T1055|T1083|T1190,/var/log/apache2/access.log,0,0,1,0,0,0,1,0,0,0,0,0,23,2,6,0,15,0,0,79,6,22,6,1,3,ml_candidate,rule is not deterministic enough
wazuh-1788732407.3014633,2026-09-06T22:06:47.606000Z,lab-sensor-01,31104,6,accesslog|attack|web,web-accesslog,T1055|T1083|T1190,/var/log/apache2/access.log,0,0,1,0,0,0,1,0,0,0,0,0,22,3,6,0,15,0,0,81,6,22,6,1,4,ml_candidate,rule is not deterministic enough
wazuh-1788732441.3016020,2026-09-06T22:07:21.649000Z,lab-sensor-01,31104,6,accesslog|attack|web,web-accesslog,T1055|T1083|T1190,/var/log/apache2/access.log,0,0,1,0,0,0,1,0,0,0,0,0,21,3,6,0,15,0,0,81,6,22,6,1,4,ml_candidate,rule is not deterministic enough
wazuh-1788732473.3018293,2026-09-06T22:07:53.782000Z,lab-sensor-01,31104,6,accesslog|attack|web,web-accesslog,T1055|T1083|T1190,/var/log/apache2/access.log,0,0,1,0,0,0,1,0,0,0,0,0,16,4,6,0,12,0,0,83,6,22,6,1,5,ml_candidate,rule is not deterministic enough
wazuh-1788732606.3023224,2026-09-06T22:10:06.111000Z,lab-sensor-01,31101,5,accesslog|attack|web,web-accesslog,none,/var/log/apache2/access.log,0,0,1,0,0,0,1,0,0,0,0,0,9,0,6,0,9,0,0,82,6,22,6,1,1,ml_candidate,rule is not deterministic enough
wazuh-1788732608.3023666,2026-09-06T22:10:08.121000Z,lab-sensor-01,31101,5,accesslog|attack|web,web-accesslog,none,/var/log/apache2/access.log,0,0,1,0,0,0,1,0,0,0,0,0,10,1,6,0,9,0,0,82,6,22,6,1,2,ml_candidate,rule is not deterministic enough
wazuh-1788732610.3024108,2026-09-06T22:10:10.123000Z,lab-sensor-01,31101,5,accesslog|attack|web,web-accesslog,none,/var/log/apache2/access.log,0,0,1,0,0,0,1,0,0,0,0,0,10,2,6,0,9,0,0,82,6,22,6,1,3,ml_candidate,rule is not deterministic enough
wazuh-1788732612.3024556,2026-09-06T22:10:12.128000Z,lab-sensor-01,30305,5,access_denied|apache|web,apache-errorlog,none,/var/log/apache2/error.log,36660,0,1,0,0,0,1,0,0,0,0,0,11,0,6,0,9,0,0,82,6,22,6,1,1,ml_candidate,rule is not deterministic enough
wazuh-1788732612.3025156,2026-09-06T22:10:12.169000Z,lab-sensor-01,31516,6,appsec|attack|web,web-accesslog,T1055,/var/log/apache2/access.log,0,0,1,0,0,0,1,0,0,0,0,0,12,0,6,0,9,0,0,82,6,22,6,1,1,ml_candidate,rule is not deterministic enough
wazuh-1788732613.3025599,2026-09-06T22:10:13.431000Z,film-laptop,591,3,ossec,ossec,none,logcollector,0,0,0,0,0,0,0,0,0,0,0,0,0,0,2,0,0,0,0,0,3,22,6,1,1,ml_candidate,rule is not deterministic enough
wazuh-1788732638.3026858,2026-09-06T22:10:38.229000Z,lab-sensor-01,5710,5,authentication_failed|invalid_login|sshd|syslog,sshd,T1021.004|T1110.001,journald,33898,0,1,0,0,0,1,0,0,0,1,0,13,0,6,0,9,0,0,82,6,22,6,1,1,ml_candidate,rule is not deterministic enough
wazuh-1788732640.3027407,2026-09-06T22:10:40.231000Z,lab-sensor-01,5710,5,authentication_failed|invalid_login|sshd|syslog,sshd,T1021.004|T1110.001,journald,49968,0,1,0,0,0,1,0,0,0,1,0,14,1,6,0,10,0,0,83,6,22,6,1,2,ml_candidate,rule is not deterministic enough
wazuh-1788732644.3027956,2026-09-06T22:10:44.208000Z,lab-sensor-01,5710,5,authentication_failed|invalid_login|sshd|syslog,sshd,T1021.004|T1110.001,journald,49974,0,1,0,0,0,1,0,0,0,1,0,15,2,6,0,11,0,0,84,6,22,6,1,3,ml_candidate,rule is not deterministic enough
wazuh-1788732702.3029834,2026-09-06T22:11:42.762000Z,film-laptop,86601,3,ids|suricata,json,none,/var/log/suricata/eve.json,35162,80,1,0,0,0,1,0,0,0,0,0,1,0,2,0,0,0,0,0,3,22,6,1,1,ml_candidate,rule is not deterministic enough
wazuh-1788732702.3032385,2026-09-06T22:11:42.775000Z,film-laptop,86601,3,ids|suricata,json,none,/var/log/suricata/eve.json,59666,80,1,0,0,0,1,0,0,0,0,0,2,1,3,0,0,0,0,0,3,22,6,1,2,ml_candidate,rule is not deterministic enough
wazuh-1788732702.3034962,2026-09-06T22:11:42.781000Z,film-laptop,86601,3,ids|suricata,json,none,/var/log/suricata/eve.json,43030,80,1,0,0,0,1,0,0,0,0,0,3,2,3,0,0,0,0,0,3,22,6,1,3,ml_candidate,rule is not deterministic enough
wazuh-1788732702.3037477,2026-09-06T22:11:42.785000Z,film-laptop,86601,3,ids|suricata,json,none,/var/log/suricata/eve.json,43030,80,1,0,0,0,1,0,0,0,0,0,4,3,3,0,0,0,0,0,3,22,6,1,4,ml_candidate,rule is not deterministic enough
wazuh-1788732702.3040016,2026-09-06T22:11:42.791000Z,film-laptop,86601,3,ids|suricata,json,none,/var/log/suricata/eve.json,59666,80,1,0,0,0,1,0,0,0,0,0,5,4,3,0,0,0,0,0,3,22,6,1,5,ml_candidate,rule is not deterministic enough
wazuh-1788732702.3042615,2026-09-06T22:11:42.799000Z,film-laptop,5402,3,sudo|syslog,sudo,T1548.003,journald,0,0,0,0,0,0,0,0,0,0,0,1,6,0,3,0,0,0,0,0,3,22,6,1,1,ml_candidate,rule is not deterministic enough
wazuh-1788732702.3043158,2026-09-06T22:11:42.801000Z,film-laptop,5501,3,authentication_success|pam|syslog,pam,T1078,journald,0,0,0,0,0,0,0,0,0,0,1,0,7,0,4,0,0,0,1,1,3,22,6,1,1,ml_candidate,rule is not deterministic enough
wazuh-1788732704.3043631,2026-09-06T22:11:44.392000Z,film-laptop,86601,3,ids|suricata,json,none,/var/log/suricata/eve.json,35162,80,1,0,0,0,1,0,0,0,0,0,8,5,5,0,1,0,1,2,3,22,6,1,6,ml_candidate,rule is not deterministic enough
wazuh-1788732704.3046354,2026-09-06T22:11:44.404000Z,film-laptop,86601,3,ids|suricata,json,none,/var/log/suricata/eve.json,35162,80,1,0,0,0,1,0,0,0,0,0,9,6,5,0,1,0,1,2,3,22,6,1,7,ml_candidate,rule is not deterministic enough
wazuh-1788732704.3049089,2026-09-06T22:11:44.408000Z,film-laptop,86601,3,ids|suricata,json,none,/var/log/suricata/eve.json,43030,80,1,0,0,0,1,0,0,0,0,0,10,7,5,0,1,0,1,2,3,22,6,1,8,ml_candidate,rule is not deterministic enough
wazuh-1788732704.3051642,2026-09-06T22:11:44.418000Z,film-laptop,86601,3,ids|suricata,json,none,/var/log/suricata/eve.json,43030,80,1,0,0,0,1,0,0,0,0,0,11,8,5,0,1,0,1,2,3,22,6,1,9,ml_candidate,rule is not deterministic enough
wazuh-1788732728.3066405,2026-09-06T22:12:08.389000Z,lab-sensor-01,31104,6,accesslog|attack|web,web-accesslog,T1055|T1083|T1190,/var/log/apache2/access.log,0,0,1,0,0,0,1,0,0,0,0,0,12,2,6,0,9,0,0,84,6,22,6,1,3,ml_candidate,rule is not deterministic enough
wazuh-1788732750.3067349,2026-09-06T22:12:30.417000Z,lab-sensor-01,31104,6,accesslog|attack|web,web-accesslog,T1055|T1083|T1190,/var/log/apache2/access.log,0,0,1,0,0,0,1,0,0,0,0,0,12,2,6,0,6,0,0,85,6,22,6,1,3,ml_candidate,rule is not deterministic enough
wazuh-1788732762.3068736,2026-09-06T22:12:42.788000Z,film-laptop,5501,3,authentication_success|pam|syslog,pam,T1078,journald,0,0,0,0,0,0,0,0,0,0,1,0,17,1,6,0,2,0,1,2,3,22,6,1,2,ml_candidate,rule is not deterministic enough
wazuh-1788732762.3069209,2026-09-06T22:12:42.788000Z,film-laptop,5402,3,sudo|syslog,sudo,T1548.003,journald,0,0,0,0,0,0,0,0,0,0,0,1,18,1,6,0,3,0,1,3,3,22,6,1,2,ml_candidate,rule is not deterministic enough
wazuh-1788732804.3086803,2026-09-06T22:13:24.494000Z,lab-sensor-01,31104,6,accesslog|attack|web,web-accesslog,T1055|T1083|T1190,/var/log/apache2/access.log,0,0,1,0,0,0,1,0,0,0,0,0,12,2,6,0,6,0,0,84,6,22,6,1,3,ml_candidate,rule is not deterministic enough
